content_partner,primary_collection,items_total,digitalnz_usage_buckets,archive_tier,recommendation,rights_evidence,existing_archive_coverage,duplication_decision
95bFM,95bFM,9822,All rights reserved,metadata_only_pending_item_review,"Archive descriptive metadata, identifiers, rights text, landing URLs, timestamps, and hashes. Do not publicly copy payloads until an item-level provider licence is verified.",DigitalNZ aggregate usage facet only; verify current provider terms and each item rights statement.,HF edithatogo/digitalnz already preserves this DigitalNZ facet snapshot; add only derived decisions and source-specific captures here.,Do not copy the facet source again; create a new payload archive only when this row permits it and source capture is distinct.
95bFM,95bFM YouTube,709,All rights reserved,metadata_only_pending_item_review,"Archive descriptive metadata, identifiers, rights text, landing URLs, timestamps, and hashes. Do not publicly copy payloads until an item-level provider licence is verified.",DigitalNZ aggregate usage facet only; verify current provider terms and each item rights statement.,HF edithatogo/digitalnz already preserves this DigitalNZ facet snapshot; add only derived decisions and source-specific captures here.,Do not copy the facet source again; create a new payload archive only when this row permits it and source capture is distinct.
AgEcon Search,AgEcon Search,1527,All rights reserved,metadata_only_pending_item_review,"Archive descriptive metadata, identifiers, rights text, landing URLs, timestamps, and hashes. Do not publicly copy payloads until an item-level provider licence is verified.",DigitalNZ aggregate usage facet only; verify current provider terms and each item rights statement.,HF edithatogo/digitalnz already preserves this DigitalNZ facet snapshot; add only derived decisions and source-specific captures here.,Do not copy the facet source again; create a new payload archive only when this row permits it and source capture is distinct.
Air Force Museum of New Zealand,Air Force Museum of New Zealand Photograph Collection,16608,Modify | Share | Unknown | Use commercially,metadata_only_pending_item_review,"Archive descriptive metadata, identifiers, rights text, landing URLs, timestamps, and hashes. Do not publicly copy payloads until an item-level provider licence is verified.",DigitalNZ aggregate usage facet only; verify current provider terms and each item rights statement.,HF edithatogo/digitalnz already preserves this DigitalNZ facet snapshot; add only derived decisions and source-specific captures here.,Do not copy the facet source again; create a new payload archive only when this row permits it and source capture is distinct.
Alexander Turnbull Library,Alexander Turnbull Library Flickr,4307,Modify | Share | Use commercially,metadata_plus_open_item_candidates,"Archive metadata now. The aggregate facet has open-use signals, but copy payloads only after recording the item-level rights statement and provenance; collection-level totals are not a blanket licence.",DigitalNZ aggregate usage facet only; verify current provider terms and each item rights statement.,HF edithatogo/digitalnz already preserves this DigitalNZ facet snapshot; add only derived decisions and source-specific captures here.,Do not copy the facet source again; create a new payload archive only when this row permits it and source capture is distinct.
Amuri Historical Society,Amuri Historical Society NZMuseums,8,All rights reserved,metadata_only_pending_item_review,"Archive descriptive metadata, identifiers, rights text, landing URLs, timestamps, and hashes. Do not publicly copy payloads until an item-level provider licence is verified.",DigitalNZ aggregate usage facet only; verify current provider terms and each item rights statement.,HF edithatogo/digitalnz already preserves this DigitalNZ facet snapshot; add only derived decisions and source-specific captures here.,Do not copy the facet source again; create a new payload archive only when this row permits it and source capture is distinct.
Antarctica New Zealand,Antarctica NZ Digital Asset Manager,55348,All rights reserved | Modify | Share | Use commercially,metadata_only_pending_item_review,"Archive descriptive metadata, identifiers, rights text, landing URLs, timestamps, and hashes. Do not publicly copy payloads until an item-level provider licence is verified.",DigitalNZ aggregate usage facet only; verify current provider terms and each item rights statement.,HF edithatogo/digitalnz already preserves this DigitalNZ facet snapshot; add only derived decisions and source-specific captures here.,Do not copy the facet source again; create a new payload archive only when this row permits it and source capture is distinct.
The University of Auckland Library,Anthropology Photographic Archive,53902,All rights reserved | Modify | Share | Use commercially,metadata_only_pending_item_review,"Archive descriptive metadata, identifiers, rights text, landing URLs, timestamps, and hashes. Do not publicly copy payloads until an item-level provider licence is verified.",DigitalNZ aggregate usage facet only; verify current provider terms and each item rights statement.,HF edithatogo/digitalnz already preserves this DigitalNZ facet snapshot; add only derived decisions and source-specific captures here.,Do not copy the facet source again; create a new payload archive only when this row permits it and source capture is distinct.
National Library of New Zealand,AnyQuestions,216,All rights reserved,metadata_only_pending_item_review,"Archive descriptive metadata, identifiers, rights text, landing URLs, timestamps, and hashes. Do not publicly copy payloads until an item-level provider licence is verified.",DigitalNZ aggregate usage facet only; verify current provider terms and each item rights statement.,HF edithatogo/digitalnz already preserves this DigitalNZ facet snapshot; add only derived decisions and source-specific captures here.,Do not copy the facet source again; create a new payload archive only when this row permits it and source capture is distinct.
Aotearoa People's Network Kaharoa,Aotearoa People's Network Kaharoa Flickr,2641,All rights reserved | Modify | Share,metadata_only_pending_item_review,"Archive descriptive metadata, identifiers, rights text, landing URLs, timestamps, and hashes. Do not publicly copy payloads until an item-level provider licence is verified.",DigitalNZ aggregate usage facet only; verify current provider terms and each item rights statement.,HF edithatogo/digitalnz already preserves this DigitalNZ facet snapshot; add only derived decisions and source-specific captures here.,Do not copy the facet source again; create a new payload archive only when this row permits it and source capture is distinct.
Ara Institute of Canterbury,Ara Institute of Canterbury Repository,292,All rights reserved,metadata_only_pending_item_review,"Archive descriptive metadata, identifiers, rights text, landing URLs, timestamps, and hashes. Do not publicly copy payloads until an item-level provider licence is verified.",DigitalNZ aggregate usage facet only; verify current provider terms and each item rights statement.,HF edithatogo/digitalnz already preserves this DigitalNZ facet snapshot; add only derived decisions and source-specific captures here.,Do not copy the facet source again; create a new payload archive only when this row permits it and source capture is distinct.
The University of Auckland Library,Archive of Māori and Pacific Music,662,Modify | Share,metadata_only_pending_item_review,"Archive descriptive metadata, identifiers, rights text, landing URLs, timestamps, and hashes. Aggregate usage is insufficient authority to copy payloads.",DigitalNZ aggregate usage facet only; verify current provider terms and each item rights statement.,HF edithatogo/digitalnz already preserves this DigitalNZ facet snapshot; add only derived decisions and source-specific captures here.,Do not copy the facet source again; create a new payload archive only when this row permits it and source capture is distinct.
Archives Central,Archives Central,7113,All rights reserved | Modify | Share | Unknown | Use commercially,metadata_only_pending_item_review,"Archive descriptive metadata, identifiers, rights text, landing URLs, timestamps, and hashes. Do not publicly copy payloads until an item-level provider licence is verified.",DigitalNZ aggregate usage facet only; verify current provider terms and each item rights statement.,HF edithatogo/digitalnz already preserves this DigitalNZ facet snapshot; add only derived decisions and source-specific captures here.,Do not copy the facet source again; create a new payload archive only when this row permits it and source capture is distinct.
Archives New Zealand Te Rua Mahara o te Kāwanatanga,Archives New Zealand Historical Film Footage,47,Modify | Share | Use commercially,metadata_and_item_level_payload,"Archive catalogue metadata, identifiers, and landing URLs. Copy digitised objects only after checking the item rights statement and any access restriction. Apply the same rule to the provider's other collections in the generated map.",Aggregate usage signals allow reuse for some records only; they do not establish collection-wide object rights.,HF edithatogo/digitalnz (facet metadata only); no exact Archway corpus found in the checked estate.,Do not copy the facet source again; create a new payload archive only when this row permits it and source capture is distinct.
Archives New Zealand Te Rua Mahara o te Kāwanatanga,Archives New Zealand Te Rua Mahara o te Kāwanatanga Flickr,4914,Modify | Share | Use commercially,metadata_plus_open_item_candidates,"Archive metadata now. The aggregate facet has open-use signals, but copy payloads only after recording the item-level rights statement and provenance; collection-level totals are not a blanket licence.",DigitalNZ aggregate usage facet only; verify current provider terms and each item rights statement.,HF edithatogo/digitalnz already preserves this DigitalNZ facet snapshot; add only derived decisions and source-specific captures here.,Do not copy the facet source again; create a new payload archive only when this row permits it and source capture is distinct.
Archives New Zealand Te Rua Mahara o te Kāwanatanga,Archives New Zealand YouTube,592,All rights reserved | Modify | Share | Use commercially,metadata_only_pending_item_review,"Archive descriptive metadata, identifiers, rights text, landing URLs, timestamps, and hashes. Do not publicly copy payloads until an item-level provider licence is verified.",DigitalNZ aggregate usage facet only; verify current provider terms and each item rights statement.,HF edithatogo/digitalnz already preserves this DigitalNZ facet snapshot; add only derived decisions and source-specific captures here.,Do not copy the facet source again; create a new payload archive only when this row permits it and source capture is distinct.
Victoria University of Wellington,Archives@Victoria,271,All rights reserved,metadata_only_pending_item_review,"Archive descriptive metadata, identifiers, rights text, landing URLs, timestamps, and hashes. Do not publicly copy payloads until an item-level provider licence is verified.",DigitalNZ aggregate usage facet only; verify current provider terms and each item rights statement.,HF edithatogo/digitalnz already preserves this DigitalNZ facet snapshot; add only derived decisions and source-specific captures here.,Do not copy the facet source again; create a new payload archive only when this row permits it and source capture is distinct.
Archives New Zealand Te Rua Mahara o te Kāwanatanga,Archway,140914,Modify | Share,metadata_only_pending_item_review,"Archive descriptive metadata, identifiers, rights text, landing URLs, timestamps, and hashes. Aggregate usage is insufficient authority to copy payloads.",DigitalNZ aggregate usage facet only; verify current provider terms and each item rights statement.,HF edithatogo/digitalnz already preserves this DigitalNZ facet snapshot; add only derived decisions and source-specific captures here.,Do not copy the facet source again; create a new payload archive only when this row permits it and source capture is distinct.
National Library of New Zealand,AtoJsOnline,6747,Modify | Share | Use commercially,metadata_plus_open_item_candidates,"Archive metadata now. The aggregate facet has open-use signals, but copy payloads only after recording the item-level rights statement and provenance; collection-level totals are not a blanket licence.",DigitalNZ aggregate usage facet only; verify current provider terms and each item rights statement.,HF edithatogo/digitalnz already preserves this DigitalNZ facet snapshot; add only derived decisions and source-specific captures here.,Do not copy the facet source again; create a new payload archive only when this row permits it and source capture is distinct.
AttitudeLive,AttitudeLive YouTube,1477,All rights reserved,metadata_only_pending_item_review,"Archive descriptive metadata, identifiers, rights text, landing URLs, timestamps, and hashes. Do not publicly copy payloads until an item-level provider licence is verified.",DigitalNZ aggregate usage facet only; verify current provider terms and each item rights statement.,HF edithatogo/digitalnz already preserves this DigitalNZ facet snapshot; add only derived decisions and source-specific captures here.,Do not copy the facet source again; create a new payload archive only when this row permits it and source capture is distinct.
Auckland Art Gallery Toi o Tāmaki,Auckland Art Gallery Toi o Tāmaki,17251,All rights reserved | Modify | Share | Unknown | Use commercially,metadata_only_pending_item_review,"Archive descriptive metadata, identifiers, rights text, landing URLs, timestamps, and hashes. Do not publicly copy payloads until an item-level provider licence is verified.",DigitalNZ aggregate usage facet only; verify current provider terms and each item rights statement.,HF edithatogo/digitalnz already preserves this DigitalNZ facet snapshot; add only derived decisions and source-specific captures here.,Do not copy the facet source again; create a new payload archive only when this row permits it and source capture is distinct.
Auckland Art Gallery Toi o Tāmaki,Auckland Art Gallery Toi o Tāmaki YouTube,251,All rights reserved,metadata_only_pending_item_review,"Archive descriptive metadata, identifiers, rights text, landing URLs, timestamps, and hashes. Do not publicly copy payloads until an item-level provider licence is verified.",DigitalNZ aggregate usage facet only; verify current provider terms and each item rights statement.,HF edithatogo/digitalnz already preserves this DigitalNZ facet snapshot; add only derived decisions and source-specific captures here.,Do not copy the facet source again; create a new payload archive only when this row permits it and source capture is distinct.
Auckland Council Archives,Auckland Council Archives Document and Image Gallery,21,All rights reserved,metadata_only_pending_item_review,"Archive descriptive metadata, identifiers, rights text, landing URLs, timestamps, and hashes. Do not publicly copy payloads until an item-level provider licence is verified.",DigitalNZ aggregate usage facet only; verify current provider terms and each item rights statement.,HF edithatogo/digitalnz already preserves this DigitalNZ facet snapshot; add only derived decisions and source-specific captures here.,Do not copy the facet source again; create a new payload archive only when this row permits it and source capture is distinct.
Auckland Libraries,Auckland Libraries Heritage Images Collection,270234,All rights reserved | Modify | Share | Unknown | Use commercially,metadata_only_pending_item_review,"Archive descriptive metadata, identifiers, rights text, landing URLs, timestamps, and hashes. Do not publicly copy payloads until an item-level provider licence is verified.",DigitalNZ aggregate usage facet only; verify current provider terms and each item rights statement.,HF edithatogo/digitalnz already preserves this DigitalNZ facet snapshot; add only derived decisions and source-specific captures here.,Do not copy the facet source again; create a new payload archive only when this row permits it and source capture is distinct.
Auckland Libraries,Auckland Libraries Manuscripts Collection,7936,All rights reserved,metadata_only_pending_item_review,"Archive descriptive metadata, identifiers, rights text, landing URLs, timestamps, and hashes. Do not publicly copy payloads until an item-level provider licence is verified.",DigitalNZ aggregate usage facet only; verify current provider terms and each item rights statement.,HF edithatogo/digitalnz already preserves this DigitalNZ facet snapshot; add only derived decisions and source-specific captures here.,Do not copy the facet source again; create a new payload archive only when this row permits it and source capture is distinct.
Auckland War Memorial Museum Tāmaki Paenga Hira,Auckland Museum Collections,248155,All rights reserved | Modify | Share | Unknown | Use commercially,metadata_only_pending_item_review,"Archive descriptive metadata, identifiers, rights text, landing URLs, timestamps, and hashes. Do not publicly copy payloads until an item-level provider licence is verified.",DigitalNZ aggregate usage facet only; verify current provider terms and each item rights statement.,HF edithatogo/digitalnz already preserves this DigitalNZ facet snapshot; add only derived decisions and source-specific captures here.,Do not copy the facet source again; create a new payload archive only when this row permits it and source capture is distinct.
Auckland War Memorial Museum Tāmaki Paenga Hira,Auckland War Memorial Museum Tāmaki Paenga Hira Flickr,756,All rights reserved,metadata_only_pending_item_review,"Archive descriptive metadata, identifiers, rights text, landing URLs, timestamps, and hashes. Do not publicly copy payloads until an item-level provider licence is verified.",DigitalNZ aggregate usage facet only; verify current provider terms and each item rights statement.,HF edithatogo/digitalnz already preserves this DigitalNZ facet snapshot; add only derived decisions and source-specific captures here.,Do not copy the facet source again; create a new payload archive only when this row permits it and source capture is distinct.
Auckland War Memorial Museum Tāmaki Paenga Hira,Auckland War Memorial Museum Tāmaki Paenga Hira YouTube,623,All rights reserved | Modify | Share | Use commercially,metadata_only_pending_item_review,"Archive descriptive metadata, identifiers, rights text, landing URLs, timestamps, and hashes. Do not publicly copy payloads until an item-level provider licence is verified.",DigitalNZ aggregate usage facet only; verify current provider terms and each item rights statement.,HF edithatogo/digitalnz already preserves this DigitalNZ facet snapshot; add only derived decisions and source-specific captures here.,Do not copy the facet source again; create a new payload archive only when this row permits it and source capture is distinct.
Audio Foundation,Audio Foundation,168,All rights reserved,metadata_only_pending_item_review,"Archive descriptive metadata, identifiers, rights text, landing URLs, timestamps, and hashes. Do not publicly copy payloads until an item-level provider licence is verified.",DigitalNZ aggregate usage facet only; verify current provider terms and each item rights statement.,HF edithatogo/digitalnz already preserves this DigitalNZ facet snapshot; add only derived decisions and source-specific captures here.,Do not copy the facet source again; create a new payload archive only when this row permits it and source capture is distinct.
Audio Foundation,Audio Foundation YouTube,136,All rights reserved,metadata_only_pending_item_review,"Archive descriptive metadata, identifiers, rights text, landing URLs, timestamps, and hashes. Do not publicly copy payloads until an item-level provider licence is verified.",DigitalNZ aggregate usage facet only; verify current provider terms and each item rights statement.,HF edithatogo/digitalnz already preserves this DigitalNZ facet snapshot; add only derived decisions and source-specific captures here.,Do not copy the facet source again; create a new payload archive only when this row permits it and source capture is distinct.
AudioCulture,AudioCulture,1338,Modify | Share,metadata_only_pending_item_review,"Archive descriptive metadata, identifiers, rights text, landing URLs, timestamps, and hashes. Aggregate usage is insufficient authority to copy payloads.",DigitalNZ aggregate usage facet only; verify current provider terms and each item rights statement.,HF edithatogo/digitalnz already preserves this DigitalNZ facet snapshot; add only derived decisions and source-specific captures here.,Do not copy the facet source again; create a new payload archive only when this row permits it and source capture is distinct.
Australian National Maritime Museum,Australian National Maritime Museum Flickr,126,Modify | Share | Use commercially,metadata_plus_open_item_candidates,"Archive metadata now. The aggregate facet has open-use signals, but copy payloads only after recording the item-level rights statement and provenance; collection-level totals are not a blanket licence.",DigitalNZ aggregate usage facet only; verify current provider terms and each item rights statement.,HF edithatogo/digitalnz already preserves this DigitalNZ facet snapshot; add only derived decisions and source-specific captures here.,Do not copy the facet source again; create a new payload archive only when this row permits it and source capture is distinct.
UC QuakeStudies,Becker Fraser Earthquake Photographs,12564,Modify | Share,metadata_only_pending_item_review,"Archive descriptive metadata, identifiers, rights text, landing URLs, timestamps, and hashes. Aggregate usage is insufficient authority to copy payloads.",DigitalNZ aggregate usage facet only; verify current provider terms and each item rights statement.,HF edithatogo/digitalnz already preserves this DigitalNZ facet snapshot; add only derived decisions and source-specific captures here.,Do not copy the facet source again; create a new payload archive only when this row permits it and source capture is distinct.
University of Waikato,Bishop Selwyn Collection of Early Māori Documents,180,Share,metadata_only_pending_item_review,"Archive descriptive metadata, identifiers, rights text, landing URLs, timestamps, and hashes. Aggregate usage is insufficient authority to copy payloads.",DigitalNZ aggregate usage facet only; verify current provider terms and each item rights statement.,HF edithatogo/digitalnz already preserves this DigitalNZ facet snapshot; add only derived decisions and source-specific captures here.,Do not copy the facet source again; create a new payload archive only when this row permits it and source capture is distinct.
University of Waikato,British Parliamentary Papers,45,Modify | Share | Use commercially,metadata_plus_open_item_candidates,"Archive metadata now. The aggregate facet has open-use signals, but copy payloads only after recording the item-level rights statement and provenance; collection-level totals are not a blanket licence.",DigitalNZ aggregate usage facet only; verify current provider terms and each item rights statement.,HF edithatogo/digitalnz already preserves this DigitalNZ facet snapshot; add only derived decisions and source-specific captures here.,Do not copy the facet source again; create a new payload archive only when this row permits it and source capture is distinct.
National Library of New Zealand,Canterbury Earthquake and Rebuild - Archived websites,135,All rights reserved,metadata_only_pending_item_review,"Archive descriptive metadata, identifiers, rights text, landing URLs, timestamps, and hashes. Do not publicly copy payloads until an item-level provider licence is verified.",DigitalNZ aggregate usage facet only; verify current provider terms and each item rights statement.,HF edithatogo/digitalnz already preserves this DigitalNZ facet snapshot; add only derived decisions and source-specific captures here.,Do not copy the facet source again; create a new payload archive only when this row permits it and source capture is distinct.
Canterbury Museum,Canterbury Museum,68842,All rights reserved | Modify | Share | Unknown | Use commercially,metadata_only_pending_item_review,"Archive descriptive metadata, identifiers, rights text, landing URLs, timestamps, and hashes. Do not publicly copy payloads until an item-level provider licence is verified.",DigitalNZ aggregate usage facet only; verify current provider terms and each item rights statement.,HF edithatogo/digitalnz already preserves this DigitalNZ facet snapshot; add only derived decisions and source-specific captures here.,Do not copy the facet source again; create a new payload archive only when this row permits it and source capture is distinct.
Auckland War Memorial Museum Tāmaki Paenga Hira,Cenotaph Database,184397,Modify | Share | Use commercially,metadata_snapshot_pending_primary_licence,"Archive descriptive metadata, identifiers, provenance URLs, and hashes now. Do not bulk-copy biographies, attached documents, or media until Auckland Museum confirms the current licence and any cultural/privacy constraints for this endpoint.","Auckland Museum API describes Cenotaph as linked open data, but this review did not locate a current first-party blanket reuse licence.",HF edithatogo/digitalnz (facet metadata only); no exact Cenotaph corpus found in the checked GitHub/HF estate.,Do not copy the facet source again; create a new payload archive only when this row permits it and source capture is distinct.
Central Otago Memory Bank,Central Otago Memory Bank,1116,All rights reserved,metadata_only_pending_item_review,"Archive descriptive metadata, identifiers, rights text, landing URLs, timestamps, and hashes. Do not publicly copy payloads until an item-level provider licence is verified.",DigitalNZ aggregate usage facet only; verify current provider terms and each item rights statement.,HF edithatogo/digitalnz already preserves this DigitalNZ facet snapshot; add only derived decisions and source-specific captures here.,Do not copy the facet source again; create a new payload archive only when this row permits it and source capture is distinct.
Christchurch City Libraries,Christchurch City Libraries Flickr,36335,All rights reserved | Modify | Share,metadata_only_pending_item_review,"Archive descriptive metadata, identifiers, rights text, landing URLs, timestamps, and hashes. Do not publicly copy payloads until an item-level provider licence is verified.",DigitalNZ aggregate usage facet only; verify current provider terms and each item rights statement.,HF edithatogo/digitalnz already preserves this DigitalNZ facet snapshot; add only derived decisions and source-specific captures here.,Do not copy the facet source again; create a new payload archive only when this row permits it and source capture is distinct.
Christchurch City Libraries,Christchurch City Libraries Heritage Images Collection,7756,All rights reserved,metadata_only_pending_item_review,"Archive descriptive metadata, identifiers, rights text, landing URLs, timestamps, and hashes. Do not publicly copy payloads until an item-level provider licence is verified.",DigitalNZ aggregate usage facet only; verify current provider terms and each item rights statement.,HF edithatogo/digitalnz already preserves this DigitalNZ facet snapshot; add only derived decisions and source-specific captures here.,Do not copy the facet source again; create a new payload archive only when this row permits it and source capture is distinct.
Christchurch uncovered,Christchurch uncovered,212,All rights reserved,metadata_only_pending_item_review,"Archive descriptive metadata, identifiers, rights text, landing URLs, timestamps, and hashes. Do not publicly copy payloads until an item-level provider licence is verified.",DigitalNZ aggregate usage facet only; verify current provider terms and each item rights statement.,HF edithatogo/digitalnz already preserves this DigitalNZ facet snapshot; add only derived decisions and source-specific captures here.,Do not copy the facet source again; create a new payload archive only when this row permits it and source capture is distinct.
TBHP Collective Holiday Memories,Collective Holiday Memories,50,All rights reserved,metadata_only_pending_item_review,"Archive descriptive metadata, identifiers, rights text, landing URLs, timestamps, and hashes. Do not publicly copy payloads until an item-level provider licence is verified.",DigitalNZ aggregate usage facet only; verify current provider terms and each item rights statement.,HF edithatogo/digitalnz already preserves this DigitalNZ facet snapshot; add only derived decisions and source-specific captures here.,Do not copy the facet source again; create a new payload archive only when this row permits it and source capture is distinct.
University of Waikato,Conrad Coker papers,1,All rights reserved,metadata_only_pending_item_review,"Archive descriptive metadata, identifiers, rights text, landing URLs, timestamps, and hashes. Do not publicly copy payloads until an item-level provider licence is verified.",DigitalNZ aggregate usage facet only; verify current provider terms and each item rights statement.,HF edithatogo/digitalnz already preserves this DigitalNZ facet snapshot; add only derived decisions and source-specific captures here.,Do not copy the facet source again; create a new payload archive only when this row permits it and source capture is distinct.
Waitaki District Council,Culture Waitaki,7586,All rights reserved | Modify | Share | Use commercially,metadata_only_pending_item_review,"Archive descriptive metadata, identifiers, rights text, landing URLs, timestamps, and hashes. Do not publicly copy payloads until an item-level provider licence is verified.",DigitalNZ aggregate usage facet only; verify current provider terms and each item rights statement.,HF edithatogo/digitalnz already preserves this DigitalNZ facet snapshot; add only derived decisions and source-specific captures here.,Do not copy the facet source again; create a new payload archive only when this row permits it and source capture is distinct.
data.govt.nz,data.govt.nz,27418,All rights reserved | Modify | Share | Unknown | Use commercially,metadata_only_pending_item_review,"Archive descriptive metadata, identifiers, rights text, landing URLs, timestamps, and hashes. Do not publicly copy payloads until an item-level provider licence is verified.",DigitalNZ aggregate usage facet only; verify current provider terms and each item rights statement.,HF edithatogo/digitalnz already preserves this DigitalNZ facet snapshot; add only derived decisions and source-specific captures here.,Do not copy the facet source again; create a new payload archive only when this row permits it and source capture is distinct.
Lincoln University,Data@Lincoln,61,Modify | Share | Use commercially,metadata_plus_open_item_candidates,"Archive metadata now. The aggregate facet has open-use signals, but copy payloads only after recording the item-level rights statement and provenance; collection-level totals are not a blanket licence.",DigitalNZ aggregate usage facet only; verify current provider terms and each item rights statement.,HF edithatogo/digitalnz already preserves this DigitalNZ facet snapshot; add only derived decisions and source-specific captures here.,Do not copy the facet source again; create a new payload archive only when this row permits it and source capture is distinct.
Department of Conservation Te Papa Atawhai,Department of Conservation Te Papa Atawhai YouTube,806,All rights reserved | Modify | Share | Use commercially,metadata_only_pending_item_review,"Archive descriptive metadata, identifiers, rights text, landing URLs, timestamps, and hashes. Do not publicly copy payloads until an item-level provider licence is verified.",DigitalNZ aggregate usage facet only; verify current provider terms and each item rights statement.,HF edithatogo/digitalnz already preserves this DigitalNZ facet snapshot; add only derived decisions and source-specific captures here.,Do not copy the facet source again; create a new payload archive only when this row permits it and source capture is distinct.
Deutsche Digitale Bibliothek,Deutsche Digitale Bibliothek,748,All rights reserved | Modify | Share | Use commercially,metadata_only_pending_item_review,"Archive descriptive metadata, identifiers, rights text, landing URLs, timestamps, and hashes. Do not publicly copy payloads until an item-level provider licence is verified.",DigitalNZ aggregate usage facet only; verify current provider terms and each item rights statement.,HF edithatogo/digitalnz already preserves this DigitalNZ facet snapshot; add only derived decisions and source-specific captures here.,Do not copy the facet source again; create a new payload archive only when this row permits it and source capture is distinct.
National Library of Australia,Digital Collections (Pictures),1762,All rights reserved,metadata_only_pending_item_review,"Archive descriptive metadata, identifiers, rights text, landing URLs, timestamps, and hashes. Do not publicly copy payloads until an item-level provider licence is verified.",DigitalNZ aggregate usage facet only; verify current provider terms and each item rights statement.,HF edithatogo/digitalnz already preserves this DigitalNZ facet snapshot; add only derived decisions and source-specific captures here.,Do not copy the facet source again; create a new payload archive only when this row permits it and source capture is distinct.
Picture Australia,Digital Collections (Pictures),1762,All rights reserved,metadata_only_pending_item_review,"Archive descriptive metadata, identifiers, rights text, landing URLs, timestamps, and hashes. Do not publicly copy payloads until an item-level provider licence is verified.",DigitalNZ aggregate usage facet only; verify current provider terms and each item rights statement.,HF edithatogo/digitalnz already preserves this DigitalNZ facet snapshot; add only derived decisions and source-specific captures here.,Do not copy the facet source again; create a new payload archive only when this row permits it and source capture is distinct.
Digital Public Library of America,Digital Public Library of America,19922,All rights reserved | Modify | Share | Use commercially,metadata_only_pending_item_review,"Archive descriptive metadata, identifiers, rights text, landing URLs, timestamps, and hashes. Do not publicly copy payloads until an item-level provider licence is verified.",DigitalNZ aggregate usage facet only; verify current provider terms and each item rights statement.,HF edithatogo/digitalnz already preserves this DigitalNZ facet snapshot; add only derived decisions and source-specific captures here.,Do not copy the facet source again; create a new payload archive only when this row permits it and source capture is distinct.
DigitalNZ,DigitalNZ Blog,207,Share,metadata_only_pending_item_review,"Archive descriptive metadata, identifiers, rights text, landing URLs, timestamps, and hashes. Aggregate usage is insufficient authority to copy payloads.",DigitalNZ aggregate usage facet only; verify current provider terms and each item rights statement.,HF edithatogo/digitalnz already preserves this DigitalNZ facet snapshot; add only derived decisions and source-specific captures here.,Do not copy the facet source again; create a new payload archive only when this row permits it and source capture is distinct.
DigitalNZ,DigitalNZ Stories,6429,Unknown,metadata_only_pending_item_review,"Archive descriptive metadata, identifiers, rights text, landing URLs, timestamps, and hashes. Do not publicly copy payloads until an item-level provider licence is verified.",DigitalNZ aggregate usage facet only; verify current provider terms and each item rights statement.,HF edithatogo/digitalnz already preserves this DigitalNZ facet snapshot; add only derived decisions and source-specific captures here.,Do not copy the facet source again; create a new payload archive only when this row permits it and source capture is distinct.
DigitalNZ,DigitalNZ Website,53,Modify | Share | Use commercially,metadata_plus_open_item_candidates,"Archive metadata now. The aggregate facet has open-use signals, but copy payloads only after recording the item-level rights statement and provenance; collection-level totals are not a blanket licence.",DigitalNZ aggregate usage facet only; verify current provider terms and each item rights statement.,HF edithatogo/digitalnz already preserves this DigitalNZ facet snapshot; add only derived decisions and source-specific captures here.,Do not copy the facet source again; create a new payload archive only when this row permits it and source capture is distinct.
Directory of Open Access Journals,Directory of Open Access Journals,4104,All rights reserved | Modify | Share | Use commercially,metadata_only_pending_item_review,"Archive descriptive metadata, identifiers, rights text, landing URLs, timestamps, and hashes. Do not publicly copy payloads until an item-level provider licence is verified.",DigitalNZ aggregate usage facet only; verify current provider terms and each item rights statement.,HF edithatogo/digitalnz already preserves this DigitalNZ facet snapshot; add only derived decisions and source-specific captures here.,Do not copy the facet source again; create a new payload archive only when this row permits it and source capture is distinct.
Down to the Wire,Down to the Wire,22,Modify | Share,metadata_only_pending_item_review,"Archive descriptive metadata, identifiers, rights text, landing URLs, timestamps, and hashes. Aggregate usage is insufficient authority to copy payloads.",DigitalNZ aggregate usage facet only; verify current provider terms and each item rights statement.,HF edithatogo/digitalnz already preserves this DigitalNZ facet snapshot; add only derived decisions and source-specific captures here.,Do not copy the facet source again; create a new payload archive only when this row permits it and source capture is distinct.
Down to the Wire,Down to the Wire YouTube,63,Modify | Share,metadata_only_pending_item_review,"Archive descriptive metadata, identifiers, rights text, landing URLs, timestamps, and hashes. Aggregate usage is insufficient authority to copy payloads.",DigitalNZ aggregate usage facet only; verify current provider terms and each item rights statement.,HF edithatogo/digitalnz already preserves this DigitalNZ facet snapshot; add only derived decisions and source-specific captures here.,Do not copy the facet source again; create a new payload archive only when this row permits it and source capture is distinct.
Dunedin City Council Archives,Dunedin City Council Archives Flickr,1758,Modify | Share | Use commercially,metadata_plus_open_item_candidates,"Archive metadata now. The aggregate facet has open-use signals, but copy payloads only after recording the item-level rights statement and provenance; collection-level totals are not a blanket licence.",DigitalNZ aggregate usage facet only; verify current provider terms and each item rights statement.,HF edithatogo/digitalnz already preserves this DigitalNZ facet snapshot; add only derived decisions and source-specific captures here.,Do not copy the facet source again; create a new payload archive only when this row permits it and source capture is distinct.
Dunedin Public Art Gallery,Dunedin Public Art Gallery,5367,All rights reserved,metadata_only_pending_item_review,"Archive descriptive metadata, identifiers, rights text, landing URLs, timestamps, and hashes. Do not publicly copy payloads until an item-level provider licence is verified.",DigitalNZ aggregate usage facet only; verify current provider terms and each item rights statement.,HF edithatogo/digitalnz already preserves this DigitalNZ facet snapshot; add only derived decisions and source-specific captures here.,Do not copy the facet source again; create a new payload archive only when this row permits it and source capture is distinct.
E-Tangata,E-Tangata,865,All rights reserved,metadata_only_pending_item_review,"Archive descriptive metadata, identifiers, rights text, landing URLs, timestamps, and hashes. Do not publicly copy payloads until an item-level provider licence is verified.",DigitalNZ aggregate usage facet only; verify current provider terms and each item rights statement.,HF edithatogo/digitalnz already preserves this DigitalNZ facet snapshot; add only derived decisions and source-specific captures here.,Do not copy the facet source again; create a new payload archive only when this row permits it and source capture is distinct.
The University of Auckland Library,Early New Zealand Books,5313,All rights reserved,metadata_only_pending_item_review,"Archive descriptive metadata, identifiers, rights text, landing URLs, timestamps, and hashes. Do not publicly copy payloads until an item-level provider licence is verified.",DigitalNZ aggregate usage facet only; verify current provider terms and each item rights statement.,HF edithatogo/digitalnz already preserves this DigitalNZ facet snapshot; add only derived decisions and source-specific captures here.,Do not copy the facet source again; create a new payload archive only when this row permits it and source capture is distinct.
The University of Auckland Library,Early New Zealand Statutes,7476,Modify | Share,metadata_only_pending_item_review,"Archive descriptive metadata, identifiers, rights text, landing URLs, timestamps, and hashes. Aggregate usage is insufficient authority to copy payloads.",DigitalNZ aggregate usage facet only; verify current provider terms and each item rights statement.,HF edithatogo/digitalnz already preserves this DigitalNZ facet snapshot; add only derived decisions and source-specific captures here.,Do not copy the facet source again; create a new payload archive only when this row permits it and source capture is distinct.
CORE Education,EDtalks,778,Share,metadata_only_pending_item_review,"Archive descriptive metadata, identifiers, rights text, landing URLs, timestamps, and hashes. Aggregate usage is insufficient authority to copy payloads.",DigitalNZ aggregate usage facet only; verify current provider terms and each item rights statement.,HF edithatogo/digitalnz already preserves this DigitalNZ facet snapshot; add only derived decisions and source-specific captures here.,Do not copy the facet source again; create a new payload archive only when this row permits it and source capture is distinct.
Energy Efficiency and Conservation Authority,Energy Efficiency and Conservation Authority,68,All rights reserved,metadata_only_pending_item_review,"Archive descriptive metadata, identifiers, rights text, landing URLs, timestamps, and hashes. Do not publicly copy payloads until an item-level provider licence is verified.",DigitalNZ aggregate usage facet only; verify current provider terms and each item rights statement.,HF edithatogo/digitalnz already preserves this DigitalNZ facet snapshot; add only derived decisions and source-specific captures here.,Do not copy the facet source again; create a new payload archive only when this row permits it and source capture is distinct.
Feilding Library,Feilding Library,4062,Modify | Share | Unknown | Use commercially,metadata_only_pending_item_review,"Archive descriptive metadata, identifiers, rights text, landing URLs, timestamps, and hashes. Do not publicly copy payloads until an item-level provider licence is verified.",DigitalNZ aggregate usage facet only; verify current provider terms and each item rights statement.,HF edithatogo/digitalnz already preserves this DigitalNZ facet snapshot; add only derived decisions and source-specific captures here.,Do not copy the facet source again; create a new payload archive only when this row permits it and source capture is distinct.
FigShare,FigShare,4,Modify | Share | Use commercially,metadata_plus_open_item_candidates,"Archive metadata now. The aggregate facet has open-use signals, but copy payloads only after recording the item-level rights statement and provenance; collection-level totals are not a blanket licence.",DigitalNZ aggregate usage facet only; verify current provider terms and each item rights statement.,HF edithatogo/digitalnz already preserves this DigitalNZ facet snapshot; add only derived decisions and source-specific captures here.,Do not copy the facet source again; create a new payload archive only when this row permits it and source capture is distinct.
Figure.NZ,Figure.NZ,46308,Modify | Share | Unknown | Use commercially,metadata_only_pending_item_review,"Archive descriptive metadata, identifiers, rights text, landing URLs, timestamps, and hashes. Do not publicly copy payloads until an item-level provider licence is verified.",DigitalNZ aggregate usage facet only; verify current provider terms and each item rights statement.,HF edithatogo/digitalnz already preserves this DigitalNZ facet snapshot; add only derived decisions and source-specific captures here.,Do not copy the facet source again; create a new payload archive only when this row permits it and source capture is distinct.
Manaaki Whenua – Landcare Research,Flax Collection,54,Modify | Share | Use commercially,metadata_plus_open_item_candidates,"Archive metadata now. The aggregate facet has open-use signals, but copy payloads only after recording the item-level rights statement and provenance; collection-level totals are not a blanket licence.",DigitalNZ aggregate usage facet only; verify current provider terms and each item rights statement.,HF edithatogo/digitalnz already preserves this DigitalNZ facet snapshot; add only derived decisions and source-specific captures here.,Do not copy the facet source again; create a new payload archive only when this row permits it and source capture is distinct.
eqnz.chch.2010,Flickr,6111,All rights reserved | Modify | Share | Use commercially,metadata_only_pending_item_review,"Archive descriptive metadata, identifiers, rights text, landing URLs, timestamps, and hashes. Do not publicly copy payloads until an item-level provider licence is verified.",DigitalNZ aggregate usage facet only; verify current provider terms and each item rights statement.,HF edithatogo/digitalnz already preserves this DigitalNZ facet snapshot; add only derived decisions and source-specific captures here.,Do not copy the facet source again; create a new payload archive only when this row permits it and source capture is distinct.
Manaaki Whenua – Landcare Research,Flora of New Zealand,1476,Modify | Share | Use commercially,metadata_plus_open_item_candidates,"Archive metadata now. The aggregate facet has open-use signals, but copy payloads only after recording the item-level rights statement and provenance; collection-level totals are not a blanket licence.",DigitalNZ aggregate usage facet only; verify current provider terms and each item rights statement.,HF edithatogo/digitalnz already preserves this DigitalNZ facet snapshot; add only derived decisions and source-specific captures here.,Do not copy the facet source again; create a new payload archive only when this row permits it and source capture is distinct.
Forest and Bird,Forest and Bird,76,All rights reserved,metadata_only_pending_item_review,"Archive descriptive metadata, identifiers, rights text, landing URLs, timestamps, and hashes. Do not publicly copy payloads until an item-level provider licence is verified.",DigitalNZ aggregate usage facet only; verify current provider terms and each item rights statement.,HF edithatogo/digitalnz already preserves this DigitalNZ facet snapshot; add only derived decisions and source-specific captures here.,Do not copy the facet source again; create a new payload archive only when this row permits it and source capture is distinct.
Forest and Bird,Forest and Bird YouTube,245,All rights reserved,metadata_only_pending_item_review,"Archive descriptive metadata, identifiers, rights text, landing URLs, timestamps, and hashes. Do not publicly copy payloads until an item-level provider licence is verified.",DigitalNZ aggregate usage facet only; verify current provider terms and each item rights statement.,HF edithatogo/digitalnz already preserves this DigitalNZ facet snapshot; add only derived decisions and source-specific captures here.,Do not copy the facet source again; create a new payload archive only when this row permits it and source capture is distinct.
Free Music Archive,Free Music Archive,5,Modify | Share | Use commercially,metadata_plus_open_item_candidates,"Archive metadata now. The aggregate facet has open-use signals, but copy payloads only after recording the item-level rights statement and provenance; collection-level totals are not a blanket licence.",DigitalNZ aggregate usage facet only; verify current provider terms and each item rights statement.,HF edithatogo/digitalnz already preserves this DigitalNZ facet snapshot; add only derived decisions and source-specific captures here.,Do not copy the facet source again; create a new payload archive only when this row permits it and source capture is distinct.
Freesound,Freesound,65,Modify | Share | Use commercially,metadata_plus_open_item_candidates,"Archive metadata now. The aggregate facet has open-use signals, but copy payloads only after recording the item-level rights statement and provenance; collection-level totals are not a blanket licence.",DigitalNZ aggregate usage facet only; verify current provider terms and each item rights statement.,HF edithatogo/digitalnz already preserves this DigitalNZ facet snapshot; add only derived decisions and source-specific captures here.,Do not copy the facet source again; create a new payload archive only when this row permits it and source capture is distinct.
Gisborne Photo News,Gisborne Photo News,14190,Share,metadata_only_pending_item_review,"Archive descriptive metadata, identifiers, rights text, landing URLs, timestamps, and hashes. Aggregate usage is insufficient authority to copy payloads.",DigitalNZ aggregate usage facet only; verify current provider terms and each item rights statement.,HF edithatogo/digitalnz already preserves this DigitalNZ facet snapshot; add only derived decisions and source-specific captures here.,Do not copy the facet source again; create a new payload archive only when this row permits it and source capture is distinct.
Gus Fisher Gallery,Gus Fisher Gallery NZMuseums,96,All rights reserved,metadata_only_pending_item_review,"Archive descriptive metadata, identifiers, rights text, landing URLs, timestamps, and hashes. Do not publicly copy payloads until an item-level provider licence is verified.",DigitalNZ aggregate usage facet only; verify current provider terms and each item rights statement.,HF edithatogo/digitalnz already preserves this DigitalNZ facet snapshot; add only derived decisions and source-specific captures here.,Do not copy the facet source again; create a new payload archive only when this row permits it and source capture is distinct.
Hamilton City Libraries,Hamilton Heritage Collections,10795,All rights reserved,metadata_only_pending_item_review,"Archive descriptive metadata, identifiers, rights text, landing URLs, timestamps, and hashes. Do not publicly copy payloads until an item-level provider licence is verified.",DigitalNZ aggregate usage facet only; verify current provider terms and each item rights statement.,HF edithatogo/digitalnz already preserves this DigitalNZ facet snapshot; add only derived decisions and source-specific captures here.,Do not copy the facet source again; create a new payload archive only when this row permits it and source capture is distinct.
HathiTrust,HathiTrust Digital Library,2317,All rights reserved | Modify | Share | Use commercially,metadata_only_pending_item_review,"Archive descriptive metadata, identifiers, rights text, landing URLs, timestamps, and hashes. Do not publicly copy payloads until an item-level provider licence is verified.",DigitalNZ aggregate usage facet only; verify current provider terms and each item rights statement.,HF edithatogo/digitalnz already preserves this DigitalNZ facet snapshot; add only derived decisions and source-specific captures here.,Do not copy the facet source again; create a new payload archive only when this row permits it and source capture is distinct.
Hawke's Bay Knowledge Bank,Hawke's Bay Knowledge Bank,29536,Modify | Share,metadata_only_pending_item_review,"Archive descriptive metadata, identifiers, rights text, landing URLs, timestamps, and hashes. Aggregate usage is insufficient authority to copy payloads.",DigitalNZ aggregate usage facet only; verify current provider terms and each item rights statement.,HF edithatogo/digitalnz already preserves this DigitalNZ facet snapshot; add only derived decisions and source-specific captures here.,Do not copy the facet source again; create a new payload archive only when this row permits it and source capture is distinct.
New Zealand Tertiary College,He Kupu,205,All rights reserved,metadata_only_pending_item_review,"Archive descriptive metadata, identifiers, rights text, landing URLs, timestamps, and hashes. Do not publicly copy payloads until an item-level provider licence is verified.",DigitalNZ aggregate usage facet only; verify current provider terms and each item rights statement.,HF edithatogo/digitalnz already preserves this DigitalNZ facet snapshot; add only derived decisions and source-specific captures here.,Do not copy the facet source again; create a new payload archive only when this row permits it and source capture is distinct.
Dunedin Public Libraries,He Purapura Marara Scattered Seeds,2001,All rights reserved | Modify | Share | Use commercially,metadata_only_pending_item_review,"Archive descriptive metadata, identifiers, rights text, landing URLs, timestamps, and hashes. Do not publicly copy payloads until an item-level provider licence is verified.",DigitalNZ aggregate usage facet only; verify current provider terms and each item rights statement.,HF edithatogo/digitalnz already preserves this DigitalNZ facet snapshot; add only derived decisions and source-specific captures here.,Do not copy the facet source again; create a new payload archive only when this row permits it and source capture is distinct.
Ministry of Health,HealthEd Health Resources,1,All rights reserved,metadata_only_pending_item_review,"Archive descriptive metadata, identifiers, rights text, landing URLs, timestamps, and hashes. Do not publicly copy payloads until an item-level provider licence is verified.",DigitalNZ aggregate usage facet only; verify current provider terms and each item rights statement.,HF edithatogo/digitalnz already preserves this DigitalNZ facet snapshot; add only derived decisions and source-specific captures here.,Do not copy the facet source again; create a new payload archive only when this row permits it and source capture is distinct.
Upper Hutt City Library,Historic Graffiti at Trentham Ranges,4485,All rights reserved,metadata_only_pending_item_review,"Archive descriptive metadata, identifiers, rights text, landing URLs, timestamps, and hashes. Do not publicly copy payloads until an item-level provider licence is verified.",DigitalNZ aggregate usage facet only; verify current provider terms and each item rights statement.,HF edithatogo/digitalnz already preserves this DigitalNZ facet snapshot; add only derived decisions and source-specific captures here.,Do not copy the facet source again; create a new payload archive only when this row permits it and source capture is distinct.
University of Waikato,Historical Maps of the Waikato Region,237,Share,metadata_only_pending_item_review,"Archive descriptive metadata, identifiers, rights text, landing URLs, timestamps, and hashes. Aggregate usage is insufficient authority to copy payloads.",DigitalNZ aggregate usage facet only; verify current provider terms and each item rights statement.,HF edithatogo/digitalnz already preserves this DigitalNZ facet snapshot; add only derived decisions and source-specific captures here.,Do not copy the facet source again; create a new payload archive only when this row permits it and source capture is distinct.
University of Waikato,Historical Photos of the Waikato and New Zealand,597,Share,metadata_only_pending_item_review,"Archive descriptive metadata, identifiers, rights text, landing URLs, timestamps, and hashes. Aggregate usage is insufficient authority to copy payloads.",DigitalNZ aggregate usage facet only; verify current provider terms and each item rights statement.,HF edithatogo/digitalnz already preserves this DigitalNZ facet snapshot; add only derived decisions and source-specific captures here.,Do not copy the facet source again; create a new payload archive only when this row permits it and source capture is distinct.
University of Waikato,Historical Photos of Waikato Rugby,75,Share,metadata_only_pending_item_review,"Archive descriptive metadata, identifiers, rights text, landing URLs, timestamps, and hashes. Aggregate usage is insufficient authority to copy payloads.",DigitalNZ aggregate usage facet only; verify current provider terms and each item rights statement.,HF edithatogo/digitalnz already preserves this DigitalNZ facet snapshot; add only derived decisions and source-specific captures here.,Do not copy the facet source again; create a new payload archive only when this row permits it and source capture is distinct.
The University of Auckland Library,History of the University of Auckland,22400,All rights reserved | Share,metadata_only_pending_item_review,"Archive descriptive metadata, identifiers, rights text, landing URLs, timestamps, and hashes. Do not publicly copy payloads until an item-level provider licence is verified.",DigitalNZ aggregate usage facet only; verify current provider terms and each item rights statement.,HF edithatogo/digitalnz already preserves this DigitalNZ facet snapshot; add only derived decisions and source-specific captures here.,Do not copy the facet source again; create a new payload archive only when this row permits it and source capture is distinct.
University of Otago,Hocken Collections YouTube,60,All rights reserved | Modify | Share | Use commercially,metadata_only_pending_item_review,"Archive descriptive metadata, identifiers, rights text, landing URLs, timestamps, and hashes. Do not publicly copy payloads until an item-level provider licence is verified.",DigitalNZ aggregate usage facet only; verify current provider terms and each item rights statement.,HF edithatogo/digitalnz already preserves this DigitalNZ facet snapshot; add only derived decisions and source-specific captures here.,Do not copy the facet source again; create a new payload archive only when this row permits it and source capture is distinct.
University of Otago,Hocken Snapshop,32993,All rights reserved,metadata_only_pending_item_review,"Archive descriptive metadata, identifiers, rights text, landing URLs, timestamps, and hashes. Do not publicly copy payloads until an item-level provider licence is verified.",DigitalNZ aggregate usage facet only; verify current provider terms and each item rights statement.,HF edithatogo/digitalnz already preserves this DigitalNZ facet snapshot; add only derived decisions and source-specific captures here.,Do not copy the facet source again; create a new payload archive only when this row permits it and source capture is distinct.
Howick Historical Village,Howick Historical Village NZMuseums,10322,All rights reserved,metadata_only_pending_item_review,"Archive descriptive metadata, identifiers, rights text, landing URLs, timestamps, and hashes. Do not publicly copy payloads until an item-level provider licence is verified.",DigitalNZ aggregate usage facet only; verify current provider terms and each item rights statement.,HF edithatogo/digitalnz already preserves this DigitalNZ facet snapshot; add only derived decisions and source-specific captures here.,Do not copy the facet source again; create a new payload archive only when this row permits it and source capture is distinct.
Hurunui District Libraries,Hurunui Kete,1521,All rights reserved | Modify | Share | Use commercially,metadata_only_pending_item_review,"Archive descriptive metadata, identifiers, rights text, landing URLs, timestamps, and hashes. Do not publicly copy payloads until an item-level provider licence is verified.",DigitalNZ aggregate usage facet only; verify current provider terms and each item rights statement.,HF edithatogo/digitalnz already preserves this DigitalNZ facet snapshot; add only derived decisions and source-specific captures here.,Do not copy the facet source again; create a new payload archive only when this row permits it and source capture is distinct.
Hutt City Council,Hutt City Council Archives,15899,Modify | Share | Use commercially,metadata_plus_open_item_candidates,"Archive metadata now. The aggregate facet has open-use signals, but copy payloads only after recording the item-level rights statement and provenance; collection-level totals are not a blanket licence.",DigitalNZ aggregate usage facet only; verify current provider terms and each item rights statement.,HF edithatogo/digitalnz already preserves this DigitalNZ facet snapshot; add only derived decisions and source-specific captures here.,Do not copy the facet source again; create a new payload archive only when this row permits it and source capture is distinct.
UC Department of Art History and Theory,Illumination & Commemoration,123,Modify | Share | Use commercially,metadata_plus_open_item_candidates,"Archive metadata now. The aggregate facet has open-use signals, but copy payloads only after recording the item-level rights statement and provenance; collection-level totals are not a blanket licence.",DigitalNZ aggregate usage facet only; verify current provider terms and each item rights statement.,HF edithatogo/digitalnz already preserves this DigitalNZ facet snapshot; add only derived decisions and source-specific captures here.,Do not copy the facet source again; create a new payload archive only when this row permits it and source capture is distinct.
University of Waikato,Illustrated London News: New Zealand,1963,Share,metadata_only_pending_item_review,"Archive descriptive metadata, identifiers, rights text, landing URLs, timestamps, and hashes. Aggregate usage is insufficient authority to copy payloads.",DigitalNZ aggregate usage facet only; verify current provider terms and each item rights statement.,HF edithatogo/digitalnz already preserves this DigitalNZ facet snapshot; add only derived decisions and source-specific captures here.,Do not copy the facet source again; create a new payload archive only when this row permits it and source capture is distinct.
iNaturalist NZ — Mātaki Taiao,iNaturalist NZ — Mātaki Taiao,527674,All rights reserved | Modify | Share | Use commercially,metadata_and_item_level_payload,"Archive observation metadata with provenance. Copy photos, sounds, and observations only when the individual licence allows it; preserve licence, attribution, and observer/source fields.","iNaturalist licences observations, photos, and sounds at item level and they may differ.",HF edithatogo/digitalnz (facet metadata only); no exact iNaturalist NZ corpus found in the checked estate.,Do not copy the facet source again; create a new payload archive only when this row permits it and source capture is distinct.
Internet Archive,Internet Archive,3,Modify | Share | Use commercially,metadata_plus_open_item_candidates,"Archive metadata now. The aggregate facet has open-use signals, but copy payloads only after recording the item-level rights statement and provenance; collection-level totals are not a blanket licence.",DigitalNZ aggregate usage facet only; verify current provider terms and each item rights statement.,HF edithatogo/digitalnz already preserves this DigitalNZ facet snapshot; add only derived decisions and source-specific captures here.,Do not copy the facet source again; create a new payload archive only when this row permits it and source capture is distinct.
Isel House,Isel House NZMuseums,33,All rights reserved,metadata_only_pending_item_review,"Archive descriptive metadata, identifiers, rights text, landing URLs, timestamps, and hashes. Do not publicly copy payloads until an item-level provider licence is verified.",DigitalNZ aggregate usage facet only; verify current provider terms and each item rights statement.,HF edithatogo/digitalnz already preserves this DigitalNZ facet snapshot; add only derived decisions and source-specific captures here.,Do not copy the facet source again; create a new payload archive only when this row permits it and source capture is distinct.
John Kinder Theological Library,John Kinder Theological Library,9126,All rights reserved | Modify | Share | Use commercially,metadata_only_pending_item_review,"Archive descriptive metadata, identifiers, rights text, landing URLs, timestamps, and hashes. Do not publicly copy payloads until an item-level provider licence is verified.",DigitalNZ aggregate usage facet only; verify current provider terms and each item rights statement.,HF edithatogo/digitalnz already preserves this DigitalNZ facet snapshot; add only derived decisions and source-specific captures here.,Do not copy the facet source again; create a new payload archive only when this row permits it and source capture is distinct.
The University of Auckland Library,Journal of the Polynesian Society,4745,All rights reserved,metadata_only_pending_item_review,"Archive descriptive metadata, identifiers, rights text, landing URLs, timestamps, and hashes. Do not publicly copy payloads until an item-level provider licence is verified.",DigitalNZ aggregate usage facet only; verify current provider terms and each item rights statement.,HF edithatogo/digitalnz already preserves this DigitalNZ facet snapshot; add only derived decisions and source-specific captures here.,Do not copy the facet source again; create a new payload archive only when this row permits it and source capture is distinct.
Kent Palmer Art,Kent Palmer Art,89,Share,metadata_only_pending_item_review,"Archive descriptive metadata, identifiers, rights text, landing URLs, timestamps, and hashes. Aggregate usage is insufficient authority to copy payloads.",DigitalNZ aggregate usage facet only; verify current provider terms and each item rights statement.,HF edithatogo/digitalnz already preserves this DigitalNZ facet snapshot; add only derived decisions and source-specific captures here.,Do not copy the facet source again; create a new payload archive only when this row permits it and source capture is distinct.
Kete Central Hawke's Bay,Kete Central Hawke's Bay,429,All rights reserved | Modify | Share | Use commercially,metadata_only_pending_item_review,"Archive descriptive metadata, identifiers, rights text, landing URLs, timestamps, and hashes. Do not publicly copy payloads until an item-level provider licence is verified.",DigitalNZ aggregate usage facet only; verify current provider terms and each item rights statement.,HF edithatogo/digitalnz already preserves this DigitalNZ facet snapshot; add only derived decisions and source-specific captures here.,Do not copy the facet source again; create a new payload archive only when this row permits it and source capture is distinct.
Kete Christchurch,Kete Christchurch,45055,All rights reserved | Modify | Share | Use commercially,metadata_only_pending_item_review,"Archive descriptive metadata, identifiers, rights text, landing URLs, timestamps, and hashes. Do not publicly copy payloads until an item-level provider licence is verified.",DigitalNZ aggregate usage facet only; verify current provider terms and each item rights statement.,HF edithatogo/digitalnz already preserves this DigitalNZ facet snapshot; add only derived decisions and source-specific captures here.,Do not copy the facet source again; create a new payload archive only when this row permits it and source capture is distinct.
Kete Hauraki Coromandel,Kete Hauraki Coromandel,925,All rights reserved | Modify | Share | Use commercially,metadata_only_pending_item_review,"Archive descriptive metadata, identifiers, rights text, landing URLs, timestamps, and hashes. Do not publicly copy payloads until an item-level provider licence is verified.",DigitalNZ aggregate usage facet only; verify current provider terms and each item rights statement.,HF edithatogo/digitalnz already preserves this DigitalNZ facet snapshot; add only derived decisions and source-specific captures here.,Do not copy the facet source again; create a new payload archive only when this row permits it and source capture is distinct.
Kete Horowhenua,Kete Horowhenua,29386,All rights reserved | Modify | Share | Unknown | Use commercially,metadata_only_pending_item_review,"Archive descriptive metadata, identifiers, rights text, landing URLs, timestamps, and hashes. Do not publicly copy payloads until an item-level provider licence is verified.",DigitalNZ aggregate usage facet only; verify current provider terms and each item rights statement.,HF edithatogo/digitalnz already preserves this DigitalNZ facet snapshot; add only derived decisions and source-specific captures here.,Do not copy the facet source again; create a new payload archive only when this row permits it and source capture is distinct.
Kawerau District Library,Kete Kawerau,589,All rights reserved | Modify | Share,metadata_only_pending_item_review,"Archive descriptive metadata, identifiers, rights text, landing URLs, timestamps, and hashes. Do not publicly copy payloads until an item-level provider licence is verified.",DigitalNZ aggregate usage facet only; verify current provider terms and each item rights statement.,HF edithatogo/digitalnz already preserves this DigitalNZ facet snapshot; add only derived decisions and source-specific captures here.,Do not copy the facet source again; create a new payload archive only when this row permits it and source capture is distinct.
Kete King Country,Kete King Country,264,All rights reserved | Modify | Share | Use commercially,metadata_only_pending_item_review,"Archive descriptive metadata, identifiers, rights text, landing URLs, timestamps, and hashes. Do not publicly copy payloads until an item-level provider licence is verified.",DigitalNZ aggregate usage facet only; verify current provider terms and each item rights statement.,HF edithatogo/digitalnz already preserves this DigitalNZ facet snapshot; add only derived decisions and source-specific captures here.,Do not copy the facet source again; create a new payload archive only when this row permits it and source capture is distinct.
Kete Masterton,Kete Masterton,374,Modify | Share,metadata_only_pending_item_review,"Archive descriptive metadata, identifiers, rights text, landing URLs, timestamps, and hashes. Aggregate usage is insufficient authority to copy payloads.",DigitalNZ aggregate usage facet only; verify current provider terms and each item rights statement.,HF edithatogo/digitalnz already preserves this DigitalNZ facet snapshot; add only derived decisions and source-specific captures here.,Do not copy the facet source again; create a new payload archive only when this row permits it and source capture is distinct.
Kete New Plymouth,Kete New Plymouth,33245,All rights reserved | Modify | Share | Unknown | Use commercially,metadata_only_pending_item_review,"Archive descriptive metadata, identifiers, rights text, landing URLs, timestamps, and hashes. Do not publicly copy payloads until an item-level provider licence is verified.",DigitalNZ aggregate usage facet only; verify current provider terms and each item rights statement.,HF edithatogo/digitalnz already preserves this DigitalNZ facet snapshot; add only derived decisions and source-specific captures here.,Do not copy the facet source again; create a new payload archive only when this row permits it and source capture is distinct.
Kete Rotorua,Kete Rotorua,4258,All rights reserved | Modify | Share | Use commercially,metadata_only_pending_item_review,"Archive descriptive metadata, identifiers, rights text, landing URLs, timestamps, and hashes. Do not publicly copy payloads until an item-level provider licence is verified.",DigitalNZ aggregate usage facet only; verify current provider terms and each item rights statement.,HF edithatogo/digitalnz already preserves this DigitalNZ facet snapshot; add only derived decisions and source-specific captures here.,Do not copy the facet source again; create a new payload archive only when this row permits it and source capture is distinct.
Kete Selwyn,Kete Selwyn,2815,All rights reserved | Modify | Share | Use commercially,metadata_only_pending_item_review,"Archive descriptive metadata, identifiers, rights text, landing URLs, timestamps, and hashes. Do not publicly copy payloads until an item-level provider licence is verified.",DigitalNZ aggregate usage facet only; verify current provider terms and each item rights statement.,HF edithatogo/digitalnz already preserves this DigitalNZ facet snapshot; add only derived decisions and source-specific captures here.,Do not copy the facet source again; create a new payload archive only when this row permits it and source capture is distinct.
Kete Tararua,Kete Tararua,417,All rights reserved | Modify | Share,metadata_only_pending_item_review,"Archive descriptive metadata, identifiers, rights text, landing URLs, timestamps, and hashes. Do not publicly copy payloads until an item-level provider licence is verified.",DigitalNZ aggregate usage facet only; verify current provider terms and each item rights statement.,HF edithatogo/digitalnz already preserves this DigitalNZ facet snapshot; add only derived decisions and source-specific captures here.,Do not copy the facet source again; create a new payload archive only when this row permits it and source capture is distinct.
Kete Tasman,Kete Tasman,2053,All rights reserved | Modify | Share | Use commercially,metadata_only_pending_item_review,"Archive descriptive metadata, identifiers, rights text, landing URLs, timestamps, and hashes. Do not publicly copy payloads until an item-level provider licence is verified.",DigitalNZ aggregate usage facet only; verify current provider terms and each item rights statement.,HF edithatogo/digitalnz already preserves this DigitalNZ facet snapshot; add only derived decisions and source-specific captures here.,Do not copy the facet source again; create a new payload archive only when this row permits it and source capture is distinct.
Kete Taupo,Kete Taupo,551,All rights reserved | Modify | Share,metadata_only_pending_item_review,"Archive descriptive metadata, identifiers, rights text, landing URLs, timestamps, and hashes. Do not publicly copy payloads until an item-level provider licence is verified.",DigitalNZ aggregate usage facet only; verify current provider terms and each item rights statement.,HF edithatogo/digitalnz already preserves this DigitalNZ facet snapshot; add only derived decisions and source-specific captures here.,Do not copy the facet source again; create a new payload archive only when this row permits it and source capture is distinct.
Waimakariri District Libraries,Kete Waimakariri,599,Modify | Share,metadata_only_pending_item_review,"Archive descriptive metadata, identifiers, rights text, landing URLs, timestamps, and hashes. Aggregate usage is insufficient authority to copy payloads.",DigitalNZ aggregate usage facet only; verify current provider terms and each item rights statement.,HF edithatogo/digitalnz already preserves this DigitalNZ facet snapshot; add only derived decisions and source-specific captures here.,Do not copy the facet source again; create a new payload archive only when this row permits it and source capture is distinct.
"Buller, Grey and Westland District Libraries",Kete West Coast,3740,All rights reserved | Modify | Share | Use commercially,metadata_only_pending_item_review,"Archive descriptive metadata, identifiers, rights text, landing URLs, timestamps, and hashes. Do not publicly copy payloads until an item-level provider licence is verified.",DigitalNZ aggregate usage facet only; verify current provider terms and each item rights statement.,HF edithatogo/digitalnz already preserves this DigitalNZ facet snapshot; add only derived decisions and source-specific captures here.,Do not copy the facet source again; create a new payload archive only when this row permits it and source capture is distinct.
Kowai Archives,Kowai Archives NZMuseums,23,All rights reserved,metadata_only_pending_item_review,"Archive descriptive metadata, identifiers, rights text, landing URLs, timestamps, and hashes. Do not publicly copy payloads until an item-level provider licence is verified.",DigitalNZ aggregate usage facet only; verify current provider terms and each item rights statement.,HF edithatogo/digitalnz already preserves this DigitalNZ facet snapshot; add only derived decisions and source-specific captures here.,Do not copy the facet source again; create a new payload archive only when this row permits it and source capture is distinct.
Auckland Libraries,Kura Heritage Collections Online,109816,All rights reserved | Modify | Share | Use commercially,metadata_only_pending_item_review,"Archive descriptive metadata, identifiers, rights text, landing URLs, timestamps, and hashes. Do not publicly copy payloads until an item-level provider licence is verified.",DigitalNZ aggregate usage facet only; verify current provider terms and each item rights statement.,HF edithatogo/digitalnz already preserves this DigitalNZ facet snapshot; add only derived decisions and source-specific captures here.,Do not copy the facet source again; create a new payload archive only when this row permits it and source capture is distinct.
Manaaki Whenua – Landcare Research,Landcare Research Digital Library,7960,All rights reserved | Modify | Share | Use commercially,metadata_only_pending_item_review,"Archive descriptive metadata, identifiers, rights text, landing URLs, timestamps, and hashes. Do not publicly copy payloads until an item-level provider licence is verified.",DigitalNZ aggregate usage facet only; verify current provider terms and each item rights statement.,HF edithatogo/digitalnz already preserves this DigitalNZ facet snapshot; add only derived decisions and source-specific captures here.,Do not copy the facet source again; create a new payload archive only when this row permits it and source capture is distinct.
Landcare Trust,Landcare Trust YouTube,77,All rights reserved,metadata_only_pending_item_review,"Archive descriptive metadata, identifiers, rights text, landing URLs, timestamps, and hashes. Do not publicly copy payloads until an item-level provider licence is verified.",DigitalNZ aggregate usage facet only; verify current provider terms and each item rights statement.,HF edithatogo/digitalnz already preserves this DigitalNZ facet snapshot; add only derived decisions and source-specific captures here.,Do not copy the facet source again; create a new payload archive only when this row permits it and source capture is distinct.
Landfall,Landfall Archive,4988,All rights reserved,metadata_only_pending_item_review,"Archive descriptive metadata, identifiers, rights text, landing URLs, timestamps, and hashes. Do not publicly copy payloads until an item-level provider licence is verified.",DigitalNZ aggregate usage facet only; verify current provider terms and each item rights statement.,HF edithatogo/digitalnz already preserves this DigitalNZ facet snapshot; add only derived decisions and source-specific captures here.,Do not copy the facet source again; create a new payload archive only when this row permits it and source capture is distinct.
Landfall,Landfall Review Online,705,All rights reserved,metadata_only_pending_item_review,"Archive descriptive metadata, identifiers, rights text, landing URLs, timestamps, and hashes. Do not publicly copy payloads until an item-level provider licence is verified.",DigitalNZ aggregate usage facet only; verify current provider terms and each item rights statement.,HF edithatogo/digitalnz already preserves this DigitalNZ facet snapshot; add only derived decisions and source-specific captures here.,Do not copy the facet source again; create a new payload archive only when this row permits it and source capture is distinct.
Lincoln University,Landscape Review,258,Modify | Share | Use commercially,metadata_plus_open_item_candidates,"Archive metadata now. The aggregate facet has open-use signals, but copy payloads only after recording the item-level rights statement and provenance; collection-level totals are not a blanket licence.",DigitalNZ aggregate usage facet only; verify current provider terms and each item rights statement.,HF edithatogo/digitalnz already preserves this DigitalNZ facet snapshot; add only derived decisions and source-specific captures here.,Do not copy the facet source again; create a new payload archive only when this row permits it and source capture is distinct.
LERNZdb,LERNZ Freshwater Database,1193,Modify | Share | Use commercially,metadata_plus_open_item_candidates,"Archive metadata now. The aggregate facet has open-use signals, but copy payloads only after recording the item-level rights statement and provenance; collection-level totals are not a blanket licence.",DigitalNZ aggregate usage facet only; verify current provider terms and each item rights statement.,HF edithatogo/digitalnz already preserves this DigitalNZ facet snapshot; add only derived decisions and source-specific captures here.,Do not copy the facet source again; create a new payload archive only when this row permits it and source capture is distinct.
Lincoln University,Lincoln Planning Review,282,Modify | Share,metadata_only_pending_item_review,"Archive descriptive metadata, identifiers, rights text, landing URLs, timestamps, and hashes. Aggregate usage is insufficient authority to copy payloads.",DigitalNZ aggregate usage facet only; verify current provider terms and each item rights statement.,HF edithatogo/digitalnz already preserves this DigitalNZ facet snapshot; add only derived decisions and source-specific captures here.,Do not copy the facet source again; create a new payload archive only when this row permits it and source capture is distinct.
Lincoln University,Lincoln University Research Archive,6435,All rights reserved | Modify | Share | Use commercially,metadata_only_pending_item_review,"Archive descriptive metadata, identifiers, rights text, landing URLs, timestamps, and hashes. Do not publicly copy payloads until an item-level provider licence is verified.",DigitalNZ aggregate usage facet only; verify current provider terms and each item rights statement.,HF edithatogo/digitalnz already preserves this DigitalNZ facet snapshot; add only derived decisions and source-specific captures here.,Do not copy the facet source again; create a new payload archive only when this row permits it and source capture is distinct.
Lincoln University,Lincoln University Resources for Education,302,All rights reserved,metadata_only_pending_item_review,"Archive descriptive metadata, identifiers, rights text, landing URLs, timestamps, and hashes. Do not publicly copy payloads until an item-level provider licence is verified.",DigitalNZ aggregate usage facet only; verify current provider terms and each item rights statement.,HF edithatogo/digitalnz already preserves this DigitalNZ facet snapshot; add only derived decisions and source-specific captures here.,Do not copy the facet source again; create a new payload archive only when this row permits it and source capture is distinct.
Lost Christchurch,Lost Christchurch,133,All rights reserved,metadata_only_pending_item_review,"Archive descriptive metadata, identifiers, rights text, landing URLs, timestamps, and hashes. Do not publicly copy payloads until an item-level provider licence is verified.",DigitalNZ aggregate usage facet only; verify current provider terms and each item rights statement.,HF edithatogo/digitalnz already preserves this DigitalNZ facet snapshot; add only derived decisions and source-specific captures here.,Do not copy the facet source again; create a new payload archive only when this row permits it and source capture is distinct.
Lincoln University,Mahika Kai Journal,7,Modify | Share | Use commercially,metadata_plus_open_item_candidates,"Archive metadata now. The aggregate facet has open-use signals, but copy payloads only after recording the item-level rights statement and provenance; collection-level totals are not a blanket licence.",DigitalNZ aggregate usage facet only; verify current provider terms and each item rights statement.,HF edithatogo/digitalnz already preserves this DigitalNZ facet snapshot; add only derived decisions and source-specific captures here.,Do not copy the facet source again; create a new payload archive only when this row permits it and source capture is distinct.
Ngā Pae o te Māramatanga,MAI Journal,181,All rights reserved,metadata_only_pending_item_review,"Archive descriptive metadata, identifiers, rights text, landing URLs, timestamps, and hashes. Do not publicly copy payloads until an item-level provider licence is verified.",DigitalNZ aggregate usage facet only; verify current provider terms and each item rights statement.,HF edithatogo/digitalnz already preserves this DigitalNZ facet snapshot; add only derived decisions and source-specific captures here.,Do not copy the facet source again; create a new payload archive only when this row permits it and source capture is distinct.
DigitalNZ,Make it Digital,23,Modify | Share | Use commercially,metadata_plus_open_item_candidates,"Archive metadata now. The aggregate facet has open-use signals, but copy payloads only after recording the item-level rights statement and provenance; collection-level totals are not a blanket licence.",DigitalNZ aggregate usage facet only; verify current provider terms and each item rights statement.,HF edithatogo/digitalnz already preserves this DigitalNZ facet snapshot; add only derived decisions and source-specific captures here.,Do not copy the facet source again; create a new payload archive only when this row permits it and source capture is distinct.
Palmerston North City Library,Manawatū Heritage,18259,All rights reserved | Modify | Share | Use commercially,metadata_only_pending_item_review,"Archive descriptive metadata, identifiers, rights text, landing URLs, timestamps, and hashes. Do not publicly copy payloads until an item-level provider licence is verified.",DigitalNZ aggregate usage facet only; verify current provider terms and each item rights statement.,HF edithatogo/digitalnz already preserves this DigitalNZ facet snapshot; add only derived decisions and source-specific captures here.,Do not copy the facet source again; create a new payload archive only when this row permits it and source capture is distinct.
University of Otago,Marsden Online Archive,599,Modify | Share,metadata_only_pending_item_review,"Archive descriptive metadata, identifiers, rights text, landing URLs, timestamps, and hashes. Aggregate usage is insufficient authority to copy payloads.",DigitalNZ aggregate usage facet only; verify current provider terms and each item rights statement.,HF edithatogo/digitalnz already preserves this DigitalNZ facet snapshot; add only derived decisions and source-specific captures here.,Do not copy the facet source again; create a new payload archive only when this row permits it and source capture is distinct.
Massey University,Massey Research Online,13730,All rights reserved | Modify | Share | Use commercially,metadata_only_pending_item_review,"Archive descriptive metadata, identifiers, rights text, landing URLs, timestamps, and hashes. Do not publicly copy payloads until an item-level provider licence is verified.",DigitalNZ aggregate usage facet only; verify current provider terms and each item rights statement.,HF edithatogo/digitalnz already preserves this DigitalNZ facet snapshot; add only derived decisions and source-specific captures here.,Do not copy the facet source again; create a new payload archive only when this row permits it and source capture is distinct.
Christchurch City Libraries,Matapihi,1611,All rights reserved,metadata_only_pending_item_review,"Archive descriptive metadata, identifiers, rights text, landing URLs, timestamps, and hashes. Do not publicly copy payloads until an item-level provider licence is verified.",DigitalNZ aggregate usage facet only; verify current provider terms and each item rights statement.,HF edithatogo/digitalnz already preserves this DigitalNZ facet snapshot; add only derived decisions and source-specific captures here.,Do not copy the facet source again; create a new payload archive only when this row permits it and source capture is distinct.
Mataura Museum,Mataura Museum NZMuseums,3216,All rights reserved | Modify | Share | Unknown | Use commercially,metadata_only_pending_item_review,"Archive descriptive metadata, identifiers, rights text, landing URLs, timestamps, and hashes. Do not publicly copy payloads until an item-level provider licence is verified.",DigitalNZ aggregate usage facet only; verify current provider terms and each item rights statement.,HF edithatogo/digitalnz already preserves this DigitalNZ facet snapshot; add only derived decisions and source-specific captures here.,Do not copy the facet source again; create a new payload archive only when this row permits it and source capture is distinct.
University of Otago,Media Studies 101,49,Modify | Share | Use commercially,metadata_plus_open_item_candidates,"Archive metadata now. The aggregate facet has open-use signals, but copy payloads only after recording the item-level rights statement and provenance; collection-level totals are not a blanket licence.",DigitalNZ aggregate usage facet only; verify current provider terms and each item rights statement.,HF edithatogo/digitalnz already preserves this DigitalNZ facet snapshot; add only derived decisions and source-specific captures here.,Do not copy the facet source again; create a new payload archive only when this row permits it and source capture is distinct.
Ministry for the Environment,Ministry for the Environment Publications,1159,All rights reserved,metadata_only_pending_item_review,"Archive descriptive metadata, identifiers, rights text, landing URLs, timestamps, and hashes. Do not publicly copy payloads until an item-level provider licence is verified.",DigitalNZ aggregate usage facet only; verify current provider terms and each item rights statement.,HF edithatogo/digitalnz already preserves this DigitalNZ facet snapshot; add only derived decisions and source-specific captures here.,Do not copy the facet source again; create a new payload archive only when this row permits it and source capture is distinct.
Ministry of Health,Ministry of Health Publications,1669,All rights reserved,metadata_only_pending_item_review,"Archive descriptive metadata, identifiers, rights text, landing URLs, timestamps, and hashes. Do not publicly copy payloads until an item-level provider licence is verified.",DigitalNZ aggregate usage facet only; verify current provider terms and each item rights statement.,HF edithatogo/digitalnz already preserves this DigitalNZ facet snapshot; add only derived decisions and source-specific captures here.,Do not copy the facet source again; create a new payload archive only when this row permits it and source capture is distinct.
Mix & Mash 2011,Mix & Mash Literacy Category Content,16,Modify | Share | Use commercially,metadata_plus_open_item_candidates,"Archive metadata now. The aggregate facet has open-use signals, but copy payloads only after recording the item-level rights statement and provenance; collection-level totals are not a blanket licence.",DigitalNZ aggregate usage facet only; verify current provider terms and each item rights statement.,HF edithatogo/digitalnz already preserves this DigitalNZ facet snapshot; add only derived decisions and source-specific captures here.,Do not copy the facet source again; create a new payload archive only when this row permits it and source capture is distinct.
MOTAT,MOTAT,30749,All rights reserved | Modify | Share | Unknown | Use commercially,metadata_only_pending_item_review,"Archive descriptive metadata, identifiers, rights text, landing URLs, timestamps, and hashes. Do not publicly copy payloads until an item-level provider licence is verified.",DigitalNZ aggregate usage facet only; verify current provider terms and each item rights statement.,HF edithatogo/digitalnz already preserves this DigitalNZ facet snapshot; add only derived decisions and source-specific captures here.,Do not copy the facet source again; create a new payload archive only when this row permits it and source capture is distinct.
Motu Economic and Public Policy Research,Motu Economic and Public Policy Research,784,All rights reserved,metadata_only_pending_item_review,"Archive descriptive metadata, identifiers, rights text, landing URLs, timestamps, and hashes. Do not publicly copy payloads until an item-level provider licence is verified.",DigitalNZ aggregate usage facet only; verify current provider terms and each item rights statement.,HF edithatogo/digitalnz already preserves this DigitalNZ facet snapshot; add only derived decisions and source-specific captures here.,Do not copy the facet source again; create a new payload archive only when this row permits it and source capture is distinct.
MTG Hawke's Bay,MTG Hawke's Bay,15633,All rights reserved | Unknown,metadata_only_pending_item_review,"Archive descriptive metadata, identifiers, rights text, landing URLs, timestamps, and hashes. Do not publicly copy payloads until an item-level provider licence is verified.",DigitalNZ aggregate usage facet only; verify current provider terms and each item rights statement.,HF edithatogo/digitalnz already preserves this DigitalNZ facet snapshot; add only derived decisions and source-specific captures here.,Do not copy the facet source again; create a new payload archive only when this row permits it and source capture is distinct.
Museum of New Zealand Te Papa Tongarewa,Museum of New Zealand Te Papa Tongarewa YouTube,707,All rights reserved | Modify | Share | Use commercially,metadata_only_pending_item_review,"Archive descriptive metadata, identifiers, rights text, landing URLs, timestamps, and hashes. Do not publicly copy payloads until an item-level provider licence is verified.",DigitalNZ aggregate usage facet only; verify current provider terms and each item rights statement.,HF edithatogo/digitalnz already preserves this DigitalNZ facet snapshot; add only derived decisions and source-specific captures here.,Do not copy the facet source again; create a new payload archive only when this row permits it and source capture is distinct.
Museums Victoria,Museums Victoria,2463,All rights reserved | Modify | Share | Use commercially,metadata_only_pending_item_review,"Archive descriptive metadata, identifiers, rights text, landing URLs, timestamps, and hashes. Do not publicly copy payloads until an item-level provider licence is verified.",DigitalNZ aggregate usage facet only; verify current provider terms and each item rights statement.,HF edithatogo/digitalnz already preserves this DigitalNZ facet snapshot; add only derived decisions and source-specific captures here.,Do not copy the facet source again; create a new payload archive only when this row permits it and source capture is distinct.
mychillybin,mychillybin.co.nz,30553,All rights reserved,metadata_only_pending_item_review,"Archive descriptive metadata, identifiers, rights text, landing URLs, timestamps, and hashes. Do not publicly copy payloads until an item-level provider licence is verified.",DigitalNZ aggregate usage facet only; verify current provider terms and each item rights statement.,HF edithatogo/digitalnz already preserves this DigitalNZ facet snapshot; add only derived decisions and source-specific captures here.,Do not copy the facet source again; create a new payload archive only when this row permits it and source capture is distinct.
University of Waikato,Māori Postcards ca. 1890-1940,146,Share,metadata_only_pending_item_review,"Archive descriptive metadata, identifiers, rights text, landing URLs, timestamps, and hashes. Aggregate usage is insufficient authority to copy payloads.",DigitalNZ aggregate usage facet only; verify current provider terms and each item rights statement.,HF edithatogo/digitalnz already preserves this DigitalNZ facet snapshot; add only derived decisions and source-specific captures here.,Do not copy the facet source again; create a new payload archive only when this row permits it and source capture is distinct.
Ministry of Fisheries Te Tautiaki i nga tini a Tangaroa,NABIS,652,All rights reserved,metadata_only_pending_item_review,"Archive descriptive metadata, identifiers, rights text, landing URLs, timestamps, and hashes. Do not publicly copy payloads until an item-level provider licence is verified.",DigitalNZ aggregate usage facet only; verify current provider terms and each item rights statement.,HF edithatogo/digitalnz already preserves this DigitalNZ facet snapshot; add only derived decisions and source-specific captures here.,Do not copy the facet source again; create a new payload archive only when this row permits it and source capture is distinct.
National Army Museum,National Army Museum,14035,All rights reserved | Share,metadata_only_pending_item_review,"Archive descriptive metadata, identifiers, rights text, landing URLs, timestamps, and hashes. Do not publicly copy payloads until an item-level provider licence is verified.",DigitalNZ aggregate usage facet only; verify current provider terms and each item rights statement.,HF edithatogo/digitalnz already preserves this DigitalNZ facet snapshot; add only derived decisions and source-specific captures here.,Do not copy the facet source again; create a new payload archive only when this row permits it and source capture is distinct.
The Treasury,National Infrastructure Unit,1,All rights reserved,metadata_only_pending_item_review,"Archive descriptive metadata, identifiers, rights text, landing URLs, timestamps, and hashes. Do not publicly copy payloads until an item-level provider licence is verified.",DigitalNZ aggregate usage facet only; verify current provider terms and each item rights statement.,HF edithatogo/digitalnz already preserves this DigitalNZ facet snapshot; add only derived decisions and source-specific captures here.,Do not copy the facet source again; create a new payload archive only when this row permits it and source capture is distinct.
National Library of New Zealand,National Library of New Zealand Catalogue,97063,All rights reserved,metadata_only_pending_item_review,"Archive descriptive metadata, identifiers, rights text, landing URLs, timestamps, and hashes. Do not publicly copy payloads until an item-level provider licence is verified.",DigitalNZ aggregate usage facet only; verify current provider terms and each item rights statement.,HF edithatogo/digitalnz already preserves this DigitalNZ facet snapshot; add only derived decisions and source-specific captures here.,Do not copy the facet source again; create a new payload archive only when this row permits it and source capture is distinct.
National Library of New Zealand,National Library of New Zealand YouTube,130,All rights reserved | Modify | Share | Use commercially,metadata_only_pending_item_review,"Archive descriptive metadata, identifiers, rights text, landing URLs, timestamps, and hashes. Do not publicly copy payloads until an item-level provider licence is verified.",DigitalNZ aggregate usage facet only; verify current provider terms and each item rights statement.,HF edithatogo/digitalnz already preserves this DigitalNZ facet snapshot; add only derived decisions and source-specific captures here.,Do not copy the facet source again; create a new payload archive only when this row permits it and source capture is distinct.
Torpedo Bay Navy Museum,Navy Museum Medal Collection,186,All rights reserved | Modify | Share | Unknown | Use commercially,metadata_only_pending_item_review,"Archive descriptive metadata, identifiers, rights text, landing URLs, timestamps, and hashes. Do not publicly copy payloads until an item-level provider licence is verified.",DigitalNZ aggregate usage facet only; verify current provider terms and each item rights statement.,HF edithatogo/digitalnz already preserves this DigitalNZ facet snapshot; add only derived decisions and source-specific captures here.,Do not copy the facet source again; create a new payload archive only when this row permits it and source capture is distinct.
Nelson Photo News,Nelson Photo News,8222,Share,metadata_only_pending_item_review,"Archive descriptive metadata, identifiers, rights text, landing URLs, timestamps, and hashes. Aggregate usage is insufficient authority to copy payloads.",DigitalNZ aggregate usage facet only; verify current provider terms and each item rights statement.,HF edithatogo/digitalnz already preserves this DigitalNZ facet snapshot; add only derived decisions and source-specific captures here.,Do not copy the facet source again; create a new payload archive only when this row permits it and source capture is distinct.
Nelson Provincial Museum,Nelson Provincial Museum,153109,All rights reserved,metadata_only_pending_item_review,"Archive descriptive metadata, identifiers, rights text, landing URLs, timestamps, and hashes. Do not publicly copy payloads until an item-level provider licence is verified.",DigitalNZ aggregate usage facet only; verify current provider terms and each item rights statement.,HF edithatogo/digitalnz already preserves this DigitalNZ facet snapshot; add only derived decisions and source-specific captures here.,Do not copy the facet source again; create a new payload archive only when this row permits it and source capture is distinct.
New Zealand Cricket Museum,New Zealand Cricket Museum,1004,All rights reserved,metadata_only_pending_item_review,"Archive descriptive metadata, identifiers, rights text, landing URLs, timestamps, and hashes. Do not publicly copy payloads until an item-level provider licence is verified.",DigitalNZ aggregate usage facet only; verify current provider terms and each item rights statement.,HF edithatogo/digitalnz already preserves this DigitalNZ facet snapshot; add only derived decisions and source-specific captures here.,Do not copy the facet source again; create a new payload archive only when this row permits it and source capture is distinct.
Victoria University of Wellington,New Zealand Electronic Text Collection,180504,All rights reserved | Modify | Share | Unknown | Use commercially,metadata_only_pending_item_review,"Archive descriptive metadata, identifiers, rights text, landing URLs, timestamps, and hashes. Do not publicly copy payloads until an item-level provider licence is verified.",DigitalNZ aggregate usage facet only; verify current provider terms and each item rights statement.,HF edithatogo/digitalnz already preserves this DigitalNZ facet snapshot; add only derived decisions and source-specific captures here.,Do not copy the facet source again; create a new payload archive only when this row permits it and source capture is distinct.
New Zealand Fashion Museum,New Zealand Fashion Museum,1955,All rights reserved | Modify | Share,metadata_only_pending_item_review,"Archive descriptive metadata, identifiers, rights text, landing URLs, timestamps, and hashes. Do not publicly copy payloads until an item-level provider licence is verified.",DigitalNZ aggregate usage facet only; verify current provider terms and each item rights statement.,HF edithatogo/digitalnz already preserves this DigitalNZ facet snapshot; add only derived decisions and source-specific captures here.,Do not copy the facet source again; create a new payload archive only when this row permits it and source capture is distinct.
Department of Internal Affairs,New Zealand Gazette,218771,Modify | Share | Use commercially,metadata_and_notice_text,"Archive metadata and published notice text with DIA attribution; exclude logos, emblems, trademarks, site design, and any material removed or redacted for privacy.",Gazette copyright and submission terms license Gazette material for reuse under CC BY 3.0 NZ.,HF edithatogo/digitalnz (facet metadata only); HF edithatogo/courts-nz-public-notices-archive (different courts-notices corpus; do not merge).,Do not copy the facet source again; create a new payload archive only when this row permits it and source capture is distinct.
New Zealand Journal of Forestry Science,New Zealand Journal of Forestry Science,94,All rights reserved | Modify | Share | Use commercially,metadata_only_pending_item_review,"Archive descriptive metadata, identifiers, rights text, landing URLs, timestamps, and hashes. Do not publicly copy payloads until an item-level provider licence is verified.",DigitalNZ aggregate usage facet only; verify current provider terms and each item rights statement.,HF edithatogo/digitalnz already preserves this DigitalNZ facet snapshot; add only derived decisions and source-specific captures here.,Do not copy the facet source again; create a new payload archive only when this row permits it and source capture is distinct.
The University of Auckland Library,New Zealand Journal of History,2134,All rights reserved,metadata_only_pending_item_review,"Archive descriptive metadata, identifiers, rights text, landing URLs, timestamps, and hashes. Do not publicly copy payloads until an item-level provider licence is verified.",DigitalNZ aggregate usage facet only; verify current provider terms and each item rights statement.,HF edithatogo/digitalnz already preserves this DigitalNZ facet snapshot; add only derived decisions and source-specific captures here.,Do not copy the facet source again; create a new payload archive only when this row permits it and source capture is distinct.
New Zealand Maritime Museum,New Zealand Maritime Museum,1150,All rights reserved,metadata_only_pending_item_review,"Archive descriptive metadata, identifiers, rights text, landing URLs, timestamps, and hashes. Do not publicly copy payloads until an item-level provider licence is verified.",DigitalNZ aggregate usage facet only; verify current provider terms and each item rights statement.,HF edithatogo/digitalnz already preserves this DigitalNZ facet snapshot; add only derived decisions and source-specific captures here.,Do not copy the facet source again; create a new payload archive only when this row permits it and source capture is distinct.
New Zealand Plant Conservation Network,New Zealand Plant Conservation Network,3323,All rights reserved,metadata_only_pending_item_review,"Archive descriptive metadata, identifiers, rights text, landing URLs, timestamps, and hashes. Do not publicly copy payloads until an item-level provider licence is verified.",DigitalNZ aggregate usage facet only; verify current provider terms and each item rights statement.,HF edithatogo/digitalnz already preserves this DigitalNZ facet snapshot; add only derived decisions and source-specific captures here.,Do not copy the facet source again; create a new payload archive only when this row permits it and source capture is distinct.
New Zealand Portrait Gallery Te Pūkenga Whakaata,New Zealand Portrait Gallery NZMuseums,209,All rights reserved,metadata_only_pending_item_review,"Archive descriptive metadata, identifiers, rights text, landing URLs, timestamps, and hashes. Do not publicly copy payloads until an item-level provider licence is verified.",DigitalNZ aggregate usage facet only; verify current provider terms and each item rights statement.,HF edithatogo/digitalnz already preserves this DigitalNZ facet snapshot; add only derived decisions and source-specific captures here.,Do not copy the facet source again; create a new payload archive only when this row permits it and source capture is distinct.
New Zealand Plant Conservation Network,New Zealand Regional Botanical Society Journals,2841,All rights reserved,metadata_only_pending_item_review,"Archive descriptive metadata, identifiers, rights text, landing URLs, timestamps, and hashes. Do not publicly copy payloads until an item-level provider licence is verified.",DigitalNZ aggregate usage facet only; verify current provider terms and each item rights statement.,HF edithatogo/digitalnz already preserves this DigitalNZ facet snapshot; add only derived decisions and source-specific captures here.,Do not copy the facet source again; create a new payload archive only when this row permits it and source capture is distinct.
New Zealand Taxation,New Zealand Taxation,723,All rights reserved,metadata_only_pending_item_review,"Archive descriptive metadata, identifiers, rights text, landing URLs, timestamps, and hashes. Do not publicly copy payloads until an item-level provider licence is verified.",DigitalNZ aggregate usage facet only; verify current provider terms and each item rights statement.,HF edithatogo/digitalnz already preserves this DigitalNZ facet snapshot; add only derived decisions and source-specific captures here.,Do not copy the facet source again; create a new payload archive only when this row permits it and source capture is distinct.
TV3,Newshub,31291,All rights reserved,metadata_only_pending_item_review,"Archive descriptive metadata, identifiers, rights text, landing URLs, timestamps, and hashes. Do not publicly copy payloads until an item-level provider licence is verified.",DigitalNZ aggregate usage facet only; verify current provider terms and each item rights statement.,HF edithatogo/digitalnz already preserves this DigitalNZ facet snapshot; add only derived decisions and source-specific captures here.,Do not copy the facet source again; create a new payload archive only when this row permits it and source capture is distinct.
Nga Manu Nature Reserve,Nga Manu Nature Reserve Flickr,851,All rights reserved | Share,metadata_only_pending_item_review,"Archive descriptive metadata, identifiers, rights text, landing URLs, timestamps, and hashes. Do not publicly copy payloads until an item-level provider licence is verified.",DigitalNZ aggregate usage facet only; verify current provider terms and each item rights statement.,HF edithatogo/digitalnz already preserves this DigitalNZ facet snapshot; add only derived decisions and source-specific captures here.,Do not copy the facet source again; create a new payload archive only when this row permits it and source capture is distinct.
Ngā Pae o te Māramatanga,Ngā Pae o te Māramatanga Media Centre,320,All rights reserved,metadata_only_pending_item_review,"Archive descriptive metadata, identifiers, rights text, landing URLs, timestamps, and hashes. Do not publicly copy payloads until an item-level provider licence is verified.",DigitalNZ aggregate usage facet only; verify current provider terms and each item rights statement.,HF edithatogo/digitalnz already preserves this DigitalNZ facet snapshot; add only derived decisions and source-specific captures here.,Do not copy the facet source again; create a new payload archive only when this row permits it and source capture is distinct.
Ngā Taonga Sound & Vision,Ngā Taonga Sound & Vision,7726,All rights reserved,metadata_only_pending_item_review,"Archive descriptive metadata, identifiers, rights text, landing URLs, timestamps, and hashes. Do not publicly copy payloads until an item-level provider licence is verified.",DigitalNZ aggregate usage facet only; verify current provider terms and each item rights statement.,HF edithatogo/digitalnz already preserves this DigitalNZ facet snapshot; add only derived decisions and source-specific captures here.,Do not copy the facet source again; create a new payload archive only when this row permits it and source capture is distinct.
NIWA,NIWA YouTube,383,All rights reserved | Modify | Share | Use commercially,metadata_only_pending_item_review,"Archive descriptive metadata, identifiers, rights text, landing URLs, timestamps, and hashes. Do not publicly copy payloads until an item-level provider licence is verified.",DigitalNZ aggregate usage facet only; verify current provider terms and each item rights statement.,HF edithatogo/digitalnz already preserves this DigitalNZ facet snapshot; add only derived decisions and source-specific captures here.,Do not copy the facet source again; create a new payload archive only when this row permits it and source capture is distinct.
The New Zealand Nursing Education and Research Foundation,Nursing Education and Research Foundation - Nursing Oral Histories in NZ,308,Modify | Share,metadata_only_pending_item_review,"Archive descriptive metadata, identifiers, rights text, landing URLs, timestamps, and hashes. Aggregate usage is insufficient authority to copy payloads.",DigitalNZ aggregate usage facet only; verify current provider terms and each item rights statement.,HF edithatogo/digitalnz already preserves this DigitalNZ facet snapshot; add only derived decisions and source-specific captures here.,Do not copy the facet source again; create a new payload archive only when this row permits it and source capture is distinct.
Paul Spain,NZ Business Podcast,55,All rights reserved,metadata_only_pending_item_review,"Archive descriptive metadata, identifiers, rights text, landing URLs, timestamps, and hashes. Do not publicly copy payloads until an item-level provider licence is verified.",DigitalNZ aggregate usage facet only; verify current provider terms and each item rights statement.,HF edithatogo/digitalnz already preserves this DigitalNZ facet snapshot; add only derived decisions and source-specific captures here.,Do not copy the facet source again; create a new payload archive only when this row permits it and source capture is distinct.
Paul Spain,NZ Digital Podcast,10,All rights reserved,metadata_only_pending_item_review,"Archive descriptive metadata, identifiers, rights text, landing URLs, timestamps, and hashes. Do not publicly copy payloads until an item-level provider licence is verified.",DigitalNZ aggregate usage facet only; verify current provider terms and each item rights statement.,HF edithatogo/digitalnz already preserves this DigitalNZ facet snapshot; add only derived decisions and source-specific captures here.,Do not copy the facet source again; create a new payload archive only when this row permits it and source capture is distinct.
NZ Musician,NZ Musician,1003,All rights reserved,metadata_only_pending_item_review,"Archive descriptive metadata, identifiers, rights text, landing URLs, timestamps, and hashes. Do not publicly copy payloads until an item-level provider licence is verified.",DigitalNZ aggregate usage facet only; verify current provider terms and each item rights statement.,HF edithatogo/digitalnz already preserves this DigitalNZ facet snapshot; add only derived decisions and source-specific captures here.,Do not copy the facet source again; create a new payload archive only when this row permits it and source capture is distinct.
NZ On Screen,NZ On Screen,5556,All rights reserved | Modify | Share,metadata_only_pending_item_review,"Archive descriptive metadata, identifiers, rights text, landing URLs, timestamps, and hashes. Do not publicly copy payloads until an item-level provider licence is verified.",DigitalNZ aggregate usage facet only; verify current provider terms and each item rights statement.,HF edithatogo/digitalnz already preserves this DigitalNZ facet snapshot; add only derived decisions and source-specific captures here.,Do not copy the facet source again; create a new payload archive only when this row permits it and source capture is distinct.
New Zealand Film Commission,NZ On Screen,352,All rights reserved,metadata_only_pending_item_review,"Archive descriptive metadata, identifiers, rights text, landing URLs, timestamps, and hashes. Do not publicly copy payloads until an item-level provider licence is verified.",DigitalNZ aggregate usage facet only; verify current provider terms and each item rights statement.,HF edithatogo/digitalnz already preserves this DigitalNZ facet snapshot; add only derived decisions and source-specific captures here.,Do not copy the facet source again; create a new payload archive only when this row permits it and source capture is distinct.
Paul Spain,NZ Tech Podcast,554,All rights reserved,metadata_only_pending_item_review,"Archive descriptive metadata, identifiers, rights text, landing URLs, timestamps, and hashes. Do not publicly copy payloads until an item-level provider licence is verified.",DigitalNZ aggregate usage facet only; verify current provider terms and each item rights statement.,HF edithatogo/digitalnz already preserves this DigitalNZ facet snapshot; add only derived decisions and source-specific captures here.,Do not copy the facet source again; create a new payload archive only when this row permits it and source capture is distinct.
NZEI Te Riu Roa (New Zealand Educational Institute),NZEI Heritage,5126,All rights reserved | Modify | Share | Use commercially,metadata_only_pending_item_review,"Archive descriptive metadata, identifiers, rights text, landing URLs, timestamps, and hashes. Do not publicly copy payloads until an item-level provider licence is verified.",DigitalNZ aggregate usage facet only; verify current provider terms and each item rights statement.,HF edithatogo/digitalnz already preserves this DigitalNZ facet snapshot; add only derived decisions and source-specific captures here.,Do not copy the facet source again; create a new payload archive only when this row permits it and source capture is distinct.
Manaaki Whenua – Landcare Research,NZFUNGI,8674,All rights reserved | Modify | Share | Use commercially,metadata_only_pending_item_review,"Archive descriptive metadata, identifiers, rights text, landing URLs, timestamps, and hashes. Do not publicly copy payloads until an item-level provider licence is verified.",DigitalNZ aggregate usage facet only; verify current provider terms and each item rights statement.,HF edithatogo/digitalnz already preserves this DigitalNZ facet snapshot; add only derived decisions and source-specific captures here.,Do not copy the facet source again; create a new payload archive only when this row permits it and source capture is distinct.
New Zealand Plant Conservation Network,NZPCN E-Newsletters,196,All rights reserved,metadata_only_pending_item_review,"Archive descriptive metadata, identifiers, rights text, landing URLs, timestamps, and hashes. Do not publicly copy payloads until an item-level provider licence is verified.",DigitalNZ aggregate usage facet only; verify current provider terms and each item rights statement.,HF edithatogo/digitalnz already preserves this DigitalNZ facet snapshot; add only derived decisions and source-specific captures here.,Do not copy the facet source again; create a new payload archive only when this row permits it and source capture is distinct.
Otago Medical School Alumni Association,OMSAA Historical Artefacts,2302,All rights reserved,metadata_only_pending_item_review,"Archive descriptive metadata, identifiers, rights text, landing URLs, timestamps, and hashes. Do not publicly copy payloads until an item-level provider licence is verified.",DigitalNZ aggregate usage facet only; verify current provider terms and each item rights statement.,HF edithatogo/digitalnz already preserves this DigitalNZ facet snapshot; add only derived decisions and source-specific captures here.,Do not copy the facet source again; create a new payload archive only when this row permits it and source capture is distinct.
Victoria University of Wellington,Open Access Victoria University of Wellington,1062,All rights reserved | Modify | Share | Use commercially,metadata_only_pending_item_review,"Archive descriptive metadata, identifiers, rights text, landing URLs, timestamps, and hashes. Do not publicly copy payloads until an item-level provider licence is verified.",DigitalNZ aggregate usage facet only; verify current provider terms and each item rights statement.,HF edithatogo/digitalnz already preserves this DigitalNZ facet snapshot; add only derived decisions and source-specific captures here.,Do not copy the facet source again; create a new payload archive only when this row permits it and source capture is distinct.
Open Polytechnic,Open Polytechnic Repository,1742,All rights reserved,metadata_only_pending_item_review,"Archive descriptive metadata, identifiers, rights text, landing URLs, timestamps, and hashes. Do not publicly copy payloads until an item-level provider licence is verified.",DigitalNZ aggregate usage facet only; verify current provider terms and each item rights statement.,HF edithatogo/digitalnz already preserves this DigitalNZ facet snapshot; add only derived decisions and source-specific captures here.,Do not copy the facet source again; create a new payload archive only when this row permits it and source capture is distinct.
University of Otago,Otago University Research Archive,9054,All rights reserved | Modify | Share | Use commercially,metadata_only_pending_item_review,"Archive descriptive metadata, identifiers, rights text, landing URLs, timestamps, and hashes. Do not publicly copy payloads until an item-level provider licence is verified.",DigitalNZ aggregate usage facet only; verify current provider terms and each item rights statement.,HF edithatogo/digitalnz already preserves this DigitalNZ facet snapshot; add only derived decisions and source-specific captures here.,Do not copy the facet source again; create a new payload archive only when this row permits it and source capture is distinct.
University of Otago,Otago University Research Heritage,4968,All rights reserved,metadata_only_pending_item_review,"Archive descriptive metadata, identifiers, rights text, landing URLs, timestamps, and hashes. Do not publicly copy payloads until an item-level provider licence is verified.",DigitalNZ aggregate usage facet only; verify current provider terms and each item rights statement.,HF edithatogo/digitalnz already preserves this DigitalNZ facet snapshot; add only derived decisions and source-specific captures here.,Do not copy the facet source again; create a new payload archive only when this row permits it and source capture is distinct.
Our Wāhine,Our Wāhine,70,All rights reserved,metadata_only_pending_item_review,"Archive descriptive metadata, identifiers, rights text, landing URLs, timestamps, and hashes. Do not publicly copy payloads until an item-level provider licence is verified.",DigitalNZ aggregate usage facet only; verify current provider terms and each item rights statement.,HF edithatogo/digitalnz already preserves this DigitalNZ facet snapshot; add only derived decisions and source-specific captures here.,Do not copy the facet source again; create a new payload archive only when this row permits it and source capture is distinct.
National Library of New Zealand,Papers Past,26122911,All rights reserved | Modify | Share | Use commercially,metadata_and_item_level_payload,"Archive metadata and source URLs. Copy OCR, page images, and PDFs only where the individual item/provider terms are permissive or the item is public domain; do not treat collection-level usage as a blanket licence.",National Library states copyright varies by item and source.,HF edithatogo/digitalnz preserves the DigitalNZ facet snapshot; no Papers Past payload corpus was found in the checked estate.,Do not copy the facet source again; create a new payload archive only when this row permits it and source capture is distinct.
University of Otago,Patterns for Fabric Anatomy Teaching Models,6,Modify | Share,metadata_only_pending_item_review,"Archive descriptive metadata, identifiers, rights text, landing URLs, timestamps, and hashes. Aggregate usage is insufficient authority to copy payloads.",DigitalNZ aggregate usage facet only; verify current provider terms and each item rights statement.,HF edithatogo/digitalnz already preserves this DigitalNZ facet snapshot; add only derived decisions and source-specific captures here.,Do not copy the facet source again; create a new payload archive only when this row permits it and source capture is distinct.
Wairarapa Archive,Picture Wairarapa,24238,Modify | Share | Use commercially,metadata_plus_open_item_candidates,"Archive metadata now. The aggregate facet has open-use signals, but copy payloads only after recording the item-level rights statement and provenance; collection-level totals are not a blanket licence.",DigitalNZ aggregate usage facet only; verify current provider terms and each item rights statement.,HF edithatogo/digitalnz already preserves this DigitalNZ facet snapshot; add only derived decisions and source-specific captures here.,Do not copy the facet source again; create a new payload archive only when this row permits it and source capture is distinct.
Plant & Food Research,Plant & Food Research YouTube,157,All rights reserved,metadata_only_pending_item_review,"Archive descriptive metadata, identifiers, rights text, landing URLs, timestamps, and hashes. Do not publicly copy payloads until an item-level provider licence is verified.",DigitalNZ aggregate usage facet only; verify current provider terms and each item rights statement.,HF edithatogo/digitalnz already preserves this DigitalNZ facet snapshot; add only derived decisions and source-specific captures here.,Do not copy the facet source again; create a new payload archive only when this row permits it and source capture is distinct.
Play It Strange,Play It Strange,754,All rights reserved,metadata_only_pending_item_review,"Archive descriptive metadata, identifiers, rights text, landing URLs, timestamps, and hashes. Do not publicly copy payloads until an item-level provider licence is verified.",DigitalNZ aggregate usage facet only; verify current provider terms and each item rights statement.,HF edithatogo/digitalnz already preserves this DigitalNZ facet snapshot; add only derived decisions and source-specific captures here.,Do not copy the facet source again; create a new payload archive only when this row permits it and source capture is distinct.
Powerhouse Museum,Powerhouse Museum,300,All rights reserved,metadata_only_pending_item_review,"Archive descriptive metadata, identifiers, rights text, landing URLs, timestamps, and hashes. Do not publicly copy payloads until an item-level provider licence is verified.",DigitalNZ aggregate usage facet only; verify current provider terms and each item rights statement.,HF edithatogo/digitalnz already preserves this DigitalNZ facet snapshot; add only derived decisions and source-specific captures here.,Do not copy the facet source again; create a new payload archive only when this row permits it and source capture is distinct.
Presbyterian Church of Aotearoa New Zealand,Presbyterian Research Centre,12276,Modify | Share | Unknown,metadata_only_pending_item_review,"Archive descriptive metadata, identifiers, rights text, landing URLs, timestamps, and hashes. Do not publicly copy payloads until an item-level provider licence is verified.",DigitalNZ aggregate usage facet only; verify current provider terms and each item rights statement.,HF edithatogo/digitalnz already preserves this DigitalNZ facet snapshot; add only derived decisions and source-specific captures here.,Do not copy the facet source again; create a new payload archive only when this row permits it and source capture is distinct.
PSA Journal,PSA Journal,1044,All rights reserved,metadata_only_pending_item_review,"Archive descriptive metadata, identifiers, rights text, landing URLs, timestamps, and hashes. Do not publicly copy payloads until an item-level provider licence is verified.",DigitalNZ aggregate usage facet only; verify current provider terms and each item rights statement.,HF edithatogo/digitalnz already preserves this DigitalNZ facet snapshot; add only derived decisions and source-specific captures here.,Do not copy the facet source again; create a new payload archive only when this row permits it and source capture is distinct.
Public Address,Public Address,5795,All rights reserved,metadata_only_pending_item_review,"Archive descriptive metadata, identifiers, rights text, landing URLs, timestamps, and hashes. Do not publicly copy payloads until an item-level provider licence is verified.",DigitalNZ aggregate usage facet only; verify current provider terms and each item rights statement.,HF edithatogo/digitalnz already preserves this DigitalNZ facet snapshot; add only derived decisions and source-specific captures here.,Do not copy the facet source again; create a new payload archive only when this row permits it and source capture is distinct.
Institute of Environmental Science and Research Ltd (ESR),Public Health Surveillance reports,262,All rights reserved,metadata_only_pending_item_review,"Archive descriptive metadata, identifiers, rights text, landing URLs, timestamps, and hashes. Do not publicly copy payloads until an item-level provider licence is verified.",DigitalNZ aggregate usage facet only; verify current provider terms and each item rights statement.,HF edithatogo/digitalnz already preserves this DigitalNZ facet snapshot; add only derived decisions and source-specific captures here.,Do not copy the facet source again; create a new payload archive only when this row permits it and source capture is distinct.
Ministry of Health,Public Health Surveillance reports,262,All rights reserved,metadata_only_pending_item_review,"Archive descriptive metadata, identifiers, rights text, landing URLs, timestamps, and hashes. Do not publicly copy payloads until an item-level provider licence is verified.",DigitalNZ aggregate usage facet only; verify current provider terms and each item rights statement.,HF edithatogo/digitalnz already preserves this DigitalNZ facet snapshot; add only derived decisions and source-specific captures here.,Do not copy the facet source again; create a new payload archive only when this row permits it and source capture is distinct.
University of Waikato,Publications,3,Share,metadata_only_pending_item_review,"Archive descriptive metadata, identifiers, rights text, landing URLs, timestamps, and hashes. Aggregate usage is insufficient authority to copy payloads.",DigitalNZ aggregate usage facet only; verify current provider terms and each item rights statement.,HF edithatogo/digitalnz already preserves this DigitalNZ facet snapshot; add only derived decisions and source-specific captures here.,Do not copy the facet source again; create a new payload archive only when this row permits it and source capture is distinct.
Puke Ariki,Puke Ariki,141428,All rights reserved,metadata_only_pending_item_review,"Archive descriptive metadata, identifiers, rights text, landing URLs, timestamps, and hashes. Do not publicly copy payloads until an item-level provider licence is verified.",DigitalNZ aggregate usage facet only; verify current provider terms and each item rights statement.,HF edithatogo/digitalnz already preserves this DigitalNZ facet snapshot; add only derived decisions and source-specific captures here.,Do not copy the facet source again; create a new payload archive only when this row permits it and source capture is distinct.
UC QuakeStudies,QuakeStudies Repository,128977,All rights reserved | Modify | Share | Unknown | Use commercially,metadata_only_pending_item_review,"Archive descriptive metadata, identifiers, rights text, landing URLs, timestamps, and hashes. Do not publicly copy payloads until an item-level provider licence is verified.",DigitalNZ aggregate usage facet only; verify current provider terms and each item rights statement.,HF edithatogo/digitalnz already preserves this DigitalNZ facet snapshot; add only derived decisions and source-specific captures here.,Do not copy the facet source again; create a new payload archive only when this row permits it and source capture is distinct.
Radio New Zealand,Radio New Zealand,738524,All rights reserved,metadata_only_pending_item_review,"Archive descriptive metadata, identifiers, rights text, landing URLs, timestamps, and hashes. Do not publicly copy payloads until an item-level provider licence is verified.",DigitalNZ aggregate usage facet only; verify current provider terms and each item rights statement.,HF edithatogo/digitalnz already preserves this DigitalNZ facet snapshot; add only derived decisions and source-specific captures here.,Do not copy the facet source again; create a new payload archive only when this row permits it and source capture is distinct.
Radio New Zealand,Radio New Zealand YouTube,5245,All rights reserved,metadata_only_pending_item_review,"Archive descriptive metadata, identifiers, rights text, landing URLs, timestamps, and hashes. Do not publicly copy payloads until an item-level provider licence is verified.",DigitalNZ aggregate usage facet only; verify current provider terms and each item rights statement.,HF edithatogo/digitalnz already preserves this DigitalNZ facet snapshot; add only derived decisions and source-specific captures here.,Do not copy the facet source again; create a new payload archive only when this row permits it and source capture is distinct.
Raglan and District Museum,Raglan and District Museum NZMuseums,210,All rights reserved,metadata_only_pending_item_review,"Archive descriptive metadata, identifiers, rights text, landing URLs, timestamps, and hashes. Do not publicly copy payloads until an item-level provider licence is verified.",DigitalNZ aggregate usage facet only; verify current provider terms and each item rights statement.,HF edithatogo/digitalnz already preserves this DigitalNZ facet snapshot; add only derived decisions and source-specific captures here.,Do not copy the facet source again; create a new payload archive only when this row permits it and source capture is distinct.
Remuera Heritage,Remuera Heritage,295,Share,metadata_only_pending_item_review,"Archive descriptive metadata, identifiers, rights text, landing URLs, timestamps, and hashes. Aggregate usage is insufficient authority to copy payloads.",DigitalNZ aggregate usage facet only; verify current provider terms and each item rights statement.,HF edithatogo/digitalnz already preserves this DigitalNZ facet snapshot; add only derived decisions and source-specific captures here.,Do not copy the facet source again; create a new payload archive only when this row permits it and source capture is distinct.
University of Waikato,ResearchCommons@Waikato,12433,All rights reserved | Modify | Share | Use commercially,metadata_only_pending_item_review,"Archive descriptive metadata, identifiers, rights text, landing URLs, timestamps, and hashes. Do not publicly copy payloads until an item-level provider licence is verified.",DigitalNZ aggregate usage facet only; verify current provider terms and each item rights statement.,HF edithatogo/digitalnz already preserves this DigitalNZ facet snapshot; add only derived decisions and source-specific captures here.,Do not copy the facet source again; create a new payload archive only when this row permits it and source capture is distinct.
The University of Auckland Library,ResearchSpace@Auckland,34178,All rights reserved | Modify | Share | Use commercially,metadata_only_pending_item_review,"Archive descriptive metadata, identifiers, rights text, landing URLs, timestamps, and hashes. Do not publicly copy payloads until an item-level provider licence is verified.",DigitalNZ aggregate usage facet only; verify current provider terms and each item rights statement.,HF edithatogo/digitalnz already preserves this DigitalNZ facet snapshot; add only derived decisions and source-specific captures here.,Do not copy the facet source again; create a new payload archive only when this row permits it and source capture is distinct.
Reserve Bank of New Zealand,Reserve Bank of New Zealand,1738,All rights reserved,metadata_only_pending_item_review,"Archive descriptive metadata, identifiers, rights text, landing URLs, timestamps, and hashes. Do not publicly copy payloads until an item-level provider licence is verified.",DigitalNZ aggregate usage facet only; verify current provider terms and each item rights statement.,HF edithatogo/digitalnz already preserves this DigitalNZ facet snapshot; add only derived decisions and source-specific captures here.,Do not copy the facet source again; create a new payload archive only when this row permits it and source capture is distinct.
Reserve Bank of New Zealand,Reserve Bank of New Zealand NZMuseums,289,All rights reserved,metadata_only_pending_item_review,"Archive descriptive metadata, identifiers, rights text, landing URLs, timestamps, and hashes. Do not publicly copy payloads until an item-level provider licence is verified.",DigitalNZ aggregate usage facet only; verify current provider terms and each item rights statement.,HF edithatogo/digitalnz already preserves this DigitalNZ facet snapshot; add only derived decisions and source-specific captures here.,Do not copy the facet source again; create a new payload archive only when this row permits it and source capture is distinct.
Rotorua Museum of Art & History Te Whare Taonga o Te Arawa,Rotorua Museum of Art & History Te Whare Taonga o Te Arawa NZMuseums,290,All rights reserved,metadata_only_pending_item_review,"Archive descriptive metadata, identifiers, rights text, landing URLs, timestamps, and hashes. Do not publicly copy payloads until an item-level provider licence is verified.",DigitalNZ aggregate usage facet only; verify current provider terms and each item rights statement.,HF edithatogo/digitalnz already preserves this DigitalNZ facet snapshot; add only derived decisions and source-specific captures here.,Do not copy the facet source again; create a new payload archive only when this row permits it and source capture is distinct.
Sarjeant Gallery Te Whare o Rehua Whanganui,Sarjeant Gallery Te Whare o Rehua Whanganui,4126,All rights reserved | Modify | Share | Use commercially,metadata_only_pending_item_review,"Archive descriptive metadata, identifiers, rights text, landing URLs, timestamps, and hashes. Do not publicly copy payloads until an item-level provider licence is verified.",DigitalNZ aggregate usage facet only; verify current provider terms and each item rights statement.,HF edithatogo/digitalnz already preserves this DigitalNZ facet snapshot; add only derived decisions and source-specific captures here.,Do not copy the facet source again; create a new payload archive only when this row permits it and source capture is distinct.
Science Media Centre,Sciblogs,12704,All rights reserved,metadata_only_pending_item_review,"Archive descriptive metadata, identifiers, rights text, landing URLs, timestamps, and hashes. Do not publicly copy payloads until an item-level provider licence is verified.",DigitalNZ aggregate usage facet only; verify current provider terms and each item rights statement.,HF edithatogo/digitalnz already preserves this DigitalNZ facet snapshot; add only derived decisions and source-specific captures here.,Do not copy the facet source again; create a new payload archive only when this row permits it and source capture is distinct.
Science Learning Hub,Science Learning Hub,4315,All rights reserved,metadata_only_pending_item_review,"Archive descriptive metadata, identifiers, rights text, landing URLs, timestamps, and hashes. Do not publicly copy payloads until an item-level provider licence is verified.",DigitalNZ aggregate usage facet only; verify current provider terms and each item rights statement.,HF edithatogo/digitalnz already preserves this DigitalNZ facet snapshot; add only derived decisions and source-specific captures here.,Do not copy the facet source again; create a new payload archive only when this row permits it and source capture is distinct.
Science Media Centre,Science Media Centre,813,All rights reserved,metadata_only_pending_item_review,"Archive descriptive metadata, identifiers, rights text, landing URLs, timestamps, and hashes. Do not publicly copy payloads until an item-level provider licence is verified.",DigitalNZ aggregate usage facet only; verify current provider terms and each item rights statement.,HF edithatogo/digitalnz already preserves this DigitalNZ facet snapshot; add only derived decisions and source-specific captures here.,Do not copy the facet source again; create a new payload archive only when this row permits it and source capture is distinct.
Shantytown,Shantytown NZMuseums,21,All rights reserved,metadata_only_pending_item_review,"Archive descriptive metadata, identifiers, rights text, landing URLs, timestamps, and hashes. Do not publicly copy payloads until an item-level provider licence is verified.",DigitalNZ aggregate usage facet only; verify current provider terms and each item rights statement.,HF edithatogo/digitalnz already preserves this DigitalNZ facet snapshot; add only derived decisions and source-specific captures here.,Do not copy the facet source again; create a new payload archive only when this row permits it and source capture is distinct.
Archives New Zealand Te Rua Mahara o te Kāwanatanga,Shared Repository,2,Modify | Share | Use commercially,metadata_plus_open_item_candidates,"Archive metadata now. The aggregate facet has open-use signals, but copy payloads only after recording the item-level rights statement and provenance; collection-level totals are not a blanket licence.",DigitalNZ aggregate usage facet only; verify current provider terms and each item rights statement.,HF edithatogo/digitalnz already preserves this DigitalNZ facet snapshot; add only derived decisions and source-specific captures here.,Do not copy the facet source again; create a new payload archive only when this row permits it and source capture is distinct.
Centre for Housing Research Aotearoa New Zealand,Shared Repository,123,All rights reserved,metadata_only_pending_item_review,"Archive descriptive metadata, identifiers, rights text, landing URLs, timestamps, and hashes. Do not publicly copy payloads until an item-level provider licence is verified.",DigitalNZ aggregate usage facet only; verify current provider terms and each item rights statement.,HF edithatogo/digitalnz already preserves this DigitalNZ facet snapshot; add only derived decisions and source-specific captures here.,Do not copy the facet source again; create a new payload archive only when this row permits it and source capture is distinct.
Department of Building and Housing,Shared Repository,6,All rights reserved | Modify | Share | Use commercially,metadata_only_pending_item_review,"Archive descriptive metadata, identifiers, rights text, landing URLs, timestamps, and hashes. Do not publicly copy payloads until an item-level provider licence is verified.",DigitalNZ aggregate usage facet only; verify current provider terms and each item rights statement.,HF edithatogo/digitalnz already preserves this DigitalNZ facet snapshot; add only derived decisions and source-specific captures here.,Do not copy the facet source again; create a new payload archive only when this row permits it and source capture is distinct.
Eastern Institute of Technology,Shared Repository,107,All rights reserved,metadata_only_pending_item_review,"Archive descriptive metadata, identifiers, rights text, landing URLs, timestamps, and hashes. Do not publicly copy payloads until an item-level provider licence is verified.",DigitalNZ aggregate usage facet only; verify current provider terms and each item rights statement.,HF edithatogo/digitalnz already preserves this DigitalNZ facet snapshot; add only derived decisions and source-specific captures here.,Do not copy the facet source again; create a new payload archive only when this row permits it and source capture is distinct.
New Zealand Tertiary College,Shared Repository,13,All rights reserved,metadata_only_pending_item_review,"Archive descriptive metadata, identifiers, rights text, landing URLs, timestamps, and hashes. Do not publicly copy payloads until an item-level provider licence is verified.",DigitalNZ aggregate usage facet only; verify current provider terms and each item rights statement.,HF edithatogo/digitalnz already preserves this DigitalNZ facet snapshot; add only derived decisions and source-specific captures here.,Do not copy the facet source again; create a new payload archive only when this row permits it and source capture is distinct.
Productivity Commission,Shared Repository,5,Modify | Share | Use commercially,metadata_plus_open_item_candidates,"Archive metadata now. The aggregate facet has open-use signals, but copy payloads only after recording the item-level rights statement and provenance; collection-level totals are not a blanket licence.",DigitalNZ aggregate usage facet only; verify current provider terms and each item rights statement.,HF edithatogo/digitalnz already preserves this DigitalNZ facet snapshot; add only derived decisions and source-specific captures here.,Do not copy the facet source again; create a new payload archive only when this row permits it and source capture is distinct.
SPARC,Shared Repository,4,All rights reserved,metadata_only_pending_item_review,"Archive descriptive metadata, identifiers, rights text, landing URLs, timestamps, and hashes. Do not publicly copy payloads until an item-level provider licence is verified.",DigitalNZ aggregate usage facet only; verify current provider terms and each item rights statement.,HF edithatogo/digitalnz already preserves this DigitalNZ facet snapshot; add only derived decisions and source-specific captures here.,Do not copy the facet source again; create a new payload archive only when this row permits it and source capture is distinct.
The Dowse Art Museum,Shared Repository,50,All rights reserved | Modify | Share,metadata_only_pending_item_review,"Archive descriptive metadata, identifiers, rights text, landing URLs, timestamps, and hashes. Do not publicly copy payloads until an item-level provider licence is verified.",DigitalNZ aggregate usage facet only; verify current provider terms and each item rights statement.,HF edithatogo/digitalnz already preserves this DigitalNZ facet snapshot; add only derived decisions and source-specific captures here.,Do not copy the facet source again; create a new payload archive only when this row permits it and source capture is distinct.
UCOL Universal College of Learning,Shared Repository,9,All rights reserved,metadata_only_pending_item_review,"Archive descriptive metadata, identifiers, rights text, landing URLs, timestamps, and hashes. Do not publicly copy payloads until an item-level provider licence is verified.",DigitalNZ aggregate usage facet only; verify current provider terms and each item rights statement.,HF edithatogo/digitalnz already preserves this DigitalNZ facet snapshot; add only derived decisions and source-specific captures here.,Do not copy the facet source again; create a new payload archive only when this row permits it and source capture is distinct.
Waitangi Tribunal Unit,Shared Repository,58,Share,metadata_only_pending_item_review,"Archive descriptive metadata, identifiers, rights text, landing URLs, timestamps, and hashes. Aggregate usage is insufficient authority to copy payloads.",DigitalNZ aggregate usage facet only; verify current provider terms and each item rights statement.,HF edithatogo/digitalnz already preserves this DigitalNZ facet snapshot; add only derived decisions and source-specific captures here.,Do not copy the facet source again; create a new payload archive only when this row permits it and source capture is distinct.
Wellington City Council,Shared Repository,34,All rights reserved,metadata_only_pending_item_review,"Archive descriptive metadata, identifiers, rights text, landing URLs, timestamps, and hashes. Do not publicly copy payloads until an item-level provider licence is verified.",DigitalNZ aggregate usage facet only; verify current provider terms and each item rights statement.,HF edithatogo/digitalnz already preserves this DigitalNZ facet snapshot; add only derived decisions and source-specific captures here.,Do not copy the facet source again; create a new payload archive only when this row permits it and source capture is distinct.
Whitireia Community Polytechnic,Shared Repository,35,All rights reserved,metadata_only_pending_item_review,"Archive descriptive metadata, identifiers, rights text, landing URLs, timestamps, and hashes. Do not publicly copy payloads until an item-level provider licence is verified.",DigitalNZ aggregate usage facet only; verify current provider terms and each item rights statement.,HF edithatogo/digitalnz already preserves this DigitalNZ facet snapshot; add only derived decisions and source-specific captures here.,Do not copy the facet source again; create a new payload archive only when this row permits it and source capture is distinct.
Silky Oak Museum,Silky Oak Museum NZMuseums,20,All rights reserved,metadata_only_pending_item_review,"Archive descriptive metadata, identifiers, rights text, landing URLs, timestamps, and hashes. Do not publicly copy payloads until an item-level provider licence is verified.",DigitalNZ aggregate usage facet only; verify current provider terms and each item rights statement.,HF edithatogo/digitalnz already preserves this DigitalNZ facet snapshot; add only derived decisions and source-specific captures here.,Do not copy the facet source again; create a new payload archive only when this row permits it and source capture is distinct.
SOUNZ,SOUNZ,22944,All rights reserved,metadata_only_pending_item_review,"Archive descriptive metadata, identifiers, rights text, landing URLs, timestamps, and hashes. Do not publicly copy payloads until an item-level provider licence is verified.",DigitalNZ aggregate usage facet only; verify current provider terms and each item rights statement.,HF edithatogo/digitalnz already preserves this DigitalNZ facet snapshot; add only derived decisions and source-specific captures here.,Do not copy the facet source again; create a new payload archive only when this row permits it and source capture is distinct.
South Canterbury Museum,South Canterbury Museum,18126,Share,metadata_only_pending_item_review,"Archive descriptive metadata, identifiers, rights text, landing URLs, timestamps, and hashes. Aggregate usage is insufficient authority to copy payloads.",DigitalNZ aggregate usage facet only; verify current provider terms and each item rights statement.,HF edithatogo/digitalnz already preserves this DigitalNZ facet snapshot; add only derived decisions and source-specific captures here.,Do not copy the facet source again; create a new payload archive only when this row permits it and source capture is distinct.
University of Otago,Special Collection's Incunabula,38,Modify | Share | Use commercially,metadata_plus_open_item_candidates,"Archive metadata now. The aggregate facet has open-use signals, but copy payloads only after recording the item-level rights statement and provenance; collection-level totals are not a blanket licence.",DigitalNZ aggregate usage facet only; verify current provider terms and each item rights statement.,HF edithatogo/digitalnz already preserves this DigitalNZ facet snapshot; add only derived decisions and source-specific captures here.,Do not copy the facet source again; create a new payload archive only when this row permits it and source capture is distinct.
Stardome Observatory & Planetarium,Stardome Education Resources,67,Modify | Share | Use commercially,metadata_plus_open_item_candidates,"Archive metadata now. The aggregate facet has open-use signals, but copy payloads only after recording the item-level rights statement and provenance; collection-level totals are not a blanket licence.",DigitalNZ aggregate usage facet only; verify current provider terms and each item rights statement.,HF edithatogo/digitalnz already preserves this DigitalNZ facet snapshot; add only derived decisions and source-specific captures here.,Do not copy the facet source again; create a new payload archive only when this row permits it and source capture is distinct.
State Library of New South Wales,State Library of New South Wales Flickr,159,Modify | Share | Use commercially,metadata_plus_open_item_candidates,"Archive metadata now. The aggregate facet has open-use signals, but copy payloads only after recording the item-level rights statement and provenance; collection-level totals are not a blanket licence.",DigitalNZ aggregate usage facet only; verify current provider terms and each item rights statement.,HF edithatogo/digitalnz already preserves this DigitalNZ facet snapshot; add only derived decisions and source-specific captures here.,Do not copy the facet source again; create a new payload archive only when this row permits it and source capture is distinct.
State Library of Victoria,State Library of Victoria,1229,All rights reserved | Modify | Share | Unknown | Use commercially,metadata_only_pending_item_review,"Archive descriptive metadata, identifiers, rights text, landing URLs, timestamps, and hashes. Do not publicly copy payloads until an item-level provider licence is verified.",DigitalNZ aggregate usage facet only; verify current provider terms and each item rights statement.,HF edithatogo/digitalnz already preserves this DigitalNZ facet snapshot; add only derived decisions and source-specific captures here.,Do not copy the facet source again; create a new payload archive only when this row permits it and source capture is distinct.
Alexander Turnbull Library,TAPUHI,333206,All rights reserved | Modify | Share | Unknown | Use commercially,metadata_only_pending_item_review,"Archive descriptive metadata, identifiers, rights text, landing URLs, timestamps, and hashes. Do not publicly copy payloads until an item-level provider licence is verified.",DigitalNZ aggregate usage facet only; verify current provider terms and each item rights statement.,HF edithatogo/digitalnz already preserves this DigitalNZ facet snapshot; add only derived decisions and source-specific captures here.,Do not copy the facet source again; create a new payload archive only when this row permits it and source capture is distinct.
Alexander Turnbull Library,Te Ao Hou,7066,All rights reserved,metadata_only_pending_item_review,"Archive descriptive metadata, identifiers, rights text, landing URLs, timestamps, and hashes. Do not publicly copy payloads until an item-level provider licence is verified.",DigitalNZ aggregate usage facet only; verify current provider terms and each item rights statement.,HF edithatogo/digitalnz already preserves this DigitalNZ facet snapshot; add only derived decisions and source-specific captures here.,Do not copy the facet source again; create a new payload archive only when this row permits it and source capture is distinct.
Te Aroha & Districts Museum,Te Aroha & Districts Museum NZMuseums,46,All rights reserved,metadata_only_pending_item_review,"Archive descriptive metadata, identifiers, rights text, landing URLs, timestamps, and hashes. Do not publicly copy payloads until an item-level provider licence is verified.",DigitalNZ aggregate usage facet only; verify current provider terms and each item rights statement.,HF edithatogo/digitalnz already preserves this DigitalNZ facet snapshot; add only derived decisions and source-specific captures here.,Do not copy the facet source again; create a new payload archive only when this row permits it and source capture is distinct.
Te Awamutu Online,Te Awamutu TV YouTube,163,All rights reserved,metadata_only_pending_item_review,"Archive descriptive metadata, identifiers, rights text, landing URLs, timestamps, and hashes. Do not publicly copy payloads until an item-level provider licence is verified.",DigitalNZ aggregate usage facet only; verify current provider terms and each item rights statement.,HF edithatogo/digitalnz already preserves this DigitalNZ facet snapshot; add only derived decisions and source-specific captures here.,Do not copy the facet source again; create a new payload archive only when this row permits it and source capture is distinct.
Te Ipukarea Research Institute,Te Ipukarea Research Institute - YouTube,94,All rights reserved,metadata_only_pending_item_review,"Archive descriptive metadata, identifiers, rights text, landing URLs, timestamps, and hashes. Do not publicly copy payloads until an item-level provider licence is verified.",DigitalNZ aggregate usage facet only; verify current provider terms and each item rights statement.,HF edithatogo/digitalnz already preserves this DigitalNZ facet snapshot; add only derived decisions and source-specific captures here.,Do not copy the facet source again; create a new payload archive only when this row permits it and source capture is distinct.
Te Manawa,Te Manawa NZMuseums,76,All rights reserved,metadata_only_pending_item_review,"Archive descriptive metadata, identifiers, rights text, landing URLs, timestamps, and hashes. Do not publicly copy payloads until an item-level provider licence is verified.",DigitalNZ aggregate usage facet only; verify current provider terms and each item rights statement.,HF edithatogo/digitalnz already preserves this DigitalNZ facet snapshot; add only derived decisions and source-specific captures here.,Do not copy the facet source again; create a new payload archive only when this row permits it and source capture is distinct.
Museum of New Zealand Te Papa Tongarewa,Te Papa Collections Online,205169,All rights reserved | Modify | Share | Use commercially,metadata_only_pending_item_review,"Archive descriptive metadata, identifiers, rights text, landing URLs, timestamps, and hashes. Do not publicly copy payloads until an item-level provider licence is verified.",DigitalNZ aggregate usage facet only; verify current provider terms and each item rights statement.,HF edithatogo/digitalnz already preserves this DigitalNZ facet snapshot; add only derived decisions and source-specific captures here.,Do not copy the facet source again; create a new payload archive only when this row permits it and source capture is distinct.
Te Puni Kōkiri,Te Puni Kōkiri,316,All rights reserved,metadata_only_pending_item_review,"Archive descriptive metadata, identifiers, rights text, landing URLs, timestamps, and hashes. Do not publicly copy payloads until an item-level provider licence is verified.",DigitalNZ aggregate usage facet only; verify current provider terms and each item rights statement.,HF edithatogo/digitalnz already preserves this DigitalNZ facet snapshot; add only derived decisions and source-specific captures here.,Do not copy the facet source again; create a new payload archive only when this row permits it and source capture is distinct.
The University of Auckland Library,The Bookshelf,4195,All rights reserved,metadata_only_pending_item_review,"Archive descriptive metadata, identifiers, rights text, landing URLs, timestamps, and hashes. Do not publicly copy payloads until an item-level provider licence is verified.",DigitalNZ aggregate usage facet only; verify current provider terms and each item rights statement.,HF edithatogo/digitalnz already preserves this DigitalNZ facet snapshot; add only derived decisions and source-specific captures here.,Do not copy the facet source again; create a new payload archive only when this row permits it and source capture is distinct.
The British Library,The British Library Flickr,2819,Modify | Share | Use commercially,metadata_plus_open_item_candidates,"Archive metadata now. The aggregate facet has open-use signals, but copy payloads only after recording the item-level rights statement and provenance; collection-level totals are not a blanket licence.",DigitalNZ aggregate usage facet only; verify current provider terms and each item rights statement.,HF edithatogo/digitalnz already preserves this DigitalNZ facet snapshot; add only derived decisions and source-specific captures here.,Do not copy the facet source again; create a new payload archive only when this row permits it and source capture is distinct.
Social Wellbeing Agency,The Hub,3817,Share,metadata_only_pending_item_review,"Archive descriptive metadata, identifiers, rights text, landing URLs, timestamps, and hashes. Aggregate usage is insufficient authority to copy payloads.",DigitalNZ aggregate usage facet only; verify current provider terms and each item rights statement.,HF edithatogo/digitalnz already preserves this DigitalNZ facet snapshot; add only derived decisions and source-specific captures here.,Do not copy the facet source again; create a new payload archive only when this row permits it and source capture is distinct.
Hutt City Libraries,The Hutt City Libraries Online Heritage Collection,794,Modify | Share | Use commercially,metadata_plus_open_item_candidates,"Archive metadata now. The aggregate facet has open-use signals, but copy payloads only after recording the item-level rights statement and provenance; collection-level totals are not a blanket licence.",DigitalNZ aggregate usage facet only; verify current provider terms and each item rights statement.,HF edithatogo/digitalnz already preserves this DigitalNZ facet snapshot; add only derived decisions and source-specific captures here.,Do not copy the facet source again; create a new payload archive only when this row permits it and source capture is distinct.
Wallace Arts Trust,The James Wallace Arts Trust,9113,All rights reserved,metadata_only_pending_item_review,"Archive descriptive metadata, identifiers, rights text, landing URLs, timestamps, and hashes. Do not publicly copy payloads until an item-level provider licence is verified.",DigitalNZ aggregate usage facet only; verify current provider terms and each item rights statement.,HF edithatogo/digitalnz already preserves this DigitalNZ facet snapshot; add only derived decisions and source-specific captures here.,Do not copy the facet source again; create a new payload archive only when this row permits it and source capture is distinct.
The National Archives UK,The National Archives UK Flickr,100,Modify | Share | Use commercially,metadata_plus_open_item_candidates,"Archive metadata now. The aggregate facet has open-use signals, but copy payloads only after recording the item-level rights statement and provenance; collection-level totals are not a blanket licence.",DigitalNZ aggregate usage facet only; verify current provider terms and each item rights statement.,HF edithatogo/digitalnz already preserves this DigitalNZ facet snapshot; add only derived decisions and source-specific captures here.,Do not copy the facet source again; create a new payload archive only when this row permits it and source capture is distinct.
New Zealand Medical Association,The New Zealand Medical Journal,3491,All rights reserved,metadata_only_pending_item_review,"Archive descriptive metadata, identifiers, rights text, landing URLs, timestamps, and hashes. Do not publicly copy payloads until an item-level provider licence is verified.",DigitalNZ aggregate usage facet only; verify current provider terms and each item rights statement.,HF edithatogo/digitalnz already preserves this DigitalNZ facet snapshot; add only derived decisions and source-specific captures here.,Do not copy the facet source again; create a new payload archive only when this row permits it and source capture is distinct.
The Phoenix Project,The Phoenix Project,62,All rights reserved,metadata_only_pending_item_review,"Archive descriptive metadata, identifiers, rights text, landing URLs, timestamps, and hashes. Do not publicly copy payloads until an item-level provider licence is verified.",DigitalNZ aggregate usage facet only; verify current provider terms and each item rights statement.,HF edithatogo/digitalnz already preserves this DigitalNZ facet snapshot; add only derived decisions and source-specific captures here.,Do not copy the facet source again; create a new payload archive only when this row permits it and source capture is distinct.
University of Canterbury,The Rutherford Journal,32,All rights reserved,metadata_only_pending_item_review,"Archive descriptive metadata, identifiers, rights text, landing URLs, timestamps, and hashes. Do not publicly copy payloads until an item-level provider licence is verified.",DigitalNZ aggregate usage facet only; verify current provider terms and each item rights statement.,HF edithatogo/digitalnz already preserves this DigitalNZ facet snapshot; add only derived decisions and source-specific captures here.,Do not copy the facet source again; create a new payload archive only when this row permits it and source capture is distinct.
The Spinoff,The Spinoff,18433,All rights reserved,metadata_only_pending_item_review,"Archive descriptive metadata, identifiers, rights text, landing URLs, timestamps, and hashes. Do not publicly copy payloads until an item-level provider licence is verified.",DigitalNZ aggregate usage facet only; verify current provider terms and each item rights statement.,HF edithatogo/digitalnz already preserves this DigitalNZ facet snapshot; add only derived decisions and source-specific captures here.,Do not copy the facet source again; create a new payload archive only when this row permits it and source capture is distinct.
The Treasury,The Treasury,535,All rights reserved,metadata_only_pending_item_review,"Archive descriptive metadata, identifiers, rights text, landing URLs, timestamps, and hashes. Do not publicly copy payloads until an item-level provider licence is verified.",DigitalNZ aggregate usage facet only; verify current provider terms and each item rights statement.,HF edithatogo/digitalnz already preserves this DigitalNZ facet snapshot; add only derived decisions and source-specific captures here.,Do not copy the facet source again; create a new payload archive only when this row permits it and source capture is distinct.
Radio New Zealand,The Wireless,3646,All rights reserved,metadata_only_pending_item_review,"Archive descriptive metadata, identifiers, rights text, landing URLs, timestamps, and hashes. Do not publicly copy payloads until an item-level provider licence is verified.",DigitalNZ aggregate usage facet only; verify current provider terms and each item rights statement.,HF edithatogo/digitalnz already preserves this DigitalNZ facet snapshot; add only derived decisions and source-specific captures here.,Do not copy the facet source again; create a new payload archive only when this row permits it and source capture is distinct.
Radio New Zealand,The Wireless YouTube,479,All rights reserved,metadata_only_pending_item_review,"Archive descriptive metadata, identifiers, rights text, landing URLs, timestamps, and hashes. Do not publicly copy payloads until an item-level provider licence is verified.",DigitalNZ aggregate usage facet only; verify current provider terms and each item rights statement.,HF edithatogo/digitalnz already preserves this DigitalNZ facet snapshot; add only derived decisions and source-specific captures here.,Do not copy the facet source again; create a new payload archive only when this row permits it and source capture is distinct.
The Prow: ngā kōrero o te tau ihu,TheProw.org.nz,735,Share,metadata_only_pending_item_review,"Archive descriptive metadata, identifiers, rights text, landing URLs, timestamps, and hashes. Aggregate usage is insufficient authority to copy payloads.",DigitalNZ aggregate usage facet only; verify current provider terms and each item rights statement.,HF edithatogo/digitalnz already preserves this DigitalNZ facet snapshot; add only derived decisions and source-specific captures here.,Do not copy the facet source again; create a new payload archive only when this row permits it and source capture is distinct.
Toitū Otago Settlers Museum,Toitū Otago Settlers Museum,50,All rights reserved,metadata_only_pending_item_review,"Archive descriptive metadata, identifiers, rights text, landing URLs, timestamps, and hashes. Do not publicly copy payloads until an item-level provider licence is verified.",DigitalNZ aggregate usage facet only; verify current provider terms and each item rights statement.,HF edithatogo/digitalnz already preserves this DigitalNZ facet snapshot; add only derived decisions and source-specific captures here.,Do not copy the facet source again; create a new payload archive only when this row permits it and source capture is distinct.
Toitū Otago Settlers Museum,Toitū Otago Settlers Museum NZMuseums,150,All rights reserved,metadata_only_pending_item_review,"Archive descriptive metadata, identifiers, rights text, landing URLs, timestamps, and hashes. Do not publicly copy payloads until an item-level provider licence is verified.",DigitalNZ aggregate usage facet only; verify current provider terms and each item rights statement.,HF edithatogo/digitalnz already preserves this DigitalNZ facet snapshot; add only derived decisions and source-specific captures here.,Do not copy the facet source again; create a new payload archive only when this row permits it and source capture is distinct.
Tourism New Zealand,Tourism New Zealand,55,All rights reserved,metadata_only_pending_item_review,"Archive descriptive metadata, identifiers, rights text, landing URLs, timestamps, and hashes. Do not publicly copy payloads until an item-level provider licence is verified.",DigitalNZ aggregate usage facet only; verify current provider terms and each item rights statement.,HF edithatogo/digitalnz already preserves this DigitalNZ facet snapshot; add only derived decisions and source-specific captures here.,Do not copy the facet source again; create a new payload archive only when this row permits it and source capture is distinct.
Tourism New Zealand,Tourism New Zealand YouTube,673,All rights reserved,metadata_only_pending_item_review,"Archive descriptive metadata, identifiers, rights text, landing URLs, timestamps, and hashes. Do not publicly copy payloads until an item-level provider licence is verified.",DigitalNZ aggregate usage facet only; verify current provider terms and each item rights statement.,HF edithatogo/digitalnz already preserves this DigitalNZ facet snapshot; add only derived decisions and source-specific captures here.,Do not copy the facet source again; create a new payload archive only when this row permits it and source capture is distinct.
Ministry of Tourism Te Manatū Tāpoi,Tourism Research,105,All rights reserved,metadata_only_pending_item_review,"Archive descriptive metadata, identifiers, rights text, landing URLs, timestamps, and hashes. Do not publicly copy payloads until an item-level provider licence is verified.",DigitalNZ aggregate usage facet only; verify current provider terms and each item rights statement.,HF edithatogo/digitalnz already preserves this DigitalNZ facet snapshot; add only derived decisions and source-specific captures here.,Do not copy the facet source again; create a new payload archive only when this row permits it and source capture is distinct.
Alexander Turnbull Library,Transactions and Proceedings of the Royal Society of New Zealand 1868-1961,37625,All rights reserved,metadata_only_pending_item_review,"Archive descriptive metadata, identifiers, rights text, landing URLs, timestamps, and hashes. Do not publicly copy payloads until an item-level provider licence is verified.",DigitalNZ aggregate usage facet only; verify current provider terms and each item rights statement.,HF edithatogo/digitalnz already preserves this DigitalNZ facet snapshot; add only derived decisions and source-specific captures here.,Do not copy the facet source again; create a new payload archive only when this row permits it and source capture is distinct.
Trove,Trove,83289,All rights reserved | Modify | Share | Unknown | Use commercially,metadata_only_pending_item_review,"Archive descriptive metadata, identifiers, rights text, landing URLs, timestamps, and hashes. Do not publicly copy payloads until an item-level provider licence is verified.",DigitalNZ aggregate usage facet only; verify current provider terms and each item rights statement.,HF edithatogo/digitalnz already preserves this DigitalNZ facet snapshot; add only derived decisions and source-specific captures here.,Do not copy the facet source again; create a new payload archive only when this row permits it and source capture is distinct.
Auckland University of Technology,Tuwhera,7686,All rights reserved | Modify | Share | Use commercially,metadata_only_pending_item_review,"Archive descriptive metadata, identifiers, rights text, landing URLs, timestamps, and hashes. Do not publicly copy payloads until an item-level provider licence is verified.",DigitalNZ aggregate usage facet only; verify current provider terms and each item rights statement.,HF edithatogo/digitalnz already preserves this DigitalNZ facet snapshot; add only derived decisions and source-specific captures here.,Do not copy the facet source again; create a new payload archive only when this row permits it and source capture is distinct.
TV3,tv3.co.nz,3684,All rights reserved,metadata_only_pending_item_review,"Archive descriptive metadata, identifiers, rights text, landing URLs, timestamps, and hashes. Do not publicly copy payloads until an item-level provider licence is verified.",DigitalNZ aggregate usage facet only; verify current provider terms and each item rights statement.,HF edithatogo/digitalnz already preserves this DigitalNZ facet snapshot; add only derived decisions and source-specific captures here.,Do not copy the facet source again; create a new payload archive only when this row permits it and source capture is distinct.
Television New Zealand,TVNZ,65271,All rights reserved,metadata_only_pending_item_review,"Archive descriptive metadata, identifiers, rights text, landing URLs, timestamps, and hashes. Do not publicly copy payloads until an item-level provider licence is verified.",DigitalNZ aggregate usage facet only; verify current provider terms and each item rights statement.,HF edithatogo/digitalnz already preserves this DigitalNZ facet snapshot; add only derived decisions and source-specific captures here.,Do not copy the facet source again; create a new payload archive only when this row permits it and source capture is distinct.
Television New Zealand,TVNZ OnDemand,5781,All rights reserved,metadata_only_pending_item_review,"Archive descriptive metadata, identifiers, rights text, landing URLs, timestamps, and hashes. Do not publicly copy payloads until an item-level provider licence is verified.",DigitalNZ aggregate usage facet only; verify current provider terms and each item rights statement.,HF edithatogo/digitalnz already preserves this DigitalNZ facet snapshot; add only derived decisions and source-specific captures here.,Do not copy the facet source again; create a new payload archive only when this row permits it and source capture is distinct.
Massey University,Tāmiro,6910,All rights reserved | Modify | Share | Use commercially,metadata_only_pending_item_review,"Archive descriptive metadata, identifiers, rights text, landing URLs, timestamps, and hashes. Do not publicly copy payloads until an item-level provider licence is verified.",DigitalNZ aggregate usage facet only; verify current provider terms and each item rights statement.,HF edithatogo/digitalnz already preserves this DigitalNZ facet snapshot; add only derived decisions and source-specific captures here.,Do not copy the facet source again; create a new payload archive only when this row permits it and source capture is distinct.
University of Canterbury Library,UC Research Repository,17740,All rights reserved | Modify | Share | Use commercially,metadata_only_pending_item_review,"Archive descriptive metadata, identifiers, rights text, landing URLs, timestamps, and hashes. Do not publicly copy payloads until an item-level provider licence is verified.",DigitalNZ aggregate usage facet only; verify current provider terms and each item rights statement.,HF edithatogo/digitalnz already preserves this DigitalNZ facet snapshot; add only derived decisions and source-specific captures here.,Do not copy the facet source again; create a new payload archive only when this row permits it and source capture is distinct.
University of Canterbury Library,University of Canterbury Digital Library,124,All rights reserved,metadata_only_pending_item_review,"Archive descriptive metadata, identifiers, rights text, landing URLs, timestamps, and hashes. Do not publicly copy payloads until an item-level provider licence is verified.",DigitalNZ aggregate usage facet only; verify current provider terms and each item rights statement.,HF edithatogo/digitalnz already preserves this DigitalNZ facet snapshot; add only derived decisions and source-specific captures here.,Do not copy the facet source again; create a new payload archive only when this row permits it and source capture is distinct.
University of Otago,University of Otago Library Exhibitions,25,All rights reserved,metadata_only_pending_item_review,"Archive descriptive metadata, identifiers, rights text, landing URLs, timestamps, and hashes. Do not publicly copy payloads until an item-level provider licence is verified.",DigitalNZ aggregate usage facet only; verify current provider terms and each item rights statement.,HF edithatogo/digitalnz already preserves this DigitalNZ facet snapshot; add only derived decisions and source-specific captures here.,Do not copy the facet source again; create a new payload archive only when this row permits it and source capture is distinct.
Upper Hutt City Library,Upper Hutt City Library Heritage Collections,27685,All rights reserved | Modify | Share | Use commercially,metadata_only_pending_item_review,"Archive descriptive metadata, identifiers, rights text, landing URLs, timestamps, and hashes. Do not publicly copy payloads until an item-level provider licence is verified.",DigitalNZ aggregate usage facet only; verify current provider terms and each item rights statement.,HF edithatogo/digitalnz already preserves this DigitalNZ facet snapshot; add only derived decisions and source-specific captures here.,Do not copy the facet source again; create a new payload archive only when this row permits it and source capture is distinct.
Upper Hutt City Library,Upper Hutt Newspaper Archive,51184,Unknown,metadata_only_pending_item_review,"Archive descriptive metadata, identifiers, rights text, landing URLs, timestamps, and hashes. Do not publicly copy payloads until an item-level provider licence is verified.",DigitalNZ aggregate usage facet only; verify current provider terms and each item rights statement.,HF edithatogo/digitalnz already preserves this DigitalNZ facet snapshot; add only derived decisions and source-specific captures here.,Do not copy the facet source again; create a new payload archive only when this row permits it and source capture is distinct.
V.C. Browne & Son,V.C. Browne & Son NZ Aerial Photograph Collection,31461,All rights reserved | Modify | Share | Unknown | Use commercially,metadata_only_pending_item_review,"Archive descriptive metadata, identifiers, rights text, landing URLs, timestamps, and hashes. Do not publicly copy payloads until an item-level provider licence is verified.",DigitalNZ aggregate usage facet only; verify current provider terms and each item rights statement.,HF edithatogo/digitalnz already preserves this DigitalNZ facet snapshot; add only derived decisions and source-specific captures here.,Do not copy the facet source again; create a new payload archive only when this row permits it and source capture is distinct.
Victoria and Albert Museum,Victoria and Albert Museum,421,All rights reserved,metadata_only_pending_item_review,"Archive descriptive metadata, identifiers, rights text, landing URLs, timestamps, and hashes. Do not publicly copy payloads until an item-level provider licence is verified.",DigitalNZ aggregate usage facet only; verify current provider terms and each item rights statement.,HF edithatogo/digitalnz already preserves this DigitalNZ facet snapshot; add only derived decisions and source-specific captures here.,Do not copy the facet source again; create a new payload archive only when this row permits it and source capture is distinct.
Victoria University of Wellington,VUW ResearchArchive,9003,All rights reserved | Modify | Share | Use commercially,metadata_only_pending_item_review,"Archive descriptive metadata, identifiers, rights text, landing URLs, timestamps, and hashes. Do not publicly copy payloads until an item-level provider licence is verified.",DigitalNZ aggregate usage facet only; verify current provider terms and each item rights statement.,HF edithatogo/digitalnz already preserves this DigitalNZ facet snapshot; add only derived decisions and source-specific captures here.,Do not copy the facet source again; create a new payload archive only when this row permits it and source capture is distinct.
Waikato Museum Te Whare Taonga o Waikato,Waikato Museum Te Whare Taonga o Waikato,5857,All rights reserved,metadata_only_pending_item_review,"Archive descriptive metadata, identifiers, rights text, landing URLs, timestamps, and hashes. Do not publicly copy payloads until an item-level provider licence is verified.",DigitalNZ aggregate usage facet only; verify current provider terms and each item rights statement.,HF edithatogo/digitalnz already preserves this DigitalNZ facet snapshot; add only derived decisions and source-specific captures here.,Do not copy the facet source again; create a new payload archive only when this row permits it and source capture is distinct.
Waikato Museum Te Whare Taonga o Waikato,Waikato Museum Te Whare Taonga o Waikato YouTube,80,All rights reserved,metadata_only_pending_item_review,"Archive descriptive metadata, identifiers, rights text, landing URLs, timestamps, and hashes. Do not publicly copy payloads until an item-level provider licence is verified.",DigitalNZ aggregate usage facet only; verify current provider terms and each item rights statement.,HF edithatogo/digitalnz already preserves this DigitalNZ facet snapshot; add only derived decisions and source-specific captures here.,Do not copy the facet source again; create a new payload archive only when this row permits it and source capture is distinct.
University of Waikato,Waikato Region Postcards,157,Share,metadata_only_pending_item_review,"Archive descriptive metadata, identifiers, rights text, landing URLs, timestamps, and hashes. Aggregate usage is insufficient authority to copy payloads.",DigitalNZ aggregate usage facet only; verify current provider terms and each item rights statement.,HF edithatogo/digitalnz already preserves this DigitalNZ facet snapshot; add only derived decisions and source-specific captures here.,Do not copy the facet source again; create a new payload archive only when this row permits it and source capture is distinct.
University of Waikato,Waikato University Campus Photos,100,Share,metadata_only_pending_item_review,"Archive descriptive metadata, identifiers, rights text, landing URLs, timestamps, and hashes. Aggregate usage is insufficient authority to copy payloads.",DigitalNZ aggregate usage facet only; verify current provider terms and each item rights statement.,HF edithatogo/digitalnz already preserves this DigitalNZ facet snapshot; add only derived decisions and source-specific captures here.,Do not copy the facet source again; create a new payload archive only when this row permits it and source capture is distinct.
Waimate Museum and Archives,Waimate Museum and Archives NZMuseums,181,Modify | Share | Use commercially,metadata_plus_open_item_candidates,"Archive metadata now. The aggregate facet has open-use signals, but copy payloads only after recording the item-level rights statement and provenance; collection-level totals are not a blanket licence.",DigitalNZ aggregate usage facet only; verify current provider terms and each item rights statement.,HF edithatogo/digitalnz already preserves this DigitalNZ facet snapshot; add only derived decisions and source-specific captures here.,Do not copy the facet source again; create a new payload archive only when this row permits it and source capture is distinct.
Waimate Museum and Archives,Waimate Museum and Archives PastPerfect,4795,Share,metadata_only_pending_item_review,"Archive descriptive metadata, identifiers, rights text, landing URLs, timestamps, and hashes. Aggregate usage is insufficient authority to copy payloads.",DigitalNZ aggregate usage facet only; verify current provider terms and each item rights statement.,HF edithatogo/digitalnz already preserves this DigitalNZ facet snapshot; add only derived decisions and source-specific captures here.,Do not copy the facet source again; create a new payload archive only when this row permits it and source capture is distinct.
Wairarapa Library Service,Wairarapa Library Service Kete,723,All rights reserved | Modify | Share | Use commercially,metadata_only_pending_item_review,"Archive descriptive metadata, identifiers, rights text, landing URLs, timestamps, and hashes. Do not publicly copy payloads until an item-level provider licence is verified.",DigitalNZ aggregate usage facet only; verify current provider terms and each item rights statement.,HF edithatogo/digitalnz already preserves this DigitalNZ facet snapshot; add only derived decisions and source-specific captures here.,Do not copy the facet source again; create a new payload archive only when this row permits it and source capture is distinct.
Waitaki Museum & Archive,Waitaki Museum & Archive NZMuseums,17,All rights reserved,metadata_only_pending_item_review,"Archive descriptive metadata, identifiers, rights text, landing URLs, timestamps, and hashes. Do not publicly copy payloads until an item-level provider licence is verified.",DigitalNZ aggregate usage facet only; verify current provider terms and each item rights statement.,HF edithatogo/digitalnz already preserves this DigitalNZ facet snapshot; add only derived decisions and source-specific captures here.,Do not copy the facet source again; create a new payload archive only when this row permits it and source capture is distinct.
Waitangi Tribunal,Waitangi Tribunal,176,All rights reserved,metadata_only_pending_item_review,"Archive descriptive metadata, identifiers, rights text, landing URLs, timestamps, and hashes. Do not publicly copy payloads until an item-level provider licence is verified.",DigitalNZ aggregate usage facet only; verify current provider terms and each item rights statement.,HF edithatogo/digitalnz already preserves this DigitalNZ facet snapshot; add only derived decisions and source-specific captures here.,Do not copy the facet source again; create a new payload archive only when this row permits it and source capture is distinct.
Wanganui Collegiate School Museum,Wanganui Collegiate School Museum NZMuseums,283,All rights reserved,metadata_only_pending_item_review,"Archive descriptive metadata, identifiers, rights text, landing URLs, timestamps, and hashes. Do not publicly copy payloads until an item-level provider licence is verified.",DigitalNZ aggregate usage facet only; verify current provider terms and each item rights statement.,HF edithatogo/digitalnz already preserves this DigitalNZ facet snapshot; add only derived decisions and source-specific captures here.,Do not copy the facet source again; create a new payload archive only when this row permits it and source capture is distinct.
Archives New Zealand Te Rua Mahara o te Kāwanatanga,War Art Online,1477,Modify | Share | Use commercially,metadata_plus_open_item_candidates,"Archive metadata now. The aggregate facet has open-use signals, but copy payloads only after recording the item-level rights statement and provenance; collection-level totals are not a blanket licence.",DigitalNZ aggregate usage facet only; verify current provider terms and each item rights statement.,HF edithatogo/digitalnz already preserves this DigitalNZ facet snapshot; add only derived decisions and source-specific captures here.,Do not copy the facet source again; create a new payload archive only when this row permits it and source capture is distinct.
Western Bay District Council,Western Bay Community Archives,849,All rights reserved | Modify | Share | Use commercially,metadata_only_pending_item_review,"Archive descriptive metadata, identifiers, rights text, landing URLs, timestamps, and hashes. Do not publicly copy payloads until an item-level provider licence is verified.",DigitalNZ aggregate usage facet only; verify current provider terms and each item rights statement.,HF edithatogo/digitalnz already preserves this DigitalNZ facet snapshot; add only derived decisions and source-specific captures here.,Do not copy the facet source again; create a new payload archive only when this row permits it and source capture is distinct.
Whanganui Regional Museum,Whanganui Regional Museum NZMuseums,33,All rights reserved,metadata_only_pending_item_review,"Archive descriptive metadata, identifiers, rights text, landing URLs, timestamps, and hashes. Do not publicly copy payloads until an item-level provider licence is verified.",DigitalNZ aggregate usage facet only; verify current provider terms and each item rights statement.,HF edithatogo/digitalnz already preserves this DigitalNZ facet snapshot; add only derived decisions and source-specific captures here.,Do not copy the facet source again; create a new payload archive only when this row permits it and source capture is distinct.
Whangarei Libraries,Whangarei Libraries,2662,All rights reserved,metadata_only_pending_item_review,"Archive descriptive metadata, identifiers, rights text, landing URLs, timestamps, and hashes. Do not publicly copy payloads until an item-level provider licence is verified.",DigitalNZ aggregate usage facet only; verify current provider terms and each item rights statement.,HF edithatogo/digitalnz already preserves this DigitalNZ facet snapshot; add only derived decisions and source-specific captures here.,Do not copy the facet source again; create a new payload archive only when this row permits it and source capture is distinct.
Wikipedia,Wikipedia,14020,Modify | Share | Use commercially,metadata_plus_open_item_candidates,"Archive metadata now. The aggregate facet has open-use signals, but copy payloads only after recording the item-level rights statement and provenance; collection-level totals are not a blanket licence.",DigitalNZ aggregate usage facet only; verify current provider terms and each item rights statement.,HF edithatogo/digitalnz already preserves this DigitalNZ facet snapshot; add only derived decisions and source-specific captures here.,Do not copy the facet source again; create a new payload archive only when this row permits it and source capture is distinct.
Laurie Family,WRD Laurie World War One Photographs,163,All rights reserved | Modify | Share | Use commercially,metadata_only_pending_item_review,"Archive descriptive metadata, identifiers, rights text, landing URLs, timestamps, and hashes. Do not publicly copy payloads until an item-level provider licence is verified.",DigitalNZ aggregate usage facet only; verify current provider terms and each item rights statement.,HF edithatogo/digitalnz already preserves this DigitalNZ facet snapshot; add only derived decisions and source-specific captures here.,Do not copy the facet source again; create a new payload archive only when this row permits it and source capture is distinct.
Nelson Provincial Museum,WW1 Profiles,73,All rights reserved,metadata_only_pending_item_review,"Archive descriptive metadata, identifiers, rights text, landing URLs, timestamps, and hashes. Do not publicly copy payloads until an item-level provider licence is verified.",DigitalNZ aggregate usage facet only; verify current provider terms and each item rights statement.,HF edithatogo/digitalnz already preserves this DigitalNZ facet snapshot; add only derived decisions and source-specific captures here.,Do not copy the facet source again; create a new payload archive only when this row permits it and source capture is distinct.
Young Ocean Explorers,Young Ocean Explorers,289,All rights reserved,metadata_only_pending_item_review,"Archive descriptive metadata, identifiers, rights text, landing URLs, timestamps, and hashes. Do not publicly copy payloads until an item-level provider licence is verified.",DigitalNZ aggregate usage facet only; verify current provider terms and each item rights statement.,HF edithatogo/digitalnz already preserves this DigitalNZ facet snapshot; add only derived decisions and source-specific captures here.,Do not copy the facet source again; create a new payload archive only when this row permits it and source capture is distinct.
