rights_statement,record_count,rights_category
Creative Commons Attribution-NonCommercial,140914,cc_by_nc
All text is licensed under the Creative Commons Attribution-NonCommercial 3.0 New Zealand Licence. Commercial re-use may be allowed on request. All non-text content is subject to specific conditions.,51245,cc_by_nc
Creative Commons Attribution-NonCommercial 4.0 International License.,30461,cc_by_nc
This work is licensed under a Creative Commons Attribution-Noncommercial 3.0 New Zealand License,26099,cc_by_nc
"Creative Commons BY-NC 3.0. Creative Commons Attribution NonCommercial 3.0. You are free to share, copy, distribute and transmit the work or to remix and adapt the work under the following conditions: you must attribute the work in the manner specified by the author or licensor (but not in any way that suggests that they endorse you or your use of the work) and you may not use this work for commercial purposes.",17275,cc_by_nc
Creative Commons - CC BY-NC,13016,cc_by_nc
"Photo: (c) Jenny Christianson, some rights reserved (CC BY-NC);",11867,cc_by_nc
"Photo: (c) Stephen Thorpe, some rights reserved (CC BY-NC);",11445,cc_by_nc
Crown Copyright administered through the New Zealand Ministry for Culture and Heritage Te Manatu Taonga. All text licensed under the Creative Commons Attribution-NonCommercial 3.0 New Zealand Licence unless otherwise stated. Commercial re-use may be allowed on request. All non-text content is subject to specific conditions.,10542,cc_by_nc
"Photo: (c) jacqui-nz, some rights reserved (CC BY-NC);",10379,cc_by_nc
"Photo: (c) Mike Lusk, some rights reserved (CC BY-NC);",8630,cc_by_nc
"Photo: (c) tangatawhenua, some rights reserved (CC BY-NC);",7842,cc_by_nc
"Photo: (c) Leon Perrie, some rights reserved (CC BY-NC);",7068,cc_by_nc
Attribution - Non-commercial (cc),6376,cc_by_nc
"Photo: (c) Alex Fergus, some rights reserved (CC BY-NC);",4022,cc_by_nc
"Photo: (c) Phil Bendle, some rights reserved (CC BY-NC);",3515,cc_by_nc
"Photo: (c) reinderw, some rights reserved (CC BY-NC);",3475,cc_by_nc
"Photo: (c) Alice Shanks, some rights reserved (CC BY-NC);",3320,cc_by_nc
Creative Commons Attribution-NonCommercial 4.0 International License. Copyright on this material is owned by Hawke's Bay Today and is not available for commercial use without their consent.,3307,cc_by_nc
"Photo: (c) Mary Joyce, some rights reserved (CC BY-NC);",3267,cc_by_nc
"Photo: (c) Lisa Bennett, some rights reserved (CC BY-NC);",3142,cc_by_nc
"Photo: (c) Jack Warden, some rights reserved (CC BY-NC);",3103,cc_by_nc
"Photo: (c) Mike Bowie, some rights reserved (CC BY-NC);",3060,cc_by_nc
"Photo: (c) wild_wind, some rights reserved (CC BY-NC);",2772,cc_by_nc
Creative Commons AttributionNoncommercial 3.0 New Zealand License.,2738,cc_by_nc
Attribution-NonCommercial License,2731,cc_by_nc
"Photo: (c) Dave Holland, some rights reserved (CC BY-NC);",2529,cc_by_nc
"Photo: (c) Chris Ecroyd, some rights reserved (CC BY-NC);",2473,cc_by_nc
"Photo: (c) Katy Johns, some rights reserved (CC BY-NC);",2378,cc_by_nc
Creative Commons Licence: Attribution-NonCommercial CC BY-NC,2346,cc_by_nc
"Photo: (c) Marley Ford, some rights reserved (CC BY-NC);",2281,cc_by_nc
"Photo: (c) bbi2, some rights reserved (CC BY-NC);",2267,cc_by_nc
"Photo: (c) memopob, some rights reserved (CC BY-NC);",2142,cc_by_nc
"Photo: (c) lisa_bennett, some rights reserved (CC BY-NC);",2022,cc_by_nc
"Photo: (c) John B, some rights reserved (CC BY-NC);",2020,cc_by_nc
CC-BY-NC Attribution + Noncommercial,2019,cc_by_nc
"Photo: (c) Lloyd Esler, some rights reserved (CC BY-NC);",1954,cc_by_nc
"Photo: (c) Kate McCombs, some rights reserved (CC BY-NC);",1895,cc_by_nc
"Photo: (c) greenschist, some rights reserved (CC BY-NC);",1887,cc_by_nc
"Photo: (c) gailtv, some rights reserved (CC BY-NC);",1882,cc_by_nc
"Photo: (c) Pat Enright, some rights reserved (CC BY-NC);",1853,cc_by_nc
"Photo: (c) jennysaito, some rights reserved (CC BY-NC);",1821,cc_by_nc
"This work is licensed under the Creative Commons Attribution-NonCommercial 3.0 New Zealand (CC BY-NC 3.0 NZ) Licence, see http://creativecommons.org/licenses/by-nc/3.0/nz/",1802,cc_by_nc
"This work is licensed under a Creative Commons Attribution-Noncommercial 3.0 New Zealand License; This licence lets you remix, tweak, and build upon our work noncommercially and although your new works must also acknowledge us and be noncommercial, you do not have to license the derivative works on the same terms.",1801,cc_by_nc
"Photo: (c) Grey Smith, some rights reserved (CC BY-NC);",1780,cc_by_nc
"Photo: (c) Simon Nicholas, some rights reserved (CC BY-NC);",1760,cc_by_nc
"Photo: (c) Roger Frost, some rights reserved (CC BY-NC);",1674,cc_by_nc
"Photo: (c) epitree, some rights reserved (CC BY-NC);",1600,cc_by_nc
"Photo: (c) Tony Stoddard, some rights reserved (CC BY-NC);",1549,cc_by_nc
"Photo: (c) mattward, some rights reserved (CC BY-NC);",1541,cc_by_nc
"Photo: (c) Mikey Watson, some rights reserved (CC BY-NC);",1535,cc_by_nc
This item is licensed under a Creative Commons Attribution-NonCommercial 3.0 New Zealand Licence,1473,cc_by_nc
Content licensed under Creative Commons Attribution Noncommercial 3.0 New Zealand Licence.,1436,cc_by_nc
"Photo: (c) Duncan Cunningham, some rights reserved (CC BY-NC);",1435,cc_by_nc
"Photo: (c) fairyeagle, some rights reserved (CC BY-NC);",1415,cc_by_nc
"Photo: (c) adonis_wei, some rights reserved (CC BY-NC);",1414,cc_by_nc
"Photo: (c) Giverny, some rights reserved (CC BY-NC);",1413,cc_by_nc
"Photo: (c) Rowan Hindmarsh-Walls, some rights reserved (CC BY-NC);",1399,cc_by_nc
"Photo: (c) Jeff Fryett, some rights reserved (CC BY-NC);",1364,cc_by_nc
"Photo: (c) David Hutchinson, some rights reserved (CC BY-NC);",1301,cc_by_nc
"Photo: (c) Cheryl, some rights reserved (CC BY-NC);",1284,cc_by_nc
"Photo: (c) Dougal Townsend, some rights reserved (CC BY-NC);",1283,cc_by_nc
"Photo: (c) Jane Gosden, some rights reserved (CC BY-NC);",1275,cc_by_nc
J.A. Cooper; Creative Commons Attribution-Noncommercial (BY-NC),1266,cc_by_nc
"Photo: (c) Jeremy, some rights reserved (CC BY-NC);",1238,cc_by_nc
"Photo: (c) Aalbert Rebergen, some rights reserved (CC BY-NC);",1228,cc_by_nc
"Photo: (c) Clinton Duffy, some rights reserved (CC BY-NC);",1204,cc_by_nc
"Photo: (c) Peter, some rights reserved (CC BY-NC);",1156,cc_by_nc
"Photo: (c) Nathan Odgers, some rights reserved (CC BY-NC);",1122,cc_by_nc
"Photo: (c) ZEALANDIA, some rights reserved (CC BY-NC);",1119,cc_by_nc
"Photo: (c) miro, some rights reserved (CC BY-NC);",1052,cc_by_nc
"Photo: (c) rasshamra, some rights reserved (CC BY-NC);",1016,cc_by_nc
"Photo: (c) Zoe Quested, some rights reserved (CC BY-NC);",1002,cc_by_nc
"Photo: (c) Benjamin Wright, some rights reserved (CC BY-NC);",967,cc_by_nc
"Creative Commons BY-NC 3.0 NZ. Creative Commons Attribution NonCommercial 3.0 New Zealand. You are free to share, copy, distribute and transmit the work or to remix and adapt the work under the following conditions: you must attribute the work in the manner specified by the author or licensor (but not in any way that suggests that they endorse you or your use of the work) and you may not use this work for commercial purposes.",966,cc_by_nc
"Photo: (c) Sue Mcgaw, some rights reserved (CC BY-NC);",965,cc_by_nc
"Photo: (c) John Barraclough, some rights reserved (CC BY-NC);",948,cc_by_nc
"Photo: (c) Oscar, some rights reserved (CC BY-NC);",931,cc_by_nc
"Photo: (c) Nicholas Mayne, some rights reserved (CC BY-NC);",929,cc_by_nc
"Photo: (c) lcolmer, some rights reserved (CC BY-NC);",910,cc_by_nc
"Photo: (c) Tony Steer, some rights reserved (CC BY-NC);",878,cc_by_nc
"Photo: (c) marshy, some rights reserved (CC BY-NC);",877,cc_by_nc
"Photo: (c) Bill Campbell, some rights reserved (CC BY-NC);",874,cc_by_nc
"Photo: (c) Sebastian Doak, some rights reserved (CC BY-NC);",867,cc_by_nc
"Photo: (c) Karen Pratt, some rights reserved (CC BY-NC);",836,cc_by_nc
"Photo: (c) brucedc, some rights reserved (CC BY-NC);",824,cc_by_nc
"Photo: (c) Noah Fenwick, some rights reserved (CC BY-NC);",772,cc_by_nc
"Photo: (c) rubecula, some rights reserved (CC BY-NC);",769,cc_by_nc
"Photo: (c) ryvesie, some rights reserved (CC BY-NC);",763,cc_by_nc
"Photo: (c) alice_shanks, some rights reserved (CC BY-NC);",754,cc_by_nc
"Photo: (c) zealandia2, some rights reserved (CC BY-NC);",747,cc_by_nc
"Photo: (c) Kelvin Perrie, some rights reserved (CC BY-NC);",729,cc_by_nc
"Photo: (c) Uwe Schneehagen, some rights reserved (CC BY-NC);",714,cc_by_nc
"Photo: (c) Sarah Richardson, some rights reserved (CC BY-NC);",707,cc_by_nc
"Photo: (c) zealandia1, some rights reserved (CC BY-NC);",691,cc_by_nc
"Photo: (c) David Wilson, some rights reserved (CC BY-NC);",690,cc_by_nc
"Photo: (c) Trevor Partridge, some rights reserved (CC BY-NC);",673,cc_by_nc
"Photo: (c) Brendan Doogan, some rights reserved (CC BY-NC);",665,cc_by_nc
"Photo: (c) jcluck, some rights reserved (CC BY-NC);",664,cc_by_nc
CC Attribution-NonCommercial (CC BY-NC),662,cc_by_nc
"Photo: (c) Lek Khauv, some rights reserved (CC BY-NC);",637,cc_by_nc
"Photo: (c) wadia, some rights reserved (CC BY-NC);",623,cc_by_nc
"Photo: (c) Joe Dillon, some rights reserved (CC BY-NC);",606,cc_by_nc
"Photo: (c) Sara Smerdon, some rights reserved (CC BY-NC);",592,cc_by_nc
"Photo: (c) Derek Craig, some rights reserved (CC BY-NC);",583,cc_by_nc
"Photo: (c) Maurice, some rights reserved (CC BY-NC);",576,cc_by_nc
"Photo: (c) aunty, some rights reserved (CC BY-NC);",572,cc_by_nc
"Photo: (c) Donnacha Ó Súilleabháin, some rights reserved (CC BY-NC);",571,cc_by_nc
"Photo: (c) obscurus, some rights reserved (CC BY-NC);",554,cc_by_nc
CC BY-NC (All metadata for this Directory of Open Access Journals record is available under the Creative Commons Attribution-ShareAlike License (CC BY-SA).),545,cc_by_nc
"Photo: (c) ecoblitznz, some rights reserved (CC BY-NC);",544,cc_by_nc
"Photo: (c) codfish, some rights reserved (CC BY-NC);",525,cc_by_nc
"Photo: (c) zealandia, some rights reserved (CC BY-NC);",504,cc_by_nc
"Photo: (c) koraunuischool, some rights reserved (CC BY-NC);",502,cc_by_nc
"Photo: (c) zealandia3, some rights reserved (CC BY-NC);",493,cc_by_nc
Creative Commons Attribution-NonCommercial 4.0 International License. The donor of this material does not allow commercial use.,484,cc_by_nc
"Photo: (c) Selena Chan, some rights reserved (CC BY-NC);",477,cc_by_nc
No restrictions on non-commercial use,471,cc_by_nc
"Photo: (c) Amanda Black, some rights reserved (CC BY-NC);",471,cc_by_nc
"Photo: (c) chrisc, some rights reserved (CC BY-NC);",471,cc_by_nc
"Photo: (c) Shirley Kerr, some rights reserved (CC BY-NC);",470,cc_by_nc
"Photo: (c) Darrell Crisp, some rights reserved (CC BY-NC);",469,cc_by_nc
"Photo: (c) Ben Goodwin, some rights reserved (CC BY-NC);",468,cc_by_nc
"Photo: (c) Paul Taylor, some rights reserved (CC BY-NC);",461,cc_by_nc
"Photo: (c) Oscar Grant, some rights reserved (CC BY-NC);",431,cc_by_nc
"Photo: (c) Katherine, some rights reserved (CC BY-NC);",430,cc_by_nc
"Photo: (c) pelicabbit, some rights reserved (CC BY-NC);",430,cc_by_nc
"Photo: (c) shona_t, some rights reserved (CC BY-NC);",424,cc_by_nc
"Photo: (c) James Tweed, some rights reserved (CC BY-NC);",417,cc_by_nc
"Photo: (c) Gordon Somerville, some rights reserved (CC BY-NC);",414,cc_by_nc
"Photo: (c) Grzegorz Grzejszczak, some rights reserved (CC BY-NC);",410,cc_by_nc
"Photo: (c) Jenny Saito, some rights reserved (CC BY-NC);",408,cc_by_nc
"Photo: (c) Nicola Baines, some rights reserved (CC BY-NC);",401,cc_by_nc
E. Horak:  © Creative Commons Attribution-Noncommercial 3.0 New Zealand,400,cc_by_nc
"Photo: (c) Sarah :), some rights reserved (CC BY-NC);",394,cc_by_nc
"Photo: (c) craig wilson, some rights reserved (CC BY-NC);",390,cc_by_nc
Creative Commons Attribution-NonCommercial 4.0 International License. Please contact us for information about using this material commercially.,385,cc_by_nc
"Photo: (c) Darren vanHoof, some rights reserved (CC BY-NC);",384,cc_by_nc
"Photo: (c) andrewmaungakotukutuku, some rights reserved (CC BY-NC);",384,cc_by_nc
"Photo: (c) benjansss, some rights reserved (CC BY-NC);",384,cc_by_nc
"Photo: (c) lalily044, some rights reserved (CC BY-NC);",383,cc_by_nc
"Photo: (c) yokosonz, some rights reserved (CC BY-NC);",382,cc_by_nc
"Photo: (c) Matthew Priestley, some rights reserved (CC BY-NC);",381,cc_by_nc
"Photo: (c) sacredheart, some rights reserved (CC BY-NC);",369,cc_by_nc
"Photo: (c) Daniel J. King, some rights reserved (CC BY-NC);",365,cc_by_nc
"Photo: (c) nicholasmaynenz, some rights reserved (CC BY-NC);",363,cc_by_nc
"Photo: (c) dwilson, some rights reserved (CC BY-NC);",354,cc_by_nc
"Photo: (c) sozzles, some rights reserved (CC BY-NC);",350,cc_by_nc
"Photo: (c) Paddy Kemner, some rights reserved (CC BY-NC);",348,cc_by_nc
"Photo: (c) John Hornblow, some rights reserved (CC BY-NC);",344,cc_by_nc
"Photo: (c) Mathias Michael, some rights reserved (CC BY-NC);",343,cc_by_nc
"Photo: (c) Loïc Chalmandrier, some rights reserved (CC BY-NC);",342,cc_by_nc
"Photo: (c) Neville Hudson, some rights reserved (CC BY-NC);",342,cc_by_nc
"Photo: (c) pat-leonard, some rights reserved (CC BY-NC);",337,cc_by_nc
"Photo: (c) sarahmilicich, some rights reserved (CC BY-NC);",332,cc_by_nc
"Photo: (c) Dave, some rights reserved (CC BY-NC);",330,cc_by_nc
"Photo: (c) Melissa Gunn, some rights reserved (CC BY-NC);",327,cc_by_nc
"Photo: (c) tim, some rights reserved (CC BY-NC);",327,cc_by_nc
"Photo: (c) Linda, some rights reserved (CC BY-NC);",324,cc_by_nc
"Photo: (c) belinda studholme, some rights reserved (CC BY-NC);",321,cc_by_nc
"Photo: (c) akika, some rights reserved (CC BY-NC);",315,cc_by_nc
"Photo: (c) Dan Ross, some rights reserved (CC BY-NC);",313,cc_by_nc
"Photo: (c) ejdoyle, some rights reserved (CC BY-NC);",310,cc_by_nc
Creative Commons Attribution-NonCommercial (BY-NC) licence,308,cc_by_nc
"Photo: (c) Karin Mahlfeld, David Roscoe, Frank Climo, some rights reserved (CC BY-NC);",307,cc_by_nc
"Photo: (c) Zachary Ngow, some rights reserved (CC BY-NC);",305,cc_by_nc
"Photo: (c) dougalm, some rights reserved (CC BY-NC);",301,cc_by_nc
"Photo: (c) Gillian Candler, some rights reserved (CC BY-NC);",300,cc_by_nc
"Photo: (c) Thor Elley, some rights reserved (CC BY-NC);",300,cc_by_nc
"Photo: (c) Thomas, some rights reserved (CC BY-NC);",299,cc_by_nc
"Photo: (c) dianne49, some rights reserved (CC BY-NC);",294,cc_by_nc
"Photo: (c) Petaliaw, some rights reserved (CC BY-NC);",293,cc_by_nc
"Photo: (c) ian dench, some rights reserved (CC BY-NC);",292,cc_by_nc
"Photo: (c) Kate Curtis, some rights reserved (CC BY-NC);",290,cc_by_nc
"Photo: (c) inat7, some rights reserved (CC BY-NC);",289,cc_by_nc
"Photo: (c) Jordi J. Tablada, some rights reserved (CC BY-NC);",288,cc_by_nc
"Photo: (c) Colin Ogle, some rights reserved (CC BY-NC);",280,cc_by_nc
"Photo: (c) taylajane, some rights reserved (CC BY-NC);",280,cc_by_nc
"Photo: (c) mariana-nz, some rights reserved (CC BY-NC);",279,cc_by_nc
"Photo: (c) mira, some rights reserved (CC BY-NC);",278,cc_by_nc
"Photo: (c) williamdomenge9, some rights reserved (CC BY-NC);",274,cc_by_nc
"Photo: (c) Peter Russell, some rights reserved (CC BY-NC);",273,cc_by_nc
"Photo: (c) harrylurling, some rights reserved (CC BY-NC);",271,cc_by_nc
"Photo: (c) Frits Schouten, some rights reserved (CC BY-NC);",269,cc_by_nc
"Photo: (c) Flora, some rights reserved (CC BY-NC);",268,cc_by_nc
"Photo: (c) gumtree, some rights reserved (CC BY-NC);",265,cc_by_nc
"Photo: (c) james_crofts-bennett, some rights reserved (CC BY-NC);",261,cc_by_nc
"Photo: (c) Chris Close, some rights reserved (CC BY-NC);",259,cc_by_nc
"Photo: (c) pscragg, some rights reserved (CC BY-NC);",253,cc_by_nc
"Photo: (c) Canyon richens, some rights reserved (CC BY-NC);",252,cc_by_nc
"Photo: (c) Aman, some rights reserved (CC BY-NC);",250,cc_by_nc
"Photo: (c) Kyle Bland, some rights reserved (CC BY-NC);",249,cc_by_nc
"Photo: (c) marystg, some rights reserved (CC BY-NC);",239,cc_by_nc
"Photo: (c) commoncopper, some rights reserved (CC BY-NC);",238,cc_by_nc
"Photo: (c) goodonya, some rights reserved (CC BY-NC);",237,cc_by_nc
"Photo: (c) Anthony McCaughan, some rights reserved (CC BY-NC);",236,cc_by_nc
"Photo: (c) Gathadair, some rights reserved (CC BY-NC);",235,cc_by_nc
"Photo: (c) fuligogirl, some rights reserved (CC BY-NC);",231,cc_by_nc
"Photo: (c) sarah, some rights reserved (CC BY-NC);",229,cc_by_nc
"Photo: (c) Jean Jack, some rights reserved (CC BY-NC);",218,cc_by_nc
"Photo: (c) Bastiaan Notebaert, some rights reserved (CC BY-NC);",217,cc_by_nc
"Photo: (c) Kirsty Myron, some rights reserved (CC BY-NC);",213,cc_by_nc
"Photo: (c) aniste, some rights reserved (CC BY-NC);",209,cc_by_nc
"NCW Licence 1. The interviewee agrees to this data being used in publications associated with the project, teaching, other research projects, public lectures, and presentations. The interviewee agrees to this data being publicly available on the UC CEISMIC website, in a museum, library, or public space, broadcast on television or radio, and in other works such as books, films, and artworks. Licensed for non-commercial use, in part or whole, in compliance with the above conditions of use. Attribution to Women's Voices project, NCW (Christchurch).",206,cc_by_nc
"Photo: (c) oakura, some rights reserved (CC BY-NC);",206,cc_by_nc
"Photo: (c) joakimliman, some rights reserved (CC BY-NC);",204,cc_by_nc
"Photo: (c) gloriargk, some rights reserved (CC BY-NC);",203,cc_by_nc
"Photo: (c) Ashley M Bradford, some rights reserved (CC BY-NC);",202,cc_by_nc
"Photo: (c) pwarren, some rights reserved (CC BY-NC);",202,cc_by_nc
"Photo: (c) Laura, some rights reserved (CC BY-NC);",201,cc_by_nc
"Photo: (c) Jeff Harding, some rights reserved (CC BY-NC);",199,cc_by_nc
"Photo: (c) fourthworldinstereo, some rights reserved (CC BY-NC);",199,cc_by_nc
"Photo: (c) ingerp, some rights reserved (CC BY-NC);",199,cc_by_nc
"Photo: (c) wownz, some rights reserved (CC BY-NC);",199,cc_by_nc
"Photo: (c) bikyria, some rights reserved (CC BY-NC);",198,cc_by_nc
"Photo: (c) katemccombs, some rights reserved (CC BY-NC);",197,cc_by_nc
"Photo: (c) Catherine Beard, some rights reserved (CC BY-NC);",196,cc_by_nc
"Photo: (c) Mary Stewart, some rights reserved (CC BY-NC);",196,cc_by_nc
"Photo: (c) jesse_bythell, some rights reserved (CC BY-NC);",196,cc_by_nc
"Photo: (c) Boonyanuj (TK), some rights reserved (CC BY-NC);",194,cc_by_nc
"Photo: (c) derek_onley, some rights reserved (CC BY-NC);",193,cc_by_nc
"Photo: (c) fun-gal-nz, some rights reserved (CC BY-NC);",193,cc_by_nc
"Photo: (c) coastalschool, some rights reserved (CC BY-NC);",192,cc_by_nc
"Photo: (c) sheryhanna, some rights reserved (CC BY-NC);",192,cc_by_nc
"Photo: (c) Pieter Pelser, some rights reserved (CC BY-NC);",191,cc_by_nc
"Photo: (c) tim_hopley, some rights reserved (CC BY-NC);",191,cc_by_nc
"Photo: (c) Andy Bridges, some rights reserved (CC BY-NC);",190,cc_by_nc
"Photo: (c) Doug Miller, some rights reserved (CC BY-NC);",190,cc_by_nc
"Photo: (c) Steve Reekie, some rights reserved (CC BY-NC);",190,cc_by_nc
"Photo: (c) Astrid, some rights reserved (CC BY-NC);",189,cc_by_nc
"Photo: (c) bevc, some rights reserved (CC BY-NC);",188,cc_by_nc
"Photo: (c) Berthine Bruinsma, some rights reserved (CC BY-NC);",186,cc_by_nc
"Photo: (c) Emma Rowell, some rights reserved (CC BY-NC);",186,cc_by_nc
"Photo: (c) Shona Treanor, some rights reserved (CC BY-NC);",186,cc_by_nc
"Photo: (c) room18redwood, some rights reserved (CC BY-NC);",185,cc_by_nc
"Photo: (c) rubenmita, some rights reserved (CC BY-NC);",183,cc_by_nc
"Photo: (c) Andrew Spurgeon, some rights reserved (CC BY-NC);",182,cc_by_nc
"Photo: (c) gnapp, some rights reserved (CC BY-NC);",180,cc_by_nc
"Photo: (c) Trevor Crosby, some rights reserved (CC BY-NC);",177,cc_by_nc
"Photo: (c) Dave Houston, some rights reserved (CC BY-NC);",172,cc_by_nc
"Photo: (c) Dean, some rights reserved (CC BY-NC);",172,cc_by_nc
"Photo: (c) Greg Bennett, some rights reserved (CC BY-NC);",171,cc_by_nc
"Photo: (c) bridgespotter, some rights reserved (CC BY-NC);",171,cc_by_nc
"Photo: (c) mark_smale, some rights reserved (CC BY-NC);",171,cc_by_nc
"Photo: (c) Annika T, some rights reserved (CC BY-NC);",170,cc_by_nc
"Photo: (c) ecotype, some rights reserved (CC BY-NC);",169,cc_by_nc
"Photo: (c) Liam Urquhart, some rights reserved (CC BY-NC);",167,cc_by_nc
"Photo: (c) woodleigh_school, some rights reserved (CC BY-NC);",167,cc_by_nc
"Copyright CITR, The University of Auckland. You are granted permission for the non-commercial reproduction, distribution, display, and performance of this technical report in any format, BUT this permission is only for a period of 45 (forty-five) days from the most recent time that you verified that this technical report is still available from the original CITR web site under terms that include this permission. All other rights are reserved by the author(s).",166,cc_by_nc
"Photo: (c) Sahar Firoozkoohi, some rights reserved (CC BY-NC);",165,cc_by_nc
Freely available for non-commercial use.,163,cc_by_nc
"Photo: (c) carolwest, some rights reserved (CC BY-NC);",163,cc_by_nc
"Photo: (c) strewick, some rights reserved (CC BY-NC);",163,cc_by_nc
"Photo: (c) Brett Payne, some rights reserved (CC BY-NC);",161,cc_by_nc
"Photo: (c) cam_walker, some rights reserved (CC BY-NC);",161,cc_by_nc
"Photo: (c) oofers, some rights reserved (CC BY-NC);",160,cc_by_nc
Creative Commons Attribution-NonCommercial 3.0 New Zealand,159,cc_by_nc
"Photo: (c) Julie Simpson, some rights reserved (CC BY-NC);",159,cc_by_nc
"Photo: (c) Max Sullivan, some rights reserved (CC BY-NC);",159,cc_by_nc
"Photo: (c) Jennifer L, some rights reserved (CC BY-NC);",158,cc_by_nc
"Photo: (c) Sophie Kynman-Cole, some rights reserved (CC BY-NC);",158,cc_by_nc
"Photo: (c) Elvis Smith, some rights reserved (CC BY-NC);",156,cc_by_nc
"Photo: (c) Amy Zhou, some rights reserved (CC BY-NC);",155,cc_by_nc
"Photo: (c) Christopher Caine, some rights reserved (CC BY-NC);",155,cc_by_nc
"Photo: (c) Lawrence Troup, some rights reserved (CC BY-NC);",155,cc_by_nc
"Photo: (c) chrissen, some rights reserved (CC BY-NC);",155,cc_by_nc
"Photo: (c) bythepark, some rights reserved (CC BY-NC);",153,cc_by_nc
"Photo: (c) chrismorse, some rights reserved (CC BY-NC);",153,cc_by_nc
"Photo: (c) janicelord, some rights reserved (CC BY-NC);",153,cc_by_nc
"Photo: (c) enzedfred, some rights reserved (CC BY-NC);",152,cc_by_nc
"Photo: (c) luke_sutton, some rights reserved (CC BY-NC);",152,cc_by_nc
"Photo: (c) Robyn Simcock, some rights reserved (CC BY-NC);",151,cc_by_nc
"Photo: (c) Emma & Tom, some rights reserved (CC BY-NC);",150,cc_by_nc
"Photo: (c) Gina, some rights reserved (CC BY-NC);",150,cc_by_nc
"Photo: (c) beaumasters, some rights reserved (CC BY-NC);",145,cc_by_nc
"Photo: (c) benknight, some rights reserved (CC BY-NC);",145,cc_by_nc
"Photo: (c) Amaël Borzée, some rights reserved (CC BY-NC);",144,cc_by_nc
"Photo: (c) Jamie Wood, some rights reserved (CC BY-NC);",144,cc_by_nc
"Photo: (c) greenteam, some rights reserved (CC BY-NC);",144,cc_by_nc
"Photo: (c) tanyad, some rights reserved (CC BY-NC);",144,cc_by_nc
Image: CC BY-SA 4.0 https://creativecommons.org/licenses/by-sa/4.0/ Text: Copyright National Museum of Australia / CC BY-NC https://creativecommons.org/licenses/by-nc/4.0/ Copyright National Museum of Australia / CC BY-NC,143,cc_by_nc
"Photo: (c) Kate, some rights reserved (CC BY-NC);",143,cc_by_nc
"Photo: (c) foraginggal, some rights reserved (CC BY-NC);",142,cc_by_nc
"Photo: (c) vsuresh, some rights reserved (CC BY-NC);",142,cc_by_nc
"Photo: (c) John Charles, some rights reserved (CC BY-NC);",141,cc_by_nc
"Photo: (c) Chris Moody, some rights reserved (CC BY-NC);",140,cc_by_nc
"Photo: (c) Househopper Jr, some rights reserved (CC BY-NC);",140,cc_by_nc
"Photo: (c) Joel Knight, some rights reserved (CC BY-NC);",140,cc_by_nc
"Photo: (c) Jonah Timms, some rights reserved (CC BY-NC);",140,cc_by_nc
"Photo: (c) janewei, some rights reserved (CC BY-NC);",139,cc_by_nc
"Photo: (c) okato-learning-group, some rights reserved (CC BY-NC);",139,cc_by_nc
"Photo: (c) emr_auckland, some rights reserved (CC BY-NC);",138,cc_by_nc
"Photo: (c) heymilly, some rights reserved (CC BY-NC);",138,cc_by_nc
"Photo: (c) miriam99, some rights reserved (CC BY-NC);",138,cc_by_nc
"Photo: (c) michellelambert, some rights reserved (CC BY-NC);",137,cc_by_nc
"Photo: (c) rachbaxter, some rights reserved (CC BY-NC);",136,cc_by_nc
"Photo: (c) ashleycomeau, some rights reserved (CC BY-NC);",134,cc_by_nc
"Photo: (c) glenn, some rights reserved (CC BY-NC);",134,cc_by_nc
"Photo: (c) Natalie Wilkinson, some rights reserved (CC BY-NC);",133,cc_by_nc
"Photo: (c) Rémi Cardinael, some rights reserved (CC BY-NC);",133,cc_by_nc
"Photo: (c) emanon, some rights reserved (CC BY-NC);",133,cc_by_nc
"Photo: (c) anmar2015, some rights reserved (CC BY-NC);",132,cc_by_nc
© Auckland Museum CC BY NC,132,cc_by_nc
"Photo: (c) Andrew Nevin, some rights reserved (CC BY-NC);",131,cc_by_nc
"Photo: (c) bradley_curnow, some rights reserved (CC BY-NC);",131,cc_by_nc
"Photo: (c) stephen_c, some rights reserved (CC BY-NC);",131,cc_by_nc
"Photo: (c) huirangi, some rights reserved (CC BY-NC);",130,cc_by_nc
"Photo: (c) james_ranstead, some rights reserved (CC BY-NC);",130,cc_by_nc
"Photo: (c) nicky12433, some rights reserved (CC BY-NC);",130,cc_by_nc
"Photo: (c) Janet Gingold, some rights reserved (CC BY-NC);",129,cc_by_nc
"Photo: (c) katiej, some rights reserved (CC BY-NC);",129,cc_by_nc
"Photo: (c) Jean-François Olivier, some rights reserved (CC BY-NC);",128,cc_by_nc
"Photo: (c) central_school, some rights reserved (CC BY-NC);",128,cc_by_nc
"Photo: (c) kevin_frank, some rights reserved (CC BY-NC);",128,cc_by_nc
"Photo: (c) David Hodge, some rights reserved (CC BY-NC);",127,cc_by_nc
"Photo: (c) Dayne Laird, some rights reserved (CC BY-NC);",127,cc_by_nc
"Photo: (c) Peter Shearer, some rights reserved (CC BY-NC);",127,cc_by_nc
"Photo: (c) theovannoort, some rights reserved (CC BY-NC);",126,cc_by_nc
"Photo: (c) Alex Fleming, some rights reserved (CC BY-NC);",125,cc_by_nc
"Photo: (c) Ian Simpson, some rights reserved (CC BY-NC);",125,cc_by_nc
"Photo: (c) Jacque, some rights reserved (CC BY-NC);",125,cc_by_nc
"Photo: (c) Mathew Zappa, some rights reserved (CC BY-NC);",124,cc_by_nc
"Photo: (c) antje_w, some rights reserved (CC BY-NC);",124,cc_by_nc
"Photo: (c) Benjamin Foord, some rights reserved (CC BY-NC);",122,cc_by_nc
"Photo: (c) Jaroslav Panfylov, some rights reserved (CC BY-NC);",122,cc_by_nc
"Photo: (c) Michael Lee, some rights reserved (CC BY-NC);",122,cc_by_nc
"Photo: (c) ewick, some rights reserved (CC BY-NC);",122,cc_by_nc
"Photo: (c) p_doyle, some rights reserved (CC BY-NC);",122,cc_by_nc
"Photo: (c) Felix Fleck, some rights reserved (CC BY-NC);",121,cc_by_nc
"Photo: (c) badley_birdsnz, some rights reserved (CC BY-NC);",120,cc_by_nc
"Photo: (c) eringal, some rights reserved (CC BY-NC);",120,cc_by_nc
Licensed under Creative Commons Attribution-NonCommercial 3.0 New Zealand CC BY-NC 3.0 NZ cc https://creativecommons.org/licenses/by-nc/3.0/nz/,119,cc_by_nc
"Photo: (c) Hamish Carson, some rights reserved (CC BY-NC);",119,cc_by_nc
"Photo: (c) emilypayne, some rights reserved (CC BY-NC);",118,cc_by_nc
"Photo: (c) swatutukaka, some rights reserved (CC BY-NC);",118,cc_by_nc
"Photo: (c) Виктор, some rights reserved (CC BY-NC);",118,cc_by_nc
"Photo: (c) catherine_hosted, some rights reserved (CC BY-NC);",116,cc_by_nc
"Photo: (c) estuarytrust, some rights reserved (CC BY-NC);",116,cc_by_nc
"Photo: (c) linger, some rights reserved (CC BY-NC);",115,cc_by_nc
"Photo: (c) samhg, some rights reserved (CC BY-NC);",113,cc_by_nc
"Photo: (c) tkkmotk, some rights reserved (CC BY-NC);",113,cc_by_nc
"Photo: (c) Laura Molles, some rights reserved (CC BY-NC);",112,cc_by_nc
"Photo: (c) brian_nz, some rights reserved (CC BY-NC);",112,cc_by_nc
"Photo: (c) jeanmck, some rights reserved (CC BY-NC);",112,cc_by_nc
"Photo: (c) sibylle, some rights reserved (CC BY-NC);",112,cc_by_nc
"Photo: (c) Katherine Morris, some rights reserved (CC BY-NC);",111,cc_by_nc
"Photo: (c) mark_parker, some rights reserved (CC BY-NC);",111,cc_by_nc
"Photo: (c) tripleaxel, some rights reserved (CC BY-NC);",111,cc_by_nc
"Photo: (c) Amber Simmonds, some rights reserved (CC BY-NC);",110,cc_by_nc
"Photo: (c) localwildlifespotters, some rights reserved (CC BY-NC);",109,cc_by_nc
"Photo: (c) Grace Allison, some rights reserved (CC BY-NC);",108,cc_by_nc
"Photo: (c) Pete Ozich, some rights reserved (CC BY-NC);",108,cc_by_nc
"Photo: (c) Scott Bowers, some rights reserved (CC BY-NC);",108,cc_by_nc
"Photo: (c) aphelion, some rights reserved (CC BY-NC);",108,cc_by_nc
"Photo: (c) amybalkin, some rights reserved (CC BY-NC);",106,cc_by_nc
"Photo: (c) kaitao, some rights reserved (CC BY-NC);",106,cc_by_nc
"Photo: (c) cos_i, some rights reserved (CC BY-NC);",105,cc_by_nc
"Photo: (c) david-beukes, some rights reserved (CC BY-NC);",105,cc_by_nc
"Photo: (c) jussiep, some rights reserved (CC BY-NC);",105,cc_by_nc
"Photo: (c) yejun, some rights reserved (CC BY-NC);",105,cc_by_nc
Licensed under Creative Commons Attribution-NonCommercial 3.0 Unported CC BY-NC 3.0 cc https://creativecommons.org/licenses/by-nc/3.0/,104,cc_by_nc
"Photo: (c) Erin Powell, some rights reserved (CC BY-NC);",104,cc_by_nc
"Photo: (c) Kereru Kade, some rights reserved (CC BY-NC);",104,cc_by_nc
"Photo: (c) alyssab, some rights reserved (CC BY-NC);",104,cc_by_nc
"Photo: (c) khandallah, some rights reserved (CC BY-NC);",104,cc_by_nc
"Photo: (c) Ben Weatherley, some rights reserved (CC BY-NC);",103,cc_by_nc
"Photo: (c) biodragon, some rights reserved (CC BY-NC);",102,cc_by_nc
"Photo: (c) emma_cassidy, some rights reserved (CC BY-NC);",102,cc_by_nc
"Photo: (c) heidi_q, some rights reserved (CC BY-NC);",102,cc_by_nc
"Photo: (c) divaricoux, some rights reserved (CC BY-NC);",101,cc_by_nc
"Photo: (c) lilylamble, some rights reserved (CC BY-NC);",101,cc_by_nc
"Photo: (c) Ellen Rykers, some rights reserved (CC BY-NC);",100,cc_by_nc
"Photo: (c) Lilith Fisher, some rights reserved (CC BY-NC);",99,cc_by_nc
"Photo: (c) Tristan Girdwood, some rights reserved (CC BY-NC);",99,cc_by_nc
"Photo: (c) courteneyw, some rights reserved (CC BY-NC);",99,cc_by_nc
"Photo: (c) ericcleveland, some rights reserved (CC BY-NC);",99,cc_by_nc
"Photo: (c) kumutoto, some rights reserved (CC BY-NC);",99,cc_by_nc
"Photo: (c) birds_nz, some rights reserved (CC BY-NC);",98,cc_by_nc
"Photo: (c) meropsornatus, some rights reserved (CC BY-NC);",98,cc_by_nc
"Photo: (c) pukatea, some rights reserved (CC BY-NC);",98,cc_by_nc
"Photo: (c) raselah, some rights reserved (CC BY-NC);",98,cc_by_nc
"Photo: (c) sporadicnature, some rights reserved (CC BY-NC);",98,cc_by_nc
"Photo: (c) Great Oof, some rights reserved (CC BY-NC);",97,cc_by_nc
"Photo: (c) moira_parker, some rights reserved (CC BY-NC);",97,cc_by_nc
"Photo: (c) onethousandthousandwheelingeyes, some rights reserved (CC BY-NC);",97,cc_by_nc
"Photo: (c) room4and5arakuraschool, some rights reserved (CC BY-NC);",97,cc_by_nc
"Photo: (c) badger_88, some rights reserved (CC BY-NC);",96,cc_by_nc
"Photo: (c) Katarina Tawiri, some rights reserved (CC BY-NC);",95,cc_by_nc
"Photo: (c) dubh, some rights reserved (CC BY-NC);",95,cc_by_nc
"Photo: (c) jasperidium, some rights reserved (CC BY-NC);",95,cc_by_nc
"Photo: (c) nsingers, some rights reserved (CC BY-NC);",94,cc_by_nc
"Photo: (c) LillianYuan, some rights reserved (CC BY-NC);",93,cc_by_nc
"Photo: (c) Olly, some rights reserved (CC BY-NC);",93,cc_by_nc
"Photo: (c) brendandoogan, some rights reserved (CC BY-NC);",93,cc_by_nc
"Photo: (c) parobbert, some rights reserved (CC BY-NC);",93,cc_by_nc
"Photo: (c) Alysa Joaquin, some rights reserved (CC BY-NC);",92,cc_by_nc
"Photo: (c) booboo, some rights reserved (CC BY-NC);",92,cc_by_nc
"Photo: (c) corokid, some rights reserved (CC BY-NC);",92,cc_by_nc
"Photo: (c) hudsonianjoe, some rights reserved (CC BY-NC);",92,cc_by_nc
"Photo: (c) sarahaliceb, some rights reserved (CC BY-NC);",92,cc_by_nc
"Photo: (c) stevegoodin, some rights reserved (CC BY-NC);",92,cc_by_nc
All Rights Reserved; © Auckland Museum CC BY NC,91,cc_by_nc
"Photo: (c) Jesse Saofia, some rights reserved (CC BY-NC);",91,cc_by_nc
"Photo: (c) Danielle, some rights reserved (CC BY-NC);",90,cc_by_nc
"Photo: (c) peiszegoh, some rights reserved (CC BY-NC);",90,cc_by_nc
"Photo: (c) Becky Clements, some rights reserved (CC BY-NC);",89,cc_by_nc
"Photo: (c) Julius Simonelli, some rights reserved (CC BY-NC);",89,cc_by_nc
"Photo: (c) Luca Davenport-Thomas, some rights reserved (CC BY-NC);",89,cc_by_nc
"Photo: (c) john_early, some rights reserved (CC BY-NC);",89,cc_by_nc
"Photo: (c) room17witherlea, some rights reserved (CC BY-NC);",89,cc_by_nc
"Photo: (c) Ohara McLennan, some rights reserved (CC BY-NC);",88,cc_by_nc
"Photo: (c) mboereboom, some rights reserved (CC BY-NC);",88,cc_by_nc
"Photo: (c) Mel, some rights reserved (CC BY-NC);",87,cc_by_nc
"Photo: (c) barbaraparris, some rights reserved (CC BY-NC);",87,cc_by_nc
"Photo: (c) springstonschoolnature, some rights reserved (CC BY-NC);",87,cc_by_nc
Image: Copyright not evaluated http://rightsstatements.org/vocab/CNE/1.0/ Text: Copyright National Museum of Australia / CC BY-NC https://creativecommons.org/licenses/by-nc/4.0/ Copyright National Museum of Australia / CC BY-NC,86,cc_by_nc
"Photo: (c) hovmoller, some rights reserved (CC BY-NC);",86,cc_by_nc
"Photo: (c) Chen Jiaming, some rights reserved (CC BY-NC);",85,cc_by_nc
"Photo: (c) Zachary Robertson, some rights reserved (CC BY-NC);",85,cc_by_nc
"Photo: (c) blacksmith, some rights reserved (CC BY-NC);",85,cc_by_nc
"Photo: (c) raniera99, some rights reserved (CC BY-NC);",85,cc_by_nc
"Photo: (c) Tanya, some rights reserved (CC BY-NC);",84,cc_by_nc
"Photo: (c) puketapu, some rights reserved (CC BY-NC);",84,cc_by_nc
"Photo: (c) Helen Greenep, some rights reserved (CC BY-NC);",83,cc_by_nc
"Photo: (c) barbarah, some rights reserved (CC BY-NC);",83,cc_by_nc
"Photo: (c) camille_caparros, some rights reserved (CC BY-NC);",83,cc_by_nc
"Photo: (c) jess_cairns, some rights reserved (CC BY-NC);",83,cc_by_nc
"Photo: (c) zhengchen, some rights reserved (CC BY-NC);",83,cc_by_nc
"Photo: (c) rhysspinner, some rights reserved (CC BY-NC);",82,cc_by_nc
"Photo: (c) Christoph Lenz, some rights reserved (CC BY-NC);",81,cc_by_nc
"Photo: (c) Duncan Nicol, some rights reserved (CC BY-NC);",81,cc_by_nc
"Photo: (c) pfolsenstaff, some rights reserved (CC BY-NC);",81,cc_by_nc
"Photo: (c) Adam Smith, some rights reserved (CC BY-NC);",80,cc_by_nc
"Photo: (c) Bill Nagle, some rights reserved (CC BY-NC);",80,cc_by_nc
"Photo: (c) Jerusha Evelyn, some rights reserved (CC BY-NC);",80,cc_by_nc
"Photo: (c) Maritha O'Halloran, some rights reserved (CC BY-NC);",80,cc_by_nc
"Photo: (c) annahenderson, some rights reserved (CC BY-NC);",80,cc_by_nc
"Photo: (c) holidayprogramme18, some rights reserved (CC BY-NC);",80,cc_by_nc
"Photo: (c) petekane47, some rights reserved (CC BY-NC);",80,cc_by_nc
"Photo: (c) staveleyforestcamp, some rights reserved (CC BY-NC);",80,cc_by_nc
"Photo: (c) taiko, some rights reserved (CC BY-NC);",80,cc_by_nc
"Photo: (c) Julia Panfylova, some rights reserved (CC BY-NC);",79,cc_by_nc
"Photo: (c) Rosie Horn, some rights reserved (CC BY-NC);",79,cc_by_nc
"Photo: (c) damienbr, some rights reserved (CC BY-NC);",79,cc_by_nc
"Photo: (c) joycey07, some rights reserved (CC BY-NC);",79,cc_by_nc
"Photo: (c) Gavin Kingsley, some rights reserved (CC BY-NC);",78,cc_by_nc
"Photo: (c) catchwords, some rights reserved (CC BY-NC);",78,cc_by_nc
"Photo: (c) kiwihunter, some rights reserved (CC BY-NC);",78,cc_by_nc
"Photo: (c) la-c, some rights reserved (CC BY-NC);",78,cc_by_nc
"Photo: (c) zarah123, some rights reserved (CC BY-NC);",78,cc_by_nc
"Photo: (c) Euan Moore, some rights reserved (CC BY-NC);",77,cc_by_nc
"Photo: (c) Julie Vause, some rights reserved (CC BY-NC);",77,cc_by_nc
"Photo: (c) Ryan Bauckham, some rights reserved (CC BY-NC);",77,cc_by_nc
"Photo: (c) megantomlin, some rights reserved (CC BY-NC);",77,cc_by_nc
"Photo: (c) Greg Holwell, some rights reserved (CC BY-NC);",76,cc_by_nc
"Photo: (c) Kelly, some rights reserved (CC BY-NC);",76,cc_by_nc
"Photo: (c) Sherry, some rights reserved (CC BY-NC);",76,cc_by_nc
"Photo: (c) Tan Kok Hui, some rights reserved (CC BY-NC);",76,cc_by_nc
"Photo: (c) Warren Chinn, some rights reserved (CC BY-NC);",76,cc_by_nc
"Photo: (c) Will Samson, some rights reserved (CC BY-NC);",76,cc_by_nc
"Photo: (c) nicolemiller, some rights reserved (CC BY-NC);",76,cc_by_nc
"Photo: (c) slartybart, some rights reserved (CC BY-NC);",76,cc_by_nc
"Photo: (c) tristan_g, some rights reserved (CC BY-NC);",76,cc_by_nc
"Photo: (c) tunohopurocks, some rights reserved (CC BY-NC);",76,cc_by_nc
"Photo: (c) Frazer Dale, some rights reserved (CC BY-NC);",75,cc_by_nc
"Photo: (c) Jenny Hanwell, some rights reserved (CC BY-NC);",75,cc_by_nc
"Photo: (c) Joseph Pallante, some rights reserved (CC BY-NC);",75,cc_by_nc
"Photo: (c) joelfaulkner, some rights reserved (CC BY-NC);",75,cc_by_nc
"Photo: (c) karinahadden, some rights reserved (CC BY-NC);",75,cc_by_nc
"Photo: (c) Brian Simison, some rights reserved (CC BY-NC);",74,cc_by_nc
"Photo: (c) Max Clark, some rights reserved (CC BY-NC);",74,cc_by_nc
"Photo: (c) frasergurney, some rights reserved (CC BY-NC);",74,cc_by_nc
"Photo: (c) meldesbois, some rights reserved (CC BY-NC);",74,cc_by_nc
"Photo: (c) Christine McCormack, some rights reserved (CC BY-NC);",73,cc_by_nc
"Photo: (c) James, some rights reserved (CC BY-NC);",73,cc_by_nc
"Photo: (c) Karin Stillberg, some rights reserved (CC BY-NC);",73,cc_by_nc
"Photo: (c) Kit Howard, some rights reserved (CC BY-NC);",73,cc_by_nc
"Photo: (c) wainuiomataintermediate, some rights reserved (CC BY-NC);",73,cc_by_nc
"Photo: (c) Anne Jackson, some rights reserved (CC BY-NC);",72,cc_by_nc
"Photo: (c) Ari & Mac, some rights reserved (CC BY-NC);",72,cc_by_nc
"Photo: (c) Hirere Ngamoki, some rights reserved (CC BY-NC);",72,cc_by_nc
"Photo: (c) Otto Hyink, some rights reserved (CC BY-NC);",72,cc_by_nc
"Photo: (c) faithcalizo, some rights reserved (CC BY-NC);",72,cc_by_nc
Creative Commons Attribution-NonCommercial 4.0 International,71,cc_by_nc
Image: All Rights Reserved http://rightsstatements.org/vocab/InC/1.0/ Copyright National Museum of Australia / CC BY-NC Text: Copyright National Museum of Australia / CC BY-NC https://creativecommons.org/licenses/by-nc/4.0/,71,cc_by_nc
"Photo: (c) franceswilson, some rights reserved (CC BY-NC);",71,cc_by_nc
"Photo: (c) jabba, some rights reserved (CC BY-NC);",71,cc_by_nc
"Photo: (c) jsimons, some rights reserved (CC BY-NC);",71,cc_by_nc
"Photo: (c) kphillips42, some rights reserved (CC BY-NC);",71,cc_by_nc
"Photo: (c) skogs_mark, some rights reserved (CC BY-NC);",71,cc_by_nc
"Photo: (c) sumacann, some rights reserved (CC BY-NC);",71,cc_by_nc
"Photo: (c) Aaron Harmer, some rights reserved (CC BY-NC);",70,cc_by_nc
"Photo: (c) Bryn Williams, some rights reserved (CC BY-NC);",70,cc_by_nc
"Photo: (c) Jeremiah Marsh, some rights reserved (CC BY-NC);",70,cc_by_nc
"Photo: (c) Kate Steeds, some rights reserved (CC BY-NC);",70,cc_by_nc
"Photo: (c) Tim, some rights reserved (CC BY-NC);",70,cc_by_nc
"Photo: (c) Zhaoxuan Li, some rights reserved (CC BY-NC);",70,cc_by_nc
"Photo: (c) aucklandgnome, some rights reserved (CC BY-NC);",70,cc_by_nc
"Photo: (c) groupfive, some rights reserved (CC BY-NC);",70,cc_by_nc
"Photo: (c) lydia-raza, some rights reserved (CC BY-NC);",70,cc_by_nc
"Photo: (c) ms10, some rights reserved (CC BY-NC);",70,cc_by_nc
"Photo: (c) rosielizzie, some rights reserved (CC BY-NC);",70,cc_by_nc
"Photo: (c) Lily Castle Tidwell, some rights reserved (CC BY-NC);",69,cc_by_nc
"Photo: (c) mandu1, some rights reserved (CC BY-NC);",69,cc_by_nc
"Photo: (c) samik, some rights reserved (CC BY-NC);",69,cc_by_nc
"Photo: (c) Wyatt, some rights reserved (CC BY-NC);",68,cc_by_nc
"Photo: (c) flo2018, some rights reserved (CC BY-NC);",68,cc_by_nc
"Photo: (c) Amelia Geary, some rights reserved (CC BY-NC);",67,cc_by_nc
"Photo: (c) alexiamarr, some rights reserved (CC BY-NC);",67,cc_by_nc
"Photo: (c) brb, some rights reserved (CC BY-NC);",67,cc_by_nc
"Photo: (c) groupone, some rights reserved (CC BY-NC);",67,cc_by_nc
"Photo: (c) sfbb2019_team_kea, some rights reserved (CC BY-NC);",67,cc_by_nc
"Photo: (c) Alex Breuhan, some rights reserved (CC BY-NC);",66,cc_by_nc
"Photo: (c) Bryan, some rights reserved (CC BY-NC);",66,cc_by_nc
"Photo: (c) Daniel Percy, some rights reserved (CC BY-NC);",66,cc_by_nc
"Photo: (c) Petra Gloyn, some rights reserved (CC BY-NC);",66,cc_by_nc
"Photo: (c) hhbioblitz, some rights reserved (CC BY-NC);",66,cc_by_nc
"Photo: (c) kaitlinmck, some rights reserved (CC BY-NC);",66,cc_by_nc
"Photo: (c) nicolm, some rights reserved (CC BY-NC);",66,cc_by_nc
"This work is licensed under the Creative Commons Attribution-NonCommercial 3.0 New Zealand (CC BY-NC 3.0 NZ) Licence, see https://creativecommons.org/licenses/by-nc/3.0/nz/",66,cc_by_nc
"Photo: (c) Alan Jolliffe, some rights reserved (CC BY-NC);",65,cc_by_nc
"Photo: (c) Matt Funaki, some rights reserved (CC BY-NC);",65,cc_by_nc
"Photo: (c) nilsr, some rights reserved (CC BY-NC);",65,cc_by_nc
"Photo: (c) prumnopytis, some rights reserved (CC BY-NC);",65,cc_by_nc
"Photo: (c) rubymoore, some rights reserved (CC BY-NC);",65,cc_by_nc
"Photo: (c) Dave Young, some rights reserved (CC BY-NC);",64,cc_by_nc
"Photo: (c) Jamie Scott, some rights reserved (CC BY-NC);",64,cc_by_nc
"Photo: (c) Nathaniel Bormans, some rights reserved (CC BY-NC);",64,cc_by_nc
"Photo: (c) blue7, some rights reserved (CC BY-NC);",64,cc_by_nc
"Photo: (c) lloyd_esler, some rights reserved (CC BY-NC);",64,cc_by_nc
"Photo: (c) z_mcgrath, some rights reserved (CC BY-NC);",64,cc_by_nc
"Photo: (c) donavin_de_jager, some rights reserved (CC BY-NC);",63,cc_by_nc
"Photo: (c) tam_topes, some rights reserved (CC BY-NC);",63,cc_by_nc
"Photo: (c) vincesap, some rights reserved (CC BY-NC);",63,cc_by_nc
"Photo: (c) wendy_fox, some rights reserved (CC BY-NC);",63,cc_by_nc
"Photo: (c) Alexandra Emery, some rights reserved (CC BY-NC);",62,cc_by_nc
"Photo: (c) Charles Fryett, some rights reserved (CC BY-NC);",62,cc_by_nc
"Photo: (c) Ollie Gibson, some rights reserved (CC BY-NC);",62,cc_by_nc
"Photo: (c) Rayha Samin, some rights reserved (CC BY-NC);",62,cc_by_nc
"Photo: (c) bcj, some rights reserved (CC BY-NC);",62,cc_by_nc
"Photo: (c) debaraj, some rights reserved (CC BY-NC);",62,cc_by_nc
"Photo: (c) evansh27, some rights reserved (CC BY-NC);",62,cc_by_nc
"Photo: (c) h2oxtreamholidayprogramme, some rights reserved (CC BY-NC);",62,cc_by_nc
"Photo: (c) kaitiaki-o-te-taiao, some rights reserved (CC BY-NC);",62,cc_by_nc
"Photo: (c) phoffmann, some rights reserved (CC BY-NC);",62,cc_by_nc
"Photo: (c) sallybain, some rights reserved (CC BY-NC);",62,cc_by_nc
"Copyright by author(s). Readers may make copies of this document for non-commercial purposes only, provided that this copyright notice appears on all such copies. (With the exceptions noted in http://researcharchive.lincoln.ac.nz/page/rights, this metadata is available under a Creative Commons Zero license.)",61,cc_by_nc
"Photo: (c) Ariel Nelson, some rights reserved (CC BY-NC);",61,cc_by_nc
"Photo: (c) David Riddell, some rights reserved (CC BY-NC);",61,cc_by_nc
"Photo: (c) Keith S, some rights reserved (CC BY-NC);",61,cc_by_nc
"Photo: (c) Robb, some rights reserved (CC BY-NC);",61,cc_by_nc
"Photo: (c) brandonint, some rights reserved (CC BY-NC);",61,cc_by_nc
"Photo: (c) foodforestnz, some rights reserved (CC BY-NC);",61,cc_by_nc
"Photo: (c) megfleury, some rights reserved (CC BY-NC);",61,cc_by_nc
"Photo: (c) parnell1, some rights reserved (CC BY-NC);",61,cc_by_nc
"Photo: (c) AUTsquidlab, some rights reserved (CC BY-NC);",60,cc_by_nc
"Photo: (c) Liam Wynn, some rights reserved (CC BY-NC);",60,cc_by_nc
"Photo: (c) Tony Renouf, some rights reserved (CC BY-NC);",60,cc_by_nc
"Photo: (c) cheryl_bee_right, some rights reserved (CC BY-NC);",60,cc_by_nc
"Photo: (c) chris_cosslett, some rights reserved (CC BY-NC);",60,cc_by_nc
"Photo: (c) dougalt, some rights reserved (CC BY-NC);",60,cc_by_nc
"Photo: (c) haggis, some rights reserved (CC BY-NC);",60,cc_by_nc
"Photo: (c) kate_curtis, some rights reserved (CC BY-NC);",60,cc_by_nc
"Photo: (c) riroriro, some rights reserved (CC BY-NC);",60,cc_by_nc
"Photo: (c) Andrew Townsend, some rights reserved (CC BY-NC);",59,cc_by_nc
"Photo: (c) Clare Hawkins, some rights reserved (CC BY-NC);",59,cc_by_nc
"Photo: (c) Letty Stupers, some rights reserved (CC BY-NC);",59,cc_by_nc
"Photo: (c) Paul Prior, some rights reserved (CC BY-NC);",59,cc_by_nc
"Photo: (c) chauncy, some rights reserved (CC BY-NC);",59,cc_by_nc
"Photo: (c) highlands, some rights reserved (CC BY-NC);",59,cc_by_nc
"Photo: (c) rubymac, some rights reserved (CC BY-NC);",59,cc_by_nc
"Photo: (c) totara, some rights reserved (CC BY-NC);",59,cc_by_nc
"Photo: (c) Briar Taylor Smith, some rights reserved (CC BY-NC);",58,cc_by_nc
"Photo: (c) Haig, some rights reserved (CC BY-NC);",58,cc_by_nc
"Photo: (c) Tracy Peters, some rights reserved (CC BY-NC);",58,cc_by_nc
"Photo: (c) celia_hall, some rights reserved (CC BY-NC);",58,cc_by_nc
"Photo: (c) giant_squid, some rights reserved (CC BY-NC);",58,cc_by_nc
"Photo: (c) group10, some rights reserved (CC BY-NC);",58,cc_by_nc
"Photo: (c) yonghuili, some rights reserved (CC BY-NC);",58,cc_by_nc
"Photo: (c) Dirk Pons, some rights reserved (CC BY-NC);",57,cc_by_nc
"Photo: (c) Shawn Su, some rights reserved (CC BY-NC);",57,cc_by_nc
"Photo: (c) allisonperez, some rights reserved (CC BY-NC);",57,cc_by_nc
"Photo: (c) britt_fb, some rights reserved (CC BY-NC);",57,cc_by_nc
"Photo: (c) hampton9, some rights reserved (CC BY-NC);",57,cc_by_nc
"Photo: (c) tessmcb, some rights reserved (CC BY-NC);",57,cc_by_nc
"Photo: (c) Beth Wishart, some rights reserved (CC BY-NC);",56,cc_by_nc
"Photo: (c) Cecilie Svenningsen, some rights reserved (CC BY-NC);",56,cc_by_nc
"Photo: (c) jamesmccarthy, some rights reserved (CC BY-NC);",56,cc_by_nc
"Photo: (c) jdenyer, some rights reserved (CC BY-NC);",56,cc_by_nc
"Photo: (c) marine_p, some rights reserved (CC BY-NC);",56,cc_by_nc
"Photo: (c) mikitojo36, some rights reserved (CC BY-NC);",56,cc_by_nc
"Photo: (c) sarah_ruth, some rights reserved (CC BY-NC);",56,cc_by_nc
"Photo: (c) Allan Wu, some rights reserved (CC BY-NC);",55,cc_by_nc
"Photo: (c) Gordon Walker, some rights reserved (CC BY-NC);",55,cc_by_nc
"Photo: (c) Karri Horton Hartley, some rights reserved (CC BY-NC);",55,cc_by_nc
"Photo: (c) cbeem, some rights reserved (CC BY-NC);",55,cc_by_nc
"Photo: (c) hannah834, some rights reserved (CC BY-NC);",55,cc_by_nc
"Photo: (c) ivyboots, some rights reserved (CC BY-NC);",55,cc_by_nc
"Photo: (c) seaseeker, some rights reserved (CC BY-NC);",55,cc_by_nc
CC:BY-NC,54,cc_by_nc
Creative Commons Attribution-Non Commercial (BY-NC) licence,54,cc_by_nc
"Photo: (c) Courtney Tregurtha-Nairn, some rights reserved (CC BY-NC);",54,cc_by_nc
"Photo: (c) Wellington Underwater Club, some rights reserved (CC BY-NC);",54,cc_by_nc
"Photo: (c) ellenwgtn, some rights reserved (CC BY-NC);",54,cc_by_nc
"Photo: (c) jaylum, some rights reserved (CC BY-NC);",54,cc_by_nc
"Photo: (c) murielbendel, some rights reserved (CC BY-NC);",54,cc_by_nc
"Photo: (c) nils_jacques, some rights reserved (CC BY-NC);",54,cc_by_nc
"Photo: (c) normandaleschool, some rights reserved (CC BY-NC);",54,cc_by_nc
"Photo: (c) tuiglenschoolstokesvalley, some rights reserved (CC BY-NC);",54,cc_by_nc
CC BY-NC 4.0,53,cc_by_nc
"Photo: (c) Dan Ducker, some rights reserved (CC BY-NC);",53,cc_by_nc
"Photo: (c) Julie Gillespie, some rights reserved (CC BY-NC);",53,cc_by_nc
"Photo: (c) Lindsay Alexander, some rights reserved (CC BY-NC);",53,cc_by_nc
"Photo: (c) environmentsouthland, some rights reserved (CC BY-NC);",53,cc_by_nc
"Photo: (c) hedley, some rights reserved (CC BY-NC);",53,cc_by_nc
"Photo: (c) wattsh2, some rights reserved (CC BY-NC);",53,cc_by_nc
"Photo: (c) xplore, some rights reserved (CC BY-NC);",53,cc_by_nc
"Photo: (c) Alan, some rights reserved (CC BY-NC);",52,cc_by_nc
"Photo: (c) Matt Upton, some rights reserved (CC BY-NC);",52,cc_by_nc
"Photo: (c) Nick, some rights reserved (CC BY-NC);",52,cc_by_nc
"Photo: (c) Rebecca Bowater, some rights reserved (CC BY-NC);",52,cc_by_nc
"Photo: (c) Tom, some rights reserved (CC BY-NC);",52,cc_by_nc
"Photo: (c) William, some rights reserved (CC BY-NC);",52,cc_by_nc
"Photo: (c) ashley, some rights reserved (CC BY-NC);",52,cc_by_nc
"Photo: (c) makaraschool, some rights reserved (CC BY-NC);",52,cc_by_nc
"Photo: (c) nsturgess, some rights reserved (CC BY-NC);",52,cc_by_nc
"Photo: (c) pcromarty, some rights reserved (CC BY-NC);",52,cc_by_nc
"Photo: (c) tng44, some rights reserved (CC BY-NC);",52,cc_by_nc
"Photo: (c) wodwo, some rights reserved (CC BY-NC);",52,cc_by_nc
"Photo: (c) Andrew, some rights reserved (CC BY-NC);",51,cc_by_nc
"Photo: (c) Fiona Fenton, some rights reserved (CC BY-NC);",51,cc_by_nc
"Photo: (c) andrewlovins, some rights reserved (CC BY-NC);",51,cc_by_nc
"Photo: (c) benackerley, some rights reserved (CC BY-NC);",51,cc_by_nc
"Photo: (c) chen shen, some rights reserved (CC BY-NC);",51,cc_by_nc
"Photo: (c) floragastrell, some rights reserved (CC BY-NC);",51,cc_by_nc
"Photo: (c) jillian_albert, some rights reserved (CC BY-NC);",51,cc_by_nc
"Photo: (c) laurac, some rights reserved (CC BY-NC);",51,cc_by_nc
"Photo: (c) madelinesutherland, some rights reserved (CC BY-NC);",51,cc_by_nc
"Photo: (c) oakleycreek33, some rights reserved (CC BY-NC);",51,cc_by_nc
"Photo: (c) tara236, some rights reserved (CC BY-NC);",51,cc_by_nc
"Photo: (c) tommoh, some rights reserved (CC BY-NC);",51,cc_by_nc
"Photo: (c) waitorikischool, some rights reserved (CC BY-NC);",51,cc_by_nc
"Photo: (c) Al Glen, some rights reserved (CC BY-NC);",50,cc_by_nc
"Photo: (c) Experiencing Marine Reserves, some rights reserved (CC BY-NC);",50,cc_by_nc
"Photo: (c) Zoe, some rights reserved (CC BY-NC);",50,cc_by_nc
"Photo: (c) alwaystheshyone, some rights reserved (CC BY-NC);",50,cc_by_nc
"Photo: (c) cmnowak, some rights reserved (CC BY-NC);",50,cc_by_nc
"Photo: (c) cvervoorn, some rights reserved (CC BY-NC);",50,cc_by_nc
"Photo: (c) eixhwk, some rights reserved (CC BY-NC);",50,cc_by_nc
"Photo: (c) marystgeorge, some rights reserved (CC BY-NC);",50,cc_by_nc
"Photo: (c) nweinzweig, some rights reserved (CC BY-NC);",50,cc_by_nc
"Photo: (c) phoebeb, some rights reserved (CC BY-NC);",50,cc_by_nc
"Photo: (c) wellesleystem, some rights reserved (CC BY-NC);",50,cc_by_nc
Authors retain the right to place his/her publication version of the work on a personal website or institutional repository for non commercial purposes. The definitive version was published in (see Citation). The original publication is available at (see Publisher’s Version).,49,cc_by_nc
Licensed under Creative Commons Attribution-NonCommercial 4.0 International CC BY-NC 4.0 cc https://creativecommons.org/licenses/by-nc/4.0/,49,cc_by_nc
"Photo: (c) Kate Augustine, some rights reserved (CC BY-NC);",49,cc_by_nc
"Photo: (c) Ness Horwell, some rights reserved (CC BY-NC);",49,cc_by_nc
"Photo: (c) Peter Sweetapple, some rights reserved (CC BY-NC);",49,cc_by_nc
"Photo: (c) Rachel Nepia, some rights reserved (CC BY-NC);",49,cc_by_nc
"Photo: (c) Shanta Budha-Magar, some rights reserved (CC BY-NC);",49,cc_by_nc
"Photo: (c) abec, some rights reserved (CC BY-NC);",49,cc_by_nc
"Photo: (c) jessrosaliemiller, some rights reserved (CC BY-NC);",49,cc_by_nc
"Photo: (c) kady_johnston, some rights reserved (CC BY-NC);",49,cc_by_nc
"Photo: (c) kereruking, some rights reserved (CC BY-NC);",49,cc_by_nc
"Photo: (c) maxlich, some rights reserved (CC BY-NC);",49,cc_by_nc
"Photo: (c) rewielliot, some rights reserved (CC BY-NC);",49,cc_by_nc
"Photo: (c) Cat's eye Gully, some rights reserved (CC BY-NC);",48,cc_by_nc
"Photo: (c) Duncan Ross, some rights reserved (CC BY-NC);",48,cc_by_nc
"Photo: (c) Maud Bernard-Verdier, some rights reserved (CC BY-NC);",48,cc_by_nc
"Photo: (c) Mon, some rights reserved (CC BY-NC);",48,cc_by_nc
"Photo: (c) adriana74, some rights reserved (CC BY-NC);",48,cc_by_nc
"Photo: (c) dannali, some rights reserved (CC BY-NC);",48,cc_by_nc
"Photo: (c) fiestykakapo, some rights reserved (CC BY-NC);",48,cc_by_nc
"Photo: (c) frasercrescent, some rights reserved (CC BY-NC);",48,cc_by_nc
"Photo: (c) josh364, some rights reserved (CC BY-NC);",48,cc_by_nc
"Photo: (c) kate_mcalpine, some rights reserved (CC BY-NC);",48,cc_by_nc
"Photo: (c) mandln, some rights reserved (CC BY-NC);",48,cc_by_nc
"Photo: (c) marfell, some rights reserved (CC BY-NC);",48,cc_by_nc
"Photo: (c) mike68lusk, some rights reserved (CC BY-NC);",48,cc_by_nc
"Photo: (c) Christina Stet, some rights reserved (CC BY-NC);",47,cc_by_nc
"Photo: (c) Nick Gastrell, some rights reserved (CC BY-NC);",47,cc_by_nc
"Photo: (c) Richard Nichol, some rights reserved (CC BY-NC);",47,cc_by_nc
"Photo: (c) adrian peachey, some rights reserved (CC BY-NC);",47,cc_by_nc
"Photo: (c) arakura209, some rights reserved (CC BY-NC);",47,cc_by_nc
"Photo: (c) griffis3, some rights reserved (CC BY-NC);",47,cc_by_nc
"Photo: (c) jandkmorison, some rights reserved (CC BY-NC);",47,cc_by_nc
"Photo: (c) lydiaishome, some rights reserved (CC BY-NC);",47,cc_by_nc
"Photo: (c) porirua, some rights reserved (CC BY-NC);",47,cc_by_nc
"Photo: (c) selwynq, some rights reserved (CC BY-NC);",47,cc_by_nc
"NCW Licence 23. The interviewee agrees to this photograph being used in publications associated with the project and being exhibited in a museum, library or other public space. Licensed for non-commercial use, in part or whole, in compliance with the above conditions of use. Attribution to Women's Voices project, NCW (Christchurch). The copyright rests with creator of the photograph.",46,cc_by_nc
"Photo: (c) Amy Christie, some rights reserved (CC BY-NC);",46,cc_by_nc
"Photo: (c) Bruce McKinlay, some rights reserved (CC BY-NC);",46,cc_by_nc
"Photo: (c) Elvisa, some rights reserved (CC BY-NC);",46,cc_by_nc
"Photo: (c) Gill Stewart, some rights reserved (CC BY-NC);",46,cc_by_nc
"Photo: (c) Katie Jenkins, some rights reserved (CC BY-NC);",46,cc_by_nc
"Photo: (c) Ken, some rights reserved (CC BY-NC);",46,cc_by_nc
"Photo: (c) Rhys Taylor, some rights reserved (CC BY-NC);",46,cc_by_nc
"Photo: (c) Robbie Graham, some rights reserved (CC BY-NC);",46,cc_by_nc
"Photo: (c) cat123, some rights reserved (CC BY-NC);",46,cc_by_nc
"Photo: (c) erica_cismoski, some rights reserved (CC BY-NC);",46,cc_by_nc
"Photo: (c) feison, some rights reserved (CC BY-NC);",46,cc_by_nc
"Photo: (c) greengeckos, some rights reserved (CC BY-NC);",46,cc_by_nc
"Photo: (c) katiecoster, some rights reserved (CC BY-NC);",46,cc_by_nc
"Photo: (c) tkotp, some rights reserved (CC BY-NC);",46,cc_by_nc
"Photo: (c) westendtekuraomorere, some rights reserved (CC BY-NC);",46,cc_by_nc
"Photo: (c) Brittany Pearce, some rights reserved (CC BY-NC);",45,cc_by_nc
"Photo: (c) Chris, some rights reserved (CC BY-NC);",45,cc_by_nc
"Photo: (c) Matthieu Gauvain, some rights reserved (CC BY-NC);",45,cc_by_nc
"Photo: (c) Nathan, some rights reserved (CC BY-NC);",45,cc_by_nc
"Photo: (c) Seymour, some rights reserved (CC BY-NC);",45,cc_by_nc
"Photo: (c) hartabi, some rights reserved (CC BY-NC);",45,cc_by_nc
"Photo: (c) johnnybirder, some rights reserved (CC BY-NC);",45,cc_by_nc
"Photo: (c) khayhurst, some rights reserved (CC BY-NC);",45,cc_by_nc
"Photo: (c) marsdentrapping, some rights reserved (CC BY-NC);",45,cc_by_nc
"Photo: (c) Anita Gould, some rights reserved (CC BY-NC);",44,cc_by_nc
"Photo: (c) Blair Harris, some rights reserved (CC BY-NC);",44,cc_by_nc
"Photo: (c) Dennis White, some rights reserved (CC BY-NC);",44,cc_by_nc
"Photo: (c) Mark Parker, some rights reserved (CC BY-NC);",44,cc_by_nc
"Photo: (c) Sonia W., some rights reserved (CC BY-NC);",44,cc_by_nc
"Photo: (c) akerunga, some rights reserved (CC BY-NC);",44,cc_by_nc
"Photo: (c) altobejo, some rights reserved (CC BY-NC);",44,cc_by_nc
"Photo: (c) aramata, some rights reserved (CC BY-NC);",44,cc_by_nc
"Photo: (c) caseyjanenz, some rights reserved (CC BY-NC);",44,cc_by_nc
"Photo: (c) hazara, some rights reserved (CC BY-NC);",44,cc_by_nc
"Photo: (c) hjc74, some rights reserved (CC BY-NC);",44,cc_by_nc
"Photo: (c) paremata1, some rights reserved (CC BY-NC);",44,cc_by_nc
"Photo: (c) ricjo007, some rights reserved (CC BY-NC);",44,cc_by_nc
"Photo: (c) tonygreen, some rights reserved (CC BY-NC);",44,cc_by_nc
"Photo: (c) Madara Vilde, some rights reserved (CC BY-NC);",43,cc_by_nc
"Photo: (c) Mike Reeves-McMillan, some rights reserved (CC BY-NC);",43,cc_by_nc
"Photo: (c) Peter Hamill, some rights reserved (CC BY-NC);",43,cc_by_nc
"Photo: (c) davodogster, some rights reserved (CC BY-NC);",43,cc_by_nc
"Photo: (c) dianem57, some rights reserved (CC BY-NC);",43,cc_by_nc
"Photo: (c) fayzbearz, some rights reserved (CC BY-NC);",43,cc_by_nc
"Photo: (c) huyng142, some rights reserved (CC BY-NC);",43,cc_by_nc
"Photo: (c) miriamsherratt, some rights reserved (CC BY-NC);",43,cc_by_nc
"Photo: (c) monroem94, some rights reserved (CC BY-NC);",43,cc_by_nc
"Photo: (c) rogerfrost, some rights reserved (CC BY-NC);",43,cc_by_nc
"Photo: (c) rvennell, some rights reserved (CC BY-NC);",43,cc_by_nc
"Photo: (c) vhayjay, some rights reserved (CC BY-NC);",43,cc_by_nc
"Photo: (c) Carey_Knox_Southern_Scales, some rights reserved (CC BY-NC);",42,cc_by_nc
"Photo: (c) Graeme Ure, some rights reserved (CC BY-NC);",42,cc_by_nc
"Photo: (c) James Bailey, some rights reserved (CC BY-NC);",42,cc_by_nc
"Photo: (c) Jenny Donald, some rights reserved (CC BY-NC);",42,cc_by_nc
"Photo: (c) Martinha da Conceicao Amaral, some rights reserved (CC BY-NC);",42,cc_by_nc
"Photo: (c) Maui Duley, some rights reserved (CC BY-NC);",42,cc_by_nc
"Photo: (c) Peter Cooper, some rights reserved (CC BY-NC);",42,cc_by_nc
"Photo: (c) aleewon, some rights reserved (CC BY-NC);",42,cc_by_nc
"Photo: (c) bugshroom, some rights reserved (CC BY-NC);",42,cc_by_nc
"Photo: (c) cbeard, some rights reserved (CC BY-NC);",42,cc_by_nc
"Photo: (c) group11, some rights reserved (CC BY-NC);",42,cc_by_nc
"Photo: (c) jessicaleach, some rights reserved (CC BY-NC);",42,cc_by_nc
"Photo: (c) marcela_moreno, some rights reserved (CC BY-NC);",42,cc_by_nc
"Photo: (c) naturewu, some rights reserved (CC BY-NC);",42,cc_by_nc
"Photo: (c) seymourburgess, some rights reserved (CC BY-NC);",42,cc_by_nc
"Photo: (c) will5000, some rights reserved (CC BY-NC);",42,cc_by_nc
Creative Commons Licence: Attribution-Noncommercial CC BY-NC,41,cc_by_nc
"Photo: (c) Amaya M., some rights reserved (CC BY-NC);",41,cc_by_nc
"Photo: (c) Breanna, some rights reserved (CC BY-NC);",41,cc_by_nc
"Photo: (c) Bruce Burns, some rights reserved (CC BY-NC);",41,cc_by_nc
"Photo: (c) Daniel Bennett, some rights reserved (CC BY-NC);",41,cc_by_nc
"Photo: (c) Elle, some rights reserved (CC BY-NC);",41,cc_by_nc
"Photo: (c) Murilo Furtado, some rights reserved (CC BY-NC);",41,cc_by_nc
"Photo: (c) akechukyan, some rights reserved (CC BY-NC);",41,cc_by_nc
"Photo: (c) bethanyhb, some rights reserved (CC BY-NC);",41,cc_by_nc
"Photo: (c) charbailie, some rights reserved (CC BY-NC);",41,cc_by_nc
"Photo: (c) isaiah123, some rights reserved (CC BY-NC);",41,cc_by_nc
"Photo: (c) lpsfzj, some rights reserved (CC BY-NC);",41,cc_by_nc
"Photo: (c) room14, some rights reserved (CC BY-NC);",41,cc_by_nc
"Photo: (c) waitaracentral, some rights reserved (CC BY-NC);",41,cc_by_nc
"Photo: (c) Carolyn Stewart, some rights reserved (CC BY-NC);",40,cc_by_nc
"Photo: (c) Chaitanya P, some rights reserved (CC BY-NC);",40,cc_by_nc
"Photo: (c) Project Baseline Wellington, some rights reserved (CC BY-NC);",40,cc_by_nc
"Photo: (c) amezia, some rights reserved (CC BY-NC);",40,cc_by_nc
"Photo: (c) andrewbuggin, some rights reserved (CC BY-NC);",40,cc_by_nc
"Photo: (c) carolynb, some rights reserved (CC BY-NC);",40,cc_by_nc
"Photo: (c) incagold, some rights reserved (CC BY-NC);",40,cc_by_nc
"Photo: (c) jenandjosh, some rights reserved (CC BY-NC);",40,cc_by_nc
"Photo: (c) jorticus, some rights reserved (CC BY-NC);",40,cc_by_nc
"Photo: (c) leon_ord-walton, some rights reserved (CC BY-NC);",40,cc_by_nc
"Photo: (c) mgrainger, some rights reserved (CC BY-NC);",40,cc_by_nc
"Photo: (c) nickbeattie, some rights reserved (CC BY-NC);",40,cc_by_nc
"Photo: (c) oakuranp, some rights reserved (CC BY-NC);",40,cc_by_nc
"Photo: (c) ruatoki, some rights reserved (CC BY-NC);",40,cc_by_nc
"Photo: (c) stuart-barton3, some rights reserved (CC BY-NC);",40,cc_by_nc
"Photo: (c) CANYON RICHENS, some rights reserved (CC BY-NC);",39,cc_by_nc
"Photo: (c) Emilie & Victoria, some rights reserved (CC BY-NC);",39,cc_by_nc
"Photo: (c) Max G.W. Verheij, some rights reserved (CC BY-NC);",39,cc_by_nc
"Photo: (c) Peter Hodge, some rights reserved (CC BY-NC);",39,cc_by_nc
"Photo: (c) Thomas McElroy, some rights reserved (CC BY-NC);",39,cc_by_nc
"Photo: (c) benteele, some rights reserved (CC BY-NC);",39,cc_by_nc
"Photo: (c) binnssu, some rights reserved (CC BY-NC);",39,cc_by_nc
"Photo: (c) bridgetb, some rights reserved (CC BY-NC);",39,cc_by_nc
"Photo: (c) divingbelle, some rights reserved (CC BY-NC);",39,cc_by_nc
"Photo: (c) gpohl, some rights reserved (CC BY-NC);",39,cc_by_nc
"Photo: (c) lilian_prinsen, some rights reserved (CC BY-NC);",39,cc_by_nc
"Photo: (c) localwildlifephotographer, some rights reserved (CC BY-NC);",39,cc_by_nc
"Photo: (c) matt-walters, some rights reserved (CC BY-NC);",39,cc_by_nc
"Photo: (c) melsmell, some rights reserved (CC BY-NC);",39,cc_by_nc
"Photo: (c) muruparagirl, some rights reserved (CC BY-NC);",39,cc_by_nc
"Photo: (c) ngaio, some rights reserved (CC BY-NC);",39,cc_by_nc
"Photo: (c) shirley-zeng, some rights reserved (CC BY-NC);",39,cc_by_nc
"Photo: (c) valentineb, some rights reserved (CC BY-NC);",39,cc_by_nc
"Photo: (c) Alexey P. Seregin, some rights reserved (CC BY-NC);",38,cc_by_nc
"Photo: (c) Elaine Burgess, some rights reserved (CC BY-NC);",38,cc_by_nc
"Photo: (c) Manu Somerville, some rights reserved (CC BY-NC);",38,cc_by_nc
"Photo: (c) Mees van Wagtendonk, some rights reserved (CC BY-NC);",38,cc_by_nc
"Photo: (c) ProjectIceNine, some rights reserved (CC BY-NC);",38,cc_by_nc
"Photo: (c) amber, some rights reserved (CC BY-NC);",38,cc_by_nc
"Photo: (c) corinnaschool, some rights reserved (CC BY-NC);",38,cc_by_nc
"Photo: (c) ebworld, some rights reserved (CC BY-NC);",38,cc_by_nc
"Photo: (c) ernslawnorthstaff, some rights reserved (CC BY-NC);",38,cc_by_nc
"Photo: (c) glenview, some rights reserved (CC BY-NC);",38,cc_by_nc
"Photo: (c) katescanlan, some rights reserved (CC BY-NC);",38,cc_by_nc
"Photo: (c) kirapaik, some rights reserved (CC BY-NC);",38,cc_by_nc
"Photo: (c) rab194, some rights reserved (CC BY-NC);",38,cc_by_nc
"Photo: (c) sassafrassuz, some rights reserved (CC BY-NC);",38,cc_by_nc
"Photo: (c) soniah, some rights reserved (CC BY-NC);",38,cc_by_nc
"Photo: (c) superhuels, some rights reserved (CC BY-NC);",38,cc_by_nc
"Photo: (c) waiopehu, some rights reserved (CC BY-NC);",38,cc_by_nc
"Photo: (c) Andy Wech, some rights reserved (CC BY-NC);",37,cc_by_nc
"Photo: (c) CSI Pukekawa, some rights reserved (CC BY-NC);",37,cc_by_nc
"Photo: (c) Catherine Yasuda, some rights reserved (CC BY-NC);",37,cc_by_nc
"Photo: (c) Fiona Rosalind Johnston, some rights reserved (CC BY-NC);",37,cc_by_nc
"Photo: (c) Ielemia Maheu, some rights reserved (CC BY-NC);",37,cc_by_nc
"Photo: (c) Jake Andersen, some rights reserved (CC BY-NC);",37,cc_by_nc
"Photo: (c) Mark H, some rights reserved (CC BY-NC);",37,cc_by_nc
"Photo: (c) Robert McKee, some rights reserved (CC BY-NC);",37,cc_by_nc
"Photo: (c) Semra, some rights reserved (CC BY-NC);",37,cc_by_nc
"Photo: (c) coldbanana, some rights reserved (CC BY-NC);",37,cc_by_nc
"Photo: (c) judehooson, some rights reserved (CC BY-NC);",37,cc_by_nc
"Photo: (c) krebs, some rights reserved (CC BY-NC);",37,cc_by_nc
"Photo: (c) krmorison, some rights reserved (CC BY-NC);",37,cc_by_nc
"Photo: (c) niftygadget, some rights reserved (CC BY-NC);",37,cc_by_nc
"Photo: (c) snakeinmypocket, some rights reserved (CC BY-NC);",37,cc_by_nc
"Photo: (c) tobyshanley, some rights reserved (CC BY-NC);",37,cc_by_nc
"Photo: (c) wendyk5, some rights reserved (CC BY-NC);",37,cc_by_nc
"Photo: (c) Bruno P. Kinoshita, some rights reserved (CC BY-NC);",36,cc_by_nc
"Photo: (c) Charles Barrie, some rights reserved (CC BY-NC);",36,cc_by_nc
"Photo: (c) Jo Virens, some rights reserved (CC BY-NC);",36,cc_by_nc
"Photo: (c) ashleighh, some rights reserved (CC BY-NC);",36,cc_by_nc
"Photo: (c) calumethan, some rights reserved (CC BY-NC);",36,cc_by_nc
"Photo: (c) francisdouglas, some rights reserved (CC BY-NC);",36,cc_by_nc
"Photo: (c) illanonline, some rights reserved (CC BY-NC);",36,cc_by_nc
"Photo: (c) mkcws6we99xq, some rights reserved (CC BY-NC);",36,cc_by_nc
"Photo: (c) msr, some rights reserved (CC BY-NC);",36,cc_by_nc
"Photo: (c) roomone, some rights reserved (CC BY-NC);",36,cc_by_nc
"Photo: (c) shs, some rights reserved (CC BY-NC);",36,cc_by_nc
"Photo: (c) taylorsmith, some rights reserved (CC BY-NC);",36,cc_by_nc
"Photo: (c) teohung, some rights reserved (CC BY-NC);",36,cc_by_nc
"Photo: (c) valerie-cao, some rights reserved (CC BY-NC);",36,cc_by_nc
"Photo: (c) Anja, some rights reserved (CC BY-NC);",35,cc_by_nc
"Photo: (c) Christina Tuithof, some rights reserved (CC BY-NC);",35,cc_by_nc
"Photo: (c) Community Waitakere, some rights reserved (CC BY-NC);",35,cc_by_nc
"Photo: (c) Dircia Sarmento Belo, some rights reserved (CC BY-NC);",35,cc_by_nc
"Photo: (c) Elly Arnst, some rights reserved (CC BY-NC);",35,cc_by_nc
"Photo: (c) Emma, some rights reserved (CC BY-NC);",35,cc_by_nc
"Photo: (c) Mark, some rights reserved (CC BY-NC);",35,cc_by_nc
"Photo: (c) Sergio Díaz-Martínez, some rights reserved (CC BY-NC);",35,cc_by_nc
"Photo: (c) amandajeanblack, some rights reserved (CC BY-NC);",35,cc_by_nc
"Photo: (c) group3, some rights reserved (CC BY-NC);",35,cc_by_nc
"Photo: (c) hazelvalerie, some rights reserved (CC BY-NC);",35,cc_by_nc
"Photo: (c) hkettles, some rights reserved (CC BY-NC);",35,cc_by_nc
"Photo: (c) hollymcildowie, some rights reserved (CC BY-NC);",35,cc_by_nc
"Photo: (c) j_ashcroft, some rights reserved (CC BY-NC);",35,cc_by_nc
"Photo: (c) jane76, some rights reserved (CC BY-NC);",35,cc_by_nc
"Photo: (c) laraendersby, some rights reserved (CC BY-NC);",35,cc_by_nc
"Photo: (c) lyneke, some rights reserved (CC BY-NC);",35,cc_by_nc
"Photo: (c) nigel_charman, some rights reserved (CC BY-NC);",35,cc_by_nc
"Photo: (c) rsiddharth97, some rights reserved (CC BY-NC);",35,cc_by_nc
"Photo: (c) scpp16, some rights reserved (CC BY-NC);",35,cc_by_nc
"Photo: (c) Ashley Campbell, some rights reserved (CC BY-NC);",34,cc_by_nc
"Photo: (c) Chris Harrison, some rights reserved (CC BY-NC);",34,cc_by_nc
"Photo: (c) Hayden Jones, some rights reserved (CC BY-NC);",34,cc_by_nc
"Photo: (c) Jo, some rights reserved (CC BY-NC);",34,cc_by_nc
"Photo: (c) Sascha Schulz, some rights reserved (CC BY-NC);",34,cc_by_nc
"Photo: (c) Svenja, some rights reserved (CC BY-NC);",34,cc_by_nc
"Photo: (c) Toh-asa, some rights reserved (CC BY-NC);",34,cc_by_nc
"Photo: (c) Zak Argabrite, some rights reserved (CC BY-NC);",34,cc_by_nc
"Photo: (c) caraclark-howard37, some rights reserved (CC BY-NC);",34,cc_by_nc
"Photo: (c) clareblencowe, some rights reserved (CC BY-NC);",34,cc_by_nc
"Photo: (c) curious-two, some rights reserved (CC BY-NC);",34,cc_by_nc
"Photo: (c) erin_forsyth, some rights reserved (CC BY-NC);",34,cc_by_nc
"Photo: (c) jaznmorris, some rights reserved (CC BY-NC);",34,cc_by_nc
"Photo: (c) loribrummer, some rights reserved (CC BY-NC);",34,cc_by_nc
"Photo: (c) rbhadury, some rights reserved (CC BY-NC);",34,cc_by_nc
"Photo: (c) tatianacaseley, some rights reserved (CC BY-NC);",34,cc_by_nc
"Photo: (c) totaraparkschool, some rights reserved (CC BY-NC);",34,cc_by_nc
"Photo: (c) woodylee, some rights reserved (CC BY-NC);",34,cc_by_nc
"Photo: (c) xiaolizhou, some rights reserved (CC BY-NC);",34,cc_by_nc
"Text and images are owned, held, or licensed by Springfield College and are available for personal, non-commercial, and educational use, provided that ownership is properly cited. A credit line is required and should read: Courtesy of Springfield College, Babson Library, Archives and Special Collections. Any commercial use without written permission from Springfield College is strictly prohibited. Other individuals or entities other than, and in addition to, Springfield College may also own copyrights and other propriety rights. The publishing, exhibiting, or broadcasting party assumes all responsibility for clearing reproduction rights and for any infringement of United States copyright law. Contact host institution for more information.",34,cc_by_nc
"Photo: (c) Amanda Waller, some rights reserved (CC BY-NC);",33,cc_by_nc
"Photo: (c) Sophie, some rights reserved (CC BY-NC);",33,cc_by_nc
"Photo: (c) amybell, some rights reserved (CC BY-NC);",33,cc_by_nc
"Photo: (c) dmclean, some rights reserved (CC BY-NC);",33,cc_by_nc
"Photo: (c) graham9a, some rights reserved (CC BY-NC);",33,cc_by_nc
"Photo: (c) jackdboyd, some rights reserved (CC BY-NC);",33,cc_by_nc
"Photo: (c) jennyfraser, some rights reserved (CC BY-NC);",33,cc_by_nc
"Photo: (c) kate001, some rights reserved (CC BY-NC);",33,cc_by_nc
"Photo: (c) matt_harper, some rights reserved (CC BY-NC);",33,cc_by_nc
"Photo: (c) mim, some rights reserved (CC BY-NC);",33,cc_by_nc
"Photo: (c) motukairangi, some rights reserved (CC BY-NC);",33,cc_by_nc
"Photo: (c) petaimmaca68, some rights reserved (CC BY-NC);",33,cc_by_nc
"Photo: (c) sgmarquez, some rights reserved (CC BY-NC);",33,cc_by_nc
"Photo: (c) shawnj, some rights reserved (CC BY-NC);",33,cc_by_nc
"Photo: (c) tesssprawson, some rights reserved (CC BY-NC);",33,cc_by_nc
"Photo: (c) utomoa, some rights reserved (CC BY-NC);",33,cc_by_nc
"Photo: (c) vincent_baudraz, some rights reserved (CC BY-NC);",33,cc_by_nc
"Photo: (c) wainui, some rights reserved (CC BY-NC);",33,cc_by_nc
"Photo: (c) zonsop, some rights reserved (CC BY-NC);",33,cc_by_nc
Creative Commons Attribution-NonCommercial 4.0 International License. Copyright on this material is owned by The Wairoa Star and is not available for commercial use without their consent.,32,cc_by_nc
"Photo: (c) Erin Faulkner, some rights reserved (CC BY-NC);",32,cc_by_nc
"Photo: (c) Frances, some rights reserved (CC BY-NC);",32,cc_by_nc
"Photo: (c) John Elliott, some rights reserved (CC BY-NC);",32,cc_by_nc
"Photo: (c) Mitch L, some rights reserved (CC BY-NC);",32,cc_by_nc
"Photo: (c) Wei Li Jiang, some rights reserved (CC BY-NC);",32,cc_by_nc
"Photo: (c) Wy Wang, some rights reserved (CC BY-NC);",32,cc_by_nc
"Photo: (c) albach, some rights reserved (CC BY-NC);",32,cc_by_nc
"Photo: (c) connorimeson, some rights reserved (CC BY-NC);",32,cc_by_nc
"Photo: (c) creek, some rights reserved (CC BY-NC);",32,cc_by_nc
"Photo: (c) danac, some rights reserved (CC BY-NC);",32,cc_by_nc
"Photo: (c) fernridge, some rights reserved (CC BY-NC);",32,cc_by_nc
"Photo: (c) guerrilla, some rights reserved (CC BY-NC);",32,cc_by_nc
"Photo: (c) heenic, some rights reserved (CC BY-NC);",32,cc_by_nc
"Photo: (c) joanna_tennent, some rights reserved (CC BY-NC);",32,cc_by_nc
"Photo: (c) kstenman, some rights reserved (CC BY-NC);",32,cc_by_nc
"Photo: (c) papatuanuku, some rights reserved (CC BY-NC);",32,cc_by_nc
"Photo: (c) paremata2, some rights reserved (CC BY-NC);",32,cc_by_nc
"Photo: (c) paulakateh, some rights reserved (CC BY-NC);",32,cc_by_nc
"Photo: (c) room5auroa2017, some rights reserved (CC BY-NC);",32,cc_by_nc
"Photo: (c) russellclarke, some rights reserved (CC BY-NC);",32,cc_by_nc
"Photo: (c) shan_peng, some rights reserved (CC BY-NC);",32,cc_by_nc
"Photo: (c) tuiglenschool, some rights reserved (CC BY-NC);",32,cc_by_nc
"Photo: (c) velvety_worms, some rights reserved (CC BY-NC);",32,cc_by_nc
"Photo: (c) wellingtonsda, some rights reserved (CC BY-NC);",32,cc_by_nc
"Photo: (c) william_mccormick, some rights reserved (CC BY-NC);",32,cc_by_nc
"Photo: (c) yvonnewell, some rights reserved (CC BY-NC);",32,cc_by_nc
"Photo: (c) Anna Kosub, some rights reserved (CC BY-NC);",31,cc_by_nc
"Photo: (c) Colleen Hourston, some rights reserved (CC BY-NC);",31,cc_by_nc
"Photo: (c) Hanna Jacobsen, some rights reserved (CC BY-NC);",31,cc_by_nc
"Photo: (c) Jemma Harnett, some rights reserved (CC BY-NC);",31,cc_by_nc
"Photo: (c) Letitia Lum, some rights reserved (CC BY-NC);",31,cc_by_nc
"Photo: (c) Wendy Ambury, some rights reserved (CC BY-NC);",31,cc_by_nc
"Photo: (c) alexburton, some rights reserved (CC BY-NC);",31,cc_by_nc
"Photo: (c) bls55, some rights reserved (CC BY-NC);",31,cc_by_nc
"Photo: (c) cheesymorts, some rights reserved (CC BY-NC);",31,cc_by_nc
"Photo: (c) cschnebly, some rights reserved (CC BY-NC);",31,cc_by_nc
"Photo: (c) ebrownson, some rights reserved (CC BY-NC);",31,cc_by_nc
"Photo: (c) hayleyswan, some rights reserved (CC BY-NC);",31,cc_by_nc
"Photo: (c) henryv, some rights reserved (CC BY-NC);",31,cc_by_nc
"Photo: (c) hetahall, some rights reserved (CC BY-NC);",31,cc_by_nc
"Photo: (c) ianmhunt, some rights reserved (CC BY-NC);",31,cc_by_nc
"Photo: (c) jeanro, some rights reserved (CC BY-NC);",31,cc_by_nc
"Photo: (c) ljchisholm, some rights reserved (CC BY-NC);",31,cc_by_nc
"Photo: (c) poulsenr, some rights reserved (CC BY-NC);",31,cc_by_nc
"Photo: (c) sam_stone, some rights reserved (CC BY-NC);",31,cc_by_nc
"Photo: (c) sfbb2019_team_ruru, some rights reserved (CC BY-NC);",31,cc_by_nc
"Photo: (c) sreading, some rights reserved (CC BY-NC);",31,cc_by_nc
"Photo: (c) stratfordprimary, some rights reserved (CC BY-NC);",31,cc_by_nc
"Photo: (c) Celia Wade-Brown, some rights reserved (CC BY-NC);",30,cc_by_nc
"Photo: (c) Ellen, some rights reserved (CC BY-NC);",30,cc_by_nc
"Photo: (c) Erin, some rights reserved (CC BY-NC);",30,cc_by_nc
"Photo: (c) Lisa Rivera, some rights reserved (CC BY-NC);",30,cc_by_nc
"Photo: (c) Niels Peter Møller Jensen, some rights reserved (CC BY-NC);",30,cc_by_nc
"Photo: (c) Patrick Leonard, some rights reserved (CC BY-NC);",30,cc_by_nc
"Photo: (c) Valerie Black, some rights reserved (CC BY-NC);",30,cc_by_nc
"Photo: (c) bamberlynn, some rights reserved (CC BY-NC);",30,cc_by_nc
"Photo: (c) carolb, some rights reserved (CC BY-NC);",30,cc_by_nc
"Photo: (c) epuniprimary, some rights reserved (CC BY-NC);",30,cc_by_nc
"Photo: (c) helloitsme, some rights reserved (CC BY-NC);",30,cc_by_nc
"Photo: (c) hubbeling, some rights reserved (CC BY-NC);",30,cc_by_nc
"Photo: (c) hughchisholmnz, some rights reserved (CC BY-NC);",30,cc_by_nc
"Photo: (c) julioterra, some rights reserved (CC BY-NC);",30,cc_by_nc
"Photo: (c) nakileigh, some rights reserved (CC BY-NC);",30,cc_by_nc
"Photo: (c) pandionidae, some rights reserved (CC BY-NC);",30,cc_by_nc
"Photo: (c) raphaelsandro, some rights reserved (CC BY-NC);",30,cc_by_nc
"Photo: (c) rongoa, some rights reserved (CC BY-NC);",30,cc_by_nc
"Photo: (c) shecker, some rights reserved (CC BY-NC);",30,cc_by_nc
"Photo: (c) tilly78, some rights reserved (CC BY-NC);",30,cc_by_nc
"Photo: (c) titahibayschool2, some rights reserved (CC BY-NC);",30,cc_by_nc
"Photo: (c) topsy, some rights reserved (CC BY-NC);",30,cc_by_nc
"Photo: (c) tori_penfold, some rights reserved (CC BY-NC);",30,cc_by_nc
"Photo: (c) Alison Pidcock, some rights reserved (CC BY-NC);",29,cc_by_nc
"Photo: (c) Aman bluefish, some rights reserved (CC BY-NC);",29,cc_by_nc
"Photo: (c) Anya Mowll, some rights reserved (CC BY-NC);",29,cc_by_nc
"Photo: (c) Carla de Boer, some rights reserved (CC BY-NC);",29,cc_by_nc
"Photo: (c) Casey Duckett-Mount, some rights reserved (CC BY-NC);",29,cc_by_nc
"Photo: (c) Caza Steele, some rights reserved (CC BY-NC);",29,cc_by_nc
"Photo: (c) Darragh Woodford, some rights reserved (CC BY-NC);",29,cc_by_nc
"Photo: (c) Erasmo Macaya, some rights reserved (CC BY-NC);",29,cc_by_nc
"Photo: (c) Francesco Mantovani, some rights reserved (CC BY-NC);",29,cc_by_nc
"Photo: (c) Glenn Burrell, some rights reserved (CC BY-NC);",29,cc_by_nc
"Photo: (c) Helen Jones, some rights reserved (CC BY-NC);",29,cc_by_nc
"Photo: (c) Mitch Bearman, some rights reserved (CC BY-NC);",29,cc_by_nc
"Photo: (c) Tom Wright, some rights reserved (CC BY-NC);",29,cc_by_nc
"Photo: (c) alanah, some rights reserved (CC BY-NC);",29,cc_by_nc
"Photo: (c) chowell, some rights reserved (CC BY-NC);",29,cc_by_nc
"Photo: (c) ckerton, some rights reserved (CC BY-NC);",29,cc_by_nc
"Photo: (c) erinriejanne, some rights reserved (CC BY-NC);",29,cc_by_nc
"Photo: (c) erogatski, some rights reserved (CC BY-NC);",29,cc_by_nc
"Photo: (c) ginakahikatea, some rights reserved (CC BY-NC);",29,cc_by_nc
"Photo: (c) goletaanne, some rights reserved (CC BY-NC);",29,cc_by_nc
"Photo: (c) iandi, some rights reserved (CC BY-NC);",29,cc_by_nc
"Photo: (c) lowerdoba, some rights reserved (CC BY-NC);",29,cc_by_nc
"Photo: (c) marcdomenech, some rights reserved (CC BY-NC);",29,cc_by_nc
"Photo: (c) rawhiti, some rights reserved (CC BY-NC);",29,cc_by_nc
"Photo: (c) room52, some rights reserved (CC BY-NC);",29,cc_by_nc
"Photo: (c) shauno23, some rights reserved (CC BY-NC);",29,cc_by_nc
"Photo: (c) smarttw, some rights reserved (CC BY-NC);",29,cc_by_nc
"Photo: (c) vetfred, some rights reserved (CC BY-NC);",29,cc_by_nc
"Photo: (c) Elise, some rights reserved (CC BY-NC);",28,cc_by_nc
"Photo: (c) Geoff Dembo, some rights reserved (CC BY-NC);",28,cc_by_nc
"Photo: (c) Jaakko Ilvonen, some rights reserved (CC BY-NC);",28,cc_by_nc
"Photo: (c) Jay, some rights reserved (CC BY-NC);",28,cc_by_nc
"Photo: (c) Lizz Santos, some rights reserved (CC BY-NC);",28,cc_by_nc
"Photo: (c) Melissa Broussard, some rights reserved (CC BY-NC);",28,cc_by_nc
"Photo: (c) Stella, some rights reserved (CC BY-NC);",28,cc_by_nc
"Photo: (c) Steph Kendall, some rights reserved (CC BY-NC);",28,cc_by_nc
"Photo: (c) Toni Young, some rights reserved (CC BY-NC);",28,cc_by_nc
"Photo: (c) Vincent Zintzen, some rights reserved (CC BY-NC);",28,cc_by_nc
"Photo: (c) Yue Chin Chew, some rights reserved (CC BY-NC);",28,cc_by_nc
"Photo: (c) agreenstock, some rights reserved (CC BY-NC);",28,cc_by_nc
"Photo: (c) allisonwelch, some rights reserved (CC BY-NC);",28,cc_by_nc
"Photo: (c) alpinecroc, some rights reserved (CC BY-NC);",28,cc_by_nc
"Photo: (c) azlin, some rights reserved (CC BY-NC);",28,cc_by_nc
"Photo: (c) bgl, some rights reserved (CC BY-NC);",28,cc_by_nc
"Photo: (c) eloise_lancaster, some rights reserved (CC BY-NC);",28,cc_by_nc
"Photo: (c) jackcanyon6437, some rights reserved (CC BY-NC);",28,cc_by_nc
"Photo: (c) kat_bugler, some rights reserved (CC BY-NC);",28,cc_by_nc
"Photo: (c) lancslass, some rights reserved (CC BY-NC);",28,cc_by_nc
"Photo: (c) luoyunl, some rights reserved (CC BY-NC);",28,cc_by_nc
"Photo: (c) mimiklein, some rights reserved (CC BY-NC);",28,cc_by_nc
"Photo: (c) naenae, some rights reserved (CC BY-NC);",28,cc_by_nc
"Photo: (c) upperhuttcollege10d, some rights reserved (CC BY-NC);",28,cc_by_nc
"Photo: (c) waiparere, some rights reserved (CC BY-NC);",28,cc_by_nc
"Photo: (c) Andrea Glockner-Fagetti, some rights reserved (CC BY-NC);",27,cc_by_nc
"Photo: (c) Andy Pearce, some rights reserved (CC BY-NC);",27,cc_by_nc
"Photo: (c) Joseph, some rights reserved (CC BY-NC);",27,cc_by_nc
"Photo: (c) Marcia Dale, some rights reserved (CC BY-NC);",27,cc_by_nc
"Photo: (c) Rebecca McDougal, some rights reserved (CC BY-NC);",27,cc_by_nc
"Photo: (c) Simon, some rights reserved (CC BY-NC);",27,cc_by_nc
"Photo: (c) austinjsw, some rights reserved (CC BY-NC);",27,cc_by_nc
"Photo: (c) canyonbill, some rights reserved (CC BY-NC);",27,cc_by_nc
"Photo: (c) garys, some rights reserved (CC BY-NC);",27,cc_by_nc
"Photo: (c) gibsonh3, some rights reserved (CC BY-NC);",27,cc_by_nc
"Photo: (c) gracelgibson, some rights reserved (CC BY-NC);",27,cc_by_nc
"Photo: (c) henklouw, some rights reserved (CC BY-NC);",27,cc_by_nc
"Photo: (c) heretaunga, some rights reserved (CC BY-NC);",27,cc_by_nc
"Photo: (c) josutherland, some rights reserved (CC BY-NC);",27,cc_by_nc
"Photo: (c) kblackfoto, some rights reserved (CC BY-NC);",27,cc_by_nc
"Photo: (c) mags49, some rights reserved (CC BY-NC);",27,cc_by_nc
"Photo: (c) marinaanderton, some rights reserved (CC BY-NC);",27,cc_by_nc
"Photo: (c) marissilvestri, some rights reserved (CC BY-NC);",27,cc_by_nc
"Photo: (c) newlandsint, some rights reserved (CC BY-NC);",27,cc_by_nc
"Photo: (c) rickie-lee, some rights reserved (CC BY-NC);",27,cc_by_nc
"Photo: (c) room10kns, some rights reserved (CC BY-NC);",27,cc_by_nc
"Photo: (c) sgeange, some rights reserved (CC BY-NC);",27,cc_by_nc
"Photo: (c) terryvv, some rights reserved (CC BY-NC);",27,cc_by_nc
"Photo: (c) timcurran, some rights reserved (CC BY-NC);",27,cc_by_nc
"Photo: (c) whiofan, some rights reserved (CC BY-NC);",27,cc_by_nc
"Photo: (c) 113298704761943818357, some rights reserved (CC BY-NC);",26,cc_by_nc
"Photo: (c) Fhar Miess, some rights reserved (CC BY-NC);",26,cc_by_nc
"Photo: (c) Kate Jordan, some rights reserved (CC BY-NC);",26,cc_by_nc
"Photo: (c) Max Buxton, some rights reserved (CC BY-NC);",26,cc_by_nc
"Photo: (c) apa123, some rights reserved (CC BY-NC);",26,cc_by_nc
"Photo: (c) billmorrisnz, some rights reserved (CC BY-NC);",26,cc_by_nc
"Photo: (c) elmoz343, some rights reserved (CC BY-NC);",26,cc_by_nc
"Photo: (c) grace94, some rights reserved (CC BY-NC);",26,cc_by_nc
"Photo: (c) hikingnewzealand, some rights reserved (CC BY-NC);",26,cc_by_nc
"Photo: (c) horterka, some rights reserved (CC BY-NC);",26,cc_by_nc
"Photo: (c) jcksamson, some rights reserved (CC BY-NC);",26,cc_by_nc
"Photo: (c) kai, some rights reserved (CC BY-NC);",26,cc_by_nc
"Photo: (c) leahbean, some rights reserved (CC BY-NC);",26,cc_by_nc
"Photo: (c) lpomare, some rights reserved (CC BY-NC);",26,cc_by_nc
"Photo: (c) lwakelin, some rights reserved (CC BY-NC);",26,cc_by_nc
"Photo: (c) mrjamesz, some rights reserved (CC BY-NC);",26,cc_by_nc
"Photo: (c) msarmishaw, some rights reserved (CC BY-NC);",26,cc_by_nc
"Photo: (c) otarischool, some rights reserved (CC BY-NC);",26,cc_by_nc
"Photo: (c) pathark, some rights reserved (CC BY-NC);",26,cc_by_nc
"Photo: (c) rbo50, some rights reserved (CC BY-NC);",26,cc_by_nc
"Photo: (c) sakinaraj, some rights reserved (CC BY-NC);",26,cc_by_nc
"Photo: (c) stuartwhanau, some rights reserved (CC BY-NC);",26,cc_by_nc
"Photo: (c) tommyzo, some rights reserved (CC BY-NC);",26,cc_by_nc
"Photo: (c) treekeeper_arb, some rights reserved (CC BY-NC);",26,cc_by_nc
"Photo: (c) waynemcdougall, some rights reserved (CC BY-NC);",26,cc_by_nc
"Photo: (c) wmarshall, some rights reserved (CC BY-NC);",26,cc_by_nc
"Photo: (c) xfionasmalx, some rights reserved (CC BY-NC);",26,cc_by_nc
"Photo: (c) zoelunniss, some rights reserved (CC BY-NC);",26,cc_by_nc
"Photo: (c) Blair, some rights reserved (CC BY-NC);",25,cc_by_nc
"Photo: (c) David Thode, some rights reserved (CC BY-NC);",25,cc_by_nc
"Photo: (c) Ellen George, some rights reserved (CC BY-NC);",25,cc_by_nc
"Photo: (c) Gregory Nelson, some rights reserved (CC BY-NC);",25,cc_by_nc
"Photo: (c) Hannes Marais, some rights reserved (CC BY-NC);",25,cc_by_nc
"Photo: (c) Jim McIntosh, some rights reserved (CC BY-NC);",25,cc_by_nc
"Photo: (c) Layne, some rights reserved (CC BY-NC);",25,cc_by_nc
"Photo: (c) Linda Jane Keegan, some rights reserved (CC BY-NC);",25,cc_by_nc
"Photo: (c) Louise Hutt, some rights reserved (CC BY-NC);",25,cc_by_nc
"Photo: (c) Nik, some rights reserved (CC BY-NC);",25,cc_by_nc
"Photo: (c) Rachel Cottam, some rights reserved (CC BY-NC);",25,cc_by_nc
"Photo: (c) Spencer McIntyre, some rights reserved (CC BY-NC);",25,cc_by_nc
"Photo: (c) Taylor Davies-Colley, some rights reserved (CC BY-NC);",25,cc_by_nc
"Photo: (c) adamb, some rights reserved (CC BY-NC);",25,cc_by_nc
"Photo: (c) alexa, some rights reserved (CC BY-NC);",25,cc_by_nc
"Photo: (c) alexgmag, some rights reserved (CC BY-NC);",25,cc_by_nc
"Photo: (c) bioblitz-opunake2017, some rights reserved (CC BY-NC);",25,cc_by_nc
"Photo: (c) coe, some rights reserved (CC BY-NC);",25,cc_by_nc
"Photo: (c) delta_cephei, some rights reserved (CC BY-NC);",25,cc_by_nc
"Photo: (c) dianamac, some rights reserved (CC BY-NC);",25,cc_by_nc
"Photo: (c) divehqwellington, some rights reserved (CC BY-NC);",25,cc_by_nc
"Photo: (c) donebydorn, some rights reserved (CC BY-NC);",25,cc_by_nc
"Photo: (c) driving_creek_conservation_park, some rights reserved (CC BY-NC);",25,cc_by_nc
"Photo: (c) gemrosesmith, some rights reserved (CC BY-NC);",25,cc_by_nc
"Photo: (c) isabella_plummer, some rights reserved (CC BY-NC);",25,cc_by_nc
"Photo: (c) lewisj1992, some rights reserved (CC BY-NC);",25,cc_by_nc
"Photo: (c) mabeltokona, some rights reserved (CC BY-NC);",25,cc_by_nc
"Photo: (c) mackayk, some rights reserved (CC BY-NC);",25,cc_by_nc
"Photo: (c) makouracollege, some rights reserved (CC BY-NC);",25,cc_by_nc
"Photo: (c) misong, some rights reserved (CC BY-NC);",25,cc_by_nc
"Photo: (c) normant, some rights reserved (CC BY-NC);",25,cc_by_nc
"Photo: (c) prh, some rights reserved (CC BY-NC);",25,cc_by_nc
"Photo: (c) remyniu, some rights reserved (CC BY-NC);",25,cc_by_nc
"Photo: (c) rhendra, some rights reserved (CC BY-NC);",25,cc_by_nc
"Photo: (c) savannahjune, some rights reserved (CC BY-NC);",25,cc_by_nc
"Photo: (c) spiderweek, some rights reserved (CC BY-NC);",25,cc_by_nc
"Photo: (c) teganillingworth, some rights reserved (CC BY-NC);",25,cc_by_nc
"Photo: (c) Brown's, some rights reserved (CC BY-NC);",24,cc_by_nc
"Photo: (c) Jody Allair, some rights reserved (CC BY-NC);",24,cc_by_nc
"Photo: (c) Wendy Allen, some rights reserved (CC BY-NC);",24,cc_by_nc
"Photo: (c) caqalai, some rights reserved (CC BY-NC);",24,cc_by_nc
"Photo: (c) cbarrie_doc, some rights reserved (CC BY-NC);",24,cc_by_nc
"Photo: (c) eastharbourkaitiaki, some rights reserved (CC BY-NC);",24,cc_by_nc
"Photo: (c) ewil17428, some rights reserved (CC BY-NC);",24,cc_by_nc
"Photo: (c) jcusens, some rights reserved (CC BY-NC);",24,cc_by_nc
"Photo: (c) ksdriver, some rights reserved (CC BY-NC);",24,cc_by_nc
"Photo: (c) lukewaiheke, some rights reserved (CC BY-NC);",24,cc_by_nc
"Photo: (c) natuurlijkbep, some rights reserved (CC BY-NC);",24,cc_by_nc
"Photo: (c) rae117, some rights reserved (CC BY-NC);",24,cc_by_nc
"Photo: (c) saumyabotony, some rights reserved (CC BY-NC);",24,cc_by_nc
"Photo: (c) school, some rights reserved (CC BY-NC);",24,cc_by_nc
"Photo: (c) stjosephsnelson, some rights reserved (CC BY-NC);",24,cc_by_nc
"Photo: (c) z_1097550, some rights reserved (CC BY-NC);",24,cc_by_nc
"Photo: (c) z_arthropods, some rights reserved (CC BY-NC);",24,cc_by_nc
"Photo: (c) Caitlin Daley, some rights reserved (CC BY-NC);",23,cc_by_nc
"Photo: (c) Jane Batchelor, some rights reserved (CC BY-NC);",23,cc_by_nc
"Photo: (c) Josh Black, some rights reserved (CC BY-NC);",23,cc_by_nc
"Photo: (c) Kayla Rench, some rights reserved (CC BY-NC);",23,cc_by_nc
"Photo: (c) Kung Kuang Di, some rights reserved (CC BY-NC);",23,cc_by_nc
"Photo: (c) Luke T, some rights reserved (CC BY-NC);",23,cc_by_nc
"Photo: (c) Maddy Albertson, some rights reserved (CC BY-NC);",23,cc_by_nc
"Photo: (c) Michael Jones, some rights reserved (CC BY-NC);",23,cc_by_nc
"Photo: (c) Miguel A. Casado, some rights reserved (CC BY-NC);",23,cc_by_nc
"Photo: (c) Pablo Garcia-Diaz, some rights reserved (CC BY-NC);",23,cc_by_nc
"Photo: (c) Rodrigo Salvador, some rights reserved (CC BY-NC);",23,cc_by_nc
"Photo: (c) ahoover, some rights reserved (CC BY-NC);",23,cc_by_nc
"Photo: (c) aleshai, some rights reserved (CC BY-NC);",23,cc_by_nc
"Photo: (c) apple3_14, some rights reserved (CC BY-NC);",23,cc_by_nc
"Photo: (c) bikingbirder, some rights reserved (CC BY-NC);",23,cc_by_nc
"Photo: (c) gracesutherland, some rights reserved (CC BY-NC);",23,cc_by_nc
"Photo: (c) johnnoh, some rights reserved (CC BY-NC);",23,cc_by_nc
"Photo: (c) katrinamccallum, some rights reserved (CC BY-NC);",23,cc_by_nc
"Photo: (c) knsakakura, some rights reserved (CC BY-NC);",23,cc_by_nc
"Photo: (c) marin1301, some rights reserved (CC BY-NC);",23,cc_by_nc
"Photo: (c) martin-bravo, some rights reserved (CC BY-NC);",23,cc_by_nc
"Photo: (c) moaman97, some rights reserved (CC BY-NC);",23,cc_by_nc
"Photo: (c) moynihac, some rights reserved (CC BY-NC);",23,cc_by_nc
"Photo: (c) nthenature, some rights reserved (CC BY-NC);",23,cc_by_nc
"Photo: (c) psathyrella, some rights reserved (CC BY-NC);",23,cc_by_nc
"Photo: (c) rathkeale, some rights reserved (CC BY-NC);",23,cc_by_nc
"Photo: (c) richardlyonsnz, some rights reserved (CC BY-NC);",23,cc_by_nc
"Photo: (c) saintpats, some rights reserved (CC BY-NC);",23,cc_by_nc
"Photo: (c) schmechf, some rights reserved (CC BY-NC);",23,cc_by_nc
"Photo: (c) sean_tromans, some rights reserved (CC BY-NC);",23,cc_by_nc
"Photo: (c) sophw, some rights reserved (CC BY-NC);",23,cc_by_nc
"Photo: (c) stmichaels, some rights reserved (CC BY-NC);",23,cc_by_nc
"Photo: (c) tammyprice, some rights reserved (CC BY-NC);",23,cc_by_nc
"Photo: (c) tawagroup1, some rights reserved (CC BY-NC);",23,cc_by_nc
"Photo: (c) trampingnanna, some rights reserved (CC BY-NC);",23,cc_by_nc
"Photo: (c) valc, some rights reserved (CC BY-NC);",23,cc_by_nc
"Photo: (c) vivian_88, some rights reserved (CC BY-NC);",23,cc_by_nc
"Photo: (c) waikarischool, some rights reserved (CC BY-NC);",23,cc_by_nc
"Images available for reproduction and educational use. Please see the Ordering & Use page at http://tessa.lapl.org/orderinguse.html for additional information. The contents of this collection are restricted to personal, research, and non-commercial use. The Library cannot share the personal and/or contact information of the donors, their descendants, or associates who contributed photographs and oral histories to the collection.",22,cc_by_nc
"Photo: (c) Brian, some rights reserved (CC BY-NC);",22,cc_by_nc
"Photo: (c) Caitlin, some rights reserved (CC BY-NC);",22,cc_by_nc
"Photo: (c) Charlotte Bridger, some rights reserved (CC BY-NC);",22,cc_by_nc
"Photo: (c) Chu Zhao, some rights reserved (CC BY-NC);",22,cc_by_nc
"Photo: (c) Dan, some rights reserved (CC BY-NC);",22,cc_by_nc
"Photo: (c) Emma Brockes, some rights reserved (CC BY-NC);",22,cc_by_nc
"Photo: (c) Juan José, some rights reserved (CC BY-NC);",22,cc_by_nc
"Photo: (c) Mandy Hague, some rights reserved (CC BY-NC);",22,cc_by_nc
"Photo: (c) Matt SP, some rights reserved (CC BY-NC);",22,cc_by_nc
"Photo: (c) Nicole Vaughan, some rights reserved (CC BY-NC);",22,cc_by_nc
"Photo: (c) Peter Moore, some rights reserved (CC BY-NC);",22,cc_by_nc
"Photo: (c) Teresa Gibbison, some rights reserved (CC BY-NC);",22,cc_by_nc
"Photo: (c) Tony, some rights reserved (CC BY-NC);",22,cc_by_nc
"Photo: (c) ashleybryers, some rights reserved (CC BY-NC);",22,cc_by_nc
"Photo: (c) brianosterholzer, some rights reserved (CC BY-NC);",22,cc_by_nc
"Photo: (c) camerondeckert, some rights reserved (CC BY-NC);",22,cc_by_nc
"Photo: (c) carrat, some rights reserved (CC BY-NC);",22,cc_by_nc
"Photo: (c) curious-minds, some rights reserved (CC BY-NC);",22,cc_by_nc
"Photo: (c) emmarowell_214, some rights reserved (CC BY-NC);",22,cc_by_nc
"Photo: (c) ggcraig, some rights reserved (CC BY-NC);",22,cc_by_nc
"Photo: (c) glendagiles, some rights reserved (CC BY-NC);",22,cc_by_nc
"Photo: (c) group4, some rights reserved (CC BY-NC);",22,cc_by_nc
"Photo: (c) gwyn_ashcroft, some rights reserved (CC BY-NC);",22,cc_by_nc
"Photo: (c) happymountainnz, some rights reserved (CC BY-NC);",22,cc_by_nc
"Photo: (c) haweraint, some rights reserved (CC BY-NC);",22,cc_by_nc
"Photo: (c) jms371, some rights reserved (CC BY-NC);",22,cc_by_nc
"Photo: (c) josiedawber, some rights reserved (CC BY-NC);",22,cc_by_nc
"Photo: (c) kjpeters, some rights reserved (CC BY-NC);",22,cc_by_nc
"Photo: (c) kokatrudz, some rights reserved (CC BY-NC);",22,cc_by_nc
"Photo: (c) kqbats, some rights reserved (CC BY-NC);",22,cc_by_nc
"Photo: (c) lifecreatingjourney, some rights reserved (CC BY-NC);",22,cc_by_nc
"Photo: (c) malina_, some rights reserved (CC BY-NC);",22,cc_by_nc
"Photo: (c) naturefan88, some rights reserved (CC BY-NC);",22,cc_by_nc
"Photo: (c) oliver-nz, some rights reserved (CC BY-NC);",22,cc_by_nc
"Photo: (c) omokoroapoint1, some rights reserved (CC BY-NC);",22,cc_by_nc
"Photo: (c) pamecomatters, some rights reserved (CC BY-NC);",22,cc_by_nc
"Photo: (c) pauldespa, some rights reserved (CC BY-NC);",22,cc_by_nc
"Photo: (c) saracoutinho, some rights reserved (CC BY-NC);",22,cc_by_nc
"Photo: (c) suzi_williamson, some rights reserved (CC BY-NC);",22,cc_by_nc
This work is licensed under a Creative Commons Attribution-NonCommercial 4.0 International License.,22,cc_by_nc
"Attribution-NonCommercial 4.0 International (With the exceptions noted in http://researcharchive.lincoln.ac.nz/page/rights, this metadata is available under a Creative Commons Zero license.)",21,cc_by_nc
"Photo: (c) Elynn Michelle, some rights reserved (CC BY-NC);",21,cc_by_nc
"Photo: (c) Joanna Buswell, some rights reserved (CC BY-NC);",21,cc_by_nc
"Photo: (c) Karri Hartley, some rights reserved (CC BY-NC);",21,cc_by_nc
"Photo: (c) Leah Stewart, some rights reserved (CC BY-NC);",21,cc_by_nc
"Photo: (c) Stuart Young, some rights reserved (CC BY-NC);",21,cc_by_nc
"Photo: (c) antonstuart, some rights reserved (CC BY-NC);",21,cc_by_nc
"Photo: (c) austenganley, some rights reserved (CC BY-NC);",21,cc_by_nc
"Photo: (c) benrangihuna, some rights reserved (CC BY-NC);",21,cc_by_nc
"Photo: (c) captaxon, some rights reserved (CC BY-NC);",21,cc_by_nc
"Photo: (c) chandanp, some rights reserved (CC BY-NC);",21,cc_by_nc
"Photo: (c) christelis, some rights reserved (CC BY-NC);",21,cc_by_nc
"Photo: (c) ctippett, some rights reserved (CC BY-NC);",21,cc_by_nc
"Photo: (c) ecoman, some rights reserved (CC BY-NC);",21,cc_by_nc
"Photo: (c) enviro15, some rights reserved (CC BY-NC);",21,cc_by_nc
"Photo: (c) firmy4, some rights reserved (CC BY-NC);",21,cc_by_nc
"Photo: (c) grinnin, some rights reserved (CC BY-NC);",21,cc_by_nc
"Photo: (c) janemeiforth, some rights reserved (CC BY-NC);",21,cc_by_nc
"Photo: (c) jlivingstone, some rights reserved (CC BY-NC);",21,cc_by_nc
"Photo: (c) judetisdall, some rights reserved (CC BY-NC);",21,cc_by_nc
"Photo: (c) kelvin1995, some rights reserved (CC BY-NC);",21,cc_by_nc
"Photo: (c) kgoldsberry3, some rights reserved (CC BY-NC);",21,cc_by_nc
"Photo: (c) kirstyh, some rights reserved (CC BY-NC);",21,cc_by_nc
"Photo: (c) kmasters, some rights reserved (CC BY-NC);",21,cc_by_nc
"Photo: (c) lauraparks, some rights reserved (CC BY-NC);",21,cc_by_nc
"Photo: (c) marcoschool, some rights reserved (CC BY-NC);",21,cc_by_nc
"Photo: (c) melodyc, some rights reserved (CC BY-NC);",21,cc_by_nc
"Photo: (c) palolob7, some rights reserved (CC BY-NC);",21,cc_by_nc
"Photo: (c) plogginginpetone, some rights reserved (CC BY-NC);",21,cc_by_nc
"Photo: (c) raffzahn, some rights reserved (CC BY-NC);",21,cc_by_nc
"Photo: (c) samtownsend, some rights reserved (CC BY-NC);",21,cc_by_nc
"Photo: (c) sanaansari, some rights reserved (CC BY-NC);",21,cc_by_nc
"Photo: (c) sarahharrow, some rights reserved (CC BY-NC);",21,cc_by_nc
"Photo: (c) scubyw, some rights reserved (CC BY-NC);",21,cc_by_nc
"Photo: (c) surfersoph22, some rights reserved (CC BY-NC);",21,cc_by_nc
"Photo: (c) veravanengeland, some rights reserved (CC BY-NC);",21,cc_by_nc
"Photo: (c) zact87, some rights reserved (CC BY-NC);",21,cc_by_nc
"The Library may authorise non-commercial use of images in accordance with the Library's reproduction policies. Permission from Denis Friar, or his designated agent, must be requested by the Library, granted, and any fees paid, before any commercial use.",21,cc_by_nc
© Auckland Museum CC BY NC; © Auckland Museum CC BY,21,cc_by_nc
Attribution-NonCommercial 4.0 International,20,cc_by_nc
"Photo: (c) AJ, some rights reserved (CC BY-NC);",20,cc_by_nc
"Photo: (c) Adam Duchac, some rights reserved (CC BY-NC);",20,cc_by_nc
"Photo: (c) Christina Rowe, some rights reserved (CC BY-NC);",20,cc_by_nc
"Photo: (c) Dean McKay, some rights reserved (CC BY-NC);",20,cc_by_nc
"Photo: (c) Elmgrove Backyard Biodiversity Team, some rights reserved (CC BY-NC);",20,cc_by_nc
"Photo: (c) Irene Middleton, some rights reserved (CC BY-NC);",20,cc_by_nc
"Photo: (c) Jaana from Finland, some rights reserved (CC BY-NC);",20,cc_by_nc
"Photo: (c) Jonty Mills, some rights reserved (CC BY-NC);",20,cc_by_nc
"Photo: (c) Lizzie Jossie, some rights reserved (CC BY-NC);",20,cc_by_nc
"Photo: (c) Luka Andic, some rights reserved (CC BY-NC);",20,cc_by_nc
"Photo: (c) Maria Clement, some rights reserved (CC BY-NC);",20,cc_by_nc
"Photo: (c) Mike Oldham, some rights reserved (CC BY-NC);",20,cc_by_nc
"Photo: (c) Molly D'Ath, some rights reserved (CC BY-NC);",20,cc_by_nc
"Photo: (c) Monique, some rights reserved (CC BY-NC);",20,cc_by_nc
"Photo: (c) Robin, some rights reserved (CC BY-NC);",20,cc_by_nc
"Photo: (c) Ryan C, some rights reserved (CC BY-NC);",20,cc_by_nc
"Photo: (c) Tom Mayo, some rights reserved (CC BY-NC);",20,cc_by_nc
"Photo: (c) a-loretto, some rights reserved (CC BY-NC);",20,cc_by_nc
"Photo: (c) ahorsfall, some rights reserved (CC BY-NC);",20,cc_by_nc
"Photo: (c) alan_liefting, some rights reserved (CC BY-NC);",20,cc_by_nc
"Photo: (c) axk378, some rights reserved (CC BY-NC);",20,cc_by_nc
"Photo: (c) bill, some rights reserved (CC BY-NC);",20,cc_by_nc
"Photo: (c) brandonhub, some rights reserved (CC BY-NC);",20,cc_by_nc
"Photo: (c) cashmere, some rights reserved (CC BY-NC);",20,cc_by_nc
"Photo: (c) cetaceanrave, some rights reserved (CC BY-NC);",20,cc_by_nc
"Photo: (c) christiankropf, some rights reserved (CC BY-NC);",20,cc_by_nc
"Photo: (c) dmscll, some rights reserved (CC BY-NC);",20,cc_by_nc
"Photo: (c) edwinmassey, some rights reserved (CC BY-NC);",20,cc_by_nc
"Photo: (c) eeelijah, some rights reserved (CC BY-NC);",20,cc_by_nc
"Photo: (c) greg_holwell, some rights reserved (CC BY-NC);",20,cc_by_nc
"Photo: (c) harveyperkins, some rights reserved (CC BY-NC);",20,cc_by_nc
"Photo: (c) heleng, some rights reserved (CC BY-NC);",20,cc_by_nc
"Photo: (c) jlemaire, some rights reserved (CC BY-NC);",20,cc_by_nc
"Photo: (c) kahikatoa, some rights reserved (CC BY-NC);",20,cc_by_nc
"Photo: (c) kittyransom, some rights reserved (CC BY-NC);",20,cc_by_nc
"Photo: (c) lyallj4, some rights reserved (CC BY-NC);",20,cc_by_nc
"Photo: (c) mandyb1, some rights reserved (CC BY-NC);",20,cc_by_nc
"Photo: (c) mitchellcayford, some rights reserved (CC BY-NC);",20,cc_by_nc
"Photo: (c) mns, some rights reserved (CC BY-NC);",20,cc_by_nc
"Photo: (c) mstarz, some rights reserved (CC BY-NC);",20,cc_by_nc
"Photo: (c) nigel_bell, some rights reserved (CC BY-NC);",20,cc_by_nc
"Photo: (c) paremata3, some rights reserved (CC BY-NC);",20,cc_by_nc
"Photo: (c) pdf, some rights reserved (CC BY-NC);",20,cc_by_nc
"Photo: (c) roannes, some rights reserved (CC BY-NC);",20,cc_by_nc
"Photo: (c) ruthebone, some rights reserved (CC BY-NC);",20,cc_by_nc
"Photo: (c) sam_22, some rights reserved (CC BY-NC);",20,cc_by_nc
"Photo: (c) sarah_miller, some rights reserved (CC BY-NC);",20,cc_by_nc
"Photo: (c) shanmonkey31, some rights reserved (CC BY-NC);",20,cc_by_nc
"Photo: (c) springdale8, some rights reserved (CC BY-NC);",20,cc_by_nc
"Photo: (c) timtime, some rights reserved (CC BY-NC);",20,cc_by_nc
"Photo: (c) victor-d, some rights reserved (CC BY-NC);",20,cc_by_nc
"Photo: (c) zachaweinie, some rights reserved (CC BY-NC);",20,cc_by_nc
Image: All Rights Reserved http://rightsstatements.org/vocab/InC/1.0/ Text: Copyright National Museum of Australia / CC BY-NC https://creativecommons.org/licenses/by-nc/4.0/ Copyright National Museum of Australia / CC BY-NC,19,cc_by_nc
"Photo: (c) Becky Turner, some rights reserved (CC BY-NC);",19,cc_by_nc
"Photo: (c) Conor Taylor, some rights reserved (CC BY-NC);",19,cc_by_nc
"Photo: (c) Janet Newell, some rights reserved (CC BY-NC);",19,cc_by_nc
"Photo: (c) Mariana Valentine, some rights reserved (CC BY-NC);",19,cc_by_nc
"Photo: (c) Mick parsons, some rights reserved (CC BY-NC);",19,cc_by_nc
"Photo: (c) Seymour FTB, some rights reserved (CC BY-NC);",19,cc_by_nc
"Photo: (c) Sue Carnahan, some rights reserved (CC BY-NC);",19,cc_by_nc
"Photo: (c) Youcef, some rights reserved (CC BY-NC);",19,cc_by_nc
"Photo: (c) Yuri, some rights reserved (CC BY-NC);",19,cc_by_nc
"Photo: (c) alainapomeroy, some rights reserved (CC BY-NC);",19,cc_by_nc
"Photo: (c) angusadamson, some rights reserved (CC BY-NC);",19,cc_by_nc
"Photo: (c) blogman, some rights reserved (CC BY-NC);",19,cc_by_nc
"Photo: (c) brouthwaite, some rights reserved (CC BY-NC);",19,cc_by_nc
"Photo: (c) charlotte7, some rights reserved (CC BY-NC);",19,cc_by_nc
"Photo: (c) ciaranc, some rights reserved (CC BY-NC);",19,cc_by_nc
"Photo: (c) cmortonburns, some rights reserved (CC BY-NC);",19,cc_by_nc
"Photo: (c) elephantsandturtles14, some rights reserved (CC BY-NC);",19,cc_by_nc
"Photo: (c) fiona_gebbie, some rights reserved (CC BY-NC);",19,cc_by_nc
"Photo: (c) furness, some rights reserved (CC BY-NC);",19,cc_by_nc
"Photo: (c) gloh, some rights reserved (CC BY-NC);",19,cc_by_nc
"Photo: (c) groupten, some rights reserved (CC BY-NC);",19,cc_by_nc
"Photo: (c) hillis626, some rights reserved (CC BY-NC);",19,cc_by_nc
"Photo: (c) janeabelle, some rights reserved (CC BY-NC);",19,cc_by_nc
"Photo: (c) janesgirls, some rights reserved (CC BY-NC);",19,cc_by_nc
"Photo: (c) jellyanna, some rights reserved (CC BY-NC);",19,cc_by_nc
"Photo: (c) jess1012, some rights reserved (CC BY-NC);",19,cc_by_nc
"Photo: (c) juicy, some rights reserved (CC BY-NC);",19,cc_by_nc
"Photo: (c) julie2020, some rights reserved (CC BY-NC);",19,cc_by_nc
"Photo: (c) loreleiboyd, some rights reserved (CC BY-NC);",19,cc_by_nc
"Photo: (c) marcelfinlay, some rights reserved (CC BY-NC);",19,cc_by_nc
"Photo: (c) marianw, some rights reserved (CC BY-NC);",19,cc_by_nc
"Photo: (c) maty_j, some rights reserved (CC BY-NC);",19,cc_by_nc
"Photo: (c) mickey27, some rights reserved (CC BY-NC);",19,cc_by_nc
"Photo: (c) nicolarosemary, some rights reserved (CC BY-NC);",19,cc_by_nc
"Photo: (c) plei, some rights reserved (CC BY-NC);",19,cc_by_nc
"Photo: (c) rayvran, some rights reserved (CC BY-NC);",19,cc_by_nc
"Photo: (c) rihorn, some rights reserved (CC BY-NC);",19,cc_by_nc
"Photo: (c) room14brooklyn, some rights reserved (CC BY-NC);",19,cc_by_nc
"Photo: (c) scottogilvie, some rights reserved (CC BY-NC);",19,cc_by_nc
"Photo: (c) spanner, some rights reserved (CC BY-NC);",19,cc_by_nc
"Photo: (c) tamatea, some rights reserved (CC BY-NC);",19,cc_by_nc
"Photo: (c) tinuischool, some rights reserved (CC BY-NC);",19,cc_by_nc
"Photo: (c) tripleaxle, some rights reserved (CC BY-NC);",19,cc_by_nc
"Photo: (c) victor_alexeyev, some rights reserved (CC BY-NC);",19,cc_by_nc
"Photo: (c) westmount, some rights reserved (CC BY-NC);",19,cc_by_nc
"Photo: (c) y5wellesley2016, some rights reserved (CC BY-NC);",19,cc_by_nc
"Photo: (c) Adam Jarvis, some rights reserved (CC BY-NC);",18,cc_by_nc
"Photo: (c) Ana Magalhaes C Teixeira, some rights reserved (CC BY-NC);",18,cc_by_nc
"Photo: (c) Christian Schwarz, some rights reserved (CC BY-NC);",18,cc_by_nc
"Photo: (c) Jenny Mcguire, some rights reserved (CC BY-NC);",18,cc_by_nc
"Photo: (c) Keryn, some rights reserved (CC BY-NC);",18,cc_by_nc
"Photo: (c) Lukas Phan-huy, some rights reserved (CC BY-NC);",18,cc_by_nc
"Photo: (c) Milena, some rights reserved (CC BY-NC);",18,cc_by_nc
"Photo: (c) Thomas Hovmøller, some rights reserved (CC BY-NC);",18,cc_by_nc
"Photo: (c) annette_bigby, some rights reserved (CC BY-NC);",18,cc_by_nc
"Photo: (c) baileezeinert, some rights reserved (CC BY-NC);",18,cc_by_nc
"Photo: (c) bart_nz, some rights reserved (CC BY-NC);",18,cc_by_nc
"Photo: (c) derekjoyce, some rights reserved (CC BY-NC);",18,cc_by_nc
"Photo: (c) eazyerin, some rights reserved (CC BY-NC);",18,cc_by_nc
"Photo: (c) geoffhenderson, some rights reserved (CC BY-NC);",18,cc_by_nc
"Photo: (c) goosegander, some rights reserved (CC BY-NC);",18,cc_by_nc
"Photo: (c) gracec202, some rights reserved (CC BY-NC);",18,cc_by_nc
"Photo: (c) holly5201, some rights reserved (CC BY-NC);",18,cc_by_nc
"Photo: (c) jacktully, some rights reserved (CC BY-NC);",18,cc_by_nc
"Photo: (c) jmdespa, some rights reserved (CC BY-NC);",18,cc_by_nc
"Photo: (c) kelseyrackham, some rights reserved (CC BY-NC);",18,cc_by_nc
"Photo: (c) kianalilys, some rights reserved (CC BY-NC);",18,cc_by_nc
"Photo: (c) kingjoff, some rights reserved (CC BY-NC);",18,cc_by_nc
"Photo: (c) klyes, some rights reserved (CC BY-NC);",18,cc_by_nc
"Photo: (c) lachente, some rights reserved (CC BY-NC);",18,cc_by_nc
"Photo: (c) lausdrs, some rights reserved (CC BY-NC);",18,cc_by_nc
"Photo: (c) lele, some rights reserved (CC BY-NC);",18,cc_by_nc
"Photo: (c) lucabonniemoff, some rights reserved (CC BY-NC);",18,cc_by_nc
"Photo: (c) lynetteb, some rights reserved (CC BY-NC);",18,cc_by_nc
"Photo: (c) maeroadlu, some rights reserved (CC BY-NC);",18,cc_by_nc
"Photo: (c) mbarger, some rights reserved (CC BY-NC);",18,cc_by_nc
"Photo: (c) mcow, some rights reserved (CC BY-NC);",18,cc_by_nc
"Photo: (c) mr_mansbridge, some rights reserved (CC BY-NC);",18,cc_by_nc
"Photo: (c) murray smith, some rights reserved (CC BY-NC);",18,cc_by_nc
"Photo: (c) nativewildlifephotographer, some rights reserved (CC BY-NC);",18,cc_by_nc
"Photo: (c) nod, some rights reserved (CC BY-NC);",18,cc_by_nc
"Photo: (c) ottoh, some rights reserved (CC BY-NC);",18,cc_by_nc
"Photo: (c) p3rmafrost, some rights reserved (CC BY-NC);",18,cc_by_nc
"Photo: (c) palatina, some rights reserved (CC BY-NC);",18,cc_by_nc
"Photo: (c) pentiger, some rights reserved (CC BY-NC);",18,cc_by_nc
"Photo: (c) plimkindy, some rights reserved (CC BY-NC);",18,cc_by_nc
"Photo: (c) rangatahi2015, some rights reserved (CC BY-NC);",18,cc_by_nc
"Photo: (c) ratanawanno, some rights reserved (CC BY-NC);",18,cc_by_nc
"Photo: (c) sarahcox, some rights reserved (CC BY-NC);",18,cc_by_nc
"Photo: (c) sarahlilley, some rights reserved (CC BY-NC);",18,cc_by_nc
"Photo: (c) saral, some rights reserved (CC BY-NC);",18,cc_by_nc
"Photo: (c) sel, some rights reserved (CC BY-NC);",18,cc_by_nc
"Photo: (c) sherymhanna, some rights reserved (CC BY-NC);",18,cc_by_nc
"Photo: (c) speedymitch, some rights reserved (CC BY-NC);",18,cc_by_nc
"Photo: (c) stacey123, some rights reserved (CC BY-NC);",18,cc_by_nc
"Photo: (c) stevegregory, some rights reserved (CC BY-NC);",18,cc_by_nc
"Photo: (c) tom_dickinson, some rights reserved (CC BY-NC);",18,cc_by_nc
"Photo: (c) yamy68z, some rights reserved (CC BY-NC);",18,cc_by_nc
"Photo: (c) Angie Smith, some rights reserved (CC BY-NC);",17,cc_by_nc
"Photo: (c) Caitlin Burns, some rights reserved (CC BY-NC);",17,cc_by_nc
"Photo: (c) David T, some rights reserved (CC BY-NC);",17,cc_by_nc
"Photo: (c) Emily, some rights reserved (CC BY-NC);",17,cc_by_nc
"Photo: (c) Finn Davey, some rights reserved (CC BY-NC);",17,cc_by_nc
"Photo: (c) Fiona, some rights reserved (CC BY-NC);",17,cc_by_nc
"Photo: (c) Irene Richardson, some rights reserved (CC BY-NC);",17,cc_by_nc
"Photo: (c) Janelle Veenendaal, some rights reserved (CC BY-NC);",17,cc_by_nc
"Photo: (c) Jenna Moynihan, some rights reserved (CC BY-NC);",17,cc_by_nc
"Photo: (c) Jessica Chen, some rights reserved (CC BY-NC);",17,cc_by_nc
"Photo: (c) Kevin Sharp, some rights reserved (CC BY-NC);",17,cc_by_nc
"Photo: (c) Marion Saunders, some rights reserved (CC BY-NC);",17,cc_by_nc
"Photo: (c) Mountains to Sea Wellington Trust, some rights reserved (CC BY-NC);",17,cc_by_nc
"Photo: (c) Noel, some rights reserved (CC BY-NC);",17,cc_by_nc
"Photo: (c) Sandy Thomas, some rights reserved (CC BY-NC);",17,cc_by_nc
"Photo: (c) Torbjorn von Strokirch, some rights reserved (CC BY-NC);",17,cc_by_nc
"Photo: (c) _julia_r, some rights reserved (CC BY-NC);",17,cc_by_nc
"Photo: (c) agliberatore, some rights reserved (CC BY-NC);",17,cc_by_nc
"Photo: (c) benmcneill, some rights reserved (CC BY-NC);",17,cc_by_nc
"Photo: (c) cbabirat, some rights reserved (CC BY-NC);",17,cc_by_nc
"Photo: (c) chris-mal, some rights reserved (CC BY-NC);",17,cc_by_nc
"Photo: (c) chrisclose, some rights reserved (CC BY-NC);",17,cc_by_nc
"Photo: (c) clancy, some rights reserved (CC BY-NC);",17,cc_by_nc
"Photo: (c) cwolfemerritt, some rights reserved (CC BY-NC);",17,cc_by_nc
"Photo: (c) cypselurus, some rights reserved (CC BY-NC);",17,cc_by_nc
"Photo: (c) dengland81, some rights reserved (CC BY-NC);",17,cc_by_nc
"Photo: (c) flipflops101, some rights reserved (CC BY-NC);",17,cc_by_nc
"Photo: (c) flopyko, some rights reserved (CC BY-NC);",17,cc_by_nc
"Photo: (c) frasercampbell, some rights reserved (CC BY-NC);",17,cc_by_nc
"Photo: (c) gillztaylor, some rights reserved (CC BY-NC);",17,cc_by_nc
"Photo: (c) gjfielder, some rights reserved (CC BY-NC);",17,cc_by_nc
"Photo: (c) heeni, some rights reserved (CC BY-NC);",17,cc_by_nc
"Photo: (c) jefffryett, some rights reserved (CC BY-NC);",17,cc_by_nc
"Photo: (c) johnstones, some rights reserved (CC BY-NC);",17,cc_by_nc
"Photo: (c) kaiti, some rights reserved (CC BY-NC);",17,cc_by_nc
"Photo: (c) kared13, some rights reserved (CC BY-NC);",17,cc_by_nc
"Photo: (c) kererubrewingco, some rights reserved (CC BY-NC);",17,cc_by_nc
"Photo: (c) l_1102770, some rights reserved (CC BY-NC);",17,cc_by_nc
"Photo: (c) lilywilkinson, some rights reserved (CC BY-NC);",17,cc_by_nc
"Photo: (c) lkeehner, some rights reserved (CC BY-NC);",17,cc_by_nc
"Photo: (c) margaretelliot, some rights reserved (CC BY-NC);",17,cc_by_nc
"Photo: (c) muriwaij, some rights reserved (CC BY-NC);",17,cc_by_nc
"Photo: (c) nearbybirdlifespotter, some rights reserved (CC BY-NC);",17,cc_by_nc
"Photo: (c) nine, some rights reserved (CC BY-NC);",17,cc_by_nc
"Photo: (c) nomsequitur, some rights reserved (CC BY-NC);",17,cc_by_nc
"Photo: (c) number8dave, some rights reserved (CC BY-NC);",17,cc_by_nc
"Photo: (c) parisrose, some rights reserved (CC BY-NC);",17,cc_by_nc
"Photo: (c) ptitpuia, some rights reserved (CC BY-NC);",17,cc_by_nc
"Photo: (c) robeanne, some rights reserved (CC BY-NC);",17,cc_by_nc
"Photo: (c) robertcarsoniles, some rights reserved (CC BY-NC);",17,cc_by_nc
"Photo: (c) sarahfalloon, some rights reserved (CC BY-NC);",17,cc_by_nc
"Photo: (c) ske70, some rights reserved (CC BY-NC);",17,cc_by_nc
"Photo: (c) snowhan, some rights reserved (CC BY-NC);",17,cc_by_nc
"Photo: (c) stpats5, some rights reserved (CC BY-NC);",17,cc_by_nc
"Photo: (c) stuart4321, some rights reserved (CC BY-NC);",17,cc_by_nc
"Photo: (c) tarahh, some rights reserved (CC BY-NC);",17,cc_by_nc
"Photo: (c) waitara_high, some rights reserved (CC BY-NC);",17,cc_by_nc
"Photo: (c) yucajpn, some rights reserved (CC BY-NC);",17,cc_by_nc
"Photo: (c) Cath Dickson, some rights reserved (CC BY-NC);",16,cc_by_nc
"Photo: (c) Gareth P, some rights reserved (CC BY-NC);",16,cc_by_nc
"Photo: (c) Glenn Stewart, some rights reserved (CC BY-NC);",16,cc_by_nc
"Photo: (c) Jack Lee, some rights reserved (CC BY-NC);",16,cc_by_nc
"Photo: (c) Jan Edge, some rights reserved (CC BY-NC);",16,cc_by_nc
"Photo: (c) Jo Mackisack, some rights reserved (CC BY-NC);",16,cc_by_nc
"Photo: (c) Luka Selu, some rights reserved (CC BY-NC);",16,cc_by_nc
"Photo: (c) Maartje Morton, some rights reserved (CC BY-NC);",16,cc_by_nc
"Photo: (c) Matthew Scott, some rights reserved (CC BY-NC);",16,cc_by_nc
"Photo: (c) Roger Bawden, some rights reserved (CC BY-NC);",16,cc_by_nc
"Photo: (c) Sadie Mills, some rights reserved (CC BY-NC);",16,cc_by_nc
"Photo: (c) SmileyNi, some rights reserved (CC BY-NC);",16,cc_by_nc
"Photo: (c) Ted, some rights reserved (CC BY-NC);",16,cc_by_nc
"Photo: (c) Xerxes Saher, some rights reserved (CC BY-NC);",16,cc_by_nc
"Photo: (c) bayleecm7, some rights reserved (CC BY-NC);",16,cc_by_nc
"Photo: (c) brynw, some rights reserved (CC BY-NC);",16,cc_by_nc
"Photo: (c) dbagnall, some rights reserved (CC BY-NC);",16,cc_by_nc
"Photo: (c) div, some rights reserved (CC BY-NC);",16,cc_by_nc
"Photo: (c) ericastokvis, some rights reserved (CC BY-NC);",16,cc_by_nc
"Photo: (c) erin_chamberlain, some rights reserved (CC BY-NC);",16,cc_by_nc
"Photo: (c) fj88, some rights reserved (CC BY-NC);",16,cc_by_nc
"Photo: (c) georgemoon, some rights reserved (CC BY-NC);",16,cc_by_nc
"Photo: (c) glaucus, some rights reserved (CC BY-NC);",16,cc_by_nc
"Photo: (c) heidicass, some rights reserved (CC BY-NC);",16,cc_by_nc
"Photo: (c) heidipf, some rights reserved (CC BY-NC);",16,cc_by_nc
"Photo: (c) helefant, some rights reserved (CC BY-NC);",16,cc_by_nc
"Photo: (c) huhu, some rights reserved (CC BY-NC);",16,cc_by_nc
"Photo: (c) jessicashamy101, some rights reserved (CC BY-NC);",16,cc_by_nc
"Photo: (c) jingo, some rights reserved (CC BY-NC);",16,cc_by_nc
"Photo: (c) joshuag, some rights reserved (CC BY-NC);",16,cc_by_nc
"Photo: (c) jow, some rights reserved (CC BY-NC);",16,cc_by_nc
"Photo: (c) judy_su, some rights reserved (CC BY-NC);",16,cc_by_nc
"Photo: (c) kathlawson, some rights reserved (CC BY-NC);",16,cc_by_nc
"Photo: (c) kirkwood, some rights reserved (CC BY-NC);",16,cc_by_nc
"Photo: (c) konini2017, some rights reserved (CC BY-NC);",16,cc_by_nc
"Photo: (c) lrm70, some rights reserved (CC BY-NC);",16,cc_by_nc
"Photo: (c) marsci_nelson, some rights reserved (CC BY-NC);",16,cc_by_nc
"Photo: (c) mathildecruchet, some rights reserved (CC BY-NC);",16,cc_by_nc
"Photo: (c) matthewgroom, some rights reserved (CC BY-NC);",16,cc_by_nc
"Photo: (c) mckee2r, some rights reserved (CC BY-NC);",16,cc_by_nc
"Photo: (c) mesoplodon, some rights reserved (CC BY-NC);",16,cc_by_nc
"Photo: (c) miscellaneous_observations, some rights reserved (CC BY-NC);",16,cc_by_nc
"Photo: (c) mountsomersspringburnschoolplayground, some rights reserved (CC BY-NC);",16,cc_by_nc
"Photo: (c) ngaio15, some rights reserved (CC BY-NC);",16,cc_by_nc
"Photo: (c) nrottle, some rights reserved (CC BY-NC);",16,cc_by_nc
"Photo: (c) pat_nat, some rights reserved (CC BY-NC);",16,cc_by_nc
"Photo: (c) patrickkerrigan, some rights reserved (CC BY-NC);",16,cc_by_nc
"Photo: (c) qin_huang, some rights reserved (CC BY-NC);",16,cc_by_nc
"Photo: (c) reindeer11, some rights reserved (CC BY-NC);",16,cc_by_nc
"Photo: (c) reubendharland, some rights reserved (CC BY-NC);",16,cc_by_nc
"Photo: (c) robin_booth, some rights reserved (CC BY-NC);",16,cc_by_nc
"Photo: (c) sandhopper, some rights reserved (CC BY-NC);",16,cc_by_nc
"Photo: (c) silverback, some rights reserved (CC BY-NC);",16,cc_by_nc
"Photo: (c) sonyab, some rights reserved (CC BY-NC);",16,cc_by_nc
"Photo: (c) sophiemcclenaghan, some rights reserved (CC BY-NC);",16,cc_by_nc
"Photo: (c) stpatrm1timata, some rights reserved (CC BY-NC);",16,cc_by_nc
"Photo: (c) tipetalaura, some rights reserved (CC BY-NC);",16,cc_by_nc
"Photo: (c) umika, some rights reserved (CC BY-NC);",16,cc_by_nc
"Photo: (c) urbanbushcraft, some rights reserved (CC BY-NC);",16,cc_by_nc
"Photo: (c) waitara_central, some rights reserved (CC BY-NC);",16,cc_by_nc
"Photo: (c) will_fan, some rights reserved (CC BY-NC);",16,cc_by_nc
"This is an Open Access article distributed in accordance with the Creative Commons Attribution Non Commercial (CC BY-NC 4.0) license, which permits others to distribute, remix, adapt, build upon this work non-commercially, and license their derivative works on different terms, provided the original work is properly cited and the use is non-commercial. See: http://creativecommons.org/licenses/by-nc/4.0/",16,cc_by_nc
"Photo: (c) Alina Seufert, some rights reserved (CC BY-NC);",15,cc_by_nc
"Photo: (c) Allan Sheppard, some rights reserved (CC BY-NC);",15,cc_by_nc
"Photo: (c) Ark in the Park, some rights reserved (CC BY-NC);",15,cc_by_nc
"Photo: (c) Ashleigh Pont, some rights reserved (CC BY-NC);",15,cc_by_nc
"Photo: (c) Bird Explorers, some rights reserved (CC BY-NC);",15,cc_by_nc
"Photo: (c) Dee Warenycia, some rights reserved (CC BY-NC);",15,cc_by_nc
"Photo: (c) Jack Styles, some rights reserved (CC BY-NC);",15,cc_by_nc
"Photo: (c) Jenny Jandt, some rights reserved (CC BY-NC);",15,cc_by_nc
"Photo: (c) Kara, some rights reserved (CC BY-NC);",15,cc_by_nc
"Photo: (c) Michael Taylor, some rights reserved (CC BY-NC);",15,cc_by_nc
"Photo: (c) Nat Bocock, some rights reserved (CC BY-NC);",15,cc_by_nc
"Photo: (c) Nigel Marsh, some rights reserved (CC BY-NC);",15,cc_by_nc
"Photo: (c) Sarah Dwyer, some rights reserved (CC BY-NC);",15,cc_by_nc
"Photo: (c) Steven Wallace, some rights reserved (CC BY-NC);",15,cc_by_nc
"Photo: (c) Supa Iwi, some rights reserved (CC BY-NC);",15,cc_by_nc
"Photo: (c) adnayt, some rights reserved (CC BY-NC);",15,cc_by_nc
"Photo: (c) apm94, some rights reserved (CC BY-NC);",15,cc_by_nc
"Photo: (c) bekamasters, some rights reserved (CC BY-NC);",15,cc_by_nc
"Photo: (c) bendodson, some rights reserved (CC BY-NC);",15,cc_by_nc
"Photo: (c) bensarten, some rights reserved (CC BY-NC);",15,cc_by_nc
"Photo: (c) cco, some rights reserved (CC BY-NC);",15,cc_by_nc
"Photo: (c) crystalann_b, some rights reserved (CC BY-NC);",15,cc_by_nc
"Photo: (c) danielleshanahan, some rights reserved (CC BY-NC);",15,cc_by_nc
"Photo: (c) danohalloran, some rights reserved (CC BY-NC);",15,cc_by_nc
"Photo: (c) deanschneider, some rights reserved (CC BY-NC);",15,cc_by_nc
"Photo: (c) dl3137162, some rights reserved (CC BY-NC);",15,cc_by_nc
"Photo: (c) emma_curtin, some rights reserved (CC BY-NC);",15,cc_by_nc
"Photo: (c) emmahill, some rights reserved (CC BY-NC);",15,cc_by_nc
"Photo: (c) fionamccrimmon, some rights reserved (CC BY-NC);",15,cc_by_nc
"Photo: (c) geddavis, some rights reserved (CC BY-NC);",15,cc_by_nc
"Photo: (c) gibbisons, some rights reserved (CC BY-NC);",15,cc_by_nc
"Photo: (c) hawazen93, some rights reserved (CC BY-NC);",15,cc_by_nc
"Photo: (c) inglewood_primary, some rights reserved (CC BY-NC);",15,cc_by_nc
"Photo: (c) jacob9361, some rights reserved (CC BY-NC);",15,cc_by_nc
"Photo: (c) jaimepig, some rights reserved (CC BY-NC);",15,cc_by_nc
"Photo: (c) kate10142, some rights reserved (CC BY-NC);",15,cc_by_nc
"Photo: (c) kaukapakapa1, some rights reserved (CC BY-NC);",15,cc_by_nc
"Photo: (c) kaytaranto, some rights reserved (CC BY-NC);",15,cc_by_nc
"Photo: (c) kowhai26, some rights reserved (CC BY-NC);",15,cc_by_nc
"Photo: (c) lilyb, some rights reserved (CC BY-NC);",15,cc_by_nc
"Photo: (c) maomao, some rights reserved (CC BY-NC);",15,cc_by_nc
"Photo: (c) mcleans5, some rights reserved (CC BY-NC);",15,cc_by_nc
"Photo: (c) ngahere, some rights reserved (CC BY-NC);",15,cc_by_nc
"Photo: (c) oliviaprice, some rights reserved (CC BY-NC);",15,cc_by_nc
"Photo: (c) percyz, some rights reserved (CC BY-NC);",15,cc_by_nc
"Photo: (c) pmallison, some rights reserved (CC BY-NC);",15,cc_by_nc
"Photo: (c) puffball, some rights reserved (CC BY-NC);",15,cc_by_nc
"Photo: (c) rangikuraschool, some rights reserved (CC BY-NC);",15,cc_by_nc
"Photo: (c) rick_otoka, some rights reserved (CC BY-NC);",15,cc_by_nc
"Photo: (c) room2kirkwood, some rights reserved (CC BY-NC);",15,cc_by_nc
"Photo: (c) rumaki, some rights reserved (CC BY-NC);",15,cc_by_nc
"Photo: (c) samtheanimalman, some rights reserved (CC BY-NC);",15,cc_by_nc
"Photo: (c) seahare123, some rights reserved (CC BY-NC);",15,cc_by_nc
"Photo: (c) shannond13, some rights reserved (CC BY-NC);",15,cc_by_nc
"Photo: (c) shivani123, some rights reserved (CC BY-NC);",15,cc_by_nc
"Photo: (c) sofiannak, some rights reserved (CC BY-NC);",15,cc_by_nc
"Photo: (c) stmatts, some rights reserved (CC BY-NC);",15,cc_by_nc
"Photo: (c) thatplantguy, some rights reserved (CC BY-NC);",15,cc_by_nc
"Photo: (c) the leaf lady, some rights reserved (CC BY-NC);",15,cc_by_nc
"Photo: (c) thegrieveman, some rights reserved (CC BY-NC);",15,cc_by_nc
"Photo: (c) torris, some rights reserved (CC BY-NC);",15,cc_by_nc
"Photo: (c) waipri, some rights reserved (CC BY-NC);",15,cc_by_nc
"NCW Licence 2. The interviewee agrees to this data being used in publications associated with the project, teaching, other research projects, public lectures, and presentations. The interviewee agrees to this data being publicly available on the UC CEISMIC website, displayed in a museum, library or other public space, or used in other works such as books, films, and artworks. The data may not be broadcast on television or radio. Licensed for non-commercial use, in part or whole, in compliance with the above conditions of use. Attribution to Women's Voices project, NCW (Christchurch).",14,cc_by_nc
"Photo: (c) Caitlin Hutching, some rights reserved (CC BY-NC);",14,cc_by_nc
"Photo: (c) Catherine Villeneuve, some rights reserved (CC BY-NC);",14,cc_by_nc
"Photo: (c) David, some rights reserved (CC BY-NC);",14,cc_by_nc
"Photo: (c) Helen Mechen, some rights reserved (CC BY-NC);",14,cc_by_nc
"Photo: (c) Holly, some rights reserved (CC BY-NC);",14,cc_by_nc
"Photo: (c) Howon Rhee, some rights reserved (CC BY-NC);",14,cc_by_nc
"Photo: (c) Jack Crosbie, some rights reserved (CC BY-NC);",14,cc_by_nc
"Photo: (c) James Chatterton, some rights reserved (CC BY-NC);",14,cc_by_nc
"Photo: (c) Kat Miller, some rights reserved (CC BY-NC);",14,cc_by_nc
"Photo: (c) Lily, some rights reserved (CC BY-NC);",14,cc_by_nc
"Photo: (c) Megan Gee, some rights reserved (CC BY-NC);",14,cc_by_nc
"Photo: (c) Oliver Barker, some rights reserved (CC BY-NC);",14,cc_by_nc
"Photo: (c) Paul Hawkins, some rights reserved (CC BY-NC);",14,cc_by_nc
"Photo: (c) Prue kennard, some rights reserved (CC BY-NC);",14,cc_by_nc
"Photo: (c) Robert D Stevenson, some rights reserved (CC BY-NC);",14,cc_by_nc
"Photo: (c) Sam Bosworth, some rights reserved (CC BY-NC);",14,cc_by_nc
"Photo: (c) Scott Bartlam, some rights reserved (CC BY-NC);",14,cc_by_nc
"Photo: (c) Shaun Thomason, some rights reserved (CC BY-NC);",14,cc_by_nc
"Photo: (c) Stephen Whitton, some rights reserved (CC BY-NC);",14,cc_by_nc
"Photo: (c) Yubo “Roger” Liu, some rights reserved (CC BY-NC);",14,cc_by_nc
"Photo: (c) annafr, some rights reserved (CC BY-NC);",14,cc_by_nc
"Photo: (c) awenithology, some rights reserved (CC BY-NC);",14,cc_by_nc
"Photo: (c) bill9013, some rights reserved (CC BY-NC);",14,cc_by_nc
"Photo: (c) cameronmclean, some rights reserved (CC BY-NC);",14,cc_by_nc
"Photo: (c) campinkam, some rights reserved (CC BY-NC);",14,cc_by_nc
"Photo: (c) cawy, some rights reserved (CC BY-NC);",14,cc_by_nc
"Photo: (c) chelseayeoman97, some rights reserved (CC BY-NC);",14,cc_by_nc
"Photo: (c) dan-m, some rights reserved (CC BY-NC);",14,cc_by_nc
"Photo: (c) dwina, some rights reserved (CC BY-NC);",14,cc_by_nc
"Photo: (c) emmacc22, some rights reserved (CC BY-NC);",14,cc_by_nc
"Photo: (c) evienature, some rights reserved (CC BY-NC);",14,cc_by_nc
"Photo: (c) evogel, some rights reserved (CC BY-NC);",14,cc_by_nc
"Photo: (c) fydnar, some rights reserved (CC BY-NC);",14,cc_by_nc
"Photo: (c) garywwilson, some rights reserved (CC BY-NC);",14,cc_by_nc
"Photo: (c) halesb, some rights reserved (CC BY-NC);",14,cc_by_nc
"Photo: (c) hawkdoc, some rights reserved (CC BY-NC);",14,cc_by_nc
"Photo: (c) haydenj, some rights reserved (CC BY-NC);",14,cc_by_nc
"Photo: (c) haydos12, some rights reserved (CC BY-NC);",14,cc_by_nc
"Photo: (c) hayleyd, some rights reserved (CC BY-NC);",14,cc_by_nc
"Photo: (c) ianrijsdijk, some rights reserved (CC BY-NC);",14,cc_by_nc
"Photo: (c) jeska, some rights reserved (CC BY-NC);",14,cc_by_nc
"Photo: (c) jfa83, some rights reserved (CC BY-NC);",14,cc_by_nc
"Photo: (c) joshmill, some rights reserved (CC BY-NC);",14,cc_by_nc
"Photo: (c) karkulja, some rights reserved (CC BY-NC);",14,cc_by_nc
"Photo: (c) kerriks, some rights reserved (CC BY-NC);",14,cc_by_nc
"Photo: (c) kiwifi, some rights reserved (CC BY-NC);",14,cc_by_nc
"Photo: (c) l17297, some rights reserved (CC BY-NC);",14,cc_by_nc
"Photo: (c) lisetter, some rights reserved (CC BY-NC);",14,cc_by_nc
"Photo: (c) littlefantail, some rights reserved (CC BY-NC);",14,cc_by_nc
"Photo: (c) lokicology, some rights reserved (CC BY-NC);",14,cc_by_nc
"Photo: (c) loreleiboyd99, some rights reserved (CC BY-NC);",14,cc_by_nc
"Photo: (c) lvermunt, some rights reserved (CC BY-NC);",14,cc_by_nc
"Photo: (c) lydiall, some rights reserved (CC BY-NC);",14,cc_by_nc
"Photo: (c) manaiaschool, some rights reserved (CC BY-NC);",14,cc_by_nc
"Photo: (c) mickypoo, some rights reserved (CC BY-NC);",14,cc_by_nc
"Photo: (c) mikeries, some rights reserved (CC BY-NC);",14,cc_by_nc
"Photo: (c) mikhailc, some rights reserved (CC BY-NC);",14,cc_by_nc
"Photo: (c) milleravegroup3, some rights reserved (CC BY-NC);",14,cc_by_nc
"Photo: (c) molliebarrell, some rights reserved (CC BY-NC);",14,cc_by_nc
"Photo: (c) natashac, some rights reserved (CC BY-NC);",14,cc_by_nc
"Photo: (c) natone, some rights reserved (CC BY-NC);",14,cc_by_nc
"Photo: (c) puniho, some rights reserved (CC BY-NC);",14,cc_by_nc
"Photo: (c) pythagnz, some rights reserved (CC BY-NC);",14,cc_by_nc
"Photo: (c) richmond-primary-school-trial, some rights reserved (CC BY-NC);",14,cc_by_nc
"Photo: (c) rogierwesterhoff, some rights reserved (CC BY-NC);",14,cc_by_nc
"Photo: (c) room24kns, some rights reserved (CC BY-NC);",14,cc_by_nc
"Photo: (c) rubyross, some rights reserved (CC BY-NC);",14,cc_by_nc
"Photo: (c) sfbb2019_team_piwakawaka, some rights reserved (CC BY-NC);",14,cc_by_nc
"Photo: (c) smankelow, some rights reserved (CC BY-NC);",14,cc_by_nc
"Photo: (c) stjohnbosco, some rights reserved (CC BY-NC);",14,cc_by_nc
"Photo: (c) susannguyen, some rights reserved (CC BY-NC);",14,cc_by_nc
"Photo: (c) tb1234, some rights reserved (CC BY-NC);",14,cc_by_nc
"Photo: (c) teamat2, some rights reserved (CC BY-NC);",14,cc_by_nc
"Photo: (c) thekings, some rights reserved (CC BY-NC);",14,cc_by_nc
"Photo: (c) waitatian, some rights reserved (CC BY-NC);",14,cc_by_nc
"Photo: (c) Ben Elijah, some rights reserved (CC BY-NC);",13,cc_by_nc
"Photo: (c) Ben, some rights reserved (CC BY-NC);",13,cc_by_nc
"Photo: (c) Dave Boyle, some rights reserved (CC BY-NC);",13,cc_by_nc
"Photo: (c) Dominic Bravenboer, some rights reserved (CC BY-NC);",13,cc_by_nc
"Photo: (c) Eketahuna School 'T & T', some rights reserved (CC BY-NC);",13,cc_by_nc
"Photo: (c) J Wilson-Davey, some rights reserved (CC BY-NC);",13,cc_by_nc
"Photo: (c) Jamie McAulay, some rights reserved (CC BY-NC);",13,cc_by_nc
"Photo: (c) Jen, some rights reserved (CC BY-NC);",13,cc_by_nc
"Photo: (c) Kerry Locker-Lampson, some rights reserved (CC BY-NC);",13,cc_by_nc
"Photo: (c) Meg an, some rights reserved (CC BY-NC);",13,cc_by_nc
"Photo: (c) Megan, some rights reserved (CC BY-NC);",13,cc_by_nc
"Photo: (c) Peter Williams, some rights reserved (CC BY-NC);",13,cc_by_nc
"Photo: (c) Rachael Mitchell, some rights reserved (CC BY-NC);",13,cc_by_nc
"Photo: (c) Rosie Cahalane, some rights reserved (CC BY-NC);",13,cc_by_nc
"Photo: (c) Samuel, some rights reserved (CC BY-NC);",13,cc_by_nc
"Photo: (c) Tara, some rights reserved (CC BY-NC);",13,cc_by_nc
"Photo: (c) always_christmas_somewhere, some rights reserved (CC BY-NC);",13,cc_by_nc
"Photo: (c) amanjivan, some rights reserved (CC BY-NC);",13,cc_by_nc
"Photo: (c) annej, some rights reserved (CC BY-NC);",13,cc_by_nc
"Photo: (c) apburns, some rights reserved (CC BY-NC);",13,cc_by_nc
"Photo: (c) batool, some rights reserved (CC BY-NC);",13,cc_by_nc
"Photo: (c) bellaburgess, some rights reserved (CC BY-NC);",13,cc_by_nc
"Photo: (c) bridgetm, some rights reserved (CC BY-NC);",13,cc_by_nc
"Photo: (c) charlotte_webb, some rights reserved (CC BY-NC);",13,cc_by_nc
"Photo: (c) curtisantonynixon, some rights reserved (CC BY-NC);",13,cc_by_nc
"Photo: (c) danquinn, some rights reserved (CC BY-NC);",13,cc_by_nc
"Photo: (c) davidcooksy, some rights reserved (CC BY-NC);",13,cc_by_nc
"Photo: (c) ffion10, some rights reserved (CC BY-NC);",13,cc_by_nc
"Photo: (c) fluffybabies, some rights reserved (CC BY-NC);",13,cc_by_nc
"Photo: (c) frasernh, some rights reserved (CC BY-NC);",13,cc_by_nc
"Photo: (c) hcurtis, some rights reserved (CC BY-NC);",13,cc_by_nc
"Photo: (c) hhsbio, some rights reserved (CC BY-NC);",13,cc_by_nc
"Photo: (c) himmelmoe, some rights reserved (CC BY-NC);",13,cc_by_nc
"Photo: (c) hjgraham, some rights reserved (CC BY-NC);",13,cc_by_nc
"Photo: (c) its_beca, some rights reserved (CC BY-NC);",13,cc_by_nc
"Photo: (c) ivymeep, some rights reserved (CC BY-NC);",13,cc_by_nc
"Photo: (c) johnwbs, some rights reserved (CC BY-NC);",13,cc_by_nc
"Photo: (c) juanitamiln, some rights reserved (CC BY-NC);",13,cc_by_nc
"Photo: (c) kaka100, some rights reserved (CC BY-NC);",13,cc_by_nc
"Photo: (c) kalia_gunter, some rights reserved (CC BY-NC);",13,cc_by_nc
"Photo: (c) kaponga, some rights reserved (CC BY-NC);",13,cc_by_nc
"Photo: (c) karingouldstone, some rights reserved (CC BY-NC);",13,cc_by_nc
"Photo: (c) katewhio, some rights reserved (CC BY-NC);",13,cc_by_nc
"Photo: (c) kaurikids, some rights reserved (CC BY-NC);",13,cc_by_nc
"Photo: (c) kendallclements, some rights reserved (CC BY-NC);",13,cc_by_nc
"Photo: (c) kentaloma, some rights reserved (CC BY-NC);",13,cc_by_nc
"Photo: (c) kerry_andrews, some rights reserved (CC BY-NC);",13,cc_by_nc
"Photo: (c) kingtimo, some rights reserved (CC BY-NC);",13,cc_by_nc
"Photo: (c) kslixxa, some rights reserved (CC BY-NC);",13,cc_by_nc
"Photo: (c) kyabeth, some rights reserved (CC BY-NC);",13,cc_by_nc
"Photo: (c) lily4165, some rights reserved (CC BY-NC);",13,cc_by_nc
"Photo: (c) luciusnutt, some rights reserved (CC BY-NC);",13,cc_by_nc
"Photo: (c) lucybug, some rights reserved (CC BY-NC);",13,cc_by_nc
"Photo: (c) mairangib, some rights reserved (CC BY-NC);",13,cc_by_nc
"Photo: (c) mairesmith, some rights reserved (CC BY-NC);",13,cc_by_nc
"Photo: (c) manaiabret, some rights reserved (CC BY-NC);",13,cc_by_nc
"Photo: (c) mangorei, some rights reserved (CC BY-NC);",13,cc_by_nc
"Photo: (c) maraeroa, some rights reserved (CC BY-NC);",13,cc_by_nc
"Photo: (c) mariasm, some rights reserved (CC BY-NC);",13,cc_by_nc
"Photo: (c) matai, some rights reserved (CC BY-NC);",13,cc_by_nc
"Photo: (c) mattva, some rights reserved (CC BY-NC);",13,cc_by_nc
"Photo: (c) mauao18, some rights reserved (CC BY-NC);",13,cc_by_nc
"Photo: (c) melanie99, some rights reserved (CC BY-NC);",13,cc_by_nc
"Photo: (c) mmackay, some rights reserved (CC BY-NC);",13,cc_by_nc
"Photo: (c) msclear, some rights reserved (CC BY-NC);",13,cc_by_nc
"Photo: (c) philthespoon, some rights reserved (CC BY-NC);",13,cc_by_nc
"Photo: (c) pumanawa, some rights reserved (CC BY-NC);",13,cc_by_nc
"Photo: (c) rdsimes, some rights reserved (CC BY-NC);",13,cc_by_nc
"Photo: (c) rocklands, some rights reserved (CC BY-NC);",13,cc_by_nc
"Photo: (c) room4matawai, some rights reserved (CC BY-NC);",13,cc_by_nc
"Photo: (c) sandramaclean, some rights reserved (CC BY-NC);",13,cc_by_nc
"Photo: (c) sandymcgb, some rights reserved (CC BY-NC);",13,cc_by_nc
"Photo: (c) sciencebadge, some rights reserved (CC BY-NC);",13,cc_by_nc
"Photo: (c) shonawendy, some rights reserved (CC BY-NC);",13,cc_by_nc
"Photo: (c) siljehereid, some rights reserved (CC BY-NC);",13,cc_by_nc
"Photo: (c) swalls, some rights reserved (CC BY-NC);",13,cc_by_nc
"Photo: (c) tanlun32, some rights reserved (CC BY-NC);",13,cc_by_nc
"Photo: (c) tara murray, some rights reserved (CC BY-NC);",13,cc_by_nc
"Photo: (c) tbs, some rights reserved (CC BY-NC);",13,cc_by_nc
"Photo: (c) tepukeintermediate, some rights reserved (CC BY-NC);",13,cc_by_nc
"Photo: (c) tikouka15, some rights reserved (CC BY-NC);",13,cc_by_nc
"Photo: (c) tjeales, some rights reserved (CC BY-NC);",13,cc_by_nc
"Photo: (c) tom_doudney, some rights reserved (CC BY-NC);",13,cc_by_nc
"Photo: (c) troglodyte, some rights reserved (CC BY-NC);",13,cc_by_nc
"Photo: (c) uppy, some rights reserved (CC BY-NC);",13,cc_by_nc
"Photo: (c) walkem2a, some rights reserved (CC BY-NC);",13,cc_by_nc
"Photo: (c) waquel, some rights reserved (CC BY-NC);",13,cc_by_nc
"Photo: (c) wildliferpete, some rights reserved (CC BY-NC);",13,cc_by_nc
"Photo: (c) wilfredlandon, some rights reserved (CC BY-NC);",13,cc_by_nc
"Photo: (c) zds6496, some rights reserved (CC BY-NC);",13,cc_by_nc
"Photo: (c) zhaoxuan_li, some rights reserved (CC BY-NC);",13,cc_by_nc
"@Crown Copyright 1992. This work is licensed under the Creative Commons Attribution-NonCommercial 3.0 New Zealand (CC BY-NC 3.0 NZ) Licence, see http://creativecommons.org/licenses/by-nc/3.0/nz/",12,cc_by_nc
"Photo: (c) Arthur Chapman, some rights reserved (CC BY-NC);",12,cc_by_nc
"Photo: (c) Bay Ryan, some rights reserved (CC BY-NC);",12,cc_by_nc
"Photo: (c) Bluff Hill Motupohue Environment Trust, some rights reserved (CC BY-NC);",12,cc_by_nc
"Photo: (c) Celia Grant, some rights reserved (CC BY-NC);",12,cc_by_nc
"Photo: (c) Christina Nilles, some rights reserved (CC BY-NC);",12,cc_by_nc
"Photo: (c) Danielle Hart, some rights reserved (CC BY-NC);",12,cc_by_nc
"Photo: (c) Jean Fleming, some rights reserved (CC BY-NC);",12,cc_by_nc
"Photo: (c) Jordan, some rights reserved (CC BY-NC);",12,cc_by_nc
"Photo: (c) José Belem Hernández Díaz, some rights reserved (CC BY-NC);",12,cc_by_nc
"Photo: (c) Judith, some rights reserved (CC BY-NC);",12,cc_by_nc
"Photo: (c) Karl Kroeker, some rights reserved (CC BY-NC);",12,cc_by_nc
"Photo: (c) Kym, some rights reserved (CC BY-NC);",12,cc_by_nc
"Photo: (c) Lou Drage, some rights reserved (CC BY-NC);",12,cc_by_nc
"Photo: (c) Manu Caddie, some rights reserved (CC BY-NC);",12,cc_by_nc
"Photo: (c) Michael Chainey, some rights reserved (CC BY-NC);",12,cc_by_nc
"Photo: (c) Nick Wilson, some rights reserved (CC BY-NC);",12,cc_by_nc
"Photo: (c) Nicola Robertson, some rights reserved (CC BY-NC);",12,cc_by_nc
"Photo: (c) Noah Simmonds, some rights reserved (CC BY-NC);",12,cc_by_nc
"Photo: (c) Peter Creighton, some rights reserved (CC BY-NC);",12,cc_by_nc
"Photo: (c) Peter Frost, some rights reserved (CC BY-NC);",12,cc_by_nc
"Photo: (c) Pierrick Bl, some rights reserved (CC BY-NC);",12,cc_by_nc
"Photo: (c) Sam Cooper, some rights reserved (CC BY-NC);",12,cc_by_nc
"Photo: (c) Void Seeker, some rights reserved (CC BY-NC);",12,cc_by_nc
"Photo: (c) amohiapeka, some rights reserved (CC BY-NC);",12,cc_by_nc
"Photo: (c) andrewhinton123, some rights reserved (CC BY-NC);",12,cc_by_nc
"Photo: (c) angiezor, some rights reserved (CC BY-NC);",12,cc_by_nc
"Photo: (c) anthonykat, some rights reserved (CC BY-NC);",12,cc_by_nc
"Photo: (c) asferens, some rights reserved (CC BY-NC);",12,cc_by_nc
"Photo: (c) ashlennon29, some rights reserved (CC BY-NC);",12,cc_by_nc
"Photo: (c) bellajansen, some rights reserved (CC BY-NC);",12,cc_by_nc
"Photo: (c) bpanzarella, some rights reserved (CC BY-NC);",12,cc_by_nc
"Photo: (c) brian_baker, some rights reserved (CC BY-NC);",12,cc_by_nc
"Photo: (c) britanniacubs, some rights reserved (CC BY-NC);",12,cc_by_nc
"Photo: (c) caleb_mackrth, some rights reserved (CC BY-NC);",12,cc_by_nc
"Photo: (c) catedh, some rights reserved (CC BY-NC);",12,cc_by_nc
"Photo: (c) cook2, some rights reserved (CC BY-NC);",12,cc_by_nc
"Photo: (c) drewsno, some rights reserved (CC BY-NC);",12,cc_by_nc
"Photo: (c) emmagj_97, some rights reserved (CC BY-NC);",12,cc_by_nc
"Photo: (c) fb_manawatu, some rights reserved (CC BY-NC);",12,cc_by_nc
"Photo: (c) foofoonz, some rights reserved (CC BY-NC);",12,cc_by_nc
"Photo: (c) geoffr, some rights reserved (CC BY-NC);",12,cc_by_nc
"Photo: (c) gg___6, some rights reserved (CC BY-NC);",12,cc_by_nc
"Photo: (c) gissyrolls, some rights reserved (CC BY-NC);",12,cc_by_nc
"Photo: (c) green_footprint, some rights reserved (CC BY-NC);",12,cc_by_nc
"Photo: (c) happygolucky_mel, some rights reserved (CC BY-NC);",12,cc_by_nc
"Photo: (c) harrier, some rights reserved (CC BY-NC);",12,cc_by_nc
"Photo: (c) jackhowarth, some rights reserved (CC BY-NC);",12,cc_by_nc
"Photo: (c) jordandekker, some rights reserved (CC BY-NC);",12,cc_by_nc
"Photo: (c) kafito, some rights reserved (CC BY-NC);",12,cc_by_nc
"Photo: (c) kaimataschool, some rights reserved (CC BY-NC);",12,cc_by_nc
"Photo: (c) keylime, some rights reserved (CC BY-NC);",12,cc_by_nc
"Photo: (c) lauren, some rights reserved (CC BY-NC);",12,cc_by_nc
"Photo: (c) lezette, some rights reserved (CC BY-NC);",12,cc_by_nc
"Photo: (c) linnettse, some rights reserved (CC BY-NC);",12,cc_by_nc
"Photo: (c) loissmallman, some rights reserved (CC BY-NC);",12,cc_by_nc
"Photo: (c) madkaplan, some rights reserved (CC BY-NC);",12,cc_by_nc
"Photo: (c) marinereserves, some rights reserved (CC BY-NC);",12,cc_by_nc
"Photo: (c) maxi3939, some rights reserved (CC BY-NC);",12,cc_by_nc
"Photo: (c) miriam7193, some rights reserved (CC BY-NC);",12,cc_by_nc
"Photo: (c) nzastro, some rights reserved (CC BY-NC);",12,cc_by_nc
"Photo: (c) oliviaeco, some rights reserved (CC BY-NC);",12,cc_by_nc
"Photo: (c) parklife, some rights reserved (CC BY-NC);",12,cc_by_nc
"Photo: (c) peterus23, some rights reserved (CC BY-NC);",12,cc_by_nc
"Photo: (c) pryderi, some rights reserved (CC BY-NC);",12,cc_by_nc
"Photo: (c) raddison, some rights reserved (CC BY-NC);",12,cc_by_nc
"Photo: (c) raviv, some rights reserved (CC BY-NC);",12,cc_by_nc
"Photo: (c) rebeccagbrown, some rights reserved (CC BY-NC);",12,cc_by_nc
"Photo: (c) reneejohansen, some rights reserved (CC BY-NC);",12,cc_by_nc
"Photo: (c) rinajapan, some rights reserved (CC BY-NC);",12,cc_by_nc
"Photo: (c) robmurphy, some rights reserved (CC BY-NC);",12,cc_by_nc
"Photo: (c) schellz, some rights reserved (CC BY-NC);",12,cc_by_nc
"Photo: (c) sezbogal, some rights reserved (CC BY-NC);",12,cc_by_nc
"Photo: (c) sfbb2019_team_korimako, some rights reserved (CC BY-NC);",12,cc_by_nc
"Photo: (c) slee, some rights reserved (CC BY-NC);",12,cc_by_nc
"Photo: (c) starrsunschooled, some rights reserved (CC BY-NC);",12,cc_by_nc
"Photo: (c) statto111, some rights reserved (CC BY-NC);",12,cc_by_nc
"Photo: (c) stephen2, some rights reserved (CC BY-NC);",12,cc_by_nc
"Photo: (c) stteresasroom6, some rights reserved (CC BY-NC);",12,cc_by_nc
"Photo: (c) sumi98, some rights reserved (CC BY-NC);",12,cc_by_nc
"Photo: (c) tessfrance, some rights reserved (CC BY-NC);",12,cc_by_nc
"Photo: (c) titipounamu, some rights reserved (CC BY-NC);",12,cc_by_nc
"Photo: (c) tomurray, some rights reserved (CC BY-NC);",12,cc_by_nc
"Photo: (c) victory, some rights reserved (CC BY-NC);",12,cc_by_nc
"Photo: (c) wednesday_worms, some rights reserved (CC BY-NC);",12,cc_by_nc
"Photo: (c) whaurivercatchmenttrust, some rights reserved (CC BY-NC);",12,cc_by_nc
"Photo: (c) xtine73, some rights reserved (CC BY-NC);",12,cc_by_nc
"Photo: (c) xuejingli, some rights reserved (CC BY-NC);",12,cc_by_nc
"Photo: (c) zhaoyang_chen, some rights reserved (CC BY-NC);",12,cc_by_nc
Whanake: The Pacific Journal of Community Development is licensed under a Creative Commons Attribution-NonCommercial 4.0 International License.,12,cc_by_nc
"@Crown Copyright 1991. This work is licensed under the Creative Commons Attribution-NonCommercial 3.0 New Zealand (CC BY-NC 3.0 NZ) Licence, see http://creativecommons.org/licenses/by-nc/3.0/nz/",11,cc_by_nc
"Communication Issues in Aotearoa New Zealand: A Collection of Research Essays, Edited by Giles Dodson & Evangelia Papoutsaki, is licensed under a Creative Commons Attribution-NonCommercial 4.0 International License.",11,cc_by_nc
"Photo: (c) Andy Lazere, some rights reserved (CC BY-NC);",11,cc_by_nc
"Photo: (c) Becky Cameron, some rights reserved (CC BY-NC);",11,cc_by_nc
"Photo: (c) C. F. T. B, some rights reserved (CC BY-NC);",11,cc_by_nc
"Photo: (c) Chris Grinter, some rights reserved (CC BY-NC);",11,cc_by_nc
"Photo: (c) Davin MacAskill, some rights reserved (CC BY-NC);",11,cc_by_nc
"Photo: (c) E.E.A., some rights reserved (CC BY-NC);",11,cc_by_nc
"Photo: (c) Elsa Liu, some rights reserved (CC BY-NC);",11,cc_by_nc
"Photo: (c) Fred Overmars, some rights reserved (CC BY-NC);",11,cc_by_nc
"Photo: (c) Heidy, some rights reserved (CC BY-NC);",11,cc_by_nc
"Photo: (c) Hunter Henley, some rights reserved (CC BY-NC);",11,cc_by_nc
"Photo: (c) Isabelle Bolon, some rights reserved (CC BY-NC);",11,cc_by_nc
"Photo: (c) Julie, some rights reserved (CC BY-NC);",11,cc_by_nc
"Photo: (c) Khanh Le, some rights reserved (CC BY-NC);",11,cc_by_nc
"Photo: (c) Laura Te Aho White, some rights reserved (CC BY-NC);",11,cc_by_nc
"Photo: (c) Leah Bendlin, some rights reserved (CC BY-NC);",11,cc_by_nc
"Photo: (c) Lindsay, some rights reserved (CC BY-NC);",11,cc_by_nc
"Photo: (c) Liz France, some rights reserved (CC BY-NC);",11,cc_by_nc
"Photo: (c) Max Hill, some rights reserved (CC BY-NC);",11,cc_by_nc
"Photo: (c) Muriel Bendel, some rights reserved (CC BY-NC);",11,cc_by_nc
"Photo: (c) Ollie Sutton, some rights reserved (CC BY-NC);",11,cc_by_nc
"Photo: (c) Paul Marcroft, some rights reserved (CC BY-NC);",11,cc_by_nc
"Photo: (c) Paul Maurice, some rights reserved (CC BY-NC);",11,cc_by_nc
"Photo: (c) Ruby MacGillivray, some rights reserved (CC BY-NC);",11,cc_by_nc
"Photo: (c) Rytas Vilgalys, some rights reserved (CC BY-NC);",11,cc_by_nc
"Photo: (c) Scott, some rights reserved (CC BY-NC);",11,cc_by_nc
"Photo: (c) Taylor, some rights reserved (CC BY-NC);",11,cc_by_nc
"Photo: (c) Tom Dale, some rights reserved (CC BY-NC);",11,cc_by_nc
"Photo: (c) Tom Steck, some rights reserved (CC BY-NC);",11,cc_by_nc
"Photo: (c) Trina Smuth, some rights reserved (CC BY-NC);",11,cc_by_nc
"Photo: (c) Waiata Evans, some rights reserved (CC BY-NC);",11,cc_by_nc
"Photo: (c) aalbertrebergen, some rights reserved (CC BY-NC);",11,cc_by_nc
"Photo: (c) alpineflower, some rights reserved (CC BY-NC);",11,cc_by_nc
"Photo: (c) arnoster, some rights reserved (CC BY-NC);",11,cc_by_nc
"Photo: (c) artimyss, some rights reserved (CC BY-NC);",11,cc_by_nc
"Photo: (c) aslund, some rights reserved (CC BY-NC);",11,cc_by_nc
"Photo: (c) autsquidlab, some rights reserved (CC BY-NC);",11,cc_by_nc
"Photo: (c) barneynzie, some rights reserved (CC BY-NC);",11,cc_by_nc
"Photo: (c) bmawera, some rights reserved (CC BY-NC);",11,cc_by_nc
"Photo: (c) bmwendy, some rights reserved (CC BY-NC);",11,cc_by_nc
"Photo: (c) bryonyl, some rights reserved (CC BY-NC);",11,cc_by_nc
"Photo: (c) busygirl, some rights reserved (CC BY-NC);",11,cc_by_nc
"Photo: (c) caityloon, some rights reserved (CC BY-NC);",11,cc_by_nc
"Photo: (c) camkay, some rights reserved (CC BY-NC);",11,cc_by_nc
"Photo: (c) carina, some rights reserved (CC BY-NC);",11,cc_by_nc
"Photo: (c) charissa1, some rights reserved (CC BY-NC);",11,cc_by_nc
"Photo: (c) clickvickers, some rights reserved (CC BY-NC);",11,cc_by_nc
"Photo: (c) cooperzion07, some rights reserved (CC BY-NC);",11,cc_by_nc
"Photo: (c) dancatmeow, some rights reserved (CC BY-NC);",11,cc_by_nc
"Photo: (c) dpbv, some rights reserved (CC BY-NC);",11,cc_by_nc
"Photo: (c) dunedinite, some rights reserved (CC BY-NC);",11,cc_by_nc
"Photo: (c) dwyers, some rights reserved (CC BY-NC);",11,cc_by_nc
"Photo: (c) ellerslie, some rights reserved (CC BY-NC);",11,cc_by_nc
"Photo: (c) emmahussey, some rights reserved (CC BY-NC);",11,cc_by_nc
"Photo: (c) erris2, some rights reserved (CC BY-NC);",11,cc_by_nc
"Photo: (c) ethanroyal, some rights reserved (CC BY-NC);",11,cc_by_nc
"Photo: (c) fungi-hunter, some rights reserved (CC BY-NC);",11,cc_by_nc
"Photo: (c) hamishduff, some rights reserved (CC BY-NC);",11,cc_by_nc
"Photo: (c) hannahsteel, some rights reserved (CC BY-NC);",11,cc_by_nc
"Photo: (c) heidiandrews, some rights reserved (CC BY-NC);",11,cc_by_nc
"Photo: (c) imiddo, some rights reserved (CC BY-NC);",11,cc_by_nc
"Photo: (c) janet, some rights reserved (CC BY-NC);",11,cc_by_nc
"Photo: (c) jbrydon24, some rights reserved (CC BY-NC);",11,cc_by_nc
"Photo: (c) jdiscoveries, some rights reserved (CC BY-NC);",11,cc_by_nc
"Photo: (c) joel, some rights reserved (CC BY-NC);",11,cc_by_nc
"Photo: (c) jovirens, some rights reserved (CC BY-NC);",11,cc_by_nc
"Photo: (c) juliegt, some rights reserved (CC BY-NC);",11,cc_by_nc
"Photo: (c) jwmartin, some rights reserved (CC BY-NC);",11,cc_by_nc
"Photo: (c) katederidder, some rights reserved (CC BY-NC);",11,cc_by_nc
"Photo: (c) katherinew, some rights reserved (CC BY-NC);",11,cc_by_nc
"Photo: (c) katie_robinson, some rights reserved (CC BY-NC);",11,cc_by_nc
"Photo: (c) kawaji, some rights reserved (CC BY-NC);",11,cc_by_nc
"Photo: (c) keystone-nz, some rights reserved (CC BY-NC);",11,cc_by_nc
"Photo: (c) kptnciam, some rights reserved (CC BY-NC);",11,cc_by_nc
"Photo: (c) leahnadollek, some rights reserved (CC BY-NC);",11,cc_by_nc
"Photo: (c) lenoreatwood, some rights reserved (CC BY-NC);",11,cc_by_nc
"Photo: (c) limpets, some rights reserved (CC BY-NC);",11,cc_by_nc
"Photo: (c) lorinlima, some rights reserved (CC BY-NC);",11,cc_by_nc
"Photo: (c) louise-woodhead, some rights reserved (CC BY-NC);",11,cc_by_nc
"Photo: (c) louise_s, some rights reserved (CC BY-NC);",11,cc_by_nc
"Photo: (c) lucyp, some rights reserved (CC BY-NC);",11,cc_by_nc
"Photo: (c) maddiedeac, some rights reserved (CC BY-NC);",11,cc_by_nc
"Photo: (c) mbixley, some rights reserved (CC BY-NC);",11,cc_by_nc
"Photo: (c) mfpaul, some rights reserved (CC BY-NC);",11,cc_by_nc
"Photo: (c) mikeakresh, some rights reserved (CC BY-NC);",11,cc_by_nc
"Photo: (c) mod, some rights reserved (CC BY-NC);",11,cc_by_nc
"Photo: (c) mullerl97, some rights reserved (CC BY-NC);",11,cc_by_nc
"Photo: (c) nativenutter, some rights reserved (CC BY-NC);",11,cc_by_nc
"Photo: (c) nzkiwi, some rights reserved (CC BY-NC);",11,cc_by_nc
"Photo: (c) ottomm, some rights reserved (CC BY-NC);",11,cc_by_nc
"Photo: (c) paddy, some rights reserved (CC BY-NC);",11,cc_by_nc
"Photo: (c) palmerfamily, some rights reserved (CC BY-NC);",11,cc_by_nc
"Photo: (c) paremata4, some rights reserved (CC BY-NC);",11,cc_by_nc
"Photo: (c) pboyd001, some rights reserved (CC BY-NC);",11,cc_by_nc
"Photo: (c) pfstolwijk, some rights reserved (CC BY-NC);",11,cc_by_nc
"Photo: (c) pierrickb, some rights reserved (CC BY-NC);",11,cc_by_nc
"Photo: (c) pirinoaschool2018, some rights reserved (CC BY-NC);",11,cc_by_nc
"Photo: (c) ptsge, some rights reserved (CC BY-NC);",11,cc_by_nc
"Photo: (c) rangitaiki2, some rights reserved (CC BY-NC);",11,cc_by_nc
"Photo: (c) rawhitiroa, some rights reserved (CC BY-NC);",11,cc_by_nc
"Photo: (c) rimu, some rights reserved (CC BY-NC);",11,cc_by_nc
"Photo: (c) rmturner, some rights reserved (CC BY-NC);",11,cc_by_nc
"Photo: (c) robynscott, some rights reserved (CC BY-NC);",11,cc_by_nc
"Photo: (c) sam268, some rights reserved (CC BY-NC);",11,cc_by_nc
"Photo: (c) sinman_0209, some rights reserved (CC BY-NC);",11,cc_by_nc
"Photo: (c) siobhanb28, some rights reserved (CC BY-NC);",11,cc_by_nc
"Photo: (c) snailboy, some rights reserved (CC BY-NC);",11,cc_by_nc
"Photo: (c) stomaz, some rights reserved (CC BY-NC);",11,cc_by_nc
"Photo: (c) stteresas, some rights reserved (CC BY-NC);",11,cc_by_nc
"Photo: (c) tanah_burung, some rights reserved (CC BY-NC);",11,cc_by_nc
"Photo: (c) te_ruwai, some rights reserved (CC BY-NC);",11,cc_by_nc
"Photo: (c) theoworld, some rights reserved (CC BY-NC);",11,cc_by_nc
"Photo: (c) tio, some rights reserved (CC BY-NC);",11,cc_by_nc
"Photo: (c) titahi2015, some rights reserved (CC BY-NC);",11,cc_by_nc
"Photo: (c) tomno, some rights reserved (CC BY-NC);",11,cc_by_nc
"Photo: (c) vegetarianvultures, some rights reserved (CC BY-NC);",11,cc_by_nc
"Photo: (c) vickiuhc, some rights reserved (CC BY-NC);",11,cc_by_nc
"Photo: (c) wha, some rights reserved (CC BY-NC);",11,cc_by_nc
"Photo: (c) willtodhunter, some rights reserved (CC BY-NC);",11,cc_by_nc
"Photo: (c) withtooth_nclaw, some rights reserved (CC BY-NC);",11,cc_by_nc
"Photo: (c) woodbank900, some rights reserved (CC BY-NC);",11,cc_by_nc
"Photo: (c) woodleigh, some rights reserved (CC BY-NC);",11,cc_by_nc
"Photo: (c) zacmills, some rights reserved (CC BY-NC);",11,cc_by_nc
"Text and images are owned, held, or licensed by Springfield College and are available for personal, non-commercial, and educational use, provided that ownership is properly cited. A credit line is required and should read: Courtesy of Springfield College, Archives and Special Collections. Any commercial use without written permission from Springfield College is strictly prohibited. Other individuals or entities other than, and in addition to, Springfield College may also own copyrights and other propriety rights. The publishing, exhibiting, or broadcasting party assumes all responsibility for clearing reproduction rights and for any infringement of United States copyright law. Contact host institution for more information.",11,cc_by_nc
"Any use of this item must acknowledge Les Cleveland as the photographer. Please contact the Library regarding permission to use this item non-commercially; the copyright holder’s permission must be obtained for all commercial use. 
Copyright: Mary Cleveland",10,cc_by_nc
"Photo: (c) Azita Agnew, some rights reserved (CC BY-NC);",10,cc_by_nc
"Photo: (c) B Nankivell, some rights reserved (CC BY-NC);",10,cc_by_nc
"Photo: (c) Brandon Arpan, some rights reserved (CC BY-NC);",10,cc_by_nc
"Photo: (c) Damon Tighe, some rights reserved (CC BY-NC);",10,cc_by_nc
"Photo: (c) David J Barton, some rights reserved (CC BY-NC);",10,cc_by_nc
"Photo: (c) Dimple, some rights reserved (CC BY-NC);",10,cc_by_nc
"Photo: (c) Edward A. D. Mitchell, some rights reserved (CC BY-NC);",10,cc_by_nc
"Photo: (c) Gary Bowering, some rights reserved (CC BY-NC);",10,cc_by_nc
"Photo: (c) HK Slap (Kacey587), some rights reserved (CC BY-NC);",10,cc_by_nc
"Photo: (c) Hamish Ogle, some rights reserved (CC BY-NC);",10,cc_by_nc
"Photo: (c) Helen Macky, some rights reserved (CC BY-NC);",10,cc_by_nc
"Photo: (c) Jason, some rights reserved (CC BY-NC);",10,cc_by_nc
"Photo: (c) Kathy, some rights reserved (CC BY-NC);",10,cc_by_nc
"Photo: (c) Laureline Rossignaud, some rights reserved (CC BY-NC);",10,cc_by_nc
"Photo: (c) Matt, some rights reserved (CC BY-NC);",10,cc_by_nc
"Photo: (c) Oscar Pollard, some rights reserved (CC BY-NC);",10,cc_by_nc
"Photo: (c) Paul Callister, some rights reserved (CC BY-NC);",10,cc_by_nc
"Photo: (c) Paul Pope, some rights reserved (CC BY-NC);",10,cc_by_nc
"Photo: (c) Paula Godfrey, some rights reserved (CC BY-NC);",10,cc_by_nc
"Photo: (c) Pete, some rights reserved (CC BY-NC);",10,cc_by_nc
"Photo: (c) R Stuart Nicholson, some rights reserved (CC BY-NC);",10,cc_by_nc
"Photo: (c) Rae Lerew, some rights reserved (CC BY-NC);",10,cc_by_nc
"Photo: (c) Roseanna, some rights reserved (CC BY-NC);",10,cc_by_nc
"Photo: (c) Steven Cook, some rights reserved (CC BY-NC);",10,cc_by_nc
"Photo: (c) Tommy, some rights reserved (CC BY-NC);",10,cc_by_nc
"Photo: (c) Tyler Feary, some rights reserved (CC BY-NC);",10,cc_by_nc
"Photo: (c) Willy Gamble, some rights reserved (CC BY-NC);",10,cc_by_nc
"Photo: (c) Xtine J, some rights reserved (CC BY-NC);",10,cc_by_nc
"Photo: (c) Zuzana Holubova, some rights reserved (CC BY-NC);",10,cc_by_nc
"Photo: (c) alanad, some rights reserved (CC BY-NC);",10,cc_by_nc
"Photo: (c) awekie, some rights reserved (CC BY-NC);",10,cc_by_nc
"Photo: (c) bekind, some rights reserved (CC BY-NC);",10,cc_by_nc
"Photo: (c) bigtree, some rights reserved (CC BY-NC);",10,cc_by_nc
"Photo: (c) bioscinerd_uoa, some rights reserved (CC BY-NC);",10,cc_by_nc
"Photo: (c) brianhatchet, some rights reserved (CC BY-NC);",10,cc_by_nc
"Photo: (c) callumn45, some rights reserved (CC BY-NC);",10,cc_by_nc
"Photo: (c) camelliasinensis, some rights reserved (CC BY-NC);",10,cc_by_nc
"Photo: (c) cari_stavert, some rights reserved (CC BY-NC);",10,cc_by_nc
"Photo: (c) carlbodenstaff, some rights reserved (CC BY-NC);",10,cc_by_nc
"Photo: (c) clairewebster, some rights reserved (CC BY-NC);",10,cc_by_nc
"Photo: (c) clint2017, some rights reserved (CC BY-NC);",10,cc_by_nc
"Photo: (c) connor-edwards, some rights reserved (CC BY-NC);",10,cc_by_nc
"Photo: (c) derfdadude, some rights reserved (CC BY-NC);",10,cc_by_nc
"Photo: (c) dhwalsh, some rights reserved (CC BY-NC);",10,cc_by_nc
"Photo: (c) dmunster, some rights reserved (CC BY-NC);",10,cc_by_nc
"Photo: (c) donsie, some rights reserved (CC BY-NC);",10,cc_by_nc
"Photo: (c) drpiwakawaka, some rights reserved (CC BY-NC);",10,cc_by_nc
"Photo: (c) emma_river, some rights reserved (CC BY-NC);",10,cc_by_nc
"Photo: (c) ethan707, some rights reserved (CC BY-NC);",10,cc_by_nc
"Photo: (c) ey, some rights reserved (CC BY-NC);",10,cc_by_nc
"Photo: (c) fay Brorens, some rights reserved (CC BY-NC);",10,cc_by_nc
"Photo: (c) fredovermars, some rights reserved (CC BY-NC);",10,cc_by_nc
"Photo: (c) gladdynature, some rights reserved (CC BY-NC);",10,cc_by_nc
"Photo: (c) gleann_uaine, some rights reserved (CC BY-NC);",10,cc_by_nc
"Photo: (c) grunter08, some rights reserved (CC BY-NC);",10,cc_by_nc
"Photo: (c) hannahnoley, some rights reserved (CC BY-NC);",10,cc_by_nc
"Photo: (c) henriettaharris, some rights reserved (CC BY-NC);",10,cc_by_nc
"Photo: (c) jacintasteeds, some rights reserved (CC BY-NC);",10,cc_by_nc
"Photo: (c) jadepg, some rights reserved (CC BY-NC);",10,cc_by_nc
"Photo: (c) jda1973, some rights reserved (CC BY-NC);",10,cc_by_nc
"Photo: (c) jocep, some rights reserved (CC BY-NC);",10,cc_by_nc
"Photo: (c) jonterry, some rights reserved (CC BY-NC);",10,cc_by_nc
"Photo: (c) joshmcmillan95, some rights reserved (CC BY-NC);",10,cc_by_nc
"Photo: (c) jturnbull, some rights reserved (CC BY-NC);",10,cc_by_nc
"Photo: (c) kane_fleury, some rights reserved (CC BY-NC);",10,cc_by_nc
"Photo: (c) karorins56, some rights reserved (CC BY-NC);",10,cc_by_nc
"Photo: (c) kilaligibson, some rights reserved (CC BY-NC);",10,cc_by_nc
"Photo: (c) kimberlymmagee, some rights reserved (CC BY-NC);",10,cc_by_nc
"Photo: (c) kinsmanj, some rights reserved (CC BY-NC);",10,cc_by_nc
"Photo: (c) korimako1, some rights reserved (CC BY-NC);",10,cc_by_nc
"Photo: (c) lesleyunit, some rights reserved (CC BY-NC);",10,cc_by_nc
"Photo: (c) libocedrus, some rights reserved (CC BY-NC);",10,cc_by_nc
"Photo: (c) llona, some rights reserved (CC BY-NC);",10,cc_by_nc
"Photo: (c) macka09, some rights reserved (CC BY-NC);",10,cc_by_nc
"Photo: (c) manakid, some rights reserved (CC BY-NC);",10,cc_by_nc
"Photo: (c) markdpcv, some rights reserved (CC BY-NC);",10,cc_by_nc
"Photo: (c) marsdenwhitby, some rights reserved (CC BY-NC);",10,cc_by_nc
"Photo: (c) mattt394, some rights reserved (CC BY-NC);",10,cc_by_nc
"Photo: (c) mghargraves, some rights reserved (CC BY-NC);",10,cc_by_nc
"Photo: (c) midnightkiwi, some rights reserved (CC BY-NC);",10,cc_by_nc
"Photo: (c) mipmop, some rights reserved (CC BY-NC);",10,cc_by_nc
"Photo: (c) modnar, some rights reserved (CC BY-NC);",10,cc_by_nc
"Photo: (c) mrmackenzie, some rights reserved (CC BY-NC);",10,cc_by_nc
"Photo: (c) mrrichie, some rights reserved (CC BY-NC);",10,cc_by_nc
"Photo: (c) nathanb, some rights reserved (CC BY-NC);",10,cc_by_nc
"Photo: (c) nicholson68, some rights reserved (CC BY-NC);",10,cc_by_nc
"Photo: (c) nzwormdoctor, some rights reserved (CC BY-NC);",10,cc_by_nc
"Photo: (c) omokoroa3, some rights reserved (CC BY-NC);",10,cc_by_nc
"Photo: (c) otc2, some rights reserved (CC BY-NC);",10,cc_by_nc
"Photo: (c) ourtearoa, some rights reserved (CC BY-NC);",10,cc_by_nc
"Photo: (c) pete9999, some rights reserved (CC BY-NC);",10,cc_by_nc
"Photo: (c) pounamuduck, some rights reserved (CC BY-NC);",10,cc_by_nc
"Photo: (c) quarantineisland, some rights reserved (CC BY-NC);",10,cc_by_nc
"Photo: (c) rachel_pool, some rights reserved (CC BY-NC);",10,cc_by_nc
"Photo: (c) rangaaa, some rights reserved (CC BY-NC);",10,cc_by_nc
"Photo: (c) redcerebus, some rights reserved (CC BY-NC);",10,cc_by_nc
"Photo: (c) rishikasinha, some rights reserved (CC BY-NC);",10,cc_by_nc
"Photo: (c) room12kelburn, some rights reserved (CC BY-NC);",10,cc_by_nc
"Photo: (c) rory1232011, some rights reserved (CC BY-NC);",10,cc_by_nc
"Photo: (c) sammysam73, some rights reserved (CC BY-NC);",10,cc_by_nc
"Photo: (c) sean_t, some rights reserved (CC BY-NC);",10,cc_by_nc
"Photo: (c) sideburns, some rights reserved (CC BY-NC);",10,cc_by_nc
"Photo: (c) southlandsuslik, some rights reserved (CC BY-NC);",10,cc_by_nc
"Photo: (c) squishypanda2810, some rights reserved (CC BY-NC);",10,cc_by_nc
"Photo: (c) st_john_bosco, some rights reserved (CC BY-NC);",10,cc_by_nc
"Photo: (c) stpats4, some rights reserved (CC BY-NC);",10,cc_by_nc
"Photo: (c) straange, some rights reserved (CC BY-NC);",10,cc_by_nc
"Photo: (c) striknred, some rights reserved (CC BY-NC);",10,cc_by_nc
"Photo: (c) tcoates, some rights reserved (CC BY-NC);",10,cc_by_nc
"Photo: (c) thependletonfamily, some rights reserved (CC BY-NC);",10,cc_by_nc
"Photo: (c) trudymira, some rights reserved (CC BY-NC);",10,cc_by_nc
"Photo: (c) uncle_yowie, some rights reserved (CC BY-NC);",10,cc_by_nc
"Photo: (c) vivjmcg, some rights reserved (CC BY-NC);",10,cc_by_nc
"Photo: (c) westmelton, some rights reserved (CC BY-NC);",10,cc_by_nc
"Photo: (c) wilfro159, some rights reserved (CC BY-NC);",10,cc_by_nc
"Photo: (c) wpaula, some rights reserved (CC BY-NC);",10,cc_by_nc
"Photo: (c) yiyang, some rights reserved (CC BY-NC);",10,cc_by_nc
"Photo: (c) zanegillgren, some rights reserved (CC BY-NC);",10,cc_by_nc
CC BY-NC,9,cc_by_nc
"Photo: (c) 104514452021787973407, some rights reserved (CC BY-NC);",9,cc_by_nc
"Photo: (c) 114150749808096325100, some rights reserved (CC BY-NC);",9,cc_by_nc
"Photo: (c) Andrew Blayney, some rights reserved (CC BY-NC);",9,cc_by_nc
"Photo: (c) Antony Kusabs, some rights reserved (CC BY-NC);",9,cc_by_nc
"Photo: (c) Brook Sanctuary, some rights reserved (CC BY-NC);",9,cc_by_nc
"Photo: (c) Brooke Theobald, some rights reserved (CC BY-NC);",9,cc_by_nc
"Photo: (c) Chelsee Neverman, some rights reserved (CC BY-NC);",9,cc_by_nc
"Photo: (c) Dan, fungi Photograph, some rights reserved (CC BY-NC);",9,cc_by_nc
"Photo: (c) Dean Wright, some rights reserved (CC BY-NC);",9,cc_by_nc
"Photo: (c) Derek Groves, some rights reserved (CC BY-NC);",9,cc_by_nc
"Photo: (c) Emma Burns, some rights reserved (CC BY-NC);",9,cc_by_nc
"Photo: (c) George Turner, some rights reserved (CC BY-NC);",9,cc_by_nc
"Photo: (c) Guy McDonald, some rights reserved (CC BY-NC);",9,cc_by_nc
"Photo: (c) Jack Fenaughty, some rights reserved (CC BY-NC);",9,cc_by_nc
"Photo: (c) Joshua Waterman, some rights reserved (CC BY-NC);",9,cc_by_nc
"Photo: (c) Kate Throp, some rights reserved (CC BY-NC);",9,cc_by_nc
"Photo: (c) Liam O'Brien, some rights reserved (CC BY-NC);",9,cc_by_nc
"Photo: (c) Lucy Taylor, some rights reserved (CC BY-NC);",9,cc_by_nc
"Photo: (c) Luis Mata, some rights reserved (CC BY-NC);",9,cc_by_nc
"Photo: (c) Maurice Sinclair, some rights reserved (CC BY-NC);",9,cc_by_nc
"Photo: (c) Meg O'Saurus, some rights reserved (CC BY-NC);",9,cc_by_nc
"Photo: (c) Miguel Tapia, some rights reserved (CC BY-NC);",9,cc_by_nc
"Photo: (c) Miles Burford, some rights reserved (CC BY-NC);",9,cc_by_nc
"Photo: (c) Nessa Scott, some rights reserved (CC BY-NC);",9,cc_by_nc
"Photo: (c) Nick Leggatt, some rights reserved (CC BY-NC);",9,cc_by_nc
"Photo: (c) Odin Hyink, some rights reserved (CC BY-NC);",9,cc_by_nc
"Photo: (c) Richard Pickering, some rights reserved (CC BY-NC);",9,cc_by_nc
"Photo: (c) Roger Wallis, some rights reserved (CC BY-NC);",9,cc_by_nc
"Photo: (c) Ryan Brooks, some rights reserved (CC BY-NC);",9,cc_by_nc
"Photo: (c) Sarah Laing, some rights reserved (CC BY-NC);",9,cc_by_nc
"Photo: (c) Sophie Futter, some rights reserved (CC BY-NC);",9,cc_by_nc
"Photo: (c) Tarsh Turner, some rights reserved (CC BY-NC);",9,cc_by_nc
"Photo: (c) Te Aira MB, some rights reserved (CC BY-NC);",9,cc_by_nc
"Photo: (c) Tom Freestone, some rights reserved (CC BY-NC);",9,cc_by_nc
"Photo: (c) Wendy Booth, some rights reserved (CC BY-NC);",9,cc_by_nc
"Photo: (c) Will Parsons, some rights reserved (CC BY-NC);",9,cc_by_nc
"Photo: (c) Zoë Ambrose, some rights reserved (CC BY-NC);",9,cc_by_nc
"Photo: (c) adam_d, some rights reserved (CC BY-NC);",9,cc_by_nc
"Photo: (c) albatrosseducation, some rights reserved (CC BY-NC);",9,cc_by_nc
"Photo: (c) alessiabehr, some rights reserved (CC BY-NC);",9,cc_by_nc
"Photo: (c) amberg, some rights reserved (CC BY-NC);",9,cc_by_nc
"Photo: (c) aotearoa77, some rights reserved (CC BY-NC);",9,cc_by_nc
"Photo: (c) aprilkiwi, some rights reserved (CC BY-NC);",9,cc_by_nc
"Photo: (c) apteryx54, some rights reserved (CC BY-NC);",9,cc_by_nc
"Photo: (c) as6699, some rights reserved (CC BY-NC);",9,cc_by_nc
"Photo: (c) astpurcell, some rights reserved (CC BY-NC);",9,cc_by_nc
"Photo: (c) bfi22, some rights reserved (CC BY-NC);",9,cc_by_nc
"Photo: (c) biobeth, some rights reserved (CC BY-NC);",9,cc_by_nc
"Photo: (c) blueduckstation, some rights reserved (CC BY-NC);",9,cc_by_nc
"Photo: (c) brittanygraham, some rights reserved (CC BY-NC);",9,cc_by_nc
"Photo: (c) burnhamschool, some rights reserved (CC BY-NC);",9,cc_by_nc
"Photo: (c) caitlyn_fleming, some rights reserved (CC BY-NC);",9,cc_by_nc
"Photo: (c) charlesfryett, some rights reserved (CC BY-NC);",9,cc_by_nc
"Photo: (c) chillmill, some rights reserved (CC BY-NC);",9,cc_by_nc
"Photo: (c) cuttlefisher, some rights reserved (CC BY-NC);",9,cc_by_nc
"Photo: (c) daffodillas, some rights reserved (CC BY-NC);",9,cc_by_nc
"Photo: (c) dan_h, some rights reserved (CC BY-NC);",9,cc_by_nc
"Photo: (c) david_atkinson, some rights reserved (CC BY-NC);",9,cc_by_nc
"Photo: (c) debbiedoo2, some rights reserved (CC BY-NC);",9,cc_by_nc
"Photo: (c) don_matthews, some rights reserved (CC BY-NC);",9,cc_by_nc
"Photo: (c) drachela, some rights reserved (CC BY-NC);",9,cc_by_nc
"Photo: (c) dtt676, some rights reserved (CC BY-NC);",9,cc_by_nc
"Photo: (c) eco_annal, some rights reserved (CC BY-NC);",9,cc_by_nc
"Photo: (c) edmundss, some rights reserved (CC BY-NC);",9,cc_by_nc
"Photo: (c) ellen_g, some rights reserved (CC BY-NC);",9,cc_by_nc
"Photo: (c) emftzg, some rights reserved (CC BY-NC);",9,cc_by_nc
"Photo: (c) emshaph, some rights reserved (CC BY-NC);",9,cc_by_nc
"Photo: (c) ethan_attridge, some rights reserved (CC BY-NC);",9,cc_by_nc
"Photo: (c) ewblen, some rights reserved (CC BY-NC);",9,cc_by_nc
"Photo: (c) eyrezer, some rights reserved (CC BY-NC);",9,cc_by_nc
"Photo: (c) farnorth, some rights reserved (CC BY-NC);",9,cc_by_nc
"Photo: (c) frogtrap, some rights reserved (CC BY-NC);",9,cc_by_nc
"Photo: (c) fryz, some rights reserved (CC BY-NC);",9,cc_by_nc
"Photo: (c) georginawoods, some rights reserved (CC BY-NC);",9,cc_by_nc
"Photo: (c) glitch13, some rights reserved (CC BY-NC);",9,cc_by_nc
"Photo: (c) godolphin, some rights reserved (CC BY-NC);",9,cc_by_nc
"Photo: (c) hai_dee, some rights reserved (CC BY-NC);",9,cc_by_nc
"Photo: (c) haileylam, some rights reserved (CC BY-NC);",9,cc_by_nc
"Photo: (c) hengi123, some rights reserved (CC BY-NC);",9,cc_by_nc
"Photo: (c) hilltoprangers, some rights reserved (CC BY-NC);",9,cc_by_nc
"Photo: (c) howarddc, some rights reserved (CC BY-NC);",9,cc_by_nc
"Photo: (c) hrubbo, some rights reserved (CC BY-NC);",9,cc_by_nc
"Photo: (c) iwentforawalk, some rights reserved (CC BY-NC);",9,cc_by_nc
"Photo: (c) jay, some rights reserved (CC BY-NC);",9,cc_by_nc
"Photo: (c) jessdam, some rights reserved (CC BY-NC);",9,cc_by_nc
"Photo: (c) jo_rm, some rights reserved (CC BY-NC);",9,cc_by_nc
"Photo: (c) jobug, some rights reserved (CC BY-NC);",9,cc_by_nc
"Photo: (c) johnaitken, some rights reserved (CC BY-NC);",9,cc_by_nc
"Photo: (c) johnb, some rights reserved (CC BY-NC);",9,cc_by_nc
"Photo: (c) kaitiakiwellington, some rights reserved (CC BY-NC);",9,cc_by_nc
"Photo: (c) kaka101, some rights reserved (CC BY-NC);",9,cc_by_nc
"Photo: (c) kaukapakapa2, some rights reserved (CC BY-NC);",9,cc_by_nc
"Photo: (c) kaukapakapa4, some rights reserved (CC BY-NC);",9,cc_by_nc
"Photo: (c) kayeyoung, some rights reserved (CC BY-NC);",9,cc_by_nc
"Photo: (c) keitetahatai, some rights reserved (CC BY-NC);",9,cc_by_nc
"Photo: (c) kennetchey, some rights reserved (CC BY-NC);",9,cc_by_nc
"Photo: (c) kiokiorm7, some rights reserved (CC BY-NC);",9,cc_by_nc
"Photo: (c) kiwilassee, some rights reserved (CC BY-NC);",9,cc_by_nc
"Photo: (c) klarat, some rights reserved (CC BY-NC);",9,cc_by_nc
"Photo: (c) kotare-emma, some rights reserved (CC BY-NC);",9,cc_by_nc
"Photo: (c) laurafindlay, some rights reserved (CC BY-NC);",9,cc_by_nc
"Photo: (c) lej, some rights reserved (CC BY-NC);",9,cc_by_nc
"Photo: (c) lek, some rights reserved (CC BY-NC);",9,cc_by_nc
"Photo: (c) lettydvg, some rights reserved (CC BY-NC);",9,cc_by_nc
"Photo: (c) liamtg, some rights reserved (CC BY-NC);",9,cc_by_nc
"Photo: (c) lincolnprimary, some rights reserved (CC BY-NC);",9,cc_by_nc
"Photo: (c) lisadanuser, some rights reserved (CC BY-NC);",9,cc_by_nc
"Photo: (c) lllllllllllllllllllllllllllllll-llllll, some rights reserved (CC BY-NC);",9,cc_by_nc
"Photo: (c) luifairweather, some rights reserved (CC BY-NC);",9,cc_by_nc
"Photo: (c) maddy_g, some rights reserved (CC BY-NC);",9,cc_by_nc
"Photo: (c) manuka2, some rights reserved (CC BY-NC);",9,cc_by_nc
"Photo: (c) maria1974, some rights reserved (CC BY-NC);",9,cc_by_nc
"Photo: (c) maxdorky, some rights reserved (CC BY-NC);",9,cc_by_nc
"Photo: (c) michaelj86, some rights reserved (CC BY-NC);",9,cc_by_nc
"Photo: (c) microbeexplorer, some rights reserved (CC BY-NC);",9,cc_by_nc
"Photo: (c) minkster, some rights reserved (CC BY-NC);",9,cc_by_nc
"Photo: (c) missyruss, some rights reserved (CC BY-NC);",9,cc_by_nc
"Photo: (c) mmsutton, some rights reserved (CC BY-NC);",9,cc_by_nc
"Photo: (c) mothbrain, some rights reserved (CC BY-NC);",9,cc_by_nc
"Photo: (c) mrsrd, some rights reserved (CC BY-NC);",9,cc_by_nc
"Photo: (c) nic_charlton, some rights reserved (CC BY-NC);",9,cc_by_nc
"Photo: (c) nisey2, some rights reserved (CC BY-NC);",9,cc_by_nc
"Photo: (c) papakura, some rights reserved (CC BY-NC);",9,cc_by_nc
"Photo: (c) paremata_school, some rights reserved (CC BY-NC);",9,cc_by_nc
"Photo: (c) pat_crowe, some rights reserved (CC BY-NC);",9,cc_by_nc
"Photo: (c) peterrussell, some rights reserved (CC BY-NC);",9,cc_by_nc
"Photo: (c) philippaterson18, some rights reserved (CC BY-NC);",9,cc_by_nc
"Photo: (c) pragathi21, some rights reserved (CC BY-NC);",9,cc_by_nc
"Photo: (c) psychman, some rights reserved (CC BY-NC);",9,cc_by_nc
"Photo: (c) pukeko92, some rights reserved (CC BY-NC);",9,cc_by_nc
"Photo: (c) rangitaiki1, some rights reserved (CC BY-NC);",9,cc_by_nc
"Photo: (c) riser5, some rights reserved (CC BY-NC);",9,cc_by_nc
"Photo: (c) riverbent, some rights reserved (CC BY-NC);",9,cc_by_nc
"Photo: (c) rjmcmahon, some rights reserved (CC BY-NC);",9,cc_by_nc
"Photo: (c) room62014, some rights reserved (CC BY-NC);",9,cc_by_nc
"Photo: (c) soggybottomnz, some rights reserved (CC BY-NC);",9,cc_by_nc
"Photo: (c) sparrow, some rights reserved (CC BY-NC);",9,cc_by_nc
"Photo: (c) star_wilson, some rights reserved (CC BY-NC);",9,cc_by_nc
"Photo: (c) stho002, some rights reserved (CC BY-NC);",9,cc_by_nc
"Photo: (c) suec2, some rights reserved (CC BY-NC);",9,cc_by_nc
"Photo: (c) sylvia_robinson, some rights reserved (CC BY-NC);",9,cc_by_nc
"Photo: (c) synch_, some rights reserved (CC BY-NC);",9,cc_by_nc
"Photo: (c) tahul, some rights reserved (CC BY-NC);",9,cc_by_nc
"Photo: (c) takahe1, some rights reserved (CC BY-NC);",9,cc_by_nc
"Photo: (c) threegirlsandme, some rights reserved (CC BY-NC);",9,cc_by_nc
"Photo: (c) toralav, some rights reserved (CC BY-NC);",9,cc_by_nc
"Photo: (c) turley12, some rights reserved (CC BY-NC);",9,cc_by_nc
"Photo: (c) warwickb, some rights reserved (CC BY-NC);",9,cc_by_nc
"Photo: (c) wesron, some rights reserved (CC BY-NC);",9,cc_by_nc
"Photo: (c) yuxuan_w, some rights reserved (CC BY-NC);",9,cc_by_nc
"Photo: (c) zcody, some rights reserved (CC BY-NC);",9,cc_by_nc
"Photo: (c) zstone, some rights reserved (CC BY-NC);",9,cc_by_nc
"Photo: (c) Abhi Manikantan, some rights reserved (CC BY-NC);",8,cc_by_nc
"Photo: (c) Anna Sophie Hansen, some rights reserved (CC BY-NC);",8,cc_by_nc
"Photo: (c) Avi Roberts, some rights reserved (CC BY-NC);",8,cc_by_nc
"Photo: (c) Bernd Dietrich, some rights reserved (CC BY-NC);",8,cc_by_nc
"Photo: (c) Brian Smith, some rights reserved (CC BY-NC);",8,cc_by_nc
"Photo: (c) Bridget Angell, some rights reserved (CC BY-NC);",8,cc_by_nc
"Photo: (c) Brooke B, some rights reserved (CC BY-NC);",8,cc_by_nc
"Photo: (c) Cullen Pearse, some rights reserved (CC BY-NC);",8,cc_by_nc
"Photo: (c) Damon Marshall, some rights reserved (CC BY-NC);",8,cc_by_nc
"Photo: (c) Darren Creighton, some rights reserved (CC BY-NC);",8,cc_by_nc
"Photo: (c) David Martin, some rights reserved (CC BY-NC);",8,cc_by_nc
"Photo: (c) Debbie Valentine, some rights reserved (CC BY-NC);",8,cc_by_nc
"Photo: (c) Emma Scheltema, some rights reserved (CC BY-NC);",8,cc_by_nc
"Photo: (c) Forestry Contractors, some rights reserved (CC BY-NC);",8,cc_by_nc
"Photo: (c) Jonathan Underwood, some rights reserved (CC BY-NC);",8,cc_by_nc
"Photo: (c) Justin, some rights reserved (CC BY-NC);",8,cc_by_nc
"Photo: (c) Justyna Giejsztowt, some rights reserved (CC BY-NC);",8,cc_by_nc
"Photo: (c) Karen, some rights reserved (CC BY-NC);",8,cc_by_nc
"Photo: (c) Kieran Garbutt, some rights reserved (CC BY-NC);",8,cc_by_nc
"Photo: (c) Loretta Steele, some rights reserved (CC BY-NC);",8,cc_by_nc
"Photo: (c) Matthew Arnet, some rights reserved (CC BY-NC);",8,cc_by_nc
"Photo: (c) Max, some rights reserved (CC BY-NC);",8,cc_by_nc
"Photo: (c) Ngahape, some rights reserved (CC BY-NC);",8,cc_by_nc
"Photo: (c) Philip Summerhays, some rights reserved (CC BY-NC);",8,cc_by_nc
"Photo: (c) Rachel, some rights reserved (CC BY-NC);",8,cc_by_nc
"Photo: (c) Radagast, some rights reserved (CC BY-NC);",8,cc_by_nc
"Photo: (c) Rich Kostecke, some rights reserved (CC BY-NC);",8,cc_by_nc
"Photo: (c) Rico Jervis, some rights reserved (CC BY-NC);",8,cc_by_nc
"Photo: (c) Sahiti Peddisetti, some rights reserved (CC BY-NC);",8,cc_by_nc
"Photo: (c) Samantha Lu, some rights reserved (CC BY-NC);",8,cc_by_nc
"Photo: (c) Sean Freeman, some rights reserved (CC BY-NC);",8,cc_by_nc
"Photo: (c) Sean, some rights reserved (CC BY-NC);",8,cc_by_nc
"Photo: (c) Shannon, some rights reserved (CC BY-NC);",8,cc_by_nc
"Photo: (c) Waverley Klein Ovink, some rights reserved (CC BY-NC);",8,cc_by_nc
"Photo: (c) a333, some rights reserved (CC BY-NC);",8,cc_by_nc
"Photo: (c) alistairsperling, some rights reserved (CC BY-NC);",8,cc_by_nc
"Photo: (c) amos, some rights reserved (CC BY-NC);",8,cc_by_nc
"Photo: (c) angus_fordham, some rights reserved (CC BY-NC);",8,cc_by_nc
"Photo: (c) annameban, some rights reserved (CC BY-NC);",8,cc_by_nc
"Photo: (c) anneliesebrown, some rights reserved (CC BY-NC);",8,cc_by_nc
"Photo: (c) appletk, some rights reserved (CC BY-NC);",8,cc_by_nc
"Photo: (c) ateacher, some rights reserved (CC BY-NC);",8,cc_by_nc
"Photo: (c) baizo97, some rights reserved (CC BY-NC);",8,cc_by_nc
"Photo: (c) bcbirder, some rights reserved (CC BY-NC);",8,cc_by_nc
"Photo: (c) bellag, some rights reserved (CC BY-NC);",8,cc_by_nc
"Photo: (c) blank_design, some rights reserved (CC BY-NC);",8,cc_by_nc
"Photo: (c) bohnh, some rights reserved (CC BY-NC);",8,cc_by_nc
"Photo: (c) bradsmith56, some rights reserved (CC BY-NC);",8,cc_by_nc
"Photo: (c) brettpercival, some rights reserved (CC BY-NC);",8,cc_by_nc
"Photo: (c) brittanymathias, some rights reserved (CC BY-NC);",8,cc_by_nc
"Photo: (c) casey_cuthbertson, some rights reserved (CC BY-NC);",8,cc_by_nc
"Photo: (c) chrisrance, some rights reserved (CC BY-NC);",8,cc_by_nc
"Photo: (c) clair, some rights reserved (CC BY-NC);",8,cc_by_nc
"Photo: (c) claire89, some rights reserved (CC BY-NC);",8,cc_by_nc
"Photo: (c) claratuatara, some rights reserved (CC BY-NC);",8,cc_by_nc
"Photo: (c) cparminter, some rights reserved (CC BY-NC);",8,cc_by_nc
"Photo: (c) danni91543, some rights reserved (CC BY-NC);",8,cc_by_nc
"Photo: (c) darrylburling, some rights reserved (CC BY-NC);",8,cc_by_nc
"Photo: (c) darrylh, some rights reserved (CC BY-NC);",8,cc_by_nc
"Photo: (c) dbmcc, some rights reserved (CC BY-NC);",8,cc_by_nc
"Photo: (c) denisecone, some rights reserved (CC BY-NC);",8,cc_by_nc
"Photo: (c) desmondbovey, some rights reserved (CC BY-NC);",8,cc_by_nc
"Photo: (c) dickcannings, some rights reserved (CC BY-NC);",8,cc_by_nc
"Photo: (c) dillanleeh, some rights reserved (CC BY-NC);",8,cc_by_nc
"Photo: (c) djmoore, some rights reserved (CC BY-NC);",8,cc_by_nc
"Photo: (c) drumml, some rights reserved (CC BY-NC);",8,cc_by_nc
"Photo: (c) duaneg, some rights reserved (CC BY-NC);",8,cc_by_nc
"Photo: (c) eifsmith, some rights reserved (CC BY-NC);",8,cc_by_nc
"Photo: (c) elderj, some rights reserved (CC BY-NC);",8,cc_by_nc
"Photo: (c) elizabeth_werner, some rights reserved (CC BY-NC);",8,cc_by_nc
"Photo: (c) enarebee, some rights reserved (CC BY-NC);",8,cc_by_nc
"Photo: (c) enviroschoolsteupokooteikaamaui, some rights reserved (CC BY-NC);",8,cc_by_nc
"Photo: (c) faithc, some rights reserved (CC BY-NC);",8,cc_by_nc
"Photo: (c) fionamcc, some rights reserved (CC BY-NC);",8,cc_by_nc
"Photo: (c) greglasley, some rights reserved (CC BY-NC);",8,cc_by_nc
"Photo: (c) group8, some rights reserved (CC BY-NC);",8,cc_by_nc
"Photo: (c) hawera_primary, some rights reserved (CC BY-NC);",8,cc_by_nc
"Photo: (c) haweraintermediate, some rights reserved (CC BY-NC);",8,cc_by_nc
"Photo: (c) heather_sherwood, some rights reserved (CC BY-NC);",8,cc_by_nc
"Photo: (c) hendrixeaton08, some rights reserved (CC BY-NC);",8,cc_by_nc
"Photo: (c) henriettaanne, some rights reserved (CC BY-NC);",8,cc_by_nc
"Photo: (c) herbariumlover224, some rights reserved (CC BY-NC);",8,cc_by_nc
"Photo: (c) iaertu, some rights reserved (CC BY-NC);",8,cc_by_nc
"Photo: (c) ihunter, some rights reserved (CC BY-NC);",8,cc_by_nc
"Photo: (c) jaimepigfitzgerald, some rights reserved (CC BY-NC);",8,cc_by_nc
"Photo: (c) jazmine9, some rights reserved (CC BY-NC);",8,cc_by_nc
"Photo: (c) jboow, some rights reserved (CC BY-NC);",8,cc_by_nc
"Photo: (c) jessporter, some rights reserved (CC BY-NC);",8,cc_by_nc
"Photo: (c) jmck61, some rights reserved (CC BY-NC);",8,cc_by_nc
"Photo: (c) joelemerson, some rights reserved (CC BY-NC);",8,cc_by_nc
"Photo: (c) johneichler, some rights reserved (CC BY-NC);",8,cc_by_nc
"Photo: (c) jonaswobker, some rights reserved (CC BY-NC);",8,cc_by_nc
"Photo: (c) jonoverrall, some rights reserved (CC BY-NC);",8,cc_by_nc
"Photo: (c) jonowilliams, some rights reserved (CC BY-NC);",8,cc_by_nc
"Photo: (c) josieb07, some rights reserved (CC BY-NC);",8,cc_by_nc
"Photo: (c) juditgee, some rights reserved (CC BY-NC);",8,cc_by_nc
"Photo: (c) julie17, some rights reserved (CC BY-NC);",8,cc_by_nc
"Photo: (c) kamui, some rights reserved (CC BY-NC);",8,cc_by_nc
"Photo: (c) kaybe, some rights reserved (CC BY-NC);",8,cc_by_nc
"Photo: (c) kellyeaton, some rights reserved (CC BY-NC);",8,cc_by_nc
"Photo: (c) kristelvh, some rights reserved (CC BY-NC);",8,cc_by_nc
"Photo: (c) lindaandrob, some rights reserved (CC BY-NC);",8,cc_by_nc
"Photo: (c) luanko, some rights reserved (CC BY-NC);",8,cc_by_nc
"Photo: (c) maitealves, some rights reserved (CC BY-NC);",8,cc_by_nc
"Photo: (c) mandyh, some rights reserved (CC BY-NC);",8,cc_by_nc
"Photo: (c) mangawhaiguy, some rights reserved (CC BY-NC);",8,cc_by_nc
"Photo: (c) mangomuncher, some rights reserved (CC BY-NC);",8,cc_by_nc
"Photo: (c) marenp, some rights reserved (CC BY-NC);",8,cc_by_nc
"Photo: (c) marier, some rights reserved (CC BY-NC);",8,cc_by_nc
"Photo: (c) marneya, some rights reserved (CC BY-NC);",8,cc_by_nc
"Photo: (c) martinemichelle, some rights reserved (CC BY-NC);",8,cc_by_nc
"Photo: (c) mattruglys, some rights reserved (CC BY-NC);",8,cc_by_nc
"Photo: (c) maxclark95, some rights reserved (CC BY-NC);",8,cc_by_nc
"Photo: (c) mchughc, some rights reserved (CC BY-NC);",8,cc_by_nc
"Photo: (c) milansecker, some rights reserved (CC BY-NC);",8,cc_by_nc
"Photo: (c) minidaisies, some rights reserved (CC BY-NC);",8,cc_by_nc
"Photo: (c) mk07, some rights reserved (CC BY-NC);",8,cc_by_nc
"Photo: (c) morpheous, some rights reserved (CC BY-NC);",8,cc_by_nc
"Photo: (c) mycelle, some rights reserved (CC BY-NC);",8,cc_by_nc
"Photo: (c) nathimble, some rights reserved (CC BY-NC);",8,cc_by_nc
"Photo: (c) nburkepile, some rights reserved (CC BY-NC);",8,cc_by_nc
"Photo: (c) nikkinu, some rights reserved (CC BY-NC);",8,cc_by_nc
"Photo: (c) noaprice, some rights reserved (CC BY-NC);",8,cc_by_nc
"Photo: (c) nurplefubaloo, some rights reserved (CC BY-NC);",8,cc_by_nc
"Photo: (c) oliverglampe, some rights reserved (CC BY-NC);",8,cc_by_nc
"Photo: (c) pfaucher, some rights reserved (CC BY-NC);",8,cc_by_nc
"Photo: (c) philpetersen, some rights reserved (CC BY-NC);",8,cc_by_nc
"Photo: (c) rattrappa97531, some rights reserved (CC BY-NC);",8,cc_by_nc
"Photo: (c) rebeccalgreen, some rights reserved (CC BY-NC);",8,cc_by_nc
"Photo: (c) rfdawn, some rights reserved (CC BY-NC);",8,cc_by_nc
"Photo: (c) room51, some rights reserved (CC BY-NC);",8,cc_by_nc
"Photo: (c) ryan008, some rights reserved (CC BY-NC);",8,cc_by_nc
"Photo: (c) sbgoldberg, some rights reserved (CC BY-NC);",8,cc_by_nc
"Photo: (c) scottb477, some rights reserved (CC BY-NC);",8,cc_by_nc
"Photo: (c) scubagran, some rights reserved (CC BY-NC);",8,cc_by_nc
"Photo: (c) staceybryan, some rights reserved (CC BY-NC);",8,cc_by_nc
"Photo: (c) steven_evans, some rights reserved (CC BY-NC);",8,cc_by_nc
"Photo: (c) taikotrust, some rights reserved (CC BY-NC);",8,cc_by_nc
"Photo: (c) thomasbrown, some rights reserved (CC BY-NC);",8,cc_by_nc
"Photo: (c) torhek, some rights reserved (CC BY-NC);",8,cc_by_nc
"Photo: (c) traceme17, some rights reserved (CC BY-NC);",8,cc_by_nc
"Photo: (c) trilobit, some rights reserved (CC BY-NC);",8,cc_by_nc
"Photo: (c) tropical49, some rights reserved (CC BY-NC);",8,cc_by_nc
"Photo: (c) turua, some rights reserved (CC BY-NC);",8,cc_by_nc
"Photo: (c) wcatchment, some rights reserved (CC BY-NC);",8,cc_by_nc
"Photo: (c) yaoshawn, some rights reserved (CC BY-NC);",8,cc_by_nc
"Photo: (c) yforbes, some rights reserved (CC BY-NC);",8,cc_by_nc
"Photo: (c) Angelina Young, some rights reserved (CC BY-NC);",7,cc_by_nc
"Photo: (c) Barry Smith, some rights reserved (CC BY-NC);",7,cc_by_nc
"Photo: (c) Cam Kay, some rights reserved (CC BY-NC);",7,cc_by_nc
"Photo: (c) Charlotte Crummack, some rights reserved (CC BY-NC);",7,cc_by_nc
"Photo: (c) Cherie Hemsley, some rights reserved (CC BY-NC);",7,cc_by_nc
"Photo: (c) Cherie, some rights reserved (CC BY-NC);",7,cc_by_nc
"Photo: (c) Chris Noble, some rights reserved (CC BY-NC);",7,cc_by_nc
"Photo: (c) Connery MacLean, some rights reserved (CC BY-NC);",7,cc_by_nc
"Photo: (c) Dan Hikuroa, some rights reserved (CC BY-NC);",7,cc_by_nc
"Photo: (c) Dave Seldon, some rights reserved (CC BY-NC);",7,cc_by_nc
"Photo: (c) Faff, some rights reserved (CC BY-NC);",7,cc_by_nc
"Photo: (c) Gary, some rights reserved (CC BY-NC);",7,cc_by_nc
"Photo: (c) Geoff Tutty, some rights reserved (CC BY-NC);",7,cc_by_nc
"Photo: (c) Hans Böckler, some rights reserved (CC BY-NC);",7,cc_by_nc
"Photo: (c) Heidi, some rights reserved (CC BY-NC);",7,cc_by_nc
"Photo: (c) Iris Reynolds, some rights reserved (CC BY-NC);",7,cc_by_nc
"Photo: (c) Ivan Hellested, some rights reserved (CC BY-NC);",7,cc_by_nc
"Photo: (c) Jacob Norton, some rights reserved (CC BY-NC);",7,cc_by_nc
"Photo: (c) Jeremy Clark, some rights reserved (CC BY-NC);",7,cc_by_nc
"Photo: (c) John Sullivan, some rights reserved (CC BY-NC);",7,cc_by_nc
"Photo: (c) Jonathan Frericks, some rights reserved (CC BY-NC);",7,cc_by_nc
"Photo: (c) Jordan Tibble, some rights reserved (CC BY-NC);",7,cc_by_nc
"Photo: (c) Kees, some rights reserved (CC BY-NC);",7,cc_by_nc
"Photo: (c) Maia Young, some rights reserved (CC BY-NC);",7,cc_by_nc
"Photo: (c) Mark Denize, some rights reserved (CC BY-NC);",7,cc_by_nc
"Photo: (c) Mary, some rights reserved (CC BY-NC);",7,cc_by_nc
"Photo: (c) Nicole Janowski, some rights reserved (CC BY-NC);",7,cc_by_nc
"Photo: (c) Oliver, some rights reserved (CC BY-NC);",7,cc_by_nc
"Photo: (c) Oscar Clendon, some rights reserved (CC BY-NC);",7,cc_by_nc
"Photo: (c) Phillip Cochrane, some rights reserved (CC BY-NC);",7,cc_by_nc
"Photo: (c) Ric Balfour, some rights reserved (CC BY-NC);",7,cc_by_nc
"Photo: (c) Roy Lowry, some rights reserved (CC BY-NC);",7,cc_by_nc
"Photo: (c) Stewart Family, some rights reserved (CC BY-NC);",7,cc_by_nc
"Photo: (c) Timon Walkley, some rights reserved (CC BY-NC);",7,cc_by_nc
"Photo: (c) William Hull, some rights reserved (CC BY-NC);",7,cc_by_nc
"Photo: (c) abbie_wakelin, some rights reserved (CC BY-NC);",7,cc_by_nc
"Photo: (c) adoak, some rights reserved (CC BY-NC);",7,cc_by_nc
"Photo: (c) adriancurrie, some rights reserved (CC BY-NC);",7,cc_by_nc
"Photo: (c) akongamaori, some rights reserved (CC BY-NC);",7,cc_by_nc
"Photo: (c) alisonlin, some rights reserved (CC BY-NC);",7,cc_by_nc
"Photo: (c) alliee, some rights reserved (CC BY-NC);",7,cc_by_nc
"Photo: (c) amberleyschool, some rights reserved (CC BY-NC);",7,cc_by_nc
"Photo: (c) ashleyturner, some rights reserved (CC BY-NC);",7,cc_by_nc
"Photo: (c) bd12345, some rights reserved (CC BY-NC);",7,cc_by_nc
"Photo: (c) beattieg, some rights reserved (CC BY-NC);",7,cc_by_nc
"Photo: (c) becky_hendriks, some rights reserved (CC BY-NC);",7,cc_by_nc
"Photo: (c) beneverett22, some rights reserved (CC BY-NC);",7,cc_by_nc
"Photo: (c) bgreene, some rights reserved (CC BY-NC);",7,cc_by_nc
"Photo: (c) bkice, some rights reserved (CC BY-NC);",7,cc_by_nc
"Photo: (c) blackcap, some rights reserved (CC BY-NC);",7,cc_by_nc
"Photo: (c) bop12nk, some rights reserved (CC BY-NC);",7,cc_by_nc
"Photo: (c) c-darrah, some rights reserved (CC BY-NC);",7,cc_by_nc
"Photo: (c) callumw, some rights reserved (CC BY-NC);",7,cc_by_nc
"Photo: (c) cashmereavenue, some rights reserved (CC BY-NC);",7,cc_by_nc
"Photo: (c) cfulton, some rights reserved (CC BY-NC);",7,cc_by_nc
"Photo: (c) chris_and_buster, some rights reserved (CC BY-NC);",7,cc_by_nc
"Photo: (c) chriscosslett, some rights reserved (CC BY-NC);",7,cc_by_nc
"Photo: (c) chrismattock, some rights reserved (CC BY-NC);",7,cc_by_nc
"Photo: (c) courtz2025, some rights reserved (CC BY-NC);",7,cc_by_nc
"Photo: (c) dab77, some rights reserved (CC BY-NC);",7,cc_by_nc
"Photo: (c) davrosk, some rights reserved (CC BY-NC);",7,cc_by_nc
"Photo: (c) deddington, some rights reserved (CC BY-NC);",7,cc_by_nc
"Photo: (c) diane, some rights reserved (CC BY-NC);",7,cc_by_nc
"Photo: (c) dinohunt, some rights reserved (CC BY-NC);",7,cc_by_nc
"Photo: (c) dipal121212133, some rights reserved (CC BY-NC);",7,cc_by_nc
"Photo: (c) dmontijo, some rights reserved (CC BY-NC);",7,cc_by_nc
"Photo: (c) douglasrichards, some rights reserved (CC BY-NC);",7,cc_by_nc
"Photo: (c) ebisscience, some rights reserved (CC BY-NC);",7,cc_by_nc
"Photo: (c) egsroom11, some rights reserved (CC BY-NC);",7,cc_by_nc
"Photo: (c) elenahelliwell1109812, some rights reserved (CC BY-NC);",7,cc_by_nc
"Photo: (c) eosachacui, some rights reserved (CC BY-NC);",7,cc_by_nc
"Photo: (c) erose, some rights reserved (CC BY-NC);",7,cc_by_nc
"Photo: (c) esmeraldadoris, some rights reserved (CC BY-NC);",7,cc_by_nc
"Photo: (c) eyejs, some rights reserved (CC BY-NC);",7,cc_by_nc
"Photo: (c) febo44, some rights reserved (CC BY-NC);",7,cc_by_nc
"Photo: (c) ferndaledoe, some rights reserved (CC BY-NC);",7,cc_by_nc
"Photo: (c) fiona1980, some rights reserved (CC BY-NC);",7,cc_by_nc
"Photo: (c) fionawaugh, some rights reserved (CC BY-NC);",7,cc_by_nc
"Photo: (c) frances, some rights reserved (CC BY-NC);",7,cc_by_nc
"Photo: (c) gabion, some rights reserved (CC BY-NC);",7,cc_by_nc
"Photo: (c) gflego, some rights reserved (CC BY-NC);",7,cc_by_nc
"Photo: (c) glentunnelschool, some rights reserved (CC BY-NC);",7,cc_by_nc
"Photo: (c) grantsbraes, some rights reserved (CC BY-NC);",7,cc_by_nc
"Photo: (c) greenhood, some rights reserved (CC BY-NC);",7,cc_by_nc
"Photo: (c) hamishfairbairn, some rights reserved (CC BY-NC);",7,cc_by_nc
"Photo: (c) hana88, some rights reserved (CC BY-NC);",7,cc_by_nc
"Photo: (c) hannahkp, some rights reserved (CC BY-NC);",7,cc_by_nc
"Photo: (c) hc88, some rights reserved (CC BY-NC);",7,cc_by_nc
"Photo: (c) imaniram, some rights reserved (CC BY-NC);",7,cc_by_nc
"Photo: (c) jackjack139, some rights reserved (CC BY-NC);",7,cc_by_nc
"Photo: (c) jakama, some rights reserved (CC BY-NC);",7,cc_by_nc
"Photo: (c) jbconnor, some rights reserved (CC BY-NC);",7,cc_by_nc
"Photo: (c) jesseforsyth, some rights reserved (CC BY-NC);",7,cc_by_nc
"Photo: (c) jilljillgoodwin, some rights reserved (CC BY-NC);",7,cc_by_nc
"Photo: (c) jinglez, some rights reserved (CC BY-NC);",7,cc_by_nc
"Photo: (c) joanlah, some rights reserved (CC BY-NC);",7,cc_by_nc
"Photo: (c) jon_terry, some rights reserved (CC BY-NC);",7,cc_by_nc
"Photo: (c) jono_gribble, some rights reserved (CC BY-NC);",7,cc_by_nc
"Photo: (c) joyw, some rights reserved (CC BY-NC);",7,cc_by_nc
"Photo: (c) jsfrn, some rights reserved (CC BY-NC);",7,cc_by_nc
"Photo: (c) judyo1, some rights reserved (CC BY-NC);",7,cc_by_nc
"Photo: (c) k8mcpass, some rights reserved (CC BY-NC);",7,cc_by_nc
"Photo: (c) kapa, some rights reserved (CC BY-NC);",7,cc_by_nc
"Photo: (c) karaitianat, some rights reserved (CC BY-NC);",7,cc_by_nc
"Photo: (c) karinsievwright, some rights reserved (CC BY-NC);",7,cc_by_nc
"Photo: (c) kbarbre1997, some rights reserved (CC BY-NC);",7,cc_by_nc
"Photo: (c) kerry_ross, some rights reserved (CC BY-NC);",7,cc_by_nc
"Photo: (c) kilbirnieschool, some rights reserved (CC BY-NC);",7,cc_by_nc
"Photo: (c) kim_chen, some rights reserved (CC BY-NC);",7,cc_by_nc
"Photo: (c) kmb84, some rights reserved (CC BY-NC);",7,cc_by_nc
"Photo: (c) kozsa, some rights reserved (CC BY-NC);",7,cc_by_nc
"Photo: (c) lawsonjaffe, some rights reserved (CC BY-NC);",7,cc_by_nc
"Photo: (c) leebarry, some rights reserved (CC BY-NC);",7,cc_by_nc
"Photo: (c) lenaae, some rights reserved (CC BY-NC);",7,cc_by_nc
"Photo: (c) lewisvutton, some rights reserved (CC BY-NC);",7,cc_by_nc
"Photo: (c) lhogan, some rights reserved (CC BY-NC);",7,cc_by_nc
"Photo: (c) lilcashew, some rights reserved (CC BY-NC);",7,cc_by_nc
"Photo: (c) loritruck, some rights reserved (CC BY-NC);",7,cc_by_nc
"Photo: (c) louimay, some rights reserved (CC BY-NC);",7,cc_by_nc
"Photo: (c) madmtnbkfan, some rights reserved (CC BY-NC);",7,cc_by_nc
"Photo: (c) mamaiyama, some rights reserved (CC BY-NC);",7,cc_by_nc
"Photo: (c) marfellschool, some rights reserved (CC BY-NC);",7,cc_by_nc
"Photo: (c) marlened, some rights reserved (CC BY-NC);",7,cc_by_nc
"Photo: (c) masmara, some rights reserved (CC BY-NC);",7,cc_by_nc
"Photo: (c) matthew_w, some rights reserved (CC BY-NC);",7,cc_by_nc
"Photo: (c) michael_szabo, some rights reserved (CC BY-NC);",7,cc_by_nc
"Photo: (c) miek, some rights reserved (CC BY-NC);",7,cc_by_nc
"Photo: (c) mktron, some rights reserved (CC BY-NC);",7,cc_by_nc
"Photo: (c) modest_moth, some rights reserved (CC BY-NC);",7,cc_by_nc
"Photo: (c) moniqua42, some rights reserved (CC BY-NC);",7,cc_by_nc
"Photo: (c) nicdann, some rights reserved (CC BY-NC);",7,cc_by_nc
"Photo: (c) nikau44, some rights reserved (CC BY-NC);",7,cc_by_nc
"Photo: (c) pakiripossums, some rights reserved (CC BY-NC);",7,cc_by_nc
"Photo: (c) paul-tebbutt, some rights reserved (CC BY-NC);",7,cc_by_nc
"Photo: (c) paulbingham, some rights reserved (CC BY-NC);",7,cc_by_nc
"Photo: (c) paulinehervey, some rights reserved (CC BY-NC);",7,cc_by_nc
"Photo: (c) pjemus, some rights reserved (CC BY-NC);",7,cc_by_nc
"Photo: (c) podunkvariant, some rights reserved (CC BY-NC);",7,cc_by_nc
"Photo: (c) possumsonfence34, some rights reserved (CC BY-NC);",7,cc_by_nc
"Photo: (c) pourewa, some rights reserved (CC BY-NC);",7,cc_by_nc
"Photo: (c) rachelrm, some rights reserved (CC BY-NC);",7,cc_by_nc
"Photo: (c) radinis, some rights reserved (CC BY-NC);",7,cc_by_nc
"Photo: (c) raoul_island, some rights reserved (CC BY-NC);",7,cc_by_nc
"Photo: (c) rebexcellent, some rights reserved (CC BY-NC);",7,cc_by_nc
"Photo: (c) reneejay, some rights reserved (CC BY-NC);",7,cc_by_nc
"Photo: (c) rlhufton, some rights reserved (CC BY-NC);",7,cc_by_nc
"Photo: (c) robnz, some rights reserved (CC BY-NC);",7,cc_by_nc
"Photo: (c) rongotai9cc, some rights reserved (CC BY-NC);",7,cc_by_nc
"Photo: (c) room3_4, some rights reserved (CC BY-NC);",7,cc_by_nc
"Photo: (c) rosiebug, some rights reserved (CC BY-NC);",7,cc_by_nc
"Photo: (c) rukuhia, some rights reserved (CC BY-NC);",7,cc_by_nc
"Photo: (c) ryan_slattery, some rights reserved (CC BY-NC);",7,cc_by_nc
"Photo: (c) samw, some rights reserved (CC BY-NC);",7,cc_by_nc
"Photo: (c) sarahwright, some rights reserved (CC BY-NC);",7,cc_by_nc
"Photo: (c) scott_bartlam, some rights reserved (CC BY-NC);",7,cc_by_nc
"Photo: (c) seanbasquill, some rights reserved (CC BY-NC);",7,cc_by_nc
"Photo: (c) shawd, some rights reserved (CC BY-NC);",7,cc_by_nc
"Photo: (c) shazza, some rights reserved (CC BY-NC);",7,cc_by_nc
"Photo: (c) sickman, some rights reserved (CC BY-NC);",7,cc_by_nc
"Photo: (c) simon-waugh, some rights reserved (CC BY-NC);",7,cc_by_nc
"Photo: (c) skyler morison, some rights reserved (CC BY-NC);",7,cc_by_nc
"Photo: (c) spilzy, some rights reserved (CC BY-NC);",7,cc_by_nc
"Photo: (c) stellarmcdonald, some rights reserved (CC BY-NC);",7,cc_by_nc
"Photo: (c) strat1961, some rights reserved (CC BY-NC);",7,cc_by_nc
"Photo: (c) sttroom5, some rights reserved (CC BY-NC);",7,cc_by_nc
"Photo: (c) stuarthouston, some rights reserved (CC BY-NC);",7,cc_by_nc
"Photo: (c) sunw5, some rights reserved (CC BY-NC);",7,cc_by_nc
"Photo: (c) susanhall333, some rights reserved (CC BY-NC);",7,cc_by_nc
"Photo: (c) tammoreichgelt, some rights reserved (CC BY-NC);",7,cc_by_nc
"Photo: (c) taylacole150, some rights reserved (CC BY-NC);",7,cc_by_nc
"Photo: (c) tianyuzhang1099113, some rights reserved (CC BY-NC);",7,cc_by_nc
"Photo: (c) tiffanyts, some rights reserved (CC BY-NC);",7,cc_by_nc
"Photo: (c) tomai, some rights reserved (CC BY-NC);",7,cc_by_nc
"Photo: (c) tomrowlands, some rights reserved (CC BY-NC);",7,cc_by_nc
"Photo: (c) toniwatts, some rights reserved (CC BY-NC);",7,cc_by_nc
"Photo: (c) vickih4, some rights reserved (CC BY-NC);",7,cc_by_nc
"Photo: (c) vitexlucens, some rights reserved (CC BY-NC);",7,cc_by_nc
"Photo: (c) waitohu, some rights reserved (CC BY-NC);",7,cc_by_nc
"Photo: (c) wallisg, some rights reserved (CC BY-NC);",7,cc_by_nc
"Photo: (c) waspbee, some rights reserved (CC BY-NC);",7,cc_by_nc
"Photo: (c) wayne_smith, some rights reserved (CC BY-NC);",7,cc_by_nc
"Photo: (c) windley3, some rights reserved (CC BY-NC);",7,cc_by_nc
"Photo: (c) wonderingwarren, some rights reserved (CC BY-NC);",7,cc_by_nc
"Photo: (c) yashvi1720, some rights reserved (CC BY-NC);",7,cc_by_nc
"© 2017 copyright with the author. This article is published under the terms of the Creative Commons Attribution-NonCommercial 4.0 International License (http://creativecommons.org/licenses/by-nc/4.0/), permitting all non-commercial use, distribution, and reproduction in any medium, provided the original work is properly cited.",7,cc_by_nc
Copyright is held by Brisbane City Council. Images can be reproduced for non commercial purposes with acknowledgement.,6,cc_by_nc
"Copyright © Emerald Group Publishing Limited, 2017. Authors retain the right to place his/her pre-publication version of the work on a personal website or institutional repository for non commercial purposes. The definitive version was published in (see Citation). The original publication is available at www.emeraldinsight.com (see Publisher’s Version).",6,cc_by_nc
"Copyright, Brisbane Images, Brisbane City Council.  This image may be reproduced for non commercial purposes with acknowledgement.",6,cc_by_nc
"Photo: (c) 
, some rights reserved (CC BY-NC);",6,cc_by_nc
"Photo: (c) Alastair Macdonald, some rights reserved (CC BY-NC);",6,cc_by_nc
"Photo: (c) Ali Power, some rights reserved (CC BY-NC);",6,cc_by_nc
"Photo: (c) Alice Moss-Baker, some rights reserved (CC BY-NC);",6,cc_by_nc
"Photo: (c) Archie, some rights reserved (CC BY-NC);",6,cc_by_nc
"Photo: (c) Bart Jansma, some rights reserved (CC BY-NC);",6,cc_by_nc
"Photo: (c) Boonyanuj (TK) Yukate, some rights reserved (CC BY-NC);",6,cc_by_nc
"Photo: (c) Brian Cutting, some rights reserved (CC BY-NC);",6,cc_by_nc
"Photo: (c) Catriona Gower, some rights reserved (CC BY-NC);",6,cc_by_nc
"Photo: (c) Chrissen Gemmill, some rights reserved (CC BY-NC);",6,cc_by_nc
"Photo: (c) Dan and Sharon, some rights reserved (CC BY-NC);",6,cc_by_nc
"Photo: (c) Danielle Charlton, some rights reserved (CC BY-NC);",6,cc_by_nc
"Photo: (c) Denise, some rights reserved (CC BY-NC);",6,cc_by_nc
"Photo: (c) EJ, some rights reserved (CC BY-NC);",6,cc_by_nc
"Photo: (c) Elayne Hand, some rights reserved (CC BY-NC);",6,cc_by_nc
"Photo: (c) Elijah Miller, some rights reserved (CC BY-NC);",6,cc_by_nc
"Photo: (c) Em, some rights reserved (CC BY-NC);",6,cc_by_nc
"Photo: (c) Erica Abelen-Freeman, some rights reserved (CC BY-NC);",6,cc_by_nc
"Photo: (c) Felix Grewe, some rights reserved (CC BY-NC);",6,cc_by_nc
"Photo: (c) FoodForestNZ, some rights reserved (CC BY-NC);",6,cc_by_nc
"Photo: (c) Garth, some rights reserved (CC BY-NC);",6,cc_by_nc
"Photo: (c) Hana Bainbridge, some rights reserved (CC BY-NC);",6,cc_by_nc
"Photo: (c) Heather, some rights reserved (CC BY-NC);",6,cc_by_nc
"Photo: (c) Ivan Phillipsen, some rights reserved (CC BY-NC);",6,cc_by_nc
"Photo: (c) Jenna, some rights reserved (CC BY-NC);",6,cc_by_nc
"Photo: (c) Jocelyn Papprill, some rights reserved (CC BY-NC);",6,cc_by_nc
"Photo: (c) Kevin Ackerley, some rights reserved (CC BY-NC);",6,cc_by_nc
"Photo: (c) Levi Murdoch-Tighe, some rights reserved (CC BY-NC);",6,cc_by_nc
"Photo: (c) Luke Stout, some rights reserved (CC BY-NC);",6,cc_by_nc
"Photo: (c) Murray Fea, some rights reserved (CC BY-NC);",6,cc_by_nc
"Photo: (c) Onildo João Marini Filho, some rights reserved (CC BY-NC);",6,cc_by_nc
"Photo: (c) PamelaH, some rights reserved (CC BY-NC);",6,cc_by_nc
"Photo: (c) Philip Thomas, some rights reserved (CC BY-NC);",6,cc_by_nc
"Photo: (c) Rhiannon, some rights reserved (CC BY-NC);",6,cc_by_nc
"Photo: (c) Richard Jakob-Hoff, some rights reserved (CC BY-NC);",6,cc_by_nc
"Photo: (c) Rick Tattersfield, some rights reserved (CC BY-NC);",6,cc_by_nc
"Photo: (c) Robert Schaub, some rights reserved (CC BY-NC);",6,cc_by_nc
"Photo: (c) Robin Lott, some rights reserved (CC BY-NC);",6,cc_by_nc
"Photo: (c) Shakira Derbyshire, some rights reserved (CC BY-NC);",6,cc_by_nc
"Photo: (c) Stephen Cox, some rights reserved (CC BY-NC);",6,cc_by_nc
"Photo: (c) Susan, some rights reserved (CC BY-NC);",6,cc_by_nc
"Photo: (c) Tom Myers, some rights reserved (CC BY-NC);",6,cc_by_nc
"Photo: (c) Vanessa Vermeulen, some rights reserved (CC BY-NC);",6,cc_by_nc
"Photo: (c) Yingyod Lapwong, some rights reserved (CC BY-NC);",6,cc_by_nc
"Photo: (c) abudd, some rights reserved (CC BY-NC);",6,cc_by_nc
"Photo: (c) aiwen, some rights reserved (CC BY-NC);",6,cc_by_nc
"Photo: (c) ajuga, some rights reserved (CC BY-NC);",6,cc_by_nc
"Photo: (c) alasdairn, some rights reserved (CC BY-NC);",6,cc_by_nc
"Photo: (c) aldersonnn, some rights reserved (CC BY-NC);",6,cc_by_nc
"Photo: (c) aliceb89, some rights reserved (CC BY-NC);",6,cc_by_nc
"Photo: (c) alifitz, some rights reserved (CC BY-NC);",6,cc_by_nc
"Photo: (c) alirob, some rights reserved (CC BY-NC);",6,cc_by_nc
"Photo: (c) amy_green, some rights reserved (CC BY-NC);",6,cc_by_nc
"Photo: (c) andreaargentinat, some rights reserved (CC BY-NC);",6,cc_by_nc
"Photo: (c) angelawaiheke, some rights reserved (CC BY-NC);",6,cc_by_nc
"Photo: (c) antonz, some rights reserved (CC BY-NC);",6,cc_by_nc
"Photo: (c) anzactive, some rights reserved (CC BY-NC);",6,cc_by_nc
"Photo: (c) ararauna3, some rights reserved (CC BY-NC);",6,cc_by_nc
"Photo: (c) ariarna_c, some rights reserved (CC BY-NC);",6,cc_by_nc
"Photo: (c) astroslug, some rights reserved (CC BY-NC);",6,cc_by_nc
"Photo: (c) baino77, some rights reserved (CC BY-NC);",6,cc_by_nc
"Photo: (c) barnel, some rights reserved (CC BY-NC);",6,cc_by_nc
"Photo: (c) bencains138, some rights reserved (CC BY-NC);",6,cc_by_nc
"Photo: (c) bgenet, some rights reserved (CC BY-NC);",6,cc_by_nc
"Photo: (c) bigjay17, some rights reserved (CC BY-NC);",6,cc_by_nc
"Photo: (c) billfish66, some rights reserved (CC BY-NC);",6,cc_by_nc
"Photo: (c) birdshark, some rights reserved (CC BY-NC);",6,cc_by_nc
"Photo: (c) bronwyns, some rights reserved (CC BY-NC);",6,cc_by_nc
"Photo: (c) brooke14_, some rights reserved (CC BY-NC);",6,cc_by_nc
"Photo: (c) ca_laire, some rights reserved (CC BY-NC);",6,cc_by_nc
"Photo: (c) cat_il, some rights reserved (CC BY-NC);",6,cc_by_nc
"Photo: (c) cathycowvet, some rights reserved (CC BY-NC);",6,cc_by_nc
"Photo: (c) cathyjones, some rights reserved (CC BY-NC);",6,cc_by_nc
"Photo: (c) cbadwebs, some rights reserved (CC BY-NC);",6,cc_by_nc
"Photo: (c) cbroadfield, some rights reserved (CC BY-NC);",6,cc_by_nc
"Photo: (c) celined, some rights reserved (CC BY-NC);",6,cc_by_nc
"Photo: (c) cgp97, some rights reserved (CC BY-NC);",6,cc_by_nc
"Photo: (c) charlottewarren4, some rights reserved (CC BY-NC);",6,cc_by_nc
"Photo: (c) cherylhindle, some rights reserved (CC BY-NC);",6,cc_by_nc
"Photo: (c) chloemasterson, some rights reserved (CC BY-NC);",6,cc_by_nc
"Photo: (c) clehnebach, some rights reserved (CC BY-NC);",6,cc_by_nc
"Photo: (c) clinton51, some rights reserved (CC BY-NC);",6,cc_by_nc
"Photo: (c) coenprice, some rights reserved (CC BY-NC);",6,cc_by_nc
"Photo: (c) connor joyc, some rights reserved (CC BY-NC);",6,cc_by_nc
"Photo: (c) curty, some rights reserved (CC BY-NC);",6,cc_by_nc
"Photo: (c) danet_planet, some rights reserved (CC BY-NC);",6,cc_by_nc
"Photo: (c) danielelijahpatel, some rights reserved (CC BY-NC);",6,cc_by_nc
"Photo: (c) dave_s, some rights reserved (CC BY-NC);",6,cc_by_nc
"Photo: (c) daves123, some rights reserved (CC BY-NC);",6,cc_by_nc
"Photo: (c) davidpeth, some rights reserved (CC BY-NC);",6,cc_by_nc
"Photo: (c) davo36, some rights reserved (CC BY-NC);",6,cc_by_nc
"Photo: (c) deepuvarma, some rights reserved (CC BY-NC);",6,cc_by_nc
"Photo: (c) devilstatedan, some rights reserved (CC BY-NC);",6,cc_by_nc
"Photo: (c) dianakelly11, some rights reserved (CC BY-NC);",6,cc_by_nc
"Photo: (c) dianecowan, some rights reserved (CC BY-NC);",6,cc_by_nc
"Photo: (c) dianeharries, some rights reserved (CC BY-NC);",6,cc_by_nc
"Photo: (c) dononhigh, some rights reserved (CC BY-NC);",6,cc_by_nc
"Photo: (c) drvinodsingh, some rights reserved (CC BY-NC);",6,cc_by_nc
"Photo: (c) eloisekc_, some rights reserved (CC BY-NC);",6,cc_by_nc
"Photo: (c) fionam, some rights reserved (CC BY-NC);",6,cc_by_nc
"Photo: (c) florianpl, some rights reserved (CC BY-NC);",6,cc_by_nc
"Photo: (c) gfrith, some rights reserved (CC BY-NC);",6,cc_by_nc
"Photo: (c) ggearthstar6, some rights reserved (CC BY-NC);",6,cc_by_nc
"Photo: (c) glenr, some rights reserved (CC BY-NC);",6,cc_by_nc
"Photo: (c) glowworm, some rights reserved (CC BY-NC);",6,cc_by_nc
"Photo: (c) graeme_martyn, some rights reserved (CC BY-NC);",6,cc_by_nc
"Photo: (c) haitaitai, some rights reserved (CC BY-NC);",6,cc_by_nc
"Photo: (c) harrydormer, some rights reserved (CC BY-NC);",6,cc_by_nc
"Photo: (c) hataitaileigh, some rights reserved (CC BY-NC);",6,cc_by_nc
"Photo: (c) herbertv, some rights reserved (CC BY-NC);",6,cc_by_nc
"Photo: (c) holly_may123, some rights reserved (CC BY-NC);",6,cc_by_nc
"Photo: (c) imogenbeard, some rights reserved (CC BY-NC);",6,cc_by_nc
"Photo: (c) jaenz, some rights reserved (CC BY-NC);",6,cc_by_nc
"Photo: (c) janet-nz, some rights reserved (CC BY-NC);",6,cc_by_nc
"Photo: (c) jayney39, some rights reserved (CC BY-NC);",6,cc_by_nc
"Photo: (c) jeanlouise, some rights reserved (CC BY-NC);",6,cc_by_nc
"Photo: (c) jefftodoroff, some rights reserved (CC BY-NC);",6,cc_by_nc
"Photo: (c) jess_peart, some rights reserved (CC BY-NC);",6,cc_by_nc
"Photo: (c) jhippo, some rights reserved (CC BY-NC);",6,cc_by_nc
"Photo: (c) jiayuzhu, some rights reserved (CC BY-NC);",6,cc_by_nc
"Photo: (c) jjcbush, some rights reserved (CC BY-NC);",6,cc_by_nc
"Photo: (c) jjrpm, some rights reserved (CC BY-NC);",6,cc_by_nc
"Photo: (c) jmmorgan, some rights reserved (CC BY-NC);",6,cc_by_nc
"Photo: (c) jonathan_hadipurnomo, some rights reserved (CC BY-NC);",6,cc_by_nc
"Photo: (c) joshbraybrook, some rights reserved (CC BY-NC);",6,cc_by_nc
"Photo: (c) jsm25, some rights reserved (CC BY-NC);",6,cc_by_nc
"Photo: (c) julia_callow, some rights reserved (CC BY-NC);",6,cc_by_nc
"Photo: (c) jundam, some rights reserved (CC BY-NC);",6,cc_by_nc
"Photo: (c) jungy92, some rights reserved (CC BY-NC);",6,cc_by_nc
"Photo: (c) junipernz, some rights reserved (CC BY-NC);",6,cc_by_nc
"Photo: (c) jupal04, some rights reserved (CC BY-NC);",6,cc_by_nc
"Photo: (c) kanemcelrea, some rights reserved (CC BY-NC);",6,cc_by_nc
"Photo: (c) kay__, some rights reserved (CC BY-NC);",6,cc_by_nc
"Photo: (c) kb2whakaraupo, some rights reserved (CC BY-NC);",6,cc_by_nc
"Photo: (c) kimsta, some rights reserved (CC BY-NC);",6,cc_by_nc
"Photo: (c) kirstenwarner, some rights reserved (CC BY-NC);",6,cc_by_nc
"Photo: (c) kiwigeo, some rights reserved (CC BY-NC);",6,cc_by_nc
"Photo: (c) kmbryan21, some rights reserved (CC BY-NC);",6,cc_by_nc
"Photo: (c) kmehrtens, some rights reserved (CC BY-NC);",6,cc_by_nc
"Photo: (c) korova, some rights reserved (CC BY-NC);",6,cc_by_nc
"Photo: (c) l-williams, some rights reserved (CC BY-NC);",6,cc_by_nc
"Photo: (c) ladbrooks, some rights reserved (CC BY-NC);",6,cc_by_nc
"Photo: (c) lanfam, some rights reserved (CC BY-NC);",6,cc_by_nc
"Photo: (c) lattin, some rights reserved (CC BY-NC);",6,cc_by_nc
"Photo: (c) leafveined, some rights reserved (CC BY-NC);",6,cc_by_nc
"Photo: (c) leslieviljoen, some rights reserved (CC BY-NC);",6,cc_by_nc
"Photo: (c) liamfriis, some rights reserved (CC BY-NC);",6,cc_by_nc
"Photo: (c) lill, some rights reserved (CC BY-NC);",6,cc_by_nc
"Photo: (c) liveseyk, some rights reserved (CC BY-NC);",6,cc_by_nc
"Photo: (c) lorena93, some rights reserved (CC BY-NC);",6,cc_by_nc
"Photo: (c) louisehutt, some rights reserved (CC BY-NC);",6,cc_by_nc
"Photo: (c) luna14, some rights reserved (CC BY-NC);",6,cc_by_nc
"Photo: (c) maj_kiwi, some rights reserved (CC BY-NC);",6,cc_by_nc
"Photo: (c) marcelnz, some rights reserved (CC BY-NC);",6,cc_by_nc
"Photo: (c) marktkiwi, some rights reserved (CC BY-NC);",6,cc_by_nc
"Photo: (c) mattbarnett, some rights reserved (CC BY-NC);",6,cc_by_nc
"Photo: (c) mattblakenz, some rights reserved (CC BY-NC);",6,cc_by_nc
"Photo: (c) melwhiting, some rights reserved (CC BY-NC);",6,cc_by_nc
"Photo: (c) michelle07, some rights reserved (CC BY-NC);",6,cc_by_nc
"Photo: (c) millyanahera, some rights reserved (CC BY-NC);",6,cc_by_nc
"Photo: (c) millyf, some rights reserved (CC BY-NC);",6,cc_by_nc
"Photo: (c) mmath, some rights reserved (CC BY-NC);",6,cc_by_nc
"Photo: (c) moana, some rights reserved (CC BY-NC);",6,cc_by_nc
"Photo: (c) moehau_environment_group, some rights reserved (CC BY-NC);",6,cc_by_nc
"Photo: (c) msomerville, some rights reserved (CC BY-NC);",6,cc_by_nc
"Photo: (c) mushiehunter, some rights reserved (CC BY-NC);",6,cc_by_nc
"Photo: (c) nathan, some rights reserved (CC BY-NC);",6,cc_by_nc
"Photo: (c) ncullinane, some rights reserved (CC BY-NC);",6,cc_by_nc
"Photo: (c) nikirinaldi, some rights reserved (CC BY-NC);",6,cc_by_nc
"Photo: (c) noddyangel, some rights reserved (CC BY-NC);",6,cc_by_nc
"Photo: (c) nurgle, some rights reserved (CC BY-NC);",6,cc_by_nc
"Photo: (c) nv10, some rights reserved (CC BY-NC);",6,cc_by_nc
"Photo: (c) nzcicada, some rights reserved (CC BY-NC);",6,cc_by_nc
"Photo: (c) nzwahinetoa, some rights reserved (CC BY-NC);",6,cc_by_nc
"Photo: (c) obsidianstars, some rights reserved (CC BY-NC);",6,cc_by_nc
"Photo: (c) paluma, some rights reserved (CC BY-NC);",6,cc_by_nc
"Photo: (c) paulanz, some rights reserved (CC BY-NC);",6,cc_by_nc
"Photo: (c) penelope_f, some rights reserved (CC BY-NC);",6,cc_by_nc
"Photo: (c) petrajlarsen, some rights reserved (CC BY-NC);",6,cc_by_nc
"Photo: (c) pjg, some rights reserved (CC BY-NC);",6,cc_by_nc
"Photo: (c) playdoe16, some rights reserved (CC BY-NC);",6,cc_by_nc
"Photo: (c) pogon, some rights reserved (CC BY-NC);",6,cc_by_nc
"Photo: (c) pomval, some rights reserved (CC BY-NC);",6,cc_by_nc
"Photo: (c) potiki, some rights reserved (CC BY-NC);",6,cc_by_nc
"Photo: (c) pounamu, some rights reserved (CC BY-NC);",6,cc_by_nc
"Photo: (c) qmc, some rights reserved (CC BY-NC);",6,cc_by_nc
"Photo: (c) raine1158, some rights reserved (CC BY-NC);",6,cc_by_nc
"Photo: (c) ranger2020, some rights reserved (CC BY-NC);",6,cc_by_nc
"Photo: (c) rbotago, some rights reserved (CC BY-NC);",6,cc_by_nc
"Photo: (c) richard-bell, some rights reserved (CC BY-NC);",6,cc_by_nc
"Photo: (c) rmarpole, some rights reserved (CC BY-NC);",6,cc_by_nc
"Photo: (c) robwcc, some rights reserved (CC BY-NC);",6,cc_by_nc
"Photo: (c) rogeliogomez, some rights reserved (CC BY-NC);",6,cc_by_nc
"Photo: (c) rogerbrowne, some rights reserved (CC BY-NC);",6,cc_by_nc
"Photo: (c) rosaliecalder, some rights reserved (CC BY-NC);",6,cc_by_nc
"Photo: (c) rubixcube, some rights reserved (CC BY-NC);",6,cc_by_nc
"Photo: (c) ruthandian, some rights reserved (CC BY-NC);",6,cc_by_nc
"Photo: (c) ruvya, some rights reserved (CC BY-NC);",6,cc_by_nc
"Photo: (c) samantha1996, some rights reserved (CC BY-NC);",6,cc_by_nc
"Photo: (c) saracross, some rights reserved (CC BY-NC);",6,cc_by_nc
"Photo: (c) scrubid, some rights reserved (CC BY-NC);",6,cc_by_nc
"Photo: (c) shrubby1, some rights reserved (CC BY-NC);",6,cc_by_nc
"Photo: (c) sjmoore, some rights reserved (CC BY-NC);",6,cc_by_nc
"Photo: (c) smalloscar, some rights reserved (CC BY-NC);",6,cc_by_nc
"Photo: (c) smoghead, some rights reserved (CC BY-NC);",6,cc_by_nc
"Photo: (c) spearo173, some rights reserved (CC BY-NC);",6,cc_by_nc
"Photo: (c) spencerthorne, some rights reserved (CC BY-NC);",6,cc_by_nc
"Photo: (c) stbobservations, some rights reserved (CC BY-NC);",6,cc_by_nc
"Photo: (c) steelbaker, some rights reserved (CC BY-NC);",6,cc_by_nc
"Photo: (c) stjosephopotiki, some rights reserved (CC BY-NC);",6,cc_by_nc
"Photo: (c) stuart1, some rights reserved (CC BY-NC);",6,cc_by_nc
"Photo: (c) suerose, some rights reserved (CC BY-NC);",6,cc_by_nc
"Photo: (c) tahatai, some rights reserved (CC BY-NC);",6,cc_by_nc
"Photo: (c) tahliap, some rights reserved (CC BY-NC);",6,cc_by_nc
"Photo: (c) takahe, some rights reserved (CC BY-NC);",6,cc_by_nc
"Photo: (c) tearoha, some rights reserved (CC BY-NC);",6,cc_by_nc
"Photo: (c) tegan_whau, some rights reserved (CC BY-NC);",6,cc_by_nc
"Photo: (c) the_botanists_daughter, some rights reserved (CC BY-NC);",6,cc_by_nc
"Photo: (c) theadepet, some rights reserved (CC BY-NC);",6,cc_by_nc
"Photo: (c) thom-family, some rights reserved (CC BY-NC);",6,cc_by_nc
"Photo: (c) tom w, some rights reserved (CC BY-NC);",6,cc_by_nc
"Photo: (c) tom_daly, some rights reserved (CC BY-NC);",6,cc_by_nc
"Photo: (c) treetopnest, some rights reserved (CC BY-NC);",6,cc_by_nc
"Photo: (c) trench-93, some rights reserved (CC BY-NC);",6,cc_by_nc
"Photo: (c) trishshand, some rights reserved (CC BY-NC);",6,cc_by_nc
"Photo: (c) ttkelly10, some rights reserved (CC BY-NC);",6,cc_by_nc
"Photo: (c) tuesday_1, some rights reserved (CC BY-NC);",6,cc_by_nc
"Photo: (c) tui1, some rights reserved (CC BY-NC);",6,cc_by_nc
"Photo: (c) turtle32, some rights reserved (CC BY-NC);",6,cc_by_nc
"Photo: (c) vavasourd, some rights reserved (CC BY-NC);",6,cc_by_nc
"Photo: (c) venus5026, some rights reserved (CC BY-NC);",6,cc_by_nc
"Photo: (c) wonderers, some rights reserved (CC BY-NC);",6,cc_by_nc
"Photo: (c) xamhokainuku, some rights reserved (CC BY-NC);",6,cc_by_nc
"Photo: (c) xinleiliu, some rights reserved (CC BY-NC);",6,cc_by_nc
"Photo: (c) zanlyn, some rights reserved (CC BY-NC);",6,cc_by_nc
"Photo: (c) zhaoxuan, some rights reserved (CC BY-NC);",6,cc_by_nc
"Photo: (c) zinzi, some rights reserved (CC BY-NC);",6,cc_by_nc
"Photo: (c) zooschool, some rights reserved (CC BY-NC);",6,cc_by_nc
"The photographs in this collection are the property of the Springfield News-Leader, and are protected by copyright, trademark, and other intellectual property laws. The collection is provided solely for personal noncommercial use. You may not use the photographs within this collection in a manner that constitutes an infringement of the Springfield News-Leader’s rights or that has not been authorized by the Springfield News-Leader. More specifically, unless explicitly authorized in these Terms of Service or by the owner of the materials, you may not modify, copy, reproduce, republish, upload, post, transmit, translate, sell, create derivative works, exploit, or distribute in any manner or medium (including by email or other electronic means) any material from the collection. You may, however, from time to time, download and/or print one copy of individual pages of the collection for your personal, non-commercial use, provided that you keep intact all copyright and other proprietary notices. For information about requesting permission to reproduce or distribute materials from the historic photograph collection, please contact the Springfield News-Leader.",6,cc_by_nc
"All digitised works within this database are available for non-commercial private use, providing Blue Mountains Library is acknowledged. Otherwise it is the responsibility of the user to obtain permission from Blue Mountains City Library.",5,cc_by_nc
CC:BY-NC: This work is licensed under a Creative Commons Attribution-Noncommercial 3.0 New Zealand License,5,cc_by_nc
"Copyright by author(s). Readers may make copies of this document for non-commercial purposes only, provided that this copyright notice appears on all such copies (With the exceptions noted in http://researcharchive.lincoln.ac.nz/page/rights, this metadata is available under a Creative Commons Zero license.)",5,cc_by_nc
"Copyright © 2013 The Editors, New Zealand Sociology (http://web.me.com/saanz/SAANZ/Journal.html). All Rights Reserved. Authors retain the right to place his/her publication version of the work on a personal website or institutional repository for non commercial purposes. The definitive version was published in (see Citation). The original publication is available at (see Publisher’s Version).",5,cc_by_nc
"Copyright © Emerald Group Publishing Limited, 2016. Authors retain the right to place his/her pre-publication version of the work on a personal website or institutional repository for non commercial purposes. The definitive version was published in (see Citation). The original publication is available at www.emeraldinsight.com (see Publisher’s Version).",5,cc_by_nc
Creative Commons Attribution Non-commercial International Licence 4.0 (CC BY-NC 4.0),5,cc_by_nc
"NCW Licence 5. The interviewee agrees to this data being used in publications associated with the project, teaching, other research projects, public lectures, and presentations. The interviewee agrees to this data being publicly available on the UC CEISMIC website, or displayed in a museum, library, or other public space. The data may not be broadcast on television or radio or used in other works such as books, films, and artworks. Licensed for non-commercial use, in part or whole, in compliance with the above conditions of use. Attribution to Women's Voices project, NCW (Christchurch).",5,cc_by_nc
"Photo: (c) 100458804339253603606, some rights reserved (CC BY-NC);",5,cc_by_nc
"Photo: (c) Aaron Stevenson, some rights reserved (CC BY-NC);",5,cc_by_nc
"Photo: (c) Alex Vieira, some rights reserved (CC BY-NC);",5,cc_by_nc
"Photo: (c) Alishea, some rights reserved (CC BY-NC);",5,cc_by_nc
"Photo: (c) Allan MacMillan, some rights reserved (CC BY-NC);",5,cc_by_nc
"Photo: (c) Andrew Middleton, some rights reserved (CC BY-NC);",5,cc_by_nc
"Photo: (c) Andrew Penny, some rights reserved (CC BY-NC);",5,cc_by_nc
"Photo: (c) Anita Benbrook, some rights reserved (CC BY-NC);",5,cc_by_nc
"Photo: (c) Annika Andresen, some rights reserved (CC BY-NC);",5,cc_by_nc
"Photo: (c) Belinda Studholme, some rights reserved (CC BY-NC);",5,cc_by_nc
"Photo: (c) Bella Taylor, some rights reserved (CC BY-NC);",5,cc_by_nc
"Photo: (c) Bronwyn Graham, some rights reserved (CC BY-NC);",5,cc_by_nc
"Photo: (c) Charlie Kinney, some rights reserved (CC BY-NC);",5,cc_by_nc
"Photo: (c) Chelsea Yeoman, some rights reserved (CC BY-NC);",5,cc_by_nc
"Photo: (c) Christina Timms, some rights reserved (CC BY-NC);",5,cc_by_nc
"Photo: (c) Christine  Jacobson, some rights reserved (CC BY-NC);",5,cc_by_nc
"Photo: (c) Cornelius Lai, some rights reserved (CC BY-NC);",5,cc_by_nc
"Photo: (c) Cynthia Roberts, some rights reserved (CC BY-NC);",5,cc_by_nc
"Photo: (c) Danielle Turrell, some rights reserved (CC BY-NC);",5,cc_by_nc
"Photo: (c) Danilo Hegg, some rights reserved (CC BY-NC);",5,cc_by_nc
"Photo: (c) Eliah Murdoch-Pike, some rights reserved (CC BY-NC);",5,cc_by_nc
"Photo: (c) Emily Smith, some rights reserved (CC BY-NC);",5,cc_by_nc
"Photo: (c) Fraser Gurney, some rights reserved (CC BY-NC);",5,cc_by_nc
"Photo: (c) Geoff Read, some rights reserved (CC BY-NC);",5,cc_by_nc
"Photo: (c) Glynis Corson, some rights reserved (CC BY-NC);",5,cc_by_nc
"Photo: (c) Greg Hart, some rights reserved (CC BY-NC);",5,cc_by_nc
"Photo: (c) Hamish, some rights reserved (CC BY-NC);",5,cc_by_nc
"Photo: (c) Hannah Smith, some rights reserved (CC BY-NC);",5,cc_by_nc
"Photo: (c) Henry,Oliver,Landon, some rights reserved (CC BY-NC);",5,cc_by_nc
"Photo: (c) Heshani, some rights reserved (CC BY-NC);",5,cc_by_nc
"Photo: (c) Hunter Davies, some rights reserved (CC BY-NC);",5,cc_by_nc
"Photo: (c) Jade Samuels, some rights reserved (CC BY-NC);",5,cc_by_nc
"Photo: (c) Jannis Link, some rights reserved (CC BY-NC);",5,cc_by_nc
"Photo: (c) Jeremiah. R, some rights reserved (CC BY-NC);",5,cc_by_nc
"Photo: (c) John Simes, some rights reserved (CC BY-NC);",5,cc_by_nc
"Photo: (c) Karina, some rights reserved (CC BY-NC);",5,cc_by_nc
"Photo: (c) Kasey Joe-McIndoe, some rights reserved (CC BY-NC);",5,cc_by_nc
"Photo: (c) Kath Ballantine, some rights reserved (CC BY-NC);",5,cc_by_nc
"Photo: (c) Kieran Kusabs, some rights reserved (CC BY-NC);",5,cc_by_nc
"Photo: (c) Lee Ormsby, some rights reserved (CC BY-NC);",5,cc_by_nc
"Photo: (c) MC Barnhart, some rights reserved (CC BY-NC);",5,cc_by_nc
"Photo: (c) Madeline Pye, some rights reserved (CC BY-NC);",5,cc_by_nc
"Photo: (c) Marti, some rights reserved (CC BY-NC);",5,cc_by_nc
"Photo: (c) Mary-Jane Konings, some rights reserved (CC BY-NC);",5,cc_by_nc
"Photo: (c) Matt V, some rights reserved (CC BY-NC);",5,cc_by_nc
"Photo: (c) Matty V, some rights reserved (CC BY-NC);",5,cc_by_nc
"Photo: (c) Mel Galbraith, some rights reserved (CC BY-NC);",5,cc_by_nc
"Photo: (c) Michael Dickson, some rights reserved (CC BY-NC);",5,cc_by_nc
"Photo: (c) N King, some rights reserved (CC BY-NC);",5,cc_by_nc
"Photo: (c) Neil, some rights reserved (CC BY-NC);",5,cc_by_nc
"Photo: (c) Olwen Williams, some rights reserved (CC BY-NC);",5,cc_by_nc
"Photo: (c) Pavel Pipek, some rights reserved (CC BY-NC);",5,cc_by_nc
"Photo: (c) Per Agerlund Jacobsen, some rights reserved (CC BY-NC);",5,cc_by_nc
"Photo: (c) Pete Monk, some rights reserved (CC BY-NC);",5,cc_by_nc
"Photo: (c) Peter Buchanan, some rights reserved (CC BY-NC);",5,cc_by_nc
"Photo: (c) Petra Bolitho, some rights reserved (CC BY-NC);",5,cc_by_nc
"Photo: (c) Rebecca, some rights reserved (CC BY-NC);",5,cc_by_nc
"Photo: (c) Richard Bol, some rights reserved (CC BY-NC);",5,cc_by_nc
"Photo: (c) Robyn McCool, some rights reserved (CC BY-NC);",5,cc_by_nc
"Photo: (c) Ron Ates, some rights reserved (CC BY-NC);",5,cc_by_nc
"Photo: (c) Russell, some rights reserved (CC BY-NC);",5,cc_by_nc
"Photo: (c) SU HANG, some rights reserved (CC BY-NC);",5,cc_by_nc
"Photo: (c) Sam, some rights reserved (CC BY-NC);",5,cc_by_nc
"Photo: (c) Sarah-Jane Jensen, some rights reserved (CC BY-NC);",5,cc_by_nc
"Photo: (c) Shane O'Mac, some rights reserved (CC BY-NC);",5,cc_by_nc
"Photo: (c) Shelley Hersey, some rights reserved (CC BY-NC);",5,cc_by_nc
"Photo: (c) Si Curtis, some rights reserved (CC BY-NC);",5,cc_by_nc
"Photo: (c) Siobhan Barnard, some rights reserved (CC BY-NC);",5,cc_by_nc
"Photo: (c) Tama te ngarutoa, some rights reserved (CC BY-NC);",5,cc_by_nc
"Photo: (c) Tanya Dann, some rights reserved (CC BY-NC);",5,cc_by_nc
"Photo: (c) Tash Staheli-Lowe, some rights reserved (CC BY-NC);",5,cc_by_nc
"Photo: (c) Theo Beamont, some rights reserved (CC BY-NC);",5,cc_by_nc
"Photo: (c) Tiffany, some rights reserved (CC BY-NC);",5,cc_by_nc
"Photo: (c) Trish Stretton, some rights reserved (CC BY-NC);",5,cc_by_nc
"Photo: (c) Vicki Steven, some rights reserved (CC BY-NC);",5,cc_by_nc
"Photo: (c) Wendy John, some rights reserved (CC BY-NC);",5,cc_by_nc
"Photo: (c) William Iain Willis, some rights reserved (CC BY-NC);",5,cc_by_nc
"Photo: (c) abbynalder, some rights reserved (CC BY-NC);",5,cc_by_nc
"Photo: (c) adeliahallett, some rights reserved (CC BY-NC);",5,cc_by_nc
"Photo: (c) airelemental24, some rights reserved (CC BY-NC);",5,cc_by_nc
"Photo: (c) alexbee, some rights reserved (CC BY-NC);",5,cc_by_nc
"Photo: (c) amandabaird, some rights reserved (CC BY-NC);",5,cc_by_nc
"Photo: (c) amyshapland, some rights reserved (CC BY-NC);",5,cc_by_nc
"Photo: (c) anaandrew, some rights reserved (CC BY-NC);",5,cc_by_nc
"Photo: (c) archers, some rights reserved (CC BY-NC);",5,cc_by_nc
"Photo: (c) ashleighvu, some rights reserved (CC BY-NC);",5,cc_by_nc
"Photo: (c) aurorapasschier, some rights reserved (CC BY-NC);",5,cc_by_nc
"Photo: (c) awmccutcheon, some rights reserved (CC BY-NC);",5,cc_by_nc
"Photo: (c) bacarson, some rights reserved (CC BY-NC);",5,cc_by_nc
"Photo: (c) barefootbushman, some rights reserved (CC BY-NC);",5,cc_by_nc
"Photo: (c) barrydench, some rights reserved (CC BY-NC);",5,cc_by_nc
"Photo: (c) bassettf, some rights reserved (CC BY-NC);",5,cc_by_nc
"Photo: (c) bedford99, some rights reserved (CC BY-NC);",5,cc_by_nc
"Photo: (c) belindaduffy, some rights reserved (CC BY-NC);",5,cc_by_nc
"Photo: (c) ben_kiddle, some rights reserved (CC BY-NC);",5,cc_by_nc
"Photo: (c) benjb17, some rights reserved (CC BY-NC);",5,cc_by_nc
"Photo: (c) bergep, some rights reserved (CC BY-NC);",5,cc_by_nc
"Photo: (c) bigsbyr, some rights reserved (CC BY-NC);",5,cc_by_nc
"Photo: (c) birchw, some rights reserved (CC BY-NC);",5,cc_by_nc
"Photo: (c) blaze_nicholas, some rights reserved (CC BY-NC);",5,cc_by_nc
"Photo: (c) brendon, some rights reserved (CC BY-NC);",5,cc_by_nc
"Photo: (c) brennanm, some rights reserved (CC BY-NC);",5,cc_by_nc
"Photo: (c) bressahuia, some rights reserved (CC BY-NC);",5,cc_by_nc
"Photo: (c) bronwyn-slack, some rights reserved (CC BY-NC);",5,cc_by_nc
"Photo: (c) bscott125, some rights reserved (CC BY-NC);",5,cc_by_nc
"Photo: (c) buckleyhannah, some rights reserved (CC BY-NC);",5,cc_by_nc
"Photo: (c) calder17, some rights reserved (CC BY-NC);",5,cc_by_nc
"Photo: (c) carolinec, some rights reserved (CC BY-NC);",5,cc_by_nc
"Photo: (c) cermet, some rights reserved (CC BY-NC);",5,cc_by_nc
"Photo: (c) chamandarino, some rights reserved (CC BY-NC);",5,cc_by_nc
"Photo: (c) chantevd, some rights reserved (CC BY-NC);",5,cc_by_nc
"Photo: (c) chenx2w, some rights reserved (CC BY-NC);",5,cc_by_nc
"Photo: (c) chonny, some rights reserved (CC BY-NC);",5,cc_by_nc
"Photo: (c) chrisb, some rights reserved (CC BY-NC);",5,cc_by_nc
"Photo: (c) christinawu, some rights reserved (CC BY-NC);",5,cc_by_nc
"Photo: (c) cipdeans, some rights reserved (CC BY-NC);",5,cc_by_nc
"Photo: (c) claviclepatella, some rights reserved (CC BY-NC);",5,cc_by_nc
"Photo: (c) cmbalderstone, some rights reserved (CC BY-NC);",5,cc_by_nc
"Photo: (c) cmwb, some rights reserved (CC BY-NC);",5,cc_by_nc
"Photo: (c) colinmorita, some rights reserved (CC BY-NC);",5,cc_by_nc
"Photo: (c) crohamhurst, some rights reserved (CC BY-NC);",5,cc_by_nc
"Photo: (c) cupoteacoast, some rights reserved (CC BY-NC);",5,cc_by_nc
"Photo: (c) d_kluza, some rights reserved (CC BY-NC);",5,cc_by_nc
"Photo: (c) danielbuckingham, some rights reserved (CC BY-NC);",5,cc_by_nc
"Photo: (c) daniellemcb, some rights reserved (CC BY-NC);",5,cc_by_nc
"Photo: (c) danielward2002, some rights reserved (CC BY-NC);",5,cc_by_nc
"Photo: (c) dcus149, some rights reserved (CC BY-NC);",5,cc_by_nc
"Photo: (c) deb18881, some rights reserved (CC BY-NC);",5,cc_by_nc
"Photo: (c) dede_lachaume, some rights reserved (CC BY-NC);",5,cc_by_nc
"Photo: (c) dingo, some rights reserved (CC BY-NC);",5,cc_by_nc
"Photo: (c) dmac, some rights reserved (CC BY-NC);",5,cc_by_nc
"Photo: (c) dpearson5571, some rights reserved (CC BY-NC);",5,cc_by_nc
"Photo: (c) dpeltzer, some rights reserved (CC BY-NC);",5,cc_by_nc
"Photo: (c) drift63, some rights reserved (CC BY-NC);",5,cc_by_nc
"Photo: (c) dsmacd1, some rights reserved (CC BY-NC);",5,cc_by_nc
"Photo: (c) duncanmc42, some rights reserved (CC BY-NC);",5,cc_by_nc
"Photo: (c) ecochook, some rights reserved (CC BY-NC);",5,cc_by_nc
"Photo: (c) edjolly, some rights reserved (CC BY-NC);",5,cc_by_nc
"Photo: (c) eggbert, some rights reserved (CC BY-NC);",5,cc_by_nc
"Photo: (c) elizabethhampton, some rights reserved (CC BY-NC);",5,cc_by_nc
"Photo: (c) ella1512, some rights reserved (CC BY-NC);",5,cc_by_nc
"Photo: (c) elliewyn, some rights reserved (CC BY-NC);",5,cc_by_nc
"Photo: (c) embraden, some rights reserved (CC BY-NC);",5,cc_by_nc
"Photo: (c) erictheskinks, some rights reserved (CC BY-NC);",5,cc_by_nc
"Photo: (c) ernslawsouthstaff, some rights reserved (CC BY-NC);",5,cc_by_nc
"Photo: (c) featherstalker, some rights reserved (CC BY-NC);",5,cc_by_nc
"Photo: (c) ferggong, some rights reserved (CC BY-NC);",5,cc_by_nc
"Photo: (c) finderman, some rights reserved (CC BY-NC);",5,cc_by_nc
"Photo: (c) findinglittleblue, some rights reserved (CC BY-NC);",5,cc_by_nc
"Photo: (c) fiona_anderson, some rights reserved (CC BY-NC);",5,cc_by_nc
"Photo: (c) fitzgerk, some rights reserved (CC BY-NC);",5,cc_by_nc
"Photo: (c) flcarcavallo, some rights reserved (CC BY-NC);",5,cc_by_nc
"Photo: (c) foody_mushrooms, some rights reserved (CC BY-NC);",5,cc_by_nc
"Photo: (c) fournierlouis, some rights reserved (CC BY-NC);",5,cc_by_nc
"Photo: (c) foz79, some rights reserved (CC BY-NC);",5,cc_by_nc
"Photo: (c) francieannelane, some rights reserved (CC BY-NC);",5,cc_by_nc
"Photo: (c) frasercampbell1, some rights reserved (CC BY-NC);",5,cc_by_nc
"Photo: (c) gailzingram, some rights reserved (CC BY-NC);",5,cc_by_nc
"Photo: (c) gardenhunter, some rights reserved (CC BY-NC);",5,cc_by_nc
"Photo: (c) gbites, some rights reserved (CC BY-NC);",5,cc_by_nc
"Photo: (c) geogboy, some rights reserved (CC BY-NC);",5,cc_by_nc
"Photo: (c) george_banks, some rights reserved (CC BY-NC);",5,cc_by_nc
"Photo: (c) giselap, some rights reserved (CC BY-NC);",5,cc_by_nc
"Photo: (c) gochristine, some rights reserved (CC BY-NC);",5,cc_by_nc
"Photo: (c) goda, some rights reserved (CC BY-NC);",5,cc_by_nc
"Photo: (c) gracecowley, some rights reserved (CC BY-NC);",5,cc_by_nc
"Photo: (c) greghadley1, some rights reserved (CC BY-NC);",5,cc_by_nc
"Photo: (c) gregs, some rights reserved (CC BY-NC);",5,cc_by_nc
"Photo: (c) gwoodall97, some rights reserved (CC BY-NC);",5,cc_by_nc
"Photo: (c) hannahbayley, some rights reserved (CC BY-NC);",5,cc_by_nc
"Photo: (c) harrietkingbegg, some rights reserved (CC BY-NC);",5,cc_by_nc
"Photo: (c) harris, some rights reserved (CC BY-NC);",5,cc_by_nc
"Photo: (c) hevaana, some rights reserved (CC BY-NC);",5,cc_by_nc
"Photo: (c) hknz, some rights reserved (CC BY-NC);",5,cc_by_nc
"Photo: (c) hsnba, some rights reserved (CC BY-NC);",5,cc_by_nc
"Photo: (c) hunterandlucifer, some rights reserved (CC BY-NC);",5,cc_by_nc
"Photo: (c) i_am_groot, some rights reserved (CC BY-NC);",5,cc_by_nc
"Photo: (c) ilsec, some rights reserved (CC BY-NC);",5,cc_by_nc
"Photo: (c) inchm, some rights reserved (CC BY-NC);",5,cc_by_nc
"Photo: (c) jacj, some rights reserved (CC BY-NC);",5,cc_by_nc
"Photo: (c) jakesparrow13, some rights reserved (CC BY-NC);",5,cc_by_nc
"Photo: (c) jazbrash, some rights reserved (CC BY-NC);",5,cc_by_nc
"Photo: (c) jbezzant, some rights reserved (CC BY-NC);",5,cc_by_nc
"Photo: (c) jeremybaker, some rights reserved (CC BY-NC);",5,cc_by_nc
"Photo: (c) jonathan_frericks, some rights reserved (CC BY-NC);",5,cc_by_nc
"Photo: (c) jonturner, some rights reserved (CC BY-NC);",5,cc_by_nc
"Photo: (c) jopaar, some rights reserved (CC BY-NC);",5,cc_by_nc
"Photo: (c) jpgalvan, some rights reserved (CC BY-NC);",5,cc_by_nc
"Photo: (c) jseskelton, some rights reserved (CC BY-NC);",5,cc_by_nc
"Photo: (c) jsmi813, some rights reserved (CC BY-NC);",5,cc_by_nc
"Photo: (c) judy_orange, some rights reserved (CC BY-NC);",5,cc_by_nc
"Photo: (c) juliaghunn, some rights reserved (CC BY-NC);",5,cc_by_nc
"Photo: (c) juliahna, some rights reserved (CC BY-NC);",5,cc_by_nc
"Photo: (c) kam104, some rights reserved (CC BY-NC);",5,cc_by_nc
"Photo: (c) kareng8, some rights reserved (CC BY-NC);",5,cc_by_nc
"Photo: (c) karenslowdive, some rights reserved (CC BY-NC);",5,cc_by_nc
"Photo: (c) karorikereru, some rights reserved (CC BY-NC);",5,cc_by_nc
"Photo: (c) kate200, some rights reserved (CC BY-NC);",5,cc_by_nc
"Photo: (c) katylucygrant, some rights reserved (CC BY-NC);",5,cc_by_nc
"Photo: (c) kimjones, some rights reserved (CC BY-NC);",5,cc_by_nc
"Photo: (c) king_fish, some rights reserved (CC BY-NC);",5,cc_by_nc
"Photo: (c) kittyruth, some rights reserved (CC BY-NC);",5,cc_by_nc
"Photo: (c) kiwikristie, some rights reserved (CC BY-NC);",5,cc_by_nc
"Photo: (c) kotare, some rights reserved (CC BY-NC);",5,cc_by_nc
"Photo: (c) learninglabnz, some rights reserved (CC BY-NC);",5,cc_by_nc
"Photo: (c) leestonschool, some rights reserved (CC BY-NC);",5,cc_by_nc
"Photo: (c) lepifgo, some rights reserved (CC BY-NC);",5,cc_by_nc
"Photo: (c) linleye, some rights reserved (CC BY-NC);",5,cc_by_nc
"Photo: (c) lizzybristow, some rights reserved (CC BY-NC);",5,cc_by_nc
"Photo: (c) lottemacgregor, some rights reserved (CC BY-NC);",5,cc_by_nc
"Photo: (c) louis_helleur-porter, some rights reserved (CC BY-NC);",5,cc_by_nc
"Photo: (c) louiseb, some rights reserved (CC BY-NC);",5,cc_by_nc
"Photo: (c) luecc, some rights reserved (CC BY-NC);",5,cc_by_nc
"Photo: (c) lumyerwa, some rights reserved (CC BY-NC);",5,cc_by_nc
"Photo: (c) lyonsmiths, some rights reserved (CC BY-NC);",5,cc_by_nc
"Photo: (c) mabitang, some rights reserved (CC BY-NC);",5,cc_by_nc
"Photo: (c) maiay, some rights reserved (CC BY-NC);",5,cc_by_nc
"Photo: (c) makesbelieve, some rights reserved (CC BY-NC);",5,cc_by_nc
"Photo: (c) marcimo, some rights reserved (CC BY-NC);",5,cc_by_nc
"Photo: (c) markvcm, some rights reserved (CC BY-NC);",5,cc_by_nc
"Photo: (c) matt_brown, some rights reserved (CC BY-NC);",5,cc_by_nc
"Photo: (c) mcgill5, some rights reserved (CC BY-NC);",5,cc_by_nc
"Photo: (c) mchamburgo, some rights reserved (CC BY-NC);",5,cc_by_nc
"Photo: (c) mer33, some rights reserved (CC BY-NC);",5,cc_by_nc
"Photo: (c) michael_burton_smith, some rights reserved (CC BY-NC);",5,cc_by_nc
"Photo: (c) mik, some rights reserved (CC BY-NC);",5,cc_by_nc
"Photo: (c) moanagirl, some rights reserved (CC BY-NC);",5,cc_by_nc
"Photo: (c) molly-w, some rights reserved (CC BY-NC);",5,cc_by_nc
"Photo: (c) mush_darwin, some rights reserved (CC BY-NC);",5,cc_by_nc
"Photo: (c) nandyhand, some rights reserved (CC BY-NC);",5,cc_by_nc
"Photo: (c) natalie-b, some rights reserved (CC BY-NC);",5,cc_by_nc
"Photo: (c) natcoman, some rights reserved (CC BY-NC);",5,cc_by_nc
"Photo: (c) nature_detective, some rights reserved (CC BY-NC);",5,cc_by_nc
"Photo: (c) neilh, some rights reserved (CC BY-NC);",5,cc_by_nc
"Photo: (c) neilsmart, some rights reserved (CC BY-NC);",5,cc_by_nc
"Photo: (c) newtown_school, some rights reserved (CC BY-NC);",5,cc_by_nc
"Photo: (c) nickyrutten, some rights reserved (CC BY-NC);",5,cc_by_nc
"Photo: (c) niffc, some rights reserved (CC BY-NC);",5,cc_by_nc
"Photo: (c) normaanderson, some rights reserved (CC BY-NC);",5,cc_by_nc
"Photo: (c) oddfungi, some rights reserved (CC BY-NC);",5,cc_by_nc
"Photo: (c) oneangrycyclist, some rights reserved (CC BY-NC);",5,cc_by_nc
"Photo: (c) palmertrees, some rights reserved (CC BY-NC);",5,cc_by_nc
"Photo: (c) patch105, some rights reserved (CC BY-NC);",5,cc_by_nc
"Photo: (c) pauabiologist, some rights reserved (CC BY-NC);",5,cc_by_nc
"Photo: (c) paulap0813, some rights reserved (CC BY-NC);",5,cc_by_nc
"Photo: (c) phillipdeb, some rights reserved (CC BY-NC);",5,cc_by_nc
"Photo: (c) pillwixler, some rights reserved (CC BY-NC);",5,cc_by_nc
"Photo: (c) pip888, some rights reserved (CC BY-NC);",5,cc_by_nc
"Photo: (c) pixiejessie, some rights reserved (CC BY-NC);",5,cc_by_nc
"Photo: (c) podocarpus_mcsweenyii, some rights reserved (CC BY-NC);",5,cc_by_nc
"Photo: (c) porowini, some rights reserved (CC BY-NC);",5,cc_by_nc
"Photo: (c) rachoonz, some rights reserved (CC BY-NC);",5,cc_by_nc
"Photo: (c) ragnarok, some rights reserved (CC BY-NC);",5,cc_by_nc
"Photo: (c) rhinokia, some rights reserved (CC BY-NC);",5,cc_by_nc
"Photo: (c) ria1007, some rights reserved (CC BY-NC);",5,cc_by_nc
"Photo: (c) richard332965, some rights reserved (CC BY-NC);",5,cc_by_nc
"Photo: (c) rimuridge, some rights reserved (CC BY-NC);",5,cc_by_nc
"Photo: (c) rknz, some rights reserved (CC BY-NC);",5,cc_by_nc
"Photo: (c) rmegha, some rights reserved (CC BY-NC);",5,cc_by_nc
"Photo: (c) rom33p, some rights reserved (CC BY-NC);",5,cc_by_nc
"Photo: (c) roseatavalon, some rights reserved (CC BY-NC);",5,cc_by_nc
"Photo: (c) roshi, some rights reserved (CC BY-NC);",5,cc_by_nc
"Photo: (c) run-the-numbers, some rights reserved (CC BY-NC);",5,cc_by_nc
"Photo: (c) rvanhale, some rights reserved (CC BY-NC);",5,cc_by_nc
"Photo: (c) sam_l, some rights reserved (CC BY-NC);",5,cc_by_nc
"Photo: (c) samknox77, some rights reserved (CC BY-NC);",5,cc_by_nc
"Photo: (c) sassysharks, some rights reserved (CC BY-NC);",5,cc_by_nc
"Photo: (c) sbhomeschool, some rights reserved (CC BY-NC);",5,cc_by_nc
"Photo: (c) shelley007, some rights reserved (CC BY-NC);",5,cc_by_nc
"Photo: (c) sianmacdonald, some rights reserved (CC BY-NC);",5,cc_by_nc
"Photo: (c) siyuhu, some rights reserved (CC BY-NC);",5,cc_by_nc
"Photo: (c) sjb, some rights reserved (CC BY-NC);",5,cc_by_nc
"Photo: (c) slick_stan, some rights reserved (CC BY-NC);",5,cc_by_nc
"Photo: (c) slsfish, some rights reserved (CC BY-NC);",5,cc_by_nc
"Photo: (c) smartrussell, some rights reserved (CC BY-NC);",5,cc_by_nc
"Photo: (c) smitjq, some rights reserved (CC BY-NC);",5,cc_by_nc
"Photo: (c) sofugly, some rights reserved (CC BY-NC);",5,cc_by_nc
"Photo: (c) solea, some rights reserved (CC BY-NC);",5,cc_by_nc
"Photo: (c) sooty71, some rights reserved (CC BY-NC);",5,cc_by_nc
"Photo: (c) sophie-horn, some rights reserved (CC BY-NC);",5,cc_by_nc
"Photo: (c) soso, some rights reserved (CC BY-NC);",5,cc_by_nc
"Photo: (c) springstonschool, some rights reserved (CC BY-NC);",5,cc_by_nc
"Photo: (c) stpatsmasterton, some rights reserved (CC BY-NC);",5,cc_by_nc
"Photo: (c) suzrose, some rights reserved (CC BY-NC);",5,cc_by_nc
"Photo: (c) swtpea1968, some rights reserved (CC BY-NC);",5,cc_by_nc
"Photo: (c) taiao4eva, some rights reserved (CC BY-NC);",5,cc_by_nc
"Photo: (c) takeha, some rights reserved (CC BY-NC);",5,cc_by_nc
"Photo: (c) tamorangatam, some rights reserved (CC BY-NC);",5,cc_by_nc
"Photo: (c) tenacioustigers, some rights reserved (CC BY-NC);",5,cc_by_nc
"Photo: (c) tessa_islandbay, some rights reserved (CC BY-NC);",5,cc_by_nc
"Photo: (c) tge26, some rights reserved (CC BY-NC);",5,cc_by_nc
"Photo: (c) thankyou, some rights reserved (CC BY-NC);",5,cc_by_nc
"Photo: (c) themedic, some rights reserved (CC BY-NC);",5,cc_by_nc
"Photo: (c) thethreebees, some rights reserved (CC BY-NC);",5,cc_by_nc
"Photo: (c) theylooklikeus, some rights reserved (CC BY-NC);",5,cc_by_nc
"Photo: (c) tikitikitembo, some rights reserved (CC BY-NC);",5,cc_by_nc
"Photo: (c) tjenkins, some rights reserved (CC BY-NC);",5,cc_by_nc
"Photo: (c) tk421, some rights reserved (CC BY-NC);",5,cc_by_nc
"Photo: (c) tomr123, some rights reserved (CC BY-NC);",5,cc_by_nc
"Photo: (c) tonyw, some rights reserved (CC BY-NC);",5,cc_by_nc
"Photo: (c) tuesdaygroup5, some rights reserved (CC BY-NC);",5,cc_by_nc
"Photo: (c) tvdh, some rights reserved (CC BY-NC);",5,cc_by_nc
"Photo: (c) tylerh, some rights reserved (CC BY-NC);",5,cc_by_nc
"Photo: (c) uhc, some rights reserved (CC BY-NC);",5,cc_by_nc
"Photo: (c) unkn0wn1nv3rt3brat3s, some rights reserved (CC BY-NC);",5,cc_by_nc
"Photo: (c) vannz, some rights reserved (CC BY-NC);",5,cc_by_nc
"Photo: (c) virginiaen, some rights reserved (CC BY-NC);",5,cc_by_nc
"Photo: (c) waipawa1, some rights reserved (CC BY-NC);",5,cc_by_nc
"Photo: (c) waipawa2, some rights reserved (CC BY-NC);",5,cc_by_nc
"Photo: (c) wakari, some rights reserved (CC BY-NC);",5,cc_by_nc
"Photo: (c) wanakabiologist, some rights reserved (CC BY-NC);",5,cc_by_nc
"Photo: (c) wernita, some rights reserved (CC BY-NC);",5,cc_by_nc
"Photo: (c) whiokate, some rights reserved (CC BY-NC);",5,cc_by_nc
"Photo: (c) wildwolf123, some rights reserved (CC BY-NC);",5,cc_by_nc
"Photo: (c) yellow_eyed, some rights reserved (CC BY-NC);",5,cc_by_nc
"Photo: (c) zedsowerby, some rights reserved (CC BY-NC);",5,cc_by_nc
"Photo: (c) zivi13, some rights reserved (CC BY-NC);",5,cc_by_nc
"This article is distributed under the terms of the Creative Commons Attribution-NonCommercial 4.0 License (http://www.creativecommons.org/licenses/by-nc/4.0/) which permits non-commercial use, reproduction and distribution of the work without further permission provided the original work is attributed as specified on the SAGE and Open Access pages (https://us.sagepub.com/en-us/nam/open-access-at-sage).",5,cc_by_nc
"This digital collection and its contents are made available by Trinity College Library for limited non-commercial, educational and personal use only. For other uses, or for additional information regarding the collection, contact the staff of Watkinson Library (www.watkinsonlibrary.org).; This image has been selected and made available by a user using Artstor's software tools. Artstor has not screened or selected this image or cleared any rights to it and is acting as an online service provider pursuant to 17 U.S.C. §512. Artstor disclaims any liability associated with the use of this image. Should you have any legal objection to the use of this image, please visit http://www.artstor.org/copyright for contact information and instructions on how to proceed.",5,cc_by_nc
arXiv supports and participates in the Open Archives Initiative (OAI). arXiv is a registered OAI-PMH data-provider and provides metadata for all submissions which is updated each night shortly after new submissions are announced. Metadata for arXiv articles may be reused in non-commercial and commercial systems.,5,cc_by_nc
"@Crown Copyright 1990. This work is licensed under the Creative Commons Attribution-NonCommercial 3.0 New Zealand (CC BY-NC 3.0 NZ) Licence, see http://creativecommons.org/licenses/by-nc/3.0/nz/",4,cc_by_nc
"Copyright in the documents (""Contents"") on the Lippincott Williams & Wilkins Web Servers is owned by Lippincott Williams & Wilkins (LWW), unless otherwise indicated. LWW hereby authorizes you to copy documents published by LWW on the World Wide Web for non-commercial uses within your organization only. In consideration of this authorization, you agree that any copy of these documents which you make shall retain all copyright and other proprietary notices contained herein.",4,cc_by_nc
"Copyright © Emerald Group Publishing Limited, 2015. Authors retain the right to place his/her pre-publication version of the work on a personal website or institutional repository for non commercial purposes. The definitive version was published in (see Citation). The original publication is available at www.emeraldinsight.com (see Publisher’s Version).",4,cc_by_nc
"Copyright © The Authors. These documents are made available under a Creative Commons licence, Attribution-Noncommercial (BY-NC). (With the exceptions noted in http://researcharchive.lincoln.ac.nz/page/rights, this metadata is available under a Creative Commons Zero license.)",4,cc_by_nc
For educational and non-commercial uses only.,4,cc_by_nc
Image: CC BY-SA 4.0 https://creativecommons.org/licenses/by-sa/4.0/ Copyright National Museum of Australia / CC BY-NC Text: Copyright National Museum of Australia / CC BY-NC https://creativecommons.org/licenses/by-nc/4.0/,4,cc_by_nc
Image: Copyright not evaluated http://rightsstatements.org/vocab/CNE/1.0/ Copyright National Museum of Australia / CC BY-NC Text: Copyright National Museum of Australia / CC BY-NC https://creativecommons.org/licenses/by-nc/4.0/,4,cc_by_nc
"Images and metadata provided with permission by the Office of Off-Campus Programs/International Studies. Content for this collection is licensed under a Creative Commons license 4.0 BY-NC-ND (https://creativecommons.org/licenses/by-nc-nd/4.0/). Images can be used with attribution to the photographer, non-commercial, non-derivative works.",4,cc_by_nc
"Photo: (c) Adrianne Jerrett, some rights reserved (CC BY-NC);",4,cc_by_nc
"Photo: (c) Andrew Barrowcliffe, some rights reserved (CC BY-NC);",4,cc_by_nc
"Photo: (c) Andrew Mackenzie, some rights reserved (CC BY-NC);",4,cc_by_nc
"Photo: (c) Anna MI, some rights reserved (CC BY-NC);",4,cc_by_nc
"Photo: (c) Arapera Taiapa-Johnson, some rights reserved (CC BY-NC);",4,cc_by_nc
"Photo: (c) Art, some rights reserved (CC BY-NC);",4,cc_by_nc
"Photo: (c) Barrett Pistoll, some rights reserved (CC BY-NC);",4,cc_by_nc
"Photo: (c) Ben Wotherspoon, some rights reserved (CC BY-NC);",4,cc_by_nc
"Photo: (c) Cathy Rogers, some rights reserved (CC BY-NC);",4,cc_by_nc
"Photo: (c) Claudia H. Henneberg, some rights reserved (CC BY-NC);",4,cc_by_nc
"Photo: (c) Clayson Howell, some rights reserved (CC BY-NC);",4,cc_by_nc
"Photo: (c) Conner Wells, some rights reserved (CC BY-NC);",4,cc_by_nc
"Photo: (c) Conor Leahy, some rights reserved (CC BY-NC);",4,cc_by_nc
"Photo: (c) Dean Thompson, some rights reserved (CC BY-NC);",4,cc_by_nc
"Photo: (c) Erick Douglas, some rights reserved (CC BY-NC);",4,cc_by_nc
"Photo: (c) Ethan Hyatt, some rights reserved (CC BY-NC);",4,cc_by_nc
"Photo: (c) Fernando Olea, some rights reserved (CC BY-NC);",4,cc_by_nc
"Photo: (c) George, some rights reserved (CC BY-NC);",4,cc_by_nc
"Photo: (c) Grayson Lein, some rights reserved (CC BY-NC);",4,cc_by_nc
"Photo: (c) HUGO DAVID CAVERZASI, some rights reserved (CC BY-NC);",4,cc_by_nc
"Photo: (c) Henrik Kibak, some rights reserved (CC BY-NC);",4,cc_by_nc
"Photo: (c) Imogen Jones, some rights reserved (CC BY-NC);",4,cc_by_nc
"Photo: (c) Jacki Byrd, some rights reserved (CC BY-NC);",4,cc_by_nc
"Photo: (c) Jane, some rights reserved (CC BY-NC);",4,cc_by_nc
"Photo: (c) Jason Elliott, some rights reserved (CC BY-NC);",4,cc_by_nc
"Photo: (c) Jeni McGarry, some rights reserved (CC BY-NC);",4,cc_by_nc
"Photo: (c) Jenny, some rights reserved (CC BY-NC);",4,cc_by_nc
"Photo: (c) Jessica Vereijssen, some rights reserved (CC BY-NC);",4,cc_by_nc
"Photo: (c) Jim Landefeld, some rights reserved (CC BY-NC);",4,cc_by_nc
"Photo: (c) Kairen Perumal, some rights reserved (CC BY-NC);",4,cc_by_nc
"Photo: (c) Katie Milne, some rights reserved (CC BY-NC);",4,cc_by_nc
"Photo: (c) Katrice Baur, some rights reserved (CC BY-NC);",4,cc_by_nc
"Photo: (c) Kerry Weston, some rights reserved (CC BY-NC);",4,cc_by_nc
"Photo: (c) Kit Richards, some rights reserved (CC BY-NC);",4,cc_by_nc
"Photo: (c) Krista Doersch, some rights reserved (CC BY-NC);",4,cc_by_nc
"Photo: (c) Kyler Smith, some rights reserved (CC BY-NC);",4,cc_by_nc
"Photo: (c) Liam Wright, some rights reserved (CC BY-NC);",4,cc_by_nc
"Photo: (c) Lorraine, some rights reserved (CC BY-NC);",4,cc_by_nc
"Photo: (c) Matthew Davey, some rights reserved (CC BY-NC);",4,cc_by_nc
"Photo: (c) Maureen Charles, some rights reserved (CC BY-NC);",4,cc_by_nc
"Photo: (c) Maurice Rodway, some rights reserved (CC BY-NC);",4,cc_by_nc
"Photo: (c) Maya Thomasen, some rights reserved (CC BY-NC);",4,cc_by_nc
"Photo: (c) Mel Van Den Brand, some rights reserved (CC BY-NC);",4,cc_by_nc
"Photo: (c) Melissa Keewee, some rights reserved (CC BY-NC);",4,cc_by_nc
"Photo: (c) Mijail, some rights reserved (CC BY-NC);",4,cc_by_nc
"Photo: (c) Mike Plank, some rights reserved (CC BY-NC);",4,cc_by_nc
"Photo: (c) Milly, some rights reserved (CC BY-NC);",4,cc_by_nc
"Photo: (c) Morgan Fox, some rights reserved (CC BY-NC);",4,cc_by_nc
"Photo: (c) Niklas Erikson, some rights reserved (CC BY-NC);",4,cc_by_nc
"Photo: (c) Nomes, some rights reserved (CC BY-NC);",4,cc_by_nc
"Photo: (c) Nys Ruth, some rights reserved (CC BY-NC);",4,cc_by_nc
"Photo: (c) Olivia Vergara, some rights reserved (CC BY-NC);",4,cc_by_nc
"Photo: (c) Pat Steer, some rights reserved (CC BY-NC);",4,cc_by_nc
"Photo: (c) Peter Poortman, some rights reserved (CC BY-NC);",4,cc_by_nc
"Photo: (c) Philippa Gordon, some rights reserved (CC BY-NC);",4,cc_by_nc
"Photo: (c) Rootz, some rights reserved (CC BY-NC);",4,cc_by_nc
"Photo: (c) Rosi Stancich, some rights reserved (CC BY-NC);",4,cc_by_nc
"Photo: (c) Sam Dockery, some rights reserved (CC BY-NC);",4,cc_by_nc
"Photo: (c) Sami Moellmer, some rights reserved (CC BY-NC);",4,cc_by_nc
"Photo: (c) Santiago Martín-Bravo, some rights reserved (CC BY-NC);",4,cc_by_nc
"Photo: (c) Song Fu, some rights reserved (CC BY-NC);",4,cc_by_nc
"Photo: (c) Sophie Ruth, some rights reserved (CC BY-NC);",4,cc_by_nc
"Photo: (c) Tamlyn Somerford, some rights reserved (CC BY-NC);",4,cc_by_nc
"Photo: (c) Teo Hung, some rights reserved (CC BY-NC);",4,cc_by_nc
"Photo: (c) Thomas Daniel Hartley, some rights reserved (CC BY-NC);",4,cc_by_nc
"Photo: (c) Tim Brush, some rights reserved (CC BY-NC);",4,cc_by_nc
"Photo: (c) Tom Davies, some rights reserved (CC BY-NC);",4,cc_by_nc
"Photo: (c) Tom Kirschey, some rights reserved (CC BY-NC);",4,cc_by_nc
"Photo: (c) Tricia Crumpton, some rights reserved (CC BY-NC);",4,cc_by_nc
"Photo: (c) Troy McDonald, some rights reserved (CC BY-NC);",4,cc_by_nc
"Photo: (c) Will, some rights reserved (CC BY-NC);",4,cc_by_nc
"Photo: (c) Yvonne Baker, some rights reserved (CC BY-NC);",4,cc_by_nc
"Photo: (c) abraunw, some rights reserved (CC BY-NC);",4,cc_by_nc
"Photo: (c) acapulco1419, some rights reserved (CC BY-NC);",4,cc_by_nc
"Photo: (c) akesval, some rights reserved (CC BY-NC);",4,cc_by_nc
"Photo: (c) alexedwards, some rights reserved (CC BY-NC);",4,cc_by_nc
"Photo: (c) alexkittens, some rights reserved (CC BY-NC);",4,cc_by_nc
"Photo: (c) amygoosen, some rights reserved (CC BY-NC);",4,cc_by_nc
"Photo: (c) angaiot, some rights reserved (CC BY-NC);",4,cc_by_nc
"Photo: (c) annie_mcdougall, some rights reserved (CC BY-NC);",4,cc_by_nc
"Photo: (c) antonsim, some rights reserved (CC BY-NC);",4,cc_by_nc
"Photo: (c) apprentice_lorax, some rights reserved (CC BY-NC);",4,cc_by_nc
"Photo: (c) ashlimani, some rights reserved (CC BY-NC);",4,cc_by_nc
"Photo: (c) bailey123, some rights reserved (CC BY-NC);",4,cc_by_nc
"Photo: (c) bella124, some rights reserved (CC BY-NC);",4,cc_by_nc
"Photo: (c) bella2004mck, some rights reserved (CC BY-NC);",4,cc_by_nc
"Photo: (c) bernicepup, some rights reserved (CC BY-NC);",4,cc_by_nc
"Photo: (c) bevanwilson, some rights reserved (CC BY-NC);",4,cc_by_nc
"Photo: (c) bfs564, some rights reserved (CC BY-NC);",4,cc_by_nc
"Photo: (c) billdyck, some rights reserved (CC BY-NC);",4,cc_by_nc
"Photo: (c) birdsami, some rights reserved (CC BY-NC);",4,cc_by_nc
"Photo: (c) blairbalsom, some rights reserved (CC BY-NC);",4,cc_by_nc
"Photo: (c) bobbiec, some rights reserved (CC BY-NC);",4,cc_by_nc
"Photo: (c) boydtribe, some rights reserved (CC BY-NC);",4,cc_by_nc
"Photo: (c) br3ntly, some rights reserved (CC BY-NC);",4,cc_by_nc
"Photo: (c) breannatuason, some rights reserved (CC BY-NC);",4,cc_by_nc
"Photo: (c) brixkisseleff, some rights reserved (CC BY-NC);",4,cc_by_nc
"Photo: (c) broadfieldschool, some rights reserved (CC BY-NC);",4,cc_by_nc
"Photo: (c) broadoliver, some rights reserved (CC BY-NC);",4,cc_by_nc
"Photo: (c) bryonysim, some rights reserved (CC BY-NC);",4,cc_by_nc
"Photo: (c) bungaraya, some rights reserved (CC BY-NC);",4,cc_by_nc
"Photo: (c) bunsky, some rights reserved (CC BY-NC);",4,cc_by_nc
"Photo: (c) butterfly_tea, some rights reserved (CC BY-NC);",4,cc_by_nc
"Photo: (c) bvgriensven, some rights reserved (CC BY-NC);",4,cc_by_nc
"Photo: (c) c michael hogan, some rights reserved (CC BY-NC);",4,cc_by_nc
"Photo: (c) caitlinm, some rights reserved (CC BY-NC);",4,cc_by_nc
"Photo: (c) camine, some rights reserved (CC BY-NC);",4,cc_by_nc
"Photo: (c) camren, some rights reserved (CC BY-NC);",4,cc_by_nc
"Photo: (c) cassidyluna, some rights reserved (CC BY-NC);",4,cc_by_nc
"Photo: (c) castela, some rights reserved (CC BY-NC);",4,cc_by_nc
"Photo: (c) caveman1801, some rights reserved (CC BY-NC);",4,cc_by_nc
"Photo: (c) charandeuan, some rights reserved (CC BY-NC);",4,cc_by_nc
"Photo: (c) chern, some rights reserved (CC BY-NC);",4,cc_by_nc
"Photo: (c) cleland_wallace, some rights reserved (CC BY-NC);",4,cc_by_nc
"Photo: (c) clint9303, some rights reserved (CC BY-NC);",4,cc_by_nc
"Photo: (c) cocowhiskey, some rights reserved (CC BY-NC);",4,cc_by_nc
"Photo: (c) colinenglish, some rights reserved (CC BY-NC);",4,cc_by_nc
"Photo: (c) crawshaw, some rights reserved (CC BY-NC);",4,cc_by_nc
"Photo: (c) crazy4art, some rights reserved (CC BY-NC);",4,cc_by_nc
"Photo: (c) csim063, some rights reserved (CC BY-NC);",4,cc_by_nc
"Photo: (c) davefitz, some rights reserved (CC BY-NC);",4,cc_by_nc
"Photo: (c) daviddtammid, some rights reserved (CC BY-NC);",4,cc_by_nc
"Photo: (c) deb36, some rights reserved (CC BY-NC);",4,cc_by_nc
"Photo: (c) deltasue, some rights reserved (CC BY-NC);",4,cc_by_nc
"Photo: (c) desertnaturalist, some rights reserved (CC BY-NC);",4,cc_by_nc
"Photo: (c) diggintheworld, some rights reserved (CC BY-NC);",4,cc_by_nc
"Photo: (c) dmpapamoa, some rights reserved (CC BY-NC);",4,cc_by_nc
"Photo: (c) docaholdom, some rights reserved (CC BY-NC);",4,cc_by_nc
"Photo: (c) doolally, some rights reserved (CC BY-NC);",4,cc_by_nc
"Photo: (c) drdroso, some rights reserved (CC BY-NC);",4,cc_by_nc
"Photo: (c) ecahill, some rights reserved (CC BY-NC);",4,cc_by_nc
"Photo: (c) edenh, some rights reserved (CC BY-NC);",4,cc_by_nc
"Photo: (c) edst, some rights reserved (CC BY-NC);",4,cc_by_nc
"Photo: (c) eljandro, some rights reserved (CC BY-NC);",4,cc_by_nc
"Photo: (c) eludds, some rights reserved (CC BY-NC);",4,cc_by_nc
"Photo: (c) elysia_h, some rights reserved (CC BY-NC);",4,cc_by_nc
"Photo: (c) emilymikimorgan, some rights reserved (CC BY-NC);",4,cc_by_nc
"Photo: (c) emmabenefield, some rights reserved (CC BY-NC);",4,cc_by_nc
"Photo: (c) emottnature, some rights reserved (CC BY-NC);",4,cc_by_nc
"Photo: (c) emxpsc94, some rights reserved (CC BY-NC);",4,cc_by_nc
"Photo: (c) englebert, some rights reserved (CC BY-NC);",4,cc_by_nc
"Photo: (c) enviro, some rights reserved (CC BY-NC);",4,cc_by_nc
"Photo: (c) f1na, some rights reserved (CC BY-NC);",4,cc_by_nc
"Photo: (c) falconfisher, some rights reserved (CC BY-NC);",4,cc_by_nc
"Photo: (c) farmpug, some rights reserved (CC BY-NC);",4,cc_by_nc
"Photo: (c) fishermansbay, some rights reserved (CC BY-NC);",4,cc_by_nc
"Photo: (c) forster, some rights reserved (CC BY-NC);",4,cc_by_nc
"Photo: (c) francescafagan13, some rights reserved (CC BY-NC);",4,cc_by_nc
"Photo: (c) francessalt, some rights reserved (CC BY-NC);",4,cc_by_nc
"Photo: (c) frankcus, some rights reserved (CC BY-NC);",4,cc_by_nc
"Photo: (c) franklrb, some rights reserved (CC BY-NC);",4,cc_by_nc
"Photo: (c) friendchyfamily, some rights reserved (CC BY-NC);",4,cc_by_nc
"Photo: (c) g2therae, some rights reserved (CC BY-NC);",4,cc_by_nc
"Photo: (c) getblank, some rights reserved (CC BY-NC);",4,cc_by_nc
"Photo: (c) ginastefani, some rights reserved (CC BY-NC);",4,cc_by_nc
"Photo: (c) gittehp, some rights reserved (CC BY-NC);",4,cc_by_nc
"Photo: (c) glinks, some rights reserved (CC BY-NC);",4,cc_by_nc
"Photo: (c) googleearthspiesonyou, some rights reserved (CC BY-NC);",4,cc_by_nc
"Photo: (c) greendaleschool, some rights reserved (CC BY-NC);",4,cc_by_nc
"Photo: (c) greents, some rights reserved (CC BY-NC);",4,cc_by_nc
"Photo: (c) gregcomfort, some rights reserved (CC BY-NC);",4,cc_by_nc
"Photo: (c) gregoireaubourg, some rights reserved (CC BY-NC);",4,cc_by_nc
"Photo: (c) hadlow_school, some rights reserved (CC BY-NC);",4,cc_by_nc
"Photo: (c) haggisbishop, some rights reserved (CC BY-NC);",4,cc_by_nc
"Photo: (c) hajarzee, some rights reserved (CC BY-NC);",4,cc_by_nc
"Photo: (c) halldevoeco, some rights reserved (CC BY-NC);",4,cc_by_nc
"Photo: (c) hanna_d, some rights reserved (CC BY-NC);",4,cc_by_nc
"Photo: (c) harrietb2001, some rights reserved (CC BY-NC);",4,cc_by_nc
"Photo: (c) haydenschick, some rights reserved (CC BY-NC);",4,cc_by_nc
"Photo: (c) hazz, some rights reserved (CC BY-NC);",4,cc_by_nc
"Photo: (c) heath-man3310, some rights reserved (CC BY-NC);",4,cc_by_nc
"Photo: (c) heathcotevs, some rights reserved (CC BY-NC);",4,cc_by_nc
"Photo: (c) heike, some rights reserved (CC BY-NC);",4,cc_by_nc
"Photo: (c) heterozygoats, some rights reserved (CC BY-NC);",4,cc_by_nc
"Photo: (c) hils64, some rights reserved (CC BY-NC);",4,cc_by_nc
"Photo: (c) hobomac51, some rights reserved (CC BY-NC);",4,cc_by_nc
"Photo: (c) homer, some rights reserved (CC BY-NC);",4,cc_by_nc
"Photo: (c) hori, some rights reserved (CC BY-NC);",4,cc_by_nc
"Photo: (c) hslane, some rights reserved (CC BY-NC);",4,cc_by_nc
"Photo: (c) hyslopa2, some rights reserved (CC BY-NC);",4,cc_by_nc
"Photo: (c) ishvvi, some rights reserved (CC BY-NC);",4,cc_by_nc
"Photo: (c) ivan_lin, some rights reserved (CC BY-NC);",4,cc_by_nc
"Photo: (c) jacob mcsweeny, some rights reserved (CC BY-NC);",4,cc_by_nc
"Photo: (c) jastorer, some rights reserved (CC BY-NC);",4,cc_by_nc
"Photo: (c) jdwade, some rights reserved (CC BY-NC);",4,cc_by_nc
"Photo: (c) jellery, some rights reserved (CC BY-NC);",4,cc_by_nc
"Photo: (c) jemoa123, some rights reserved (CC BY-NC);",4,cc_by_nc
"Photo: (c) jenniebode, some rights reserved (CC BY-NC);",4,cc_by_nc
"Photo: (c) jennyleonard, some rights reserved (CC BY-NC);",4,cc_by_nc
"Photo: (c) jeremyc, some rights reserved (CC BY-NC);",4,cc_by_nc
"Photo: (c) jessc123, some rights reserved (CC BY-NC);",4,cc_by_nc
"Photo: (c) jewoodru, some rights reserved (CC BY-NC);",4,cc_by_nc
"Photo: (c) jjarman, some rights reserved (CC BY-NC);",4,cc_by_nc
"Photo: (c) jlavacave, some rights reserved (CC BY-NC);",4,cc_by_nc
"Photo: (c) jmlbw, some rights reserved (CC BY-NC);",4,cc_by_nc
"Photo: (c) jmowen, some rights reserved (CC BY-NC);",4,cc_by_nc
"Photo: (c) john_pete, some rights reserved (CC BY-NC);",4,cc_by_nc
"Photo: (c) johnhb, some rights reserved (CC BY-NC);",4,cc_by_nc
"Photo: (c) jolenejebsen, some rights reserved (CC BY-NC);",4,cc_by_nc
"Photo: (c) jonette, some rights reserved (CC BY-NC);",4,cc_by_nc
"Photo: (c) jonnyp, some rights reserved (CC BY-NC);",4,cc_by_nc
"Photo: (c) julie2014, some rights reserved (CC BY-NC);",4,cc_by_nc
"Photo: (c) kaf_nz, some rights reserved (CC BY-NC);",4,cc_by_nc
"Photo: (c) kastott, some rights reserved (CC BY-NC);",4,cc_by_nc
"Photo: (c) katie_burgham, some rights reserved (CC BY-NC);",4,cc_by_nc
"Photo: (c) katielnz, some rights reserved (CC BY-NC);",4,cc_by_nc
"Photo: (c) kauribrown, some rights reserved (CC BY-NC);",4,cc_by_nc
"Photo: (c) kelsieh, some rights reserved (CC BY-NC);",4,cc_by_nc
"Photo: (c) kenmunyard, some rights reserved (CC BY-NC);",4,cc_by_nc
"Photo: (c) kevm, some rights reserved (CC BY-NC);",4,cc_by_nc
"Photo: (c) kiwitastic, some rights reserved (CC BY-NC);",4,cc_by_nc
"Photo: (c) kllhll, some rights reserved (CC BY-NC);",4,cc_by_nc
"Photo: (c) kokakocalling, some rights reserved (CC BY-NC);",4,cc_by_nc
"Photo: (c) kpadmac, some rights reserved (CC BY-NC);",4,cc_by_nc
"Photo: (c) kristad, some rights reserved (CC BY-NC);",4,cc_by_nc
"Photo: (c) kylieford, some rights reserved (CC BY-NC);",4,cc_by_nc
"Photo: (c) lachieb_83, some rights reserved (CC BY-NC);",4,cc_by_nc
"Photo: (c) lancewoodvilla, some rights reserved (CC BY-NC);",4,cc_by_nc
"Photo: (c) larry55nz, some rights reserved (CC BY-NC);",4,cc_by_nc
"Photo: (c) laurascholey, some rights reserved (CC BY-NC);",4,cc_by_nc
"Photo: (c) leesha, some rights reserved (CC BY-NC);",4,cc_by_nc
"Photo: (c) lemansfield, some rights reserved (CC BY-NC);",4,cc_by_nc
"Photo: (c) lerouxel, some rights reserved (CC BY-NC);",4,cc_by_nc
"Photo: (c) libbyw, some rights reserved (CC BY-NC);",4,cc_by_nc
"Photo: (c) lincoln-kindergarten, some rights reserved (CC BY-NC);",4,cc_by_nc
"Photo: (c) linda12345, some rights reserved (CC BY-NC);",4,cc_by_nc
"Photo: (c) lizardgroup2, some rights reserved (CC BY-NC);",4,cc_by_nc
"Photo: (c) liziwai, some rights reserved (CC BY-NC);",4,cc_by_nc
"Photo: (c) lizldannhauser, some rights reserved (CC BY-NC);",4,cc_by_nc
"Photo: (c) localwildlifephotographers, some rights reserved (CC BY-NC);",4,cc_by_nc
"Photo: (c) lomuland, some rights reserved (CC BY-NC);",4,cc_by_nc
"Photo: (c) lrogerson, some rights reserved (CC BY-NC);",4,cc_by_nc
"Photo: (c) lucyrose, some rights reserved (CC BY-NC);",4,cc_by_nc
"Photo: (c) lyallbay75, some rights reserved (CC BY-NC);",4,cc_by_nc
"Photo: (c) lylescott, some rights reserved (CC BY-NC);",4,cc_by_nc
"Photo: (c) lyshdog, some rights reserved (CC BY-NC);",4,cc_by_nc
"Photo: (c) markb, some rights reserved (CC BY-NC);",4,cc_by_nc
"Photo: (c) marknixonacc, some rights reserved (CC BY-NC);",4,cc_by_nc
"Photo: (c) marryana, some rights reserved (CC BY-NC);",4,cc_by_nc
"Photo: (c) masonleach2006, some rights reserved (CC BY-NC);",4,cc_by_nc
"Photo: (c) matedetoni, some rights reserved (CC BY-NC);",4,cc_by_nc
"Photo: (c) matt_h, some rights reserved (CC BY-NC);",4,cc_by_nc
"Photo: (c) matthiasnz, some rights reserved (CC BY-NC);",4,cc_by_nc
"Photo: (c) maudbv, some rights reserved (CC BY-NC);",4,cc_by_nc
"Photo: (c) mavrog, some rights reserved (CC BY-NC);",4,cc_by_nc
"Photo: (c) mceachern1997, some rights reserved (CC BY-NC);",4,cc_by_nc
"Photo: (c) mcmission, some rights reserved (CC BY-NC);",4,cc_by_nc
"Photo: (c) mdashper, some rights reserved (CC BY-NC);",4,cc_by_nc
"Photo: (c) meganmc5, some rights reserved (CC BY-NC);",4,cc_by_nc
"Photo: (c) melw, some rights reserved (CC BY-NC);",4,cc_by_nc
"Photo: (c) metalazzman, some rights reserved (CC BY-NC);",4,cc_by_nc
"Photo: (c) mgladdi, some rights reserved (CC BY-NC);",4,cc_by_nc
"Photo: (c) michellelassche, some rights reserved (CC BY-NC);",4,cc_by_nc
"Photo: (c) mikeeyres, some rights reserved (CC BY-NC);",4,cc_by_nc
"Photo: (c) mikerodgers, some rights reserved (CC BY-NC);",4,cc_by_nc
"Photo: (c) mikeund, some rights reserved (CC BY-NC);",4,cc_by_nc
"Photo: (c) miriam_s, some rights reserved (CC BY-NC);",4,cc_by_nc
"Photo: (c) mjn, some rights reserved (CC BY-NC);",4,cc_by_nc
"Photo: (c) mkw5183, some rights reserved (CC BY-NC);",4,cc_by_nc
"Photo: (c) mlusty, some rights reserved (CC BY-NC);",4,cc_by_nc
"Photo: (c) mmpowerjones, some rights reserved (CC BY-NC);",4,cc_by_nc
"Photo: (c) moturoaschool, some rights reserved (CC BY-NC);",4,cc_by_nc
"Photo: (c) msleptothecata, some rights reserved (CC BY-NC);",4,cc_by_nc
"Photo: (c) munsellk, some rights reserved (CC BY-NC);",4,cc_by_nc
"Photo: (c) murraycockburn, some rights reserved (CC BY-NC);",4,cc_by_nc
"Photo: (c) murrycave, some rights reserved (CC BY-NC);",4,cc_by_nc
"Photo: (c) myconaughtgoose, some rights reserved (CC BY-NC);",4,cc_by_nc
"Photo: (c) myoporum_laetum, some rights reserved (CC BY-NC);",4,cc_by_nc
"Photo: (c) mypeanut, some rights reserved (CC BY-NC);",4,cc_by_nc
"Photo: (c) nachor, some rights reserved (CC BY-NC);",4,cc_by_nc
"Photo: (c) nancy_xyz, some rights reserved (CC BY-NC);",4,cc_by_nc
"Photo: (c) natevans, some rights reserved (CC BY-NC);",4,cc_by_nc
"Photo: (c) nevaeh, some rights reserved (CC BY-NC);",4,cc_by_nc
"Photo: (c) nfl30, some rights reserved (CC BY-NC);",4,cc_by_nc
"Photo: (c) nfl38, some rights reserved (CC BY-NC);",4,cc_by_nc
"Photo: (c) ngahere_man_sam, some rights reserved (CC BY-NC);",4,cc_by_nc
"Photo: (c) ngakau, some rights reserved (CC BY-NC);",4,cc_by_nc
"Photo: (c) nick_ward, some rights reserved (CC BY-NC);",4,cc_by_nc
"Photo: (c) nickia, some rights reserved (CC BY-NC);",4,cc_by_nc
"Photo: (c) nikkicallinan, some rights reserved (CC BY-NC);",4,cc_by_nc
"Photo: (c) nz64, some rights reserved (CC BY-NC);",4,cc_by_nc
"Photo: (c) nzrose, some rights reserved (CC BY-NC);",4,cc_by_nc
"Photo: (c) oscarkokako, some rights reserved (CC BY-NC);",4,cc_by_nc
"Photo: (c) ottob-c, some rights reserved (CC BY-NC);",4,cc_by_nc
"Photo: (c) paulapie, some rights reserved (CC BY-NC);",4,cc_by_nc
"Photo: (c) pearson7, some rights reserved (CC BY-NC);",4,cc_by_nc
"Photo: (c) penguin0176, some rights reserved (CC BY-NC);",4,cc_by_nc
"Photo: (c) penguin_kween, some rights reserved (CC BY-NC);",4,cc_by_nc
"Photo: (c) prithayan, some rights reserved (CC BY-NC);",4,cc_by_nc
"Photo: (c) priyankax, some rights reserved (CC BY-NC);",4,cc_by_nc
"Photo: (c) publishedrecords, some rights reserved (CC BY-NC);",4,cc_by_nc
"Photo: (c) qunk, some rights reserved (CC BY-NC);",4,cc_by_nc
"Photo: (c) rapuwai, some rights reserved (CC BY-NC);",4,cc_by_nc
"Photo: (c) rbooth, some rights reserved (CC BY-NC);",4,cc_by_nc
"Photo: (c) redmissar, some rights reserved (CC BY-NC);",4,cc_by_nc
"Photo: (c) redviking, some rights reserved (CC BY-NC);",4,cc_by_nc
"Photo: (c) rhockridge, some rights reserved (CC BY-NC);",4,cc_by_nc
"Photo: (c) rhondah, some rights reserved (CC BY-NC);",4,cc_by_nc
"Photo: (c) rhynchos, some rights reserved (CC BY-NC);",4,cc_by_nc
"Photo: (c) rishinava, some rights reserved (CC BY-NC);",4,cc_by_nc
"Photo: (c) rnjidavis, some rights reserved (CC BY-NC);",4,cc_by_nc
"Photo: (c) roenmcleod, some rights reserved (CC BY-NC);",4,cc_by_nc
"Photo: (c) room16redwood, some rights reserved (CC BY-NC);",4,cc_by_nc
"Photo: (c) rosewold, some rights reserved (CC BY-NC);",4,cc_by_nc
"Photo: (c) salacommandar, some rights reserved (CC BY-NC);",4,cc_by_nc
"Photo: (c) sally_ladbrook, some rights reserved (CC BY-NC);",4,cc_by_nc
"Photo: (c) sam19960, some rights reserved (CC BY-NC);",4,cc_by_nc
"Photo: (c) samdaotearoa, some rights reserved (CC BY-NC);",4,cc_by_nc
"Photo: (c) samlb, some rights reserved (CC BY-NC);",4,cc_by_nc
"Photo: (c) sciencelearninghub, some rights reserved (CC BY-NC);",4,cc_by_nc
"Photo: (c) sean123, some rights reserved (CC BY-NC);",4,cc_by_nc
"Photo: (c) seaspray12, some rights reserved (CC BY-NC);",4,cc_by_nc
"Photo: (c) sebh123, some rights reserved (CC BY-NC);",4,cc_by_nc
"Photo: (c) serenas17, some rights reserved (CC BY-NC);",4,cc_by_nc
"Photo: (c) shami, some rights reserved (CC BY-NC);",4,cc_by_nc
"Photo: (c) shelleyneame, some rights reserved (CC BY-NC);",4,cc_by_nc
"Photo: (c) sherryruan, some rights reserved (CC BY-NC);",4,cc_by_nc
"Photo: (c) sholtof, some rights reserved (CC BY-NC);",4,cc_by_nc
"Photo: (c) sime, some rights reserved (CC BY-NC);",4,cc_by_nc
"Photo: (c) smith_aless, some rights reserved (CC BY-NC);",4,cc_by_nc
"Photo: (c) snbs2019, some rights reserved (CC BY-NC);",4,cc_by_nc
"Photo: (c) sophiewarhurst, some rights reserved (CC BY-NC);",4,cc_by_nc
"Photo: (c) spider-bite, some rights reserved (CC BY-NC);",4,cc_by_nc
"Photo: (c) spiegel, some rights reserved (CC BY-NC);",4,cc_by_nc
"Photo: (c) staxx, some rights reserved (CC BY-NC);",4,cc_by_nc
"Photo: (c) stevereekie1, some rights reserved (CC BY-NC);",4,cc_by_nc
"Photo: (c) stormystorm, some rights reserved (CC BY-NC);",4,cc_by_nc
"Photo: (c) stuwhiterod, some rights reserved (CC BY-NC);",4,cc_by_nc
"Photo: (c) susan, some rights reserved (CC BY-NC);",4,cc_by_nc
"Photo: (c) svamp, some rights reserved (CC BY-NC);",4,cc_by_nc
"Photo: (c) swisskiwi71, some rights reserved (CC BY-NC);",4,cc_by_nc
"Photo: (c) tamaszeke, some rights reserved (CC BY-NC);",4,cc_by_nc
"Photo: (c) tamia1205, some rights reserved (CC BY-NC);",4,cc_by_nc
"Photo: (c) tarkiwi, some rights reserved (CC BY-NC);",4,cc_by_nc
"Photo: (c) telshaw55, some rights reserved (CC BY-NC);",4,cc_by_nc
"Photo: (c) tendencytodream, some rights reserved (CC BY-NC);",4,cc_by_nc
"Photo: (c) teresam, some rights reserved (CC BY-NC);",4,cc_by_nc
"Photo: (c) tessajg, some rights reserved (CC BY-NC);",4,cc_by_nc
"Photo: (c) thegregosaurus, some rights reserved (CC BY-NC);",4,cc_by_nc
"Photo: (c) thermite, some rights reserved (CC BY-NC);",4,cc_by_nc
"Photo: (c) thomasmck, some rights reserved (CC BY-NC);",4,cc_by_nc
"Photo: (c) thornisdiscovering, some rights reserved (CC BY-NC);",4,cc_by_nc
"Photo: (c) tirotiro, some rights reserved (CC BY-NC);",4,cc_by_nc
"Photo: (c) tony_steer, some rights reserved (CC BY-NC);",4,cc_by_nc
"Photo: (c) toptoptop, some rights reserved (CC BY-NC);",4,cc_by_nc
"Photo: (c) tortiebell, some rights reserved (CC BY-NC);",4,cc_by_nc
"Photo: (c) treehousenz, some rights reserved (CC BY-NC);",4,cc_by_nc
"Photo: (c) trent-james, some rights reserved (CC BY-NC);",4,cc_by_nc
"Photo: (c) tubb1977, some rights reserved (CC BY-NC);",4,cc_by_nc
"Photo: (c) uawanui, some rights reserved (CC BY-NC);",4,cc_by_nc
"Photo: (c) unicorn59, some rights reserved (CC BY-NC);",4,cc_by_nc
"Photo: (c) usgirls, some rights reserved (CC BY-NC);",4,cc_by_nc
"Photo: (c) vagabondvoyager, some rights reserved (CC BY-NC);",4,cc_by_nc
"Photo: (c) vanessa_27, some rights reserved (CC BY-NC);",4,cc_by_nc
"Photo: (c) vbakaitis, some rights reserved (CC BY-NC);",4,cc_by_nc
"Photo: (c) warrencameron, some rights reserved (CC BY-NC);",4,cc_by_nc
"Photo: (c) wbs1, some rights reserved (CC BY-NC);",4,cc_by_nc
"Photo: (c) whareamaschool, some rights reserved (CC BY-NC);",4,cc_by_nc
"Photo: (c) wiglglytwiggly, some rights reserved (CC BY-NC);",4,cc_by_nc
"Photo: (c) wildwahine, some rights reserved (CC BY-NC);",4,cc_by_nc
"Photo: (c) windywellington, some rights reserved (CC BY-NC);",4,cc_by_nc
"Photo: (c) wnehpets, some rights reserved (CC BY-NC);",4,cc_by_nc
"Photo: (c) wolfette9653, some rights reserved (CC BY-NC);",4,cc_by_nc
"Photo: (c) wolfgirl1987, some rights reserved (CC BY-NC);",4,cc_by_nc
"Photo: (c) xsharknz, some rights reserved (CC BY-NC);",4,cc_by_nc
"Photo: (c) yellowcanary, some rights reserved (CC BY-NC);",4,cc_by_nc
"Photo: (c) yvnzcbliss, some rights reserved (CC BY-NC);",4,cc_by_nc
"Photo: (c) yz1981, some rights reserved (CC BY-NC);",4,cc_by_nc
"Photo: (c) zacmortimer, some rights reserved (CC BY-NC);",4,cc_by_nc
"Photo: (c) zarakirk-pont12, some rights reserved (CC BY-NC);",4,cc_by_nc
"Photo: (c) zoebuxton, some rights reserved (CC BY-NC);",4,cc_by_nc
"This journal provides open access to all of its content on the principle that making research freely available to the public supports a greater global exchange of knowledge. Such access is associated with increased readership and increased citation of an author's work. All articles are made available using a Creative Commons nonexclusive worldwide license (Attribution-NonCommercial 4.0 International CC BY-NC 4.0) electronic dissemination of the article via the Internet, and, a nonexclusive right to license others to reproduce, republish, transmit, and distribute the content of the journal.",4,cc_by_nc
"Any use of any of the Material must be consistent with the conditions of the Creative Commons Attribution Non-Commercial (BY-NC) Licence. 
Copyright: Copyright held by Llewelyn Jones",3,cc_by_nc
Copyright Museums Victoria / CC BY-NC,3,cc_by_nc
"Copyright © Informa Healthcare, 2013. Authors retain the right to place his/her post-publication version of the work on a personal website or institutional repository for non commercial purposes. The definitive version was published in (see Citation). The original publication is available at (see Publisher's Version).",3,cc_by_nc
"Copyright © The Authors. This document is made available under a Creative Commons licence, Attribution-Noncommercial (BY-NC). (With the exceptions noted in http://researcharchive.lincoln.ac.nz/page/rights, this metadata is available under a Creative Commons Zero license.)",3,cc_by_nc
Creative Commons Attribution-Noncommercial 3.0 New Zealand,3,cc_by_nc
"Creative Commons CC BY-NC 4.0 Rights Statement: This license lets others remix, tweak, and build upon your work non-commercially, and although their new works must also acknowledge you and be non-commercial, they dont have to license their derivative works on the same terms. Rights Statement URI: https://creativecommons.org/licenses/by-nc/4.0/",3,cc_by_nc
"Digital reproductions of archival materials from the Thomas E. Watson Papers Digital Collection are made available under an assertion of fair use (17 U.S.C. 107) for noncommercial educational and research purposes only. The University of North Carolina Libraries respects the intellectual property rights of others and does not claim any copyright interest in these materials. Written permission from the copyright owner and any other rights holders must be obtained for any reuse of these images that extends beyond fair use or other statutory exemptions. Furthermore, responsibility for the determination of the copyright status and securing permission rests with those persons wishing to reuse the materials.",3,cc_by_nc
Image: Copyright undetermined http://rightsstatements.org/vocab/UND/1.0/ Text: Copyright National Museum of Australia / CC BY-NC https://creativecommons.org/licenses/by-nc/4.0/ Copyright National Museum of Australia / CC BY-NC,3,cc_by_nc
Jon Sullivan; CC BY-NC 3.0,3,cc_by_nc
Licensed under Creative Commons CC BY-NC 3.0,3,cc_by_nc
"NCW Licence 15. The interviewee agrees to this data being used in publications associated with the project, teaching, other research projects, public lectures, and presentations. The interviewee agrees to this data being publicly available on the UC CEISMIC website, in a museum, library, or public space, broadcast on television or radio. The data may not be used in other works such as books, films, and artworks. Licensed for non-commercial use, in part or whole, in compliance with the above conditions of use. Attribution to Women's Voices project, NCW (Christchurch).",3,cc_by_nc
"NCW Licence 20. This material is licensed for use in publications associated with the project, teaching, other research projects, public lectures, and presentations. It is available for use on the UC CEISMIC website, in a museum, library, or public space and in other works such as books, films, and artworks. Licensed for non-commercial use, in part or whole, in compliance with the above conditions of use. Attribution to Women's Voices project, NCW (Christchurch).",3,cc_by_nc
"NCW Licence 24. The interviewee agrees to this video being publicly available on the UC CEISMIC website and being exhibited in a museum, library or other public space. The interviewee agrees to this video being incorporated into other works, such as documentaries on the Christchurch earthquakes. They also agree to excerpts being broadcast on television and radio. Licensed for non-commercial use, in part or whole, in compliance with the above conditions of use. Attribution to Women's Voices project, NCWNZ (Christchurch). Copyright rests with Georgina Tarren-Sweeney",3,cc_by_nc
"NCW Licence 25. The interviewee agrees to this video being publicly available on the UC CEISMIC website and being exhibited in a museum, library or other public space. The interviewee agrees to this video being incorporated into other works, such as documentaries on the Christchurch earthquakes. They do not agree to the broadcasting of this video, in part or whole, on television. Licensed for non-commercial use, in part or whole, in compliance with the above conditions of use. Attribution to Women's Voices project, NCWNZ (Christchurch). Copyright rests with Georgina Tarran-Sweeney.",3,cc_by_nc
"National Library Attribution Non-commercial. You can copy this item for personal use, share it, and post it on a blog or website. It cannot be used commercially without permission, please ask us for advice. If reproducing this item, please maintain the integrity of the image (i.e. don't crop, recolour or overprint it), and ensure the correct credit accompanies it.",3,cc_by_nc
"Personal, noncommercial use of this item is permitted in the United States of America. Please see https://digital.library.upenn.edu/women/ for other rights and restrictions that may apply to this resource.",3,cc_by_nc
"Photo: (c) 102778399939921872592, some rights reserved (CC BY-NC);",3,cc_by_nc
"Photo: (c) 111280652609280922906, some rights reserved (CC BY-NC);",3,cc_by_nc
"Photo: (c) Aaron Wright, some rights reserved (CC BY-NC);",3,cc_by_nc
"Photo: (c) Akilee Kelonia, some rights reserved (CC BY-NC);",3,cc_by_nc
"Photo: (c) Alan Cockburn, some rights reserved (CC BY-NC);",3,cc_by_nc
"Photo: (c) Alexander Viduetsky, some rights reserved (CC BY-NC);",3,cc_by_nc
"Photo: (c) Alistair, some rights reserved (CC BY-NC);",3,cc_by_nc
"Photo: (c) Andrew G, some rights reserved (CC BY-NC);",3,cc_by_nc
"Photo: (c) Andy Taylor, some rights reserved (CC BY-NC);",3,cc_by_nc
"Photo: (c) Anne Kempthorne, some rights reserved (CC BY-NC);",3,cc_by_nc
"Photo: (c) Annemieke Hendriks, some rights reserved (CC BY-NC);",3,cc_by_nc
"Photo: (c) Ariana, some rights reserved (CC BY-NC);",3,cc_by_nc
"Photo: (c) Arnold Wijker, some rights reserved (CC BY-NC);",3,cc_by_nc
"Photo: (c) Ashlei McMahon, some rights reserved (CC BY-NC);",3,cc_by_nc
"Photo: (c) Barbara Barratt, some rights reserved (CC BY-NC);",3,cc_by_nc
"Photo: (c) Ben Classen, some rights reserved (CC BY-NC);",3,cc_by_nc
"Photo: (c) Blair McBride, some rights reserved (CC BY-NC);",3,cc_by_nc
"Photo: (c) Brittney Barnard, some rights reserved (CC BY-NC);",3,cc_by_nc
"Photo: (c) Bruce Deagle, some rights reserved (CC BY-NC);",3,cc_by_nc
"Photo: (c) Bruce Kirkman, some rights reserved (CC BY-NC);",3,cc_by_nc
"Photo: (c) Cameron McInnes, some rights reserved (CC BY-NC);",3,cc_by_nc
"Photo: (c) Carole L, some rights reserved (CC BY-NC);",3,cc_by_nc
"Photo: (c) Caryl Hart, some rights reserved (CC BY-NC);",3,cc_by_nc
"Photo: (c) Claire O'Neill, some rights reserved (CC BY-NC);",3,cc_by_nc
"Photo: (c) Cliff Pratt, some rights reserved (CC BY-NC);",3,cc_by_nc
"Photo: (c) Cody Zethof, some rights reserved (CC BY-NC);",3,cc_by_nc
"Photo: (c) Damian Wilson, some rights reserved (CC BY-NC);",3,cc_by_nc
"Photo: (c) Diana, some rights reserved (CC BY-NC);",3,cc_by_nc
"Photo: (c) Dr. Sean Haughian, some rights reserved (CC BY-NC);",3,cc_by_nc
"Photo: (c) Drifttrike_YT, some rights reserved (CC BY-NC);",3,cc_by_nc
"Photo: (c) Ebony, some rights reserved (CC BY-NC);",3,cc_by_nc
"Photo: (c) Ed, some rights reserved (CC BY-NC);",3,cc_by_nc
"Photo: (c) Edith Calixto, some rights reserved (CC BY-NC);",3,cc_by_nc
"Photo: (c) Eliana, some rights reserved (CC BY-NC);",3,cc_by_nc
"Photo: (c) Emma Koch, some rights reserved (CC BY-NC);",3,cc_by_nc
"Photo: (c) Fernanda Nogueira de Martinez, some rights reserved (CC BY-NC);",3,cc_by_nc
"Photo: (c) Gee Lyon, some rights reserved (CC BY-NC);",3,cc_by_nc
"Photo: (c) Genevieve Palmer, some rights reserved (CC BY-NC);",3,cc_by_nc
"Photo: (c) Grant Maslowski, some rights reserved (CC BY-NC);",3,cc_by_nc
"Photo: (c) Greyson Crowther, some rights reserved (CC BY-NC);",3,cc_by_nc
"Photo: (c) Guinevere Coleman, some rights reserved (CC BY-NC);",3,cc_by_nc
"Photo: (c) J. Burke Korol, some rights reserved (CC BY-NC);",3,cc_by_nc
"Photo: (c) Jacqueline Choi, some rights reserved (CC BY-NC);",3,cc_by_nc
"Photo: (c) Janine Whitelaw, some rights reserved (CC BY-NC);",3,cc_by_nc
"Photo: (c) Jess Dickinson, some rights reserved (CC BY-NC);",3,cc_by_nc
"Photo: (c) JianYu XU, some rights reserved (CC BY-NC);",3,cc_by_nc
"Photo: (c) Jim Mitford-Taylor, some rights reserved (CC BY-NC);",3,cc_by_nc
"Photo: (c) Jo Neep, some rights reserved (CC BY-NC);",3,cc_by_nc
"Photo: (c) John, some rights reserved (CC BY-NC);",3,cc_by_nc
"Photo: (c) Jonas Hayes, some rights reserved (CC BY-NC);",3,cc_by_nc
"Photo: (c) Jono Yiu, some rights reserved (CC BY-NC);",3,cc_by_nc
"Photo: (c) Julie Smith-Clark, some rights reserved (CC BY-NC);",3,cc_by_nc
"Photo: (c) KKubisch, some rights reserved (CC BY-NC);",3,cc_by_nc
"Photo: (c) Karol Tabarelli de Fatis, some rights reserved (CC BY-NC);",3,cc_by_nc
"Photo: (c) Kenny Rose, some rights reserved (CC BY-NC);",3,cc_by_nc
"Photo: (c) Kev and Bridget Carter, some rights reserved (CC BY-NC);",3,cc_by_nc
"Photo: (c) Kyle Gibbs, some rights reserved (CC BY-NC);",3,cc_by_nc
"Photo: (c) Leah, some rights reserved (CC BY-NC);",3,cc_by_nc
"Photo: (c) Lee Ismail, some rights reserved (CC BY-NC);",3,cc_by_nc
"Photo: (c) Lee, some rights reserved (CC BY-NC);",3,cc_by_nc
"Photo: (c) Leo George Gedye, some rights reserved (CC BY-NC);",3,cc_by_nc
"Photo: (c) Leslie Mann, some rights reserved (CC BY-NC);",3,cc_by_nc
"Photo: (c) Lucie Daniskova, some rights reserved (CC BY-NC);",3,cc_by_nc
"Photo: (c) Lukas Roger, some rights reserved (CC BY-NC);",3,cc_by_nc
"Photo: (c) Matt Buys, some rights reserved (CC BY-NC);",3,cc_by_nc
"Photo: (c) Matt Robertson, some rights reserved (CC BY-NC);",3,cc_by_nc
"Photo: (c) Mauwee Pena, some rights reserved (CC BY-NC);",3,cc_by_nc
"Photo: (c) Michael Ardern, some rights reserved (CC BY-NC);",3,cc_by_nc
"Photo: (c) Michael Brunton, some rights reserved (CC BY-NC);",3,cc_by_nc
"Photo: (c) Mike King, some rights reserved (CC BY-NC);",3,cc_by_nc
"Photo: (c) Morgan, some rights reserved (CC BY-NC);",3,cc_by_nc
"Photo: (c) Nadine Campbell, some rights reserved (CC BY-NC);",3,cc_by_nc
"Photo: (c) Natasha, some rights reserved (CC BY-NC);",3,cc_by_nc
"Photo: (c) Neil Edwards, some rights reserved (CC BY-NC);",3,cc_by_nc
"Photo: (c) Oliver Graham, some rights reserved (CC BY-NC);",3,cc_by_nc
"Photo: (c) Pat Soto, some rights reserved (CC BY-NC);",3,cc_by_nc
"Photo: (c) Patrick Davey, some rights reserved (CC BY-NC);",3,cc_by_nc
"Photo: (c) Paul Davies, some rights reserved (CC BY-NC);",3,cc_by_nc
"Photo: (c) Peter Zika, some rights reserved (CC BY-NC);",3,cc_by_nc
"Photo: (c) Phillip Lange, some rights reserved (CC BY-NC);",3,cc_by_nc
"Photo: (c) Phillip Stallworthy, some rights reserved (CC BY-NC);",3,cc_by_nc
"Photo: (c) Predator Free Whiriwhiri, some rights reserved (CC BY-NC);",3,cc_by_nc
"Photo: (c) Richard Hursthouse, some rights reserved (CC BY-NC);",3,cc_by_nc
"Photo: (c) Rob Burrowes, some rights reserved (CC BY-NC);",3,cc_by_nc
"Photo: (c) Roch Shell, some rights reserved (CC BY-NC);",3,cc_by_nc
"Photo: (c) Saryu Mae, some rights reserved (CC BY-NC);",3,cc_by_nc
"Photo: (c) Sharyn Broni, some rights reserved (CC BY-NC);",3,cc_by_nc
"Photo: (c) Shay van der Hurk, some rights reserved (CC BY-NC);",3,cc_by_nc
"Photo: (c) Sheryl Tonkin, some rights reserved (CC BY-NC);",3,cc_by_nc
"Photo: (c) Shona Sangster, some rights reserved (CC BY-NC);",3,cc_by_nc
"Photo: (c) Sian Reynolds, some rights reserved (CC BY-NC);",3,cc_by_nc
"Photo: (c) Siobhan Quinn, some rights reserved (CC BY-NC);",3,cc_by_nc
"Photo: (c) Slick Ultra, some rights reserved (CC BY-NC);",3,cc_by_nc
"Photo: (c) Spencer Stoner, some rights reserved (CC BY-NC);",3,cc_by_nc
"Photo: (c) Star Richens, some rights reserved (CC BY-NC);",3,cc_by_nc
"Photo: (c) Steve Pohe, some rights reserved (CC BY-NC);",3,cc_by_nc
"Photo: (c) Steve Purdon, some rights reserved (CC BY-NC);",3,cc_by_nc
"Photo: (c) Steven Jenkins, some rights reserved (CC BY-NC);",3,cc_by_nc
"Photo: (c) Sue Cumberworth, some rights reserved (CC BY-NC);",3,cc_by_nc
"Photo: (c) Sue mullord, some rights reserved (CC BY-NC);",3,cc_by_nc
"Photo: (c) Thomas Caspari, some rights reserved (CC BY-NC);",3,cc_by_nc
"Photo: (c) Thomas Robin, some rights reserved (CC BY-NC);",3,cc_by_nc
"Photo: (c) Tom Hewitt, some rights reserved (CC BY-NC);",3,cc_by_nc
"Photo: (c) Tony Futcher, some rights reserved (CC BY-NC);",3,cc_by_nc
"Photo: (c) Trina Smith, some rights reserved (CC BY-NC);",3,cc_by_nc
"Photo: (c) Vanita Thakur, some rights reserved (CC BY-NC);",3,cc_by_nc
"Photo: (c) Warren Green, some rights reserved (CC BY-NC);",3,cc_by_nc
"Photo: (c) Young Birder, some rights reserved (CC BY-NC);",3,cc_by_nc
"Photo: (c) Yvan Richard, some rights reserved (CC BY-NC);",3,cc_by_nc
"Photo: (c) a-woods, some rights reserved (CC BY-NC);",3,cc_by_nc
"Photo: (c) a1142549, some rights reserved (CC BY-NC);",3,cc_by_nc
"Photo: (c) a_heroguez, some rights reserved (CC BY-NC);",3,cc_by_nc
"Photo: (c) aaisyah, some rights reserved (CC BY-NC);",3,cc_by_nc
"Photo: (c) aaronlavack, some rights reserved (CC BY-NC);",3,cc_by_nc
"Photo: (c) achizzel, some rights reserved (CC BY-NC);",3,cc_by_nc
"Photo: (c) acouv, some rights reserved (CC BY-NC);",3,cc_by_nc
"Photo: (c) addivet, some rights reserved (CC BY-NC);",3,cc_by_nc
"Photo: (c) ajrusz, some rights reserved (CC BY-NC);",3,cc_by_nc
"Photo: (c) akomo, some rights reserved (CC BY-NC);",3,cc_by_nc
"Photo: (c) aliciakianes, some rights reserved (CC BY-NC);",3,cc_by_nc
"Photo: (c) alissademewza, some rights reserved (CC BY-NC);",3,cc_by_nc
"Photo: (c) amaduso, some rights reserved (CC BY-NC);",3,cc_by_nc
"Photo: (c) amirianz, some rights reserved (CC BY-NC);",3,cc_by_nc
"Photo: (c) amphibole, some rights reserved (CC BY-NC);",3,cc_by_nc
"Photo: (c) anagenna, some rights reserved (CC BY-NC);",3,cc_by_nc
"Photo: (c) anapodolyan, some rights reserved (CC BY-NC);",3,cc_by_nc
"Photo: (c) anawhitehead, some rights reserved (CC BY-NC);",3,cc_by_nc
"Photo: (c) andreashx, some rights reserved (CC BY-NC);",3,cc_by_nc
"Photo: (c) andreihanlon, some rights reserved (CC BY-NC);",3,cc_by_nc
"Photo: (c) andrewr63, some rights reserved (CC BY-NC);",3,cc_by_nc
"Photo: (c) annalily, some rights reserved (CC BY-NC);",3,cc_by_nc
"Photo: (c) annieharrsn, some rights reserved (CC BY-NC);",3,cc_by_nc
"Photo: (c) ants_new_zealand, some rights reserved (CC BY-NC);",3,cc_by_nc
"Photo: (c) armstrong15, some rights reserved (CC BY-NC);",3,cc_by_nc
"Photo: (c) ashtonwratt, some rights reserved (CC BY-NC);",3,cc_by_nc
"Photo: (c) aurora, some rights reserved (CC BY-NC);",3,cc_by_nc
"Photo: (c) bantam26, some rights reserved (CC BY-NC);",3,cc_by_nc
"Photo: (c) barefootjess, some rights reserved (CC BY-NC);",3,cc_by_nc
"Photo: (c) baronsamedi, some rights reserved (CC BY-NC);",3,cc_by_nc
"Photo: (c) batfish71, some rights reserved (CC BY-NC);",3,cc_by_nc
"Photo: (c) baxterk, some rights reserved (CC BY-NC);",3,cc_by_nc
"Photo: (c) beaseesgreen, some rights reserved (CC BY-NC);",3,cc_by_nc
"Photo: (c) bhansard, some rights reserved (CC BY-NC);",3,cc_by_nc
"Photo: (c) biggleskjr, some rights reserved (CC BY-NC);",3,cc_by_nc
"Photo: (c) billjordan, some rights reserved (CC BY-NC);",3,cc_by_nc
"Photo: (c) biodragonnz, some rights reserved (CC BY-NC);",3,cc_by_nc
"Photo: (c) bkarl, some rights reserved (CC BY-NC);",3,cc_by_nc
"Photo: (c) blacv1, some rights reserved (CC BY-NC);",3,cc_by_nc
"Photo: (c) blankaros, some rights reserved (CC BY-NC);",3,cc_by_nc
"Photo: (c) blosssom, some rights reserved (CC BY-NC);",3,cc_by_nc
"Photo: (c) bobwren, some rights reserved (CC BY-NC);",3,cc_by_nc
"Photo: (c) bohao_dong, some rights reserved (CC BY-NC);",3,cc_by_nc
"Photo: (c) bonniesmith08, some rights reserved (CC BY-NC);",3,cc_by_nc
"Photo: (c) bosworthy, some rights reserved (CC BY-NC);",3,cc_by_nc
"Photo: (c) bradschimanski, some rights reserved (CC BY-NC);",3,cc_by_nc
"Photo: (c) briancb, some rights reserved (CC BY-NC);",3,cc_by_nc
"Photo: (c) brianost, some rights reserved (CC BY-NC);",3,cc_by_nc
"Photo: (c) brianrance, some rights reserved (CC BY-NC);",3,cc_by_nc
"Photo: (c) briaralexander, some rights reserved (CC BY-NC);",3,cc_by_nc
"Photo: (c) brookehartigan, some rights reserved (CC BY-NC);",3,cc_by_nc
"Photo: (c) bruce57, some rights reserved (CC BY-NC);",3,cc_by_nc
"Photo: (c) bruceg, some rights reserved (CC BY-NC);",3,cc_by_nc
"Photo: (c) brucegm, some rights reserved (CC BY-NC);",3,cc_by_nc
"Photo: (c) buddjess, some rights reserved (CC BY-NC);",3,cc_by_nc
"Photo: (c) bumblebee11, some rights reserved (CC BY-NC);",3,cc_by_nc
"Photo: (c) bvenning, some rights reserved (CC BY-NC);",3,cc_by_nc
"Photo: (c) carine150, some rights reserved (CC BY-NC);",3,cc_by_nc
"Photo: (c) cat487, some rights reserved (CC BY-NC);",3,cc_by_nc
"Photo: (c) catedee, some rights reserved (CC BY-NC);",3,cc_by_nc
"Photo: (c) cathhardassstaines, some rights reserved (CC BY-NC);",3,cc_by_nc
"Photo: (c) cathyjane, some rights reserved (CC BY-NC);",3,cc_by_nc
"Photo: (c) cbicknell, some rights reserved (CC BY-NC);",3,cc_by_nc
"Photo: (c) ccwebb, some rights reserved (CC BY-NC);",3,cc_by_nc
"Photo: (c) cera, some rights reserved (CC BY-NC);",3,cc_by_nc
"Photo: (c) chandini, some rights reserved (CC BY-NC);",3,cc_by_nc
"Photo: (c) chantoya, some rights reserved (CC BY-NC);",3,cc_by_nc
"Photo: (c) chelseadrury, some rights reserved (CC BY-NC);",3,cc_by_nc
"Photo: (c) chibs, some rights reserved (CC BY-NC);",3,cc_by_nc
"Photo: (c) chickengirlsupreme, some rights reserved (CC BY-NC);",3,cc_by_nc
"Photo: (c) chrissy2410, some rights reserved (CC BY-NC);",3,cc_by_nc
"Photo: (c) claire, some rights reserved (CC BY-NC);",3,cc_by_nc
"Photo: (c) cmalaviya, some rights reserved (CC BY-NC);",3,cc_by_nc
"Photo: (c) cobras, some rights reserved (CC BY-NC);",3,cc_by_nc
"Photo: (c) coco167, some rights reserved (CC BY-NC);",3,cc_by_nc
"Photo: (c) coroqueen, some rights reserved (CC BY-NC);",3,cc_by_nc
"Photo: (c) corrinneryan, some rights reserved (CC BY-NC);",3,cc_by_nc
"Photo: (c) courtneydeavoll, some rights reserved (CC BY-NC);",3,cc_by_nc
"Photo: (c) craigieboy, some rights reserved (CC BY-NC);",3,cc_by_nc
"Photo: (c) craigm, some rights reserved (CC BY-NC);",3,cc_by_nc
"Photo: (c) crumpton, some rights reserved (CC BY-NC);",3,cc_by_nc
"Photo: (c) cuenine, some rights reserved (CC BY-NC);",3,cc_by_nc
"Photo: (c) culge516, some rights reserved (CC BY-NC);",3,cc_by_nc
"Photo: (c) cvz123, some rights reserved (CC BY-NC);",3,cc_by_nc
"Photo: (c) danh293, some rights reserved (CC BY-NC);",3,cc_by_nc
"Photo: (c) danhitch, some rights reserved (CC BY-NC);",3,cc_by_nc
"Photo: (c) danielleduc, some rights reserved (CC BY-NC);",3,cc_by_nc
"Photo: (c) davidtomp, some rights reserved (CC BY-NC);",3,cc_by_nc
"Photo: (c) davobj, some rights reserved (CC BY-NC);",3,cc_by_nc
"Photo: (c) debbie_cotter, some rights reserved (CC BY-NC);",3,cc_by_nc
"Photo: (c) dekleijn, some rights reserved (CC BY-NC);",3,cc_by_nc
"Photo: (c) dell, some rights reserved (CC BY-NC);",3,cc_by_nc
"Photo: (c) dellykavenport, some rights reserved (CC BY-NC);",3,cc_by_nc
"Photo: (c) dennisronsse, some rights reserved (CC BY-NC);",3,cc_by_nc
"Photo: (c) derekcraig, some rights reserved (CC BY-NC);",3,cc_by_nc
"Photo: (c) dgreenwood, some rights reserved (CC BY-NC);",3,cc_by_nc
"Photo: (c) dhobonnel, some rights reserved (CC BY-NC);",3,cc_by_nc
"Photo: (c) ditzybanana, some rights reserved (CC BY-NC);",3,cc_by_nc
"Photo: (c) divetutukaka, some rights reserved (CC BY-NC);",3,cc_by_nc
"Photo: (c) djlibsnhays, some rights reserved (CC BY-NC);",3,cc_by_nc
"Photo: (c) donmac, some rights reserved (CC BY-NC);",3,cc_by_nc
"Photo: (c) donmorrisey, some rights reserved (CC BY-NC);",3,cc_by_nc
"Photo: (c) dpattemore, some rights reserved (CC BY-NC);",3,cc_by_nc
"Photo: (c) drnic, some rights reserved (CC BY-NC);",3,cc_by_nc
"Photo: (c) drthneed, some rights reserved (CC BY-NC);",3,cc_by_nc
"Photo: (c) drwhall, some rights reserved (CC BY-NC);",3,cc_by_nc
"Photo: (c) dschubba, some rights reserved (CC BY-NC);",3,cc_by_nc
"Photo: (c) duane044, some rights reserved (CC BY-NC);",3,cc_by_nc
"Photo: (c) duncanclark06, some rights reserved (CC BY-NC);",3,cc_by_nc
"Photo: (c) dutchie67, some rights reserved (CC BY-NC);",3,cc_by_nc
"Photo: (c) dwaynerennie, some rights reserved (CC BY-NC);",3,cc_by_nc
"Photo: (c) e_a, some rights reserved (CC BY-NC);",3,cc_by_nc
"Photo: (c) easy_trail, some rights reserved (CC BY-NC);",3,cc_by_nc
"Photo: (c) eellioth, some rights reserved (CC BY-NC);",3,cc_by_nc
"Photo: (c) egerton, some rights reserved (CC BY-NC);",3,cc_by_nc
"Photo: (c) elainee, some rights reserved (CC BY-NC);",3,cc_by_nc
"Photo: (c) elico, some rights reserved (CC BY-NC);",3,cc_by_nc
"Photo: (c) elisabetho, some rights reserved (CC BY-NC);",3,cc_by_nc
"Photo: (c) ellashields, some rights reserved (CC BY-NC);",3,cc_by_nc
"Photo: (c) emilyjane, some rights reserved (CC BY-NC);",3,cc_by_nc
"Photo: (c) emma-hw, some rights reserved (CC BY-NC);",3,cc_by_nc
"Photo: (c) emmamp630, some rights reserved (CC BY-NC);",3,cc_by_nc
"Photo: (c) epea356, some rights reserved (CC BY-NC);",3,cc_by_nc
"Photo: (c) ericaweb, some rights reserved (CC BY-NC);",3,cc_by_nc
"Photo: (c) erinbaines, some rights reserved (CC BY-NC);",3,cc_by_nc
"Photo: (c) esthermi, some rights reserved (CC BY-NC);",3,cc_by_nc
"Photo: (c) extinctionisforever, some rights reserved (CC BY-NC);",3,cc_by_nc
"Photo: (c) falmari, some rights reserved (CC BY-NC);",3,cc_by_nc
"Photo: (c) fancyhippo, some rights reserved (CC BY-NC);",3,cc_by_nc
"Photo: (c) fanderson, some rights reserved (CC BY-NC);",3,cc_by_nc
"Photo: (c) farvenugen44, some rights reserved (CC BY-NC);",3,cc_by_nc
"Photo: (c) fergusmsutherland, some rights reserved (CC BY-NC);",3,cc_by_nc
"Photo: (c) finlayson, some rights reserved (CC BY-NC);",3,cc_by_nc
"Photo: (c) finnsulli, some rights reserved (CC BY-NC);",3,cc_by_nc
"Photo: (c) forest_of_ruru, some rights reserved (CC BY-NC);",3,cc_by_nc
"Photo: (c) forestmushroom, some rights reserved (CC BY-NC);",3,cc_by_nc
"Photo: (c) foxesretreat, some rights reserved (CC BY-NC);",3,cc_by_nc
"Photo: (c) francisfowler, some rights reserved (CC BY-NC);",3,cc_by_nc
"Photo: (c) frayjaelliott, some rights reserved (CC BY-NC);",3,cc_by_nc
"Photo: (c) frazerdale, some rights reserved (CC BY-NC);",3,cc_by_nc
"Photo: (c) freeville2, some rights reserved (CC BY-NC);",3,cc_by_nc
"Photo: (c) freya_321, some rights reserved (CC BY-NC);",3,cc_by_nc
"Photo: (c) froggitt, some rights reserved (CC BY-NC);",3,cc_by_nc
"Photo: (c) froggy999, some rights reserved (CC BY-NC);",3,cc_by_nc
"Photo: (c) frujulia, some rights reserved (CC BY-NC);",3,cc_by_nc
"Photo: (c) furiousflamingos, some rights reserved (CC BY-NC);",3,cc_by_nc
"Photo: (c) gall-ghaidheil, some rights reserved (CC BY-NC);",3,cc_by_nc
"Photo: (c) gardencare14, some rights reserved (CC BY-NC);",3,cc_by_nc
"Photo: (c) gdonkadonk, some rights reserved (CC BY-NC);",3,cc_by_nc
"Photo: (c) georgiamoore149, some rights reserved (CC BY-NC);",3,cc_by_nc
"Photo: (c) gerrycb, some rights reserved (CC BY-NC);",3,cc_by_nc
"Photo: (c) giggigoofer, some rights reserved (CC BY-NC);",3,cc_by_nc
"Photo: (c) glenderson, some rights reserved (CC BY-NC);",3,cc_by_nc
"Photo: (c) goxhajs, some rights reserved (CC BY-NC);",3,cc_by_nc
"Photo: (c) gplacido23, some rights reserved (CC BY-NC);",3,cc_by_nc
"Photo: (c) group1, some rights reserved (CC BY-NC);",3,cc_by_nc
"Photo: (c) group6, some rights reserved (CC BY-NC);",3,cc_by_nc
"Photo: (c) guidedwalksnz, some rights reserved (CC BY-NC);",3,cc_by_nc
"Photo: (c) hakea-amy, some rights reserved (CC BY-NC);",3,cc_by_nc
"Photo: (c) hamma358, some rights reserved (CC BY-NC);",3,cc_by_nc
"Photo: (c) hanabanana, some rights reserved (CC BY-NC);",3,cc_by_nc
"Photo: (c) hanjacob, some rights reserved (CC BY-NC);",3,cc_by_nc
"Photo: (c) hannah-stewart, some rights reserved (CC BY-NC);",3,cc_by_nc
"Photo: (c) hannahhill, some rights reserved (CC BY-NC);",3,cc_by_nc
"Photo: (c) harry_taylor, some rights reserved (CC BY-NC);",3,cc_by_nc
"Photo: (c) harryjames, some rights reserved (CC BY-NC);",3,cc_by_nc
"Photo: (c) hayleymk, some rights reserved (CC BY-NC);",3,cc_by_nc
"Photo: (c) hearthebell, some rights reserved (CC BY-NC);",3,cc_by_nc
"Photo: (c) heatherey, some rights reserved (CC BY-NC);",3,cc_by_nc
"Photo: (c) heatherlander, some rights reserved (CC BY-NC);",3,cc_by_nc
"Photo: (c) helenawright, some rights reserved (CC BY-NC);",3,cc_by_nc
"Photo: (c) hgrenfell, some rights reserved (CC BY-NC);",3,cc_by_nc
"Photo: (c) hiccupingfits_, some rights reserved (CC BY-NC);",3,cc_by_nc
"Photo: (c) hnz, some rights reserved (CC BY-NC);",3,cc_by_nc
"Photo: (c) hoharbour, some rights reserved (CC BY-NC);",3,cc_by_nc
"Photo: (c) honeybeet, some rights reserved (CC BY-NC);",3,cc_by_nc
"Photo: (c) hornc, some rights reserved (CC BY-NC);",3,cc_by_nc
"Photo: (c) hschlumpf, some rights reserved (CC BY-NC);",3,cc_by_nc
"Photo: (c) hsinclair, some rights reserved (CC BY-NC);",3,cc_by_nc
"Photo: (c) htbat, some rights reserved (CC BY-NC);",3,cc_by_nc
"Photo: (c) inkagh, some rights reserved (CC BY-NC);",3,cc_by_nc
"Photo: (c) issie3, some rights reserved (CC BY-NC);",3,cc_by_nc
"Photo: (c) jacquilane, some rights reserved (CC BY-NC);",3,cc_by_nc
"Photo: (c) jakelee, some rights reserved (CC BY-NC);",3,cc_by_nc
"Photo: (c) jamesl99, some rights reserved (CC BY-NC);",3,cc_by_nc
"Photo: (c) jamesmifan, some rights reserved (CC BY-NC);",3,cc_by_nc
"Photo: (c) janandrose, some rights reserved (CC BY-NC);",3,cc_by_nc
"Photo: (c) jasu, some rights reserved (CC BY-NC);",3,cc_by_nc
"Photo: (c) jdombroski, some rights reserved (CC BY-NC);",3,cc_by_nc
"Photo: (c) jemma64, some rights reserved (CC BY-NC);",3,cc_by_nc
"Photo: (c) jennygrace1966, some rights reserved (CC BY-NC);",3,cc_by_nc
"Photo: (c) jessicakatestephens, some rights reserved (CC BY-NC);",3,cc_by_nc
"Photo: (c) jetjennings, some rights reserved (CC BY-NC);",3,cc_by_nc
"Photo: (c) jh19026455, some rights reserved (CC BY-NC);",3,cc_by_nc
"Photo: (c) jillpapa, some rights reserved (CC BY-NC);",3,cc_by_nc
"Photo: (c) jkskeates, some rights reserved (CC BY-NC);",3,cc_by_nc
"Photo: (c) jodickson, some rights reserved (CC BY-NC);",3,cc_by_nc
"Photo: (c) joff80, some rights reserved (CC BY-NC);",3,cc_by_nc
"Photo: (c) jogreenman, some rights reserved (CC BY-NC);",3,cc_by_nc
"Photo: (c) john_marris, some rights reserved (CC BY-NC);",3,cc_by_nc
"Photo: (c) johng, some rights reserved (CC BY-NC);",3,cc_by_nc
"Photo: (c) johnnie_fraser, some rights reserved (CC BY-NC);",3,cc_by_nc
"Photo: (c) johntucker, some rights reserved (CC BY-NC);",3,cc_by_nc
"Photo: (c) jontio, some rights reserved (CC BY-NC);",3,cc_by_nc
"Photo: (c) jordanneill, some rights reserved (CC BY-NC);",3,cc_by_nc
"Photo: (c) jordenderecourt, some rights reserved (CC BY-NC);",3,cc_by_nc
"Photo: (c) josbe, some rights reserved (CC BY-NC);",3,cc_by_nc
"Photo: (c) jose_, some rights reserved (CC BY-NC);",3,cc_by_nc
"Photo: (c) jrblackm, some rights reserved (CC BY-NC);",3,cc_by_nc
"Photo: (c) jscrimgeour, some rights reserved (CC BY-NC);",3,cc_by_nc
"Photo: (c) jssudan, some rights reserved (CC BY-NC);",3,cc_by_nc
"Photo: (c) juliebun, some rights reserved (CC BY-NC);",3,cc_by_nc
"Photo: (c) justine81, some rights reserved (CC BY-NC);",3,cc_by_nc
"Photo: (c) justinmorgenroth, some rights reserved (CC BY-NC);",3,cc_by_nc
"Photo: (c) k-pie, some rights reserved (CC BY-NC);",3,cc_by_nc
"Photo: (c) kah-a12, some rights reserved (CC BY-NC);",3,cc_by_nc
"Photo: (c) kaikorai_rm4, some rights reserved (CC BY-NC);",3,cc_by_nc
"Photo: (c) kaka_po, some rights reserved (CC BY-NC);",3,cc_by_nc
"Photo: (c) kapitinovice, some rights reserved (CC BY-NC);",3,cc_by_nc
"Photo: (c) karaleeconnell, some rights reserved (CC BY-NC);",3,cc_by_nc
"Photo: (c) karenbatt, some rights reserved (CC BY-NC);",3,cc_by_nc
"Photo: (c) karlincubus, some rights reserved (CC BY-NC);",3,cc_by_nc
"Photo: (c) kathm, some rights reserved (CC BY-NC);",3,cc_by_nc
"Photo: (c) kayedc, some rights reserved (CC BY-NC);",3,cc_by_nc
"Photo: (c) kchibnall, some rights reserved (CC BY-NC);",3,cc_by_nc
"Photo: (c) kibby, some rights reserved (CC BY-NC);",3,cc_by_nc
"Photo: (c) kimbolee, some rights reserved (CC BY-NC);",3,cc_by_nc
"Photo: (c) kimrob, some rights reserved (CC BY-NC);",3,cc_by_nc
"Photo: (c) kitkatw, some rights reserved (CC BY-NC);",3,cc_by_nc
"Photo: (c) kiwidarren, some rights reserved (CC BY-NC);",3,cc_by_nc
"Photo: (c) kiwimark, some rights reserved (CC BY-NC);",3,cc_by_nc
"Photo: (c) kiyel-b1, some rights reserved (CC BY-NC);",3,cc_by_nc
"Photo: (c) kmilligan, some rights reserved (CC BY-NC);",3,cc_by_nc
"Photo: (c) knightfisher, some rights reserved (CC BY-NC);",3,cc_by_nc
"Photo: (c) korukindergarten, some rights reserved (CC BY-NC);",3,cc_by_nc
"Photo: (c) kpprice, some rights reserved (CC BY-NC);",3,cc_by_nc
"Photo: (c) kristiholland, some rights reserved (CC BY-NC);",3,cc_by_nc
"Photo: (c) krshuker, some rights reserved (CC BY-NC);",3,cc_by_nc
"Photo: (c) kyliep, some rights reserved (CC BY-NC);",3,cc_by_nc
"Photo: (c) ladynephila, some rights reserved (CC BY-NC);",3,cc_by_nc
"Photo: (c) laura, some rights reserved (CC BY-NC);",3,cc_by_nc
"Photo: (c) lauratheexplorernz, some rights reserved (CC BY-NC);",3,cc_by_nc
"Photo: (c) lbarea, some rights reserved (CC BY-NC);",3,cc_by_nc
"Photo: (c) leechlord, some rights reserved (CC BY-NC);",3,cc_by_nc
"Photo: (c) leonard-andrews, some rights reserved (CC BY-NC);",3,cc_by_nc
"Photo: (c) lesf, some rights reserved (CC BY-NC);",3,cc_by_nc
"Photo: (c) lgreg, some rights reserved (CC BY-NC);",3,cc_by_nc
"Photo: (c) liamb23, some rights reserved (CC BY-NC);",3,cc_by_nc
"Photo: (c) limzhuali, some rights reserved (CC BY-NC);",3,cc_by_nc
"Photo: (c) linb, some rights reserved (CC BY-NC);",3,cc_by_nc
"Photo: (c) lisacb, some rights reserved (CC BY-NC);",3,cc_by_nc
"Photo: (c) liyingtan, some rights reserved (CC BY-NC);",3,cc_by_nc
"Photo: (c) lizziew, some rights reserved (CC BY-NC);",3,cc_by_nc
"Photo: (c) lookatthatprettybird, some rights reserved (CC BY-NC);",3,cc_by_nc
"Photo: (c) lordlahmie, some rights reserved (CC BY-NC);",3,cc_by_nc
"Photo: (c) louishoney, some rights reserved (CC BY-NC);",3,cc_by_nc
"Photo: (c) lucystofberg, some rights reserved (CC BY-NC);",3,cc_by_nc
"Photo: (c) lyndseysmith, some rights reserved (CC BY-NC);",3,cc_by_nc
"Photo: (c) macrobertsons, some rights reserved (CC BY-NC);",3,cc_by_nc
"Photo: (c) mail8tasneem, some rights reserved (CC BY-NC);",3,cc_by_nc
"Photo: (c) makhak, some rights reserved (CC BY-NC);",3,cc_by_nc
"Photo: (c) malcolmlawrence, some rights reserved (CC BY-NC);",3,cc_by_nc
"Photo: (c) malexson, some rights reserved (CC BY-NC);",3,cc_by_nc
"Photo: (c) malika364, some rights reserved (CC BY-NC);",3,cc_by_nc
"Photo: (c) mandysuddes, some rights reserved (CC BY-NC);",3,cc_by_nc
"Photo: (c) mantawatch_newzealand, some rights reserved (CC BY-NC);",3,cc_by_nc
"Photo: (c) manuhume, some rights reserved (CC BY-NC);",3,cc_by_nc
"Photo: (c) maor202putaiao, some rights reserved (CC BY-NC);",3,cc_by_nc
"Photo: (c) marfelo, some rights reserved (CC BY-NC);",3,cc_by_nc
"Photo: (c) marlietemple, some rights reserved (CC BY-NC);",3,cc_by_nc
"Photo: (c) marquesa, some rights reserved (CC BY-NC);",3,cc_by_nc
"Photo: (c) maureenk, some rights reserved (CC BY-NC);",3,cc_by_nc
"Photo: (c) max1128732, some rights reserved (CC BY-NC);",3,cc_by_nc
"Photo: (c) mcgough1012, some rights reserved (CC BY-NC);",3,cc_by_nc
"Photo: (c) mcstanley, some rights reserved (CC BY-NC);",3,cc_by_nc
"Photo: (c) megbattison, some rights reserved (CC BY-NC);",3,cc_by_nc
"Photo: (c) melankalia, some rights reserved (CC BY-NC);",3,cc_by_nc
"Photo: (c) mg2073, some rights reserved (CC BY-NC);",3,cc_by_nc
"Photo: (c) miavalsjo, some rights reserved (CC BY-NC);",3,cc_by_nc
"Photo: (c) michaela2801, some rights reserved (CC BY-NC);",3,cc_by_nc
"Photo: (c) michellewnz, some rights reserved (CC BY-NC);",3,cc_by_nc
"Photo: (c) mirena, some rights reserved (CC BY-NC);",3,cc_by_nc
"Photo: (c) mjinnz, some rights reserved (CC BY-NC);",3,cc_by_nc
"Photo: (c) mmacfarlan, some rights reserved (CC BY-NC);",3,cc_by_nc
"Photo: (c) mokai12112002, some rights reserved (CC BY-NC);",3,cc_by_nc
"Photo: (c) molmel30, some rights reserved (CC BY-NC);",3,cc_by_nc
"Photo: (c) monorite, some rights reserved (CC BY-NC);",3,cc_by_nc
"Photo: (c) mounttutueco-sanctuary, some rights reserved (CC BY-NC);",3,cc_by_nc
"Photo: (c) muddw, some rights reserved (CC BY-NC);",3,cc_by_nc
"Photo: (c) mum, some rights reserved (CC BY-NC);",3,cc_by_nc
"Photo: (c) nachia, some rights reserved (CC BY-NC);",3,cc_by_nc
"Photo: (c) naikai, some rights reserved (CC BY-NC);",3,cc_by_nc
"Photo: (c) natasha2699, some rights reserved (CC BY-NC);",3,cc_by_nc
"Photo: (c) nativenick, some rights reserved (CC BY-NC);",3,cc_by_nc
"Photo: (c) naturehari, some rights reserved (CC BY-NC);",3,cc_by_nc
"Photo: (c) neco-w, some rights reserved (CC BY-NC);",3,cc_by_nc
"Photo: (c) nellieq, some rights reserved (CC BY-NC);",3,cc_by_nc
"Photo: (c) nericec, some rights reserved (CC BY-NC);",3,cc_by_nc
"Photo: (c) nfl680, some rights reserved (CC BY-NC);",3,cc_by_nc
"Photo: (c) nharwood, some rights reserved (CC BY-NC);",3,cc_by_nc
"Photo: (c) nicconland, some rights reserved (CC BY-NC);",3,cc_by_nc
"Photo: (c) nickysharp, some rights reserved (CC BY-NC);",3,cc_by_nc
"Photo: (c) nicoquico, some rights reserved (CC BY-NC);",3,cc_by_nc
"Photo: (c) nightingalekj, some rights reserved (CC BY-NC);",3,cc_by_nc
"Photo: (c) nstevenson, some rights reserved (CC BY-NC);",3,cc_by_nc
"Photo: (c) oliver, some rights reserved (CC BY-NC);",3,cc_by_nc
"Photo: (c) oliviamuir, some rights reserved (CC BY-NC);",3,cc_by_nc
"Photo: (c) olol94, some rights reserved (CC BY-NC);",3,cc_by_nc
"Photo: (c) openvue, some rights reserved (CC BY-NC);",3,cc_by_nc
"Photo: (c) orsome4some, some rights reserved (CC BY-NC);",3,cc_by_nc
"Photo: (c) palps, some rights reserved (CC BY-NC);",3,cc_by_nc
"Photo: (c) pamfair, some rights reserved (CC BY-NC);",3,cc_by_nc
"Photo: (c) pamstapleton, some rights reserved (CC BY-NC);",3,cc_by_nc
"Photo: (c) paulgriffithsnz, some rights reserved (CC BY-NC);",3,cc_by_nc
"Photo: (c) paulhomewood, some rights reserved (CC BY-NC);",3,cc_by_nc
"Photo: (c) pearljamvs, some rights reserved (CC BY-NC);",3,cc_by_nc
"Photo: (c) penelopeallan, some rights reserved (CC BY-NC);",3,cc_by_nc
"Photo: (c) peter_sullivan, some rights reserved (CC BY-NC);",3,cc_by_nc
"Photo: (c) phoebeaky, some rights reserved (CC BY-NC);",3,cc_by_nc
"Photo: (c) pigeonlover, some rights reserved (CC BY-NC);",3,cc_by_nc
"Photo: (c) pipwallace, some rights reserved (CC BY-NC);",3,cc_by_nc
"Photo: (c) piriwai, some rights reserved (CC BY-NC);",3,cc_by_nc
"Photo: (c) piwakawaka, some rights reserved (CC BY-NC);",3,cc_by_nc
"Photo: (c) pjforsyth, some rights reserved (CC BY-NC);",3,cc_by_nc
"Photo: (c) plimmy, some rights reserved (CC BY-NC);",3,cc_by_nc
"Photo: (c) pollen8r, some rights reserved (CC BY-NC);",3,cc_by_nc
"Photo: (c) pollyjbh, some rights reserved (CC BY-NC);",3,cc_by_nc
"Photo: (c) ppashva, some rights reserved (CC BY-NC);",3,cc_by_nc
"Photo: (c) psv123123, some rights reserved (CC BY-NC);",3,cc_by_nc
"Photo: (c) rakieora, some rights reserved (CC BY-NC);",3,cc_by_nc
"Photo: (c) rascal19, some rights reserved (CC BY-NC);",3,cc_by_nc
"Photo: (c) rats44, some rights reserved (CC BY-NC);",3,cc_by_nc
"Photo: (c) rawhitiroa-school, some rights reserved (CC BY-NC);",3,cc_by_nc
"Photo: (c) raydraws, some rights reserved (CC BY-NC);",3,cc_by_nc
"Photo: (c) rbowman, some rights reserved (CC BY-NC);",3,cc_by_nc
"Photo: (c) rcole888, some rights reserved (CC BY-NC);",3,cc_by_nc
"Photo: (c) rdryland, some rights reserved (CC BY-NC);",3,cc_by_nc
"Photo: (c) reegs, some rights reserved (CC BY-NC);",3,cc_by_nc
"Photo: (c) regi osea, some rights reserved (CC BY-NC);",3,cc_by_nc
"Photo: (c) reidstrees, some rights reserved (CC BY-NC);",3,cc_by_nc
"Photo: (c) rhiani, some rights reserved (CC BY-NC);",3,cc_by_nc
"Photo: (c) rhizostoma, some rights reserved (CC BY-NC);",3,cc_by_nc
"Photo: (c) rikkitik, some rights reserved (CC BY-NC);",3,cc_by_nc
"Photo: (c) rjb1, some rights reserved (CC BY-NC);",3,cc_by_nc
"Photo: (c) rla, some rights reserved (CC BY-NC);",3,cc_by_nc
"Photo: (c) roaringroosters, some rights reserved (CC BY-NC);",3,cc_by_nc
"Photo: (c) robert4m, some rights reserved (CC BY-NC);",3,cc_by_nc
"Photo: (c) robertibell, some rights reserved (CC BY-NC);",3,cc_by_nc
"Photo: (c) robmc, some rights reserved (CC BY-NC);",3,cc_by_nc
"Photo: (c) rojpoj, some rights reserved (CC BY-NC);",3,cc_by_nc
"Photo: (c) rookiekeeper, some rights reserved (CC BY-NC);",3,cc_by_nc
"Photo: (c) room17victoryschool, some rights reserved (CC BY-NC);",3,cc_by_nc
"Photo: (c) roopty, some rights reserved (CC BY-NC);",3,cc_by_nc
"Photo: (c) rose-esor, some rights reserved (CC BY-NC);",3,cc_by_nc
"Photo: (c) rozzco, some rights reserved (CC BY-NC);",3,cc_by_nc
"Photo: (c) rpar003, some rights reserved (CC BY-NC);",3,cc_by_nc
"Photo: (c) rtking, some rights reserved (CC BY-NC);",3,cc_by_nc
"Photo: (c) ruairi, some rights reserved (CC BY-NC);",3,cc_by_nc
"Photo: (c) rushbyrata, some rights reserved (CC BY-NC);",3,cc_by_nc
"Photo: (c) ryruther, some rights reserved (CC BY-NC);",3,cc_by_nc
"Photo: (c) sam_15, some rights reserved (CC BY-NC);",3,cc_by_nc
"Photo: (c) samrowland, some rights reserved (CC BY-NC);",3,cc_by_nc
"Photo: (c) samwich89, some rights reserved (CC BY-NC);",3,cc_by_nc
"Photo: (c) samwise, some rights reserved (CC BY-NC);",3,cc_by_nc
"Photo: (c) sandrinem, some rights reserved (CC BY-NC);",3,cc_by_nc
"Photo: (c) sarahh, some rights reserved (CC BY-NC);",3,cc_by_nc
"Photo: (c) sarahpf19, some rights reserved (CC BY-NC);",3,cc_by_nc
"Photo: (c) saraht67, some rights reserved (CC BY-NC);",3,cc_by_nc
"Photo: (c) sarai_liliane, some rights reserved (CC BY-NC);",3,cc_by_nc
"Photo: (c) sarsar, some rights reserved (CC BY-NC);",3,cc_by_nc
"Photo: (c) sbarwick, some rights reserved (CC BY-NC);",3,cc_by_nc
"Photo: (c) scienceandenvironment, some rights reserved (CC BY-NC);",3,cc_by_nc
"Photo: (c) scott1roberts, some rights reserved (CC BY-NC);",3,cc_by_nc
"Photo: (c) scottstocker, some rights reserved (CC BY-NC);",3,cc_by_nc
"Photo: (c) scotty2017, some rights reserved (CC BY-NC);",3,cc_by_nc
"Photo: (c) seal, some rights reserved (CC BY-NC);",3,cc_by_nc
"Photo: (c) sethompson, some rights reserved (CC BY-NC);",3,cc_by_nc
"Photo: (c) sethumi, some rights reserved (CC BY-NC);",3,cc_by_nc
"Photo: (c) sfbb2019_team_kereru, some rights reserved (CC BY-NC);",3,cc_by_nc
"Photo: (c) shakaiya, some rights reserved (CC BY-NC);",3,cc_by_nc
"Photo: (c) shane_ingrid, some rights reserved (CC BY-NC);",3,cc_by_nc
"Photo: (c) shiloh, some rights reserved (CC BY-NC);",3,cc_by_nc
"Photo: (c) shinsou, some rights reserved (CC BY-NC);",3,cc_by_nc
"Photo: (c) sianm, some rights reserved (CC BY-NC);",3,cc_by_nc
"Photo: (c) sianmoana, some rights reserved (CC BY-NC);",3,cc_by_nc
"Photo: (c) simon_11, some rights reserved (CC BY-NC);",3,cc_by_nc
"Photo: (c) simonf, some rights reserved (CC BY-NC);",3,cc_by_nc
"Photo: (c) sjoconnor, some rights reserved (CC BY-NC);",3,cc_by_nc
"Photo: (c) smartwriting, some rights reserved (CC BY-NC);",3,cc_by_nc
"Photo: (c) smi67, some rights reserved (CC BY-NC);",3,cc_by_nc
"Photo: (c) snikoid, some rights reserved (CC BY-NC);",3,cc_by_nc
"Photo: (c) snoopfrogg, some rights reserved (CC BY-NC);",3,cc_by_nc
"Photo: (c) sofiesm, some rights reserved (CC BY-NC);",3,cc_by_nc
"Photo: (c) soperr, some rights reserved (CC BY-NC);",3,cc_by_nc
"Photo: (c) spencerkirk, some rights reserved (CC BY-NC);",3,cc_by_nc
"Photo: (c) spidersgeorgie, some rights reserved (CC BY-NC);",3,cc_by_nc
"Photo: (c) spinca, some rights reserved (CC BY-NC);",3,cc_by_nc
"Photo: (c) spparkes, some rights reserved (CC BY-NC);",3,cc_by_nc
"Photo: (c) sregdor, some rights reserved (CC BY-NC);",3,cc_by_nc
"Photo: (c) startlingtash, some rights reserved (CC BY-NC);",3,cc_by_nc
"Photo: (c) stingray007, some rights reserved (CC BY-NC);",3,cc_by_nc
"Photo: (c) stingray66, some rights reserved (CC BY-NC);",3,cc_by_nc
"Photo: (c) str8e, some rights reserved (CC BY-NC);",3,cc_by_nc
"Photo: (c) stradqueen, some rights reserved (CC BY-NC);",3,cc_by_nc
"Photo: (c) sturmmandrang, some rights reserved (CC BY-NC);",3,cc_by_nc
"Photo: (c) suzannelustig, some rights reserved (CC BY-NC);",3,cc_by_nc
"Photo: (c) svannes211, some rights reserved (CC BY-NC);",3,cc_by_nc
"Photo: (c) tarmstrong, some rights reserved (CC BY-NC);",3,cc_by_nc
"Photo: (c) tasmanpine, some rights reserved (CC BY-NC);",3,cc_by_nc
"Photo: (c) taylorkees, some rights reserved (CC BY-NC);",3,cc_by_nc
"Photo: (c) tbelton, some rights reserved (CC BY-NC);",3,cc_by_nc
"Photo: (c) tcg37, some rights reserved (CC BY-NC);",3,cc_by_nc
"Photo: (c) teamhighlander, some rights reserved (CC BY-NC);",3,cc_by_nc
"Photo: (c) tesstesstess90, some rights reserved (CC BY-NC);",3,cc_by_nc
"Photo: (c) tharu, some rights reserved (CC BY-NC);",3,cc_by_nc
"Photo: (c) thatscool, some rights reserved (CC BY-NC);",3,cc_by_nc
"Photo: (c) thaugh, some rights reserved (CC BY-NC);",3,cc_by_nc
"Photo: (c) the_hitchhiking_mycologist, some rights reserved (CC BY-NC);",3,cc_by_nc
"Photo: (c) the_moa_finder, some rights reserved (CC BY-NC);",3,cc_by_nc
"Photo: (c) the_orange, some rights reserved (CC BY-NC);",3,cc_by_nc
"Photo: (c) thomas4082, some rights reserved (CC BY-NC);",3,cc_by_nc
"Photo: (c) thomassrhoj, some rights reserved (CC BY-NC);",3,cc_by_nc
"Photo: (c) timelk, some rights reserved (CC BY-NC);",3,cc_by_nc
"Photo: (c) tinkerbel, some rights reserved (CC BY-NC);",3,cc_by_nc
"Photo: (c) tjward, some rights reserved (CC BY-NC);",3,cc_by_nc
"Photo: (c) tmr, some rights reserved (CC BY-NC);",3,cc_by_nc
"Photo: (c) toshahkit, some rights reserved (CC BY-NC);",3,cc_by_nc
"Photo: (c) traceyjturner, some rights reserved (CC BY-NC);",3,cc_by_nc
"Photo: (c) treebex, some rights reserved (CC BY-NC);",3,cc_by_nc
"Photo: (c) treezippie, some rights reserved (CC BY-NC);",3,cc_by_nc
"Photo: (c) tribull, some rights reserved (CC BY-NC);",3,cc_by_nc
"Photo: (c) tristan, some rights reserved (CC BY-NC);",3,cc_by_nc
"Photo: (c) tuesdaygroup1, some rights reserved (CC BY-NC);",3,cc_by_nc
"Photo: (c) tylerhalls, some rights reserved (CC BY-NC);",3,cc_by_nc
"Photo: (c) v8hel, some rights reserved (CC BY-NC);",3,cc_by_nc
"Photo: (c) vanessa_b, some rights reserved (CC BY-NC);",3,cc_by_nc
"Photo: (c) vanessb, some rights reserved (CC BY-NC);",3,cc_by_nc
"Photo: (c) vsmith, some rights reserved (CC BY-NC);",3,cc_by_nc
"Photo: (c) wallycat, some rights reserved (CC BY-NC);",3,cc_by_nc
"Photo: (c) watsonl, some rights reserved (CC BY-NC);",3,cc_by_nc
"Photo: (c) waynemitchell, some rights reserved (CC BY-NC);",3,cc_by_nc
"Photo: (c) welbourn, some rights reserved (CC BY-NC);",3,cc_by_nc
"Photo: (c) whaeasteph, some rights reserved (CC BY-NC);",3,cc_by_nc
"Photo: (c) whitefacedibis, some rights reserved (CC BY-NC);",3,cc_by_nc
"Photo: (c) whitesharknz, some rights reserved (CC BY-NC);",3,cc_by_nc
"Photo: (c) wilburl, some rights reserved (CC BY-NC);",3,cc_by_nc
"Photo: (c) wild4eva, some rights reserved (CC BY-NC);",3,cc_by_nc
"Photo: (c) willb5, some rights reserved (CC BY-NC);",3,cc_by_nc
"Photo: (c) willpaterson, some rights reserved (CC BY-NC);",3,cc_by_nc
"Photo: (c) willsy_kokako, some rights reserved (CC BY-NC);",3,cc_by_nc
"Photo: (c) winol, some rights reserved (CC BY-NC);",3,cc_by_nc
"Photo: (c) wisga, some rights reserved (CC BY-NC);",3,cc_by_nc
"Photo: (c) wood7, some rights reserved (CC BY-NC);",3,cc_by_nc
"Photo: (c) wookieetoolbox, some rights reserved (CC BY-NC);",3,cc_by_nc
"Photo: (c) woolleyc, some rights reserved (CC BY-NC);",3,cc_by_nc
"Photo: (c) wrattler, some rights reserved (CC BY-NC);",3,cc_by_nc
"Photo: (c) wsmatt, some rights reserved (CC BY-NC);",3,cc_by_nc
"Photo: (c) wyfmr2, some rights reserved (CC BY-NC);",3,cc_by_nc
"Photo: (c) yeet12345, some rights reserved (CC BY-NC);",3,cc_by_nc
"Photo: (c) ymcampbell, some rights reserved (CC BY-NC);",3,cc_by_nc
"Photo: (c) yowata, some rights reserved (CC BY-NC);",3,cc_by_nc
"Photo: (c) yuzhejiang, some rights reserved (CC BY-NC);",3,cc_by_nc
"Photo: (c) zeester, some rights reserved (CC BY-NC);",3,cc_by_nc
"Photo: (c) zhengsu qi, some rights reserved (CC BY-NC);",3,cc_by_nc
"Photo: (c) zonical, some rights reserved (CC BY-NC);",3,cc_by_nc
"Te Kaharoa provides open access to all of its content on the principle that making research freely available to the public supports a greater global exchange of knowledge. Such access is associated with increased readership and increased citation of an author's work. Authors retain the full copyright over their articles. Authors also retain the right to reuse, distribute, and republish their work after it has been published in Te Kaharoa. All articles are made available using a Creative Commons (CC-BY-NC 4.0) worldwide shareable licence.",3,cc_by_nc
The materials published in this Readings Book may be reproduced for instructional and noncommercial use. Any use for commercial purposes must have the prior approval of the President of the Global Business and Technology Association.,3,cc_by_nc
"The photographs in this collection are the property of the Springfield News-Leader, and are protected by copyright, trademark, and other intellectual property laws. The collection is provided solely for personal noncommercial use. You may not use the photographs within this collection in a manner that constitutes an infringement of the Springfield News-Leader's rights or that has not been authorized by the Springfield News-Leader. More specifically, unless explicitly authorized in these Terms of Service or by the owner of the materials, you may not modify, copy, reproduce, republish, upload, post, transmit, translate, sell, create derivative works, exploit, or distribute in any manner or medium (including by email or other electronic means) any material from the collection. You may, however, from time to time, download and/or print one copy of individual pages of the collection for your personal, non-commercial use, provided that you keep intact all copyright and other proprietary notices. For information about requesting permission to reproduce or distribute materials from the historic photograph collection, please contact the Springfield News-Leader.",3,cc_by_nc
"This article is published under the Creative Commons Attribution (CC BY 4.0) licence. Anyone may reproduce, distribute, translate and create derivative works of this article (for both commercial and non-commercial purposes), subject to full attribution to the original publication and authors.",3,cc_by_nc
"This is an open access article distributed in accordance with the Creative Commons Attribution Non Commercial (CC BY-NC 4.0) license, which permits others to distribute, remix, adapt, build upon this work non-commercially, and license their derivative works on different terms, provided the original work is properly cited, appropriate credit is given, any changes made indicated, and the use is non-commercial. See: http://creativecommons.org/licenses/by-nc/4.0/.",3,cc_by_nc
This work is in copyright. Creative Commons Attribution Non-commercial (CC-BY-NC). Fees apply for commercial use of images.,3,cc_by_nc
Whanake: The Pacific Journal of Community Development is licensed under a Creative Commons Attribution-­‐NonCommercial 4.0 International License.,3,cc_by_nc
"AAAI authors are granted back the right to use their own papers for noncommercial uses, such as depositing in institutional repository.",2,cc_by_nc
All Rights Reserved; © Auckland Museum CC BY NC; © Auckland Museum CC BY,2,cc_by_nc
Copyright (c) 2013 Ata: Journal of Psychotherapy Aotearoa New Zealand. Creative Commons Attribution-NonCommercial 4.0 International (CC BY-NC 4.0) license.,2,cc_by_nc
"Copyright (c) 2019 Anastasia Bakogianni
This work is licensed under a Creative Commons Attribution-NonCommercial 4.0 International License.",2,cc_by_nc
Copyright (c) 2019 Susan Hedges. This work is licensed under a Creative Commons Attribution-NonCommercial 4.0 International License.,2,cc_by_nc
"Copyright by author(s). Readers may make copies of this document for non-commercial purposes only,
provided that this copyright notice appears on all such copies (With the exceptions noted in http://researcharchive.lincoln.ac.nz/page/rights, this metadata is available under a Creative Commons Zero license.)",2,cc_by_nc
"Copyright by author(s). Readers may make copies of this document for non-commercial purposes only,
provided that this copyright notice appears on all such copies. (With the exceptions noted in http://researcharchive.lincoln.ac.nz/page/rights, this metadata is available under a Creative Commons Zero license.)",2,cc_by_nc
"Copyright statement: New Zealand Journal of Physiotherapy. All rights reserved. Permission is given to copy, store and redistribute the material in this publication for non-commercial purposes, in any medium or format as long as appropriate credit is given to the source of the material. No derivatives from the original articles are permissible.",2,cc_by_nc
Copyright © 2006 Applied General Topology - http://agt.webs.upv.es. All rights reserved. By special permission authors retain the right to place his/her publication version of the work on a personal website or institutional repository for non commercial purposes. The definitive version was published in (see Citation). The original publication is available at (see Publisher’s Version).,2,cc_by_nc
Copyright © 2009 AGM Publishing - www.architecturenow.co.nz. All rights reserved. By special permission authors retain the right to place his/her publication version of the work on a personal website or institutional repository for non commercial purposes. The definitive version was published in (see Citation). The original publication is available at http:// www.architecturenow.co.nz/ (see Publisher’s Version).,2,cc_by_nc
Copyright © 2011. Danks Brygmester Forening. All Rights Reserved. Authors retain the right to place his/her publication version of the work on a personal website or institutional repository for non commercial purposes. The definitive version was published in (see Citation). The original publication is available at (see Publisher’s Version).,2,cc_by_nc
"Copyright © 2017 Lippincott Williams & Wilkins, Two Commerce Square, 2001 Market Street, Philadelphia, PA 19103 U.S.A. All rights reserved.
Copyright in the documents (""Contents"") on the Lippincott Williams & Wilkins Web Servers is owned by Lippincott Williams & Wilkins (LWW), unless otherwise indicated. LWW hereby authorizes you to copy documents published by LWW on the World Wide Web for non-commercial uses within your organization only. In consideration of this authorization, you agree that any copy of these documents which you make shall retain all copyright and other proprietary notices contained herein.",2,cc_by_nc
"Copyright © BMJ Publishing, 2015. Authors retain the right to place his/her publication version of the work on a personal website or institutional repository for non commercial purposes. The definitive version was published in (see Citation). The original publication is available at (see Publisher's Version).",2,cc_by_nc
"Copyright © Emerald Group Publishing Limited, 2010. Authors retain the right to place his/her pre-publication version of the work on a personal website or institutional repository for non commercial purposes. The definitive version was published in (see Citation). The original publication is available at www.emeraldinsight.com (see Publisher’s Version).",2,cc_by_nc
"Copyright © Emerald Group Publishing Limited, 2013. Authors retain the right to place his/her pre-publication version of the work on a personal website or institutional repository for non commercial purposes. The definitive version was published in (see Citation). The original publication is available at www.emeraldinsight.com (see Publisher’s Version).",2,cc_by_nc
"Copyright © Emerald Group Publishing Limited, 2018. Authors retain the right to place his/her pre-publication version of the work on a personal website or institutional repository for non commercial purposes. The definitive version was published in (see Citation). The original publication is available at www.emeraldinsight.com (see Publisher’s Version).",2,cc_by_nc
"Copyright © Inderscience Enterprises Ltd., 2015. Authors retain the right to place his/her pre-publication version of the work on a personal website or institutional repository for non commercial purposes. The definitive version was published in (see Citation). The original publication is available at (see Publisher's Version).",2,cc_by_nc
"Copyright © New Zealand Asian Studies Society, 2011. Authors retain the right to place his/her pre-publication version of the work on a personal website or institutional repository for non commercial purposes. The definitive version was published in (see Citation). The original publication is available at (see Publisher's Version)",2,cc_by_nc
"Copyright © New Zealand Medical Association, 2017. All Rights Reserved. Authors retain the right to place his/her publication version of the work on a personal website or institutional repository for non commercial purposes. The definitive version was published in (see Citation). The original publication is available at (see Publisher’s Version).",2,cc_by_nc
"Copyright © New Zealand Medical Association, 2019. All Rights Reserved. Authors retain the right to place his/her publication version of the work on a personal website or institutional repository for non commercial purposes. The definitive version was published in (see Citation). The original publication is available at (see Publisher’s Version).",2,cc_by_nc
"Copyright © The University of Adelaide. You may download, display, print and reproduce this material in unaltered form (attaching a copy of this notice) for your personal, non-commercial use. The University of Adelaide reserves the right to revoke such permission at any time. (With the exceptions noted in http://researcharchive.lincoln.ac.nz/page/rights, this metadata is available under a Creative Commons Zero license.)",2,cc_by_nc
Creative Commons Attribution Non-commercial License 3.0 Unported,2,cc_by_nc
"Creative Commons Non Commercial CC BY-NC: This article is distributed under the terms of the Creative Commons Attribution-NonCommercial 4.0 License
(http://www.creativecommons.org/licenses/by-nc/4.0/) which permits non-commercial use, reproduction and distribution of the work without further permission
provided the original work is attributed as specified on the SAGE and Open Access pages (https://us.sagepub.com/en-us/nam/open-access-at-sage).",2,cc_by_nc
"Images and metadata in the Bethel University Study Abroad Collection are provided with permission by the Office of Off-Campus Programs/International Studies. Content for this collection is licensed under a Creative Commons license (https://creativecommons.org/licenses/by-nc-nd/4.0/) for attributed, non-commercial, non-derivative works.",2,cc_by_nc
Images may be used for educational or non-commercial use with proper citation. Commercial use is not permitted without the prior written permission of the donor.,2,cc_by_nc
"Library may administer use of images for all non-commercial use except use inside a publication, including e-books. Permission for commercial use, including inside a publication, must be obtained from the copyright holder. 
Copyright: Copyright held by Jill Carter-Hansen",2,cc_by_nc
"NCW Licence 14. The interviewee agrees to this data being accessed by bona fide researchers and used in publications associated with the project. The data may not be used in for teaching, other research projects, public lectures, and presentations. The interviewee agrees to the data being made publicly available on the UC CEISMIC website. The data is not to be displayed in a museum, library or other public space, broadcast on television or radio, or used in other works such as books, films or artwork. Licensed for non-commercial use, in part or whole, in compliance with the above conditions of use. Attribution to Women's Voices project, NCW (Christchurch).",2,cc_by_nc
"NCW Licence 17. The interviewee agrees to this data being used in publications associated with the project, teaching, other research projects, public lectures, and presentations. The interviewee agrees to this data being publicly available on the UC CEISMIC website, and used in books and artworks. The data may not be displayed in a museum, library, or other public space, broadcast on television or radio or used in films. Licensed for non-commercial use, in part or whole, in compliance with the above conditions of use. Attribution to Women's Voices project, NCW (Christchurch).",2,cc_by_nc
"NCW Licence 21. This material is licensed for use in publications associated with the project. It may not be used in teaching, other research projects, public lectures, and presentations. It is available for use on the CEISMIC website, in a museum, library, or public space. It may not be broadcast on television or radio or used in other works such as books, films, and artworks. Licensed for non-commercial use, in part or whole, in compliance with the above conditions of use. Attribution to Women's Voices project, NCW (Christchurch).",2,cc_by_nc
"NCW Licence 6. The interviewee agrees to this data being used in publications associated with the project. The data may not be used in teaching, other research projects, public lectures, and presentations. The interviewee agrees to this data being publicly available on the UC CEISMIC website and displayed in a museum, library, or public space. The data may not be broadcast on television or radio, or used in other works such as books, films and artworks. Licensed for non-commercial use, in part or whole, in compliance with the above conditions of use. Attribution to Women's Voices project, NCW (Christchurch).",2,cc_by_nc
"NCW Licence 8. The interviewee agrees to this data being used in publications associated with the project, teaching, other research projects, public lectures, and presentations on the proviso that her permission is requested first and that she approves all excerpts for publication. The interviewee agrees to this data being publicly available on the UC CEISMIC website, displayed in a museum, library, or public space, broadcast on television or radio, or used in other works such as books, films, and artworks, with the proviso that her permission is requested first and that she approves all excerpts for public use. Licensed for non-commercial use, in part or whole, in compliance with the above conditions of use. Attribution to Women's Voices project, NCW (Christchurch).",2,cc_by_nc
"New Zealand Journal of Physiotherapy. All rights reserved. Permission is given to copy, store and redistribute the material in this publication for non-commercial purposes, in any medium or format as long as appropriate credit is given to the source of the material. No derivatives from the original articles are permissible.",2,cc_by_nc
"Photo: (c) 104729021323865814521, some rights reserved (CC BY-NC);",2,cc_by_nc
"Photo: (c) AJ Goodin, some rights reserved (CC BY-NC);",2,cc_by_nc
"Photo: (c) Aamirah Ali, some rights reserved (CC BY-NC);",2,cc_by_nc
"Photo: (c) Adam Groenewegen, some rights reserved (CC BY-NC);",2,cc_by_nc
"Photo: (c) Adrienne Curtis, some rights reserved (CC BY-NC);",2,cc_by_nc
"Photo: (c) Akiko Sasanuma, some rights reserved (CC BY-NC);",2,cc_by_nc
"Photo: (c) Alana Aitken, some rights reserved (CC BY-NC);",2,cc_by_nc
"Photo: (c) Alex, some rights reserved (CC BY-NC);",2,cc_by_nc
"Photo: (c) Allison Miller, some rights reserved (CC BY-NC);",2,cc_by_nc
"Photo: (c) Amanda Rogers, some rights reserved (CC BY-NC);",2,cc_by_nc
"Photo: (c) AmberWalters, some rights reserved (CC BY-NC);",2,cc_by_nc
"Photo: (c) An Nguyen, some rights reserved (CC BY-NC);",2,cc_by_nc
"Photo: (c) Anais Perry, some rights reserved (CC BY-NC);",2,cc_by_nc
"Photo: (c) Andy, some rights reserved (CC BY-NC);",2,cc_by_nc
"Photo: (c) Ani, some rights reserved (CC BY-NC);",2,cc_by_nc
"Photo: (c) Anne Jaeger, some rights reserved (CC BY-NC);",2,cc_by_nc
"Photo: (c) Anne Johnston, some rights reserved (CC BY-NC);",2,cc_by_nc
"Photo: (c) Antoni W., some rights reserved (CC BY-NC);",2,cc_by_nc
"Photo: (c) Arthur Bennett, some rights reserved (CC BY-NC);",2,cc_by_nc
"Photo: (c) Arthur McGregor, some rights reserved (CC BY-NC);",2,cc_by_nc
"Photo: (c) AurélienS, some rights reserved (CC BY-NC);",2,cc_by_nc
"Photo: (c) Awhz Kingi, some rights reserved (CC BY-NC);",2,cc_by_nc
"Photo: (c) Ben Ackerley, some rights reserved (CC BY-NC);",2,cc_by_nc
"Photo: (c) Bert Filemyr, some rights reserved (CC BY-NC);",2,cc_by_nc
"Photo: (c) Blake Howell, some rights reserved (CC BY-NC);",2,cc_by_nc
"Photo: (c) Bob Brown, some rights reserved (CC BY-NC);",2,cc_by_nc
"Photo: (c) Brendon Lewis, some rights reserved (CC BY-NC);",2,cc_by_nc
"Photo: (c) Brooke Turner, some rights reserved (CC BY-NC);",2,cc_by_nc
"Photo: (c) Bruce Ellis, some rights reserved (CC BY-NC);",2,cc_by_nc
"Photo: (c) Carl, some rights reserved (CC BY-NC);",2,cc_by_nc
"Photo: (c) Carol Brieseman, some rights reserved (CC BY-NC);",2,cc_by_nc
"Photo: (c) Carolyn M Eichler, some rights reserved (CC BY-NC);",2,cc_by_nc
"Photo: (c) Catherine Brimecombe, some rights reserved (CC BY-NC);",2,cc_by_nc
"Photo: (c) Chad Cottle, some rights reserved (CC BY-NC);",2,cc_by_nc
"Photo: (c) Cheyney Biddlecombe, some rights reserved (CC BY-NC);",2,cc_by_nc
"Photo: (c) Cindy Foote, some rights reserved (CC BY-NC);",2,cc_by_nc
"Photo: (c) Dakota BURNS, some rights reserved (CC BY-NC);",2,cc_by_nc
"Photo: (c) Dana Dopleach, some rights reserved (CC BY-NC);",2,cc_by_nc
"Photo: (c) Danny Squires, some rights reserved (CC BY-NC);",2,cc_by_nc
"Photo: (c) Daphne Carvalho, some rights reserved (CC BY-NC);",2,cc_by_nc
"Photo: (c) Dave Laurent, some rights reserved (CC BY-NC);",2,cc_by_nc
"Photo: (c) Dave and Jenni King, some rights reserved (CC BY-NC);",2,cc_by_nc
"Photo: (c) David Akers, some rights reserved (CC BY-NC);",2,cc_by_nc
"Photo: (c) David Holmberg, some rights reserved (CC BY-NC);",2,cc_by_nc
"Photo: (c) David Roper, some rights reserved (CC BY-NC);",2,cc_by_nc
"Photo: (c) David Taylor, some rights reserved (CC BY-NC);",2,cc_by_nc
"Photo: (c) Dawn Chambers, some rights reserved (CC BY-NC);",2,cc_by_nc
"Photo: (c) Dayna, some rights reserved (CC BY-NC);",2,cc_by_nc
"Photo: (c) Deanna Christine Hellinger, some rights reserved (CC BY-NC);",2,cc_by_nc
"Photo: (c) Derrick Paull, some rights reserved (CC BY-NC);",2,cc_by_nc
"Photo: (c) Dianne McAteer, some rights reserved (CC BY-NC);",2,cc_by_nc
"Photo: (c) Douglas, some rights reserved (CC BY-NC);",2,cc_by_nc
"Photo: (c) Eleanor Forrest, some rights reserved (CC BY-NC);",2,cc_by_nc
"Photo: (c) Elizabeth Roberts, some rights reserved (CC BY-NC);",2,cc_by_nc
"Photo: (c) Elizabeth Train, some rights reserved (CC BY-NC);",2,cc_by_nc
"Photo: (c) Elsie Hyink, some rights reserved (CC BY-NC);",2,cc_by_nc
"Photo: (c) Elspeth Duurloo, some rights reserved (CC BY-NC);",2,cc_by_nc
"Photo: (c) Elusive Elephants, some rights reserved (CC BY-NC);",2,cc_by_nc
"Photo: (c) Emma Harrower, some rights reserved (CC BY-NC);",2,cc_by_nc
"Photo: (c) Filipe França, some rights reserved (CC BY-NC);",2,cc_by_nc
"Photo: (c) Fin Forbes, some rights reserved (CC BY-NC);",2,cc_by_nc
"Photo: (c) Finn, some rights reserved (CC BY-NC);",2,cc_by_nc
"Photo: (c) Gareth Pryce, some rights reserved (CC BY-NC);",2,cc_by_nc
"Photo: (c) Gary Stone, some rights reserved (CC BY-NC);",2,cc_by_nc
"Photo: (c) Genevieve Coffey, some rights reserved (CC BY-NC);",2,cc_by_nc
"Photo: (c) Giselle Weir, some rights reserved (CC BY-NC);",2,cc_by_nc
"Photo: (c) Gonzalo Avila, some rights reserved (CC BY-NC);",2,cc_by_nc
"Photo: (c) Gonzalo Giribet, some rights reserved (CC BY-NC);",2,cc_by_nc
"Photo: (c) Greg Lasley, some rights reserved (CC BY-NC);",2,cc_by_nc
"Photo: (c) Greg Pauly, some rights reserved (CC BY-NC);",2,cc_by_nc
"Photo: (c) Hamish Bell, some rights reserved (CC BY-NC);",2,cc_by_nc
"Photo: (c) Harriet Barber, some rights reserved (CC BY-NC);",2,cc_by_nc
"Photo: (c) Helena Merson, some rights reserved (CC BY-NC);",2,cc_by_nc
"Photo: (c) Hollis Dahn, some rights reserved (CC BY-NC);",2,cc_by_nc
"Photo: (c) Isaac Clarey, some rights reserved (CC BY-NC);",2,cc_by_nc
"Photo: (c) Jack Flynn, some rights reserved (CC BY-NC);",2,cc_by_nc
"Photo: (c) James Lennox, some rights reserved (CC BY-NC);",2,cc_by_nc
"Photo: (c) James Peebles, some rights reserved (CC BY-NC);",2,cc_by_nc
"Photo: (c) Jamie Yee, some rights reserved (CC BY-NC);",2,cc_by_nc
"Photo: (c) Jane Alice, some rights reserved (CC BY-NC);",2,cc_by_nc
"Photo: (c) Janey, some rights reserved (CC BY-NC);",2,cc_by_nc
"Photo: (c) Jarren Beckett, some rights reserved (CC BY-NC);",2,cc_by_nc
"Photo: (c) Jase_Ems, some rights reserved (CC BY-NC);",2,cc_by_nc
"Photo: (c) Jason Remfrey, some rights reserved (CC BY-NC);",2,cc_by_nc
"Photo: (c) Jeff Cameron, some rights reserved (CC BY-NC);",2,cc_by_nc
"Photo: (c) Jennie, some rights reserved (CC BY-NC);",2,cc_by_nc
"Photo: (c) Jenny Bertelsen, some rights reserved (CC BY-NC);",2,cc_by_nc
"Photo: (c) Jess Berentson-Shaw, some rights reserved (CC BY-NC);",2,cc_by_nc
"Photo: (c) Jess Charlton, some rights reserved (CC BY-NC);",2,cc_by_nc
"Photo: (c) Jesse Hillman, some rights reserved (CC BY-NC);",2,cc_by_nc
"Photo: (c) Joan, some rights reserved (CC BY-NC);",2,cc_by_nc
"Photo: (c) Joanne Cole, some rights reserved (CC BY-NC);",2,cc_by_nc
"Photo: (c) John Dorman, some rights reserved (CC BY-NC);",2,cc_by_nc
"Photo: (c) John Luck, some rights reserved (CC BY-NC);",2,cc_by_nc
"Photo: (c) John Paul Tutaki, some rights reserved (CC BY-NC);",2,cc_by_nc
"Photo: (c) Jonas Goodwin, some rights reserved (CC BY-NC);",2,cc_by_nc
"Photo: (c) Jorge Ponce, some rights reserved (CC BY-NC);",2,cc_by_nc
"Photo: (c) Josie Crawshaw, some rights reserved (CC BY-NC);",2,cc_by_nc
"Photo: (c) Josie Isabel Miller, some rights reserved (CC BY-NC);",2,cc_by_nc
"Photo: (c) Kanwal Sandhu, some rights reserved (CC BY-NC);",2,cc_by_nc
"Photo: (c) Karl Yager, some rights reserved (CC BY-NC);",2,cc_by_nc
"Photo: (c) Kathleen Reid, some rights reserved (CC BY-NC);",2,cc_by_nc
"Photo: (c) Kedron Parker, some rights reserved (CC BY-NC);",2,cc_by_nc
"Photo: (c) Keegan Beetus, some rights reserved (CC BY-NC);",2,cc_by_nc
"Photo: (c) Keith Martin-Smith, some rights reserved (CC BY-NC);",2,cc_by_nc
"Photo: (c) Kelly Cotter, some rights reserved (CC BY-NC);",2,cc_by_nc
"Photo: (c) KereruKade El Zero M, some rights reserved (CC BY-NC);",2,cc_by_nc
"Photo: (c) Kurtis, some rights reserved (CC BY-NC);",2,cc_by_nc
"Photo: (c) Laura Batchelor, some rights reserved (CC BY-NC);",2,cc_by_nc
"Photo: (c) Laurel Hilton, some rights reserved (CC BY-NC);",2,cc_by_nc
"Photo: (c) Leah Bowsher Edwards, some rights reserved (CC BY-NC);",2,cc_by_nc
"Photo: (c) Liddy2007, some rights reserved (CC BY-NC);",2,cc_by_nc
"Photo: (c) Lisa Denmead, some rights reserved (CC BY-NC);",2,cc_by_nc
"Photo: (c) Lisa Tovey, some rights reserved (CC BY-NC);",2,cc_by_nc
"Photo: (c) Liza Balme, some rights reserved (CC BY-NC);",2,cc_by_nc
"Photo: (c) Louise Hennessy, some rights reserved (CC BY-NC);",2,cc_by_nc
"Photo: (c) Mae, some rights reserved (CC BY-NC);",2,cc_by_nc
"Photo: (c) Manisha Shivangli Prasad, some rights reserved (CC BY-NC);",2,cc_by_nc
"Photo: (c) Marion Newton, some rights reserved (CC BY-NC);",2,cc_by_nc
"Photo: (c) Mark Holliday, some rights reserved (CC BY-NC);",2,cc_by_nc
"Photo: (c) Mark Stirling, some rights reserved (CC BY-NC);",2,cc_by_nc
"Photo: (c) Mark Wendelken, some rights reserved (CC BY-NC);",2,cc_by_nc
"Photo: (c) Marley, some rights reserved (CC BY-NC);",2,cc_by_nc
"Photo: (c) Mary Ballantyne, some rights reserved (CC BY-NC);",2,cc_by_nc
"Photo: (c) Mary-Anne, some rights reserved (CC BY-NC);",2,cc_by_nc
"Photo: (c) Matt Campbell, some rights reserved (CC BY-NC);",2,cc_by_nc
"Photo: (c) Matthew Hitchings, some rights reserved (CC BY-NC);",2,cc_by_nc
"Photo: (c) Matthew Milner, some rights reserved (CC BY-NC);",2,cc_by_nc
"Photo: (c) Matthew Vernon, some rights reserved (CC BY-NC);",2,cc_by_nc
"Photo: (c) Max Hayhurst, some rights reserved (CC BY-NC);",2,cc_by_nc
"Photo: (c) Michal, some rights reserved (CC BY-NC);",2,cc_by_nc
"Photo: (c) Miraz, some rights reserved (CC BY-NC);",2,cc_by_nc
"Photo: (c) Misty Cole, some rights reserved (CC BY-NC);",2,cc_by_nc
"Photo: (c) Mitch, some rights reserved (CC BY-NC);",2,cc_by_nc
"Photo: (c) MoanaCL, some rights reserved (CC BY-NC);",2,cc_by_nc
"Photo: (c) Murray Baker, some rights reserved (CC BY-NC);",2,cc_by_nc
"Photo: (c) Ngaire Phillips, some rights reserved (CC BY-NC);",2,cc_by_nc
"Photo: (c) Nick Wiffen, some rights reserved (CC BY-NC);",2,cc_by_nc
"Photo: (c) Nicky, some rights reserved (CC BY-NC);",2,cc_by_nc
"Photo: (c) Nour, some rights reserved (CC BY-NC);",2,cc_by_nc
"Photo: (c) Peggy Newman, some rights reserved (CC BY-NC);",2,cc_by_nc
"Photo: (c) Pete Woodall, some rights reserved (CC BY-NC);",2,cc_by_nc
"Photo: (c) Peter Hallinan, some rights reserved (CC BY-NC);",2,cc_by_nc
"Photo: (c) Peter Heerdegen, some rights reserved (CC BY-NC);",2,cc_by_nc
"Photo: (c) Phil Strong, some rights reserved (CC BY-NC);",2,cc_by_nc
"Photo: (c) Piia Kortsalo, some rights reserved (CC BY-NC);",2,cc_by_nc
"Photo: (c) Pipi, some rights reserved (CC BY-NC);",2,cc_by_nc
"Photo: (c) Richard Taylor, some rights reserved (CC BY-NC);",2,cc_by_nc
"Photo: (c) Richard, some rights reserved (CC BY-NC);",2,cc_by_nc
"Photo: (c) Rob Fraser, some rights reserved (CC BY-NC);",2,cc_by_nc
"Photo: (c) Rob Holmes, some rights reserved (CC BY-NC);",2,cc_by_nc
"Photo: (c) Rose Waterworth, some rights reserved (CC BY-NC);",2,cc_by_nc
"Photo: (c) Ruma Kereru, some rights reserved (CC BY-NC);",2,cc_by_nc
"Photo: (c) Salomine Falck, some rights reserved (CC BY-NC);",2,cc_by_nc
"Photo: (c) Sam.K, some rights reserved (CC BY-NC);",2,cc_by_nc
"Photo: (c) Samantha Fitzgerald, some rights reserved (CC BY-NC);",2,cc_by_nc
"Photo: (c) Samuel ""Sam"" Simpson, some rights reserved (CC BY-NC);",2,cc_by_nc
"Photo: (c) Sara Tak, some rights reserved (CC BY-NC);",2,cc_by_nc
"Photo: (c) Sean Norling, some rights reserved (CC BY-NC);",2,cc_by_nc
"Photo: (c) Serra Kilduff, some rights reserved (CC BY-NC);",2,cc_by_nc
"Photo: (c) Simon Burgess, some rights reserved (CC BY-NC);",2,cc_by_nc
"Photo: (c) SmartCrads, some rights reserved (CC BY-NC);",2,cc_by_nc
"Photo: (c) Sofi, some rights reserved (CC BY-NC);",2,cc_by_nc
"Photo: (c) Steve Dudrow, some rights reserved (CC BY-NC);",2,cc_by_nc
"Photo: (c) Steve Inglis, some rights reserved (CC BY-NC);",2,cc_by_nc
"Photo: (c) Steve Jacques, some rights reserved (CC BY-NC);",2,cc_by_nc
"Photo: (c) Steven Chong, some rights reserved (CC BY-NC);",2,cc_by_nc
"Photo: (c) Steven Lawton, some rights reserved (CC BY-NC);",2,cc_by_nc
"Photo: (c) Su Morgan, some rights reserved (CC BY-NC);",2,cc_by_nc
"Photo: (c) Sue, some rights reserved (CC BY-NC);",2,cc_by_nc
"Photo: (c) Svetla Sofkova-Bobcheva, some rights reserved (CC BY-NC);",2,cc_by_nc
"Photo: (c) Taina Ould, some rights reserved (CC BY-NC);",2,cc_by_nc
"Photo: (c) Tamina Beveridge, some rights reserved (CC BY-NC);",2,cc_by_nc
"Photo: (c) Tania, some rights reserved (CC BY-NC);",2,cc_by_nc
"Photo: (c) Tarsh Pixie Turner, some rights reserved (CC BY-NC);",2,cc_by_nc
"Photo: (c) Theresa, some rights reserved (CC BY-NC);",2,cc_by_nc
"Photo: (c) Tilly Merson, some rights reserved (CC BY-NC);",2,cc_by_nc
"Photo: (c) Tina Nixon, some rights reserved (CC BY-NC);",2,cc_by_nc
"Photo: (c) Toby Schweikert, some rights reserved (CC BY-NC);",2,cc_by_nc
"Photo: (c) Tom Sen, some rights reserved (CC BY-NC);",2,cc_by_nc
"Photo: (c) Tong Liu, some rights reserved (CC BY-NC);",2,cc_by_nc
"Photo: (c) Toni Calman, some rights reserved (CC BY-NC);",2,cc_by_nc
"Photo: (c) Trevor Blogg, some rights reserved (CC BY-NC);",2,cc_by_nc
"Photo: (c) Tse Chung Yi, some rights reserved (CC BY-NC);",2,cc_by_nc
"Photo: (c) Valentin Moser, some rights reserved (CC BY-NC);",2,cc_by_nc
"Photo: (c) Valerio M, some rights reserved (CC BY-NC);",2,cc_by_nc
"Photo: (c) Vic Mark, some rights reserved (CC BY-NC);",2,cc_by_nc
"Photo: (c) Vicki, some rights reserved (CC BY-NC);",2,cc_by_nc
"Photo: (c) Vicky Dombroski, some rights reserved (CC BY-NC);",2,cc_by_nc
"Photo: (c) Victor Kolyada, some rights reserved (CC BY-NC);",2,cc_by_nc
"Photo: (c) Yenny Bae, some rights reserved (CC BY-NC);",2,cc_by_nc
"Photo: (c) Yukki Qiu, some rights reserved (CC BY-NC);",2,cc_by_nc
"Photo: (c) Yuriy Malakhov, some rights reserved (CC BY-NC);",2,cc_by_nc
"Photo: (c) Zoe Juniper, some rights reserved (CC BY-NC);",2,cc_by_nc
"Photo: (c) a_nowotny, some rights reserved (CC BY-NC);",2,cc_by_nc
"Photo: (c) aaroncaulton, some rights reserved (CC BY-NC);",2,cc_by_nc
"Photo: (c) abbycrawford1, some rights reserved (CC BY-NC);",2,cc_by_nc
"Photo: (c) abiarmory, some rights reserved (CC BY-NC);",2,cc_by_nc
"Photo: (c) abigael, some rights reserved (CC BY-NC);",2,cc_by_nc
"Photo: (c) abmartian, some rights reserved (CC BY-NC);",2,cc_by_nc
"Photo: (c) acsmeaton, some rights reserved (CC BY-NC);",2,cc_by_nc
"Photo: (c) adennison, some rights reserved (CC BY-NC);",2,cc_by_nc
"Photo: (c) adrian-cogle, some rights reserved (CC BY-NC);",2,cc_by_nc
"Photo: (c) aedeen1, some rights reserved (CC BY-NC);",2,cc_by_nc
"Photo: (c) agathelmn, some rights reserved (CC BY-NC);",2,cc_by_nc
"Photo: (c) agusofi, some rights reserved (CC BY-NC);",2,cc_by_nc
"Photo: (c) aimandfred, some rights reserved (CC BY-NC);",2,cc_by_nc
"Photo: (c) aimee_eco, some rights reserved (CC BY-NC);",2,cc_by_nc
"Photo: (c) aimz2416, some rights reserved (CC BY-NC);",2,cc_by_nc
"Photo: (c) ajwhite, some rights reserved (CC BY-NC);",2,cc_by_nc
"Photo: (c) akasha, some rights reserved (CC BY-NC);",2,cc_by_nc
"Photo: (c) akonga, some rights reserved (CC BY-NC);",2,cc_by_nc
"Photo: (c) alecmilne, some rights reserved (CC BY-NC);",2,cc_by_nc
"Photo: (c) alexandernz, some rights reserved (CC BY-NC);",2,cc_by_nc
"Photo: (c) alexbinkwaugh, some rights reserved (CC BY-NC);",2,cc_by_nc
"Photo: (c) alexm22, some rights reserved (CC BY-NC);",2,cc_by_nc
"Photo: (c) alicebonne29, some rights reserved (CC BY-NC);",2,cc_by_nc
"Photo: (c) alphaecho, some rights reserved (CC BY-NC);",2,cc_by_nc
"Photo: (c) alphmalph, some rights reserved (CC BY-NC);",2,cc_by_nc
"Photo: (c) altetc10, some rights reserved (CC BY-NC);",2,cc_by_nc
"Photo: (c) alyssabriscoe, some rights reserved (CC BY-NC);",2,cc_by_nc
"Photo: (c) amandaaustin, some rights reserved (CC BY-NC);",2,cc_by_nc
"Photo: (c) amber_mcrae, some rights reserved (CC BY-NC);",2,cc_by_nc
"Photo: (c) ambermaree, some rights reserved (CC BY-NC);",2,cc_by_nc
"Photo: (c) ameliajasmineella, some rights reserved (CC BY-NC);",2,cc_by_nc
"Photo: (c) ameliepreece, some rights reserved (CC BY-NC);",2,cc_by_nc
"Photo: (c) amsouz, some rights reserved (CC BY-NC);",2,cc_by_nc
"Photo: (c) amyarcherscicomm, some rights reserved (CC BY-NC);",2,cc_by_nc
"Photo: (c) amymcf, some rights reserved (CC BY-NC);",2,cc_by_nc
"Photo: (c) anahitahun, some rights reserved (CC BY-NC);",2,cc_by_nc
"Photo: (c) andrew stace, some rights reserved (CC BY-NC);",2,cc_by_nc
"Photo: (c) andymckenzie, some rights reserved (CC BY-NC);",2,cc_by_nc
"Photo: (c) andynelson, some rights reserved (CC BY-NC);",2,cc_by_nc
"Photo: (c) ange86, some rights reserved (CC BY-NC);",2,cc_by_nc
"Photo: (c) angela_nz, some rights reserved (CC BY-NC);",2,cc_by_nc
"Photo: (c) angibuettner, some rights reserved (CC BY-NC);",2,cc_by_nc
"Photo: (c) angie951, some rights reserved (CC BY-NC);",2,cc_by_nc
"Photo: (c) anita_benbrook, some rights reserved (CC BY-NC);",2,cc_by_nc
"Photo: (c) annabuys, some rights reserved (CC BY-NC);",2,cc_by_nc
"Photo: (c) annareedxx, some rights reserved (CC BY-NC);",2,cc_by_nc
"Photo: (c) annekeb, some rights reserved (CC BY-NC);",2,cc_by_nc
"Photo: (c) annelisebech, some rights reserved (CC BY-NC);",2,cc_by_nc
"Photo: (c) annielee, some rights reserved (CC BY-NC);",2,cc_by_nc
"Photo: (c) anonymoususer8, some rights reserved (CC BY-NC);",2,cc_by_nc
"Photo: (c) ants_newzealand, some rights reserved (CC BY-NC);",2,cc_by_nc
"Photo: (c) apetty, some rights reserved (CC BY-NC);",2,cc_by_nc
"Photo: (c) aprasad, some rights reserved (CC BY-NC);",2,cc_by_nc
"Photo: (c) aria_millen, some rights reserved (CC BY-NC);",2,cc_by_nc
"Photo: (c) arjay19, some rights reserved (CC BY-NC);",2,cc_by_nc
"Photo: (c) arohak, some rights reserved (CC BY-NC);",2,cc_by_nc
"Photo: (c) arthur, some rights reserved (CC BY-NC);",2,cc_by_nc
"Photo: (c) aryan11, some rights reserved (CC BY-NC);",2,cc_by_nc
"Photo: (c) ashholt01, some rights reserved (CC BY-NC);",2,cc_by_nc
"Photo: (c) asmytasi, some rights reserved (CC BY-NC);",2,cc_by_nc
"Photo: (c) athenajc, some rights reserved (CC BY-NC);",2,cc_by_nc
"Photo: (c) atom9, some rights reserved (CC BY-NC);",2,cc_by_nc
"Photo: (c) austinaugustine123, some rights reserved (CC BY-NC);",2,cc_by_nc
"Photo: (c) avalon17261, some rights reserved (CC BY-NC);",2,cc_by_nc
"Photo: (c) ayeisha, some rights reserved (CC BY-NC);",2,cc_by_nc
"Photo: (c) babettem, some rights reserved (CC BY-NC);",2,cc_by_nc
"Photo: (c) barbpalm, some rights reserved (CC BY-NC);",2,cc_by_nc
"Photo: (c) barefootednz, some rights reserved (CC BY-NC);",2,cc_by_nc
"Photo: (c) baverstock, some rights reserved (CC BY-NC);",2,cc_by_nc
"Photo: (c) baviolinist, some rights reserved (CC BY-NC);",2,cc_by_nc
"Photo: (c) bayleekersten, some rights reserved (CC BY-NC);",2,cc_by_nc
"Photo: (c) bcornille, some rights reserved (CC BY-NC);",2,cc_by_nc
"Photo: (c) bcur155, some rights reserved (CC BY-NC);",2,cc_by_nc
"Photo: (c) beckygoodsell, some rights reserved (CC BY-NC);",2,cc_by_nc
"Photo: (c) becsd, some rights reserved (CC BY-NC);",2,cc_by_nc
"Photo: (c) beenick, some rights reserved (CC BY-NC);",2,cc_by_nc
"Photo: (c) bella_barney, some rights reserved (CC BY-NC);",2,cc_by_nc
"Photo: (c) bellalawrey, some rights reserved (CC BY-NC);",2,cc_by_nc
"Photo: (c) bellap201, some rights reserved (CC BY-NC);",2,cc_by_nc
"Photo: (c) bemmakiwi, some rights reserved (CC BY-NC);",2,cc_by_nc
"Photo: (c) ben_chambers841, some rights reserved (CC BY-NC);",2,cc_by_nc
"Photo: (c) benmontie, some rights reserved (CC BY-NC);",2,cc_by_nc
"Photo: (c) bennygamble, some rights reserved (CC BY-NC);",2,cc_by_nc
"Photo: (c) benvdb, some rights reserved (CC BY-NC);",2,cc_by_nc
"Photo: (c) betazoid, some rights reserved (CC BY-NC);",2,cc_by_nc
"Photo: (c) bethmaree, some rights reserved (CC BY-NC);",2,cc_by_nc
"Photo: (c) betmonsta, some rights reserved (CC BY-NC);",2,cc_by_nc
"Photo: (c) bgibbs, some rights reserved (CC BY-NC);",2,cc_by_nc
"Photo: (c) bhullar, some rights reserved (CC BY-NC);",2,cc_by_nc
"Photo: (c) billjanelove, some rights reserved (CC BY-NC);",2,cc_by_nc
"Photo: (c) blackseadragon, some rights reserved (CC BY-NC);",2,cc_by_nc
"Photo: (c) bluebirdbutterfly, some rights reserved (CC BY-NC);",2,cc_by_nc
"Photo: (c) bluesong, some rights reserved (CC BY-NC);",2,cc_by_nc
"Photo: (c) blueyfm, some rights reserved (CC BY-NC);",2,cc_by_nc
"Photo: (c) bodean, some rights reserved (CC BY-NC);",2,cc_by_nc
"Photo: (c) bookcase, some rights reserved (CC BY-NC);",2,cc_by_nc
"Photo: (c) boos4200, some rights reserved (CC BY-NC);",2,cc_by_nc
"Photo: (c) botanicalbabe, some rights reserved (CC BY-NC);",2,cc_by_nc
"Photo: (c) bouche1, some rights reserved (CC BY-NC);",2,cc_by_nc
"Photo: (c) brainsbury, some rights reserved (CC BY-NC);",2,cc_by_nc
"Photo: (c) brettlau, some rights reserved (CC BY-NC);",2,cc_by_nc
"Photo: (c) bridget_h, some rights reserved (CC BY-NC);",2,cc_by_nc
"Photo: (c) bridgethola, some rights reserved (CC BY-NC);",2,cc_by_nc
"Photo: (c) brock05, some rights reserved (CC BY-NC);",2,cc_by_nc
"Photo: (c) brodiefoster, some rights reserved (CC BY-NC);",2,cc_by_nc
"Photo: (c) brokerov, some rights reserved (CC BY-NC);",2,cc_by_nc
"Photo: (c) bulbie, some rights reserved (CC BY-NC);",2,cc_by_nc
"Photo: (c) bumblebeeflight, some rights reserved (CC BY-NC);",2,cc_by_nc
"Photo: (c) bungert, some rights reserved (CC BY-NC);",2,cc_by_nc
"Photo: (c) burkey, some rights reserved (CC BY-NC);",2,cc_by_nc
"Photo: (c) bushbabieschildcare, some rights reserved (CC BY-NC);",2,cc_by_nc
"Photo: (c) caity13, some rights reserved (CC BY-NC);",2,cc_by_nc
"Photo: (c) caleb_, some rights reserved (CC BY-NC);",2,cc_by_nc
"Photo: (c) cambees, some rights reserved (CC BY-NC);",2,cc_by_nc
"Photo: (c) camfinn, some rights reserved (CC BY-NC);",2,cc_by_nc
"Photo: (c) camron69420, some rights reserved (CC BY-NC);",2,cc_by_nc
"Photo: (c) carolbeeson, some rights reserved (CC BY-NC);",2,cc_by_nc
"Photo: (c) carolinehollow, some rights reserved (CC BY-NC);",2,cc_by_nc
"Photo: (c) carolzone, some rights reserved (CC BY-NC);",2,cc_by_nc
"Photo: (c) carphi, some rights reserved (CC BY-NC);",2,cc_by_nc
"Photo: (c) cassandrarose99, some rights reserved (CC BY-NC);",2,cc_by_nc
"Photo: (c) cat-davis, some rights reserved (CC BY-NC);",2,cc_by_nc
"Photo: (c) cathdungey, some rights reserved (CC BY-NC);",2,cc_by_nc
"Photo: (c) catolo, some rights reserved (CC BY-NC);",2,cc_by_nc
"Photo: (c) catwilson, some rights reserved (CC BY-NC);",2,cc_by_nc
"Photo: (c) cb_malezas, some rights reserved (CC BY-NC);",2,cc_by_nc
"Photo: (c) cc1, some rights reserved (CC BY-NC);",2,cc_by_nc
"Photo: (c) centraltwolife, some rights reserved (CC BY-NC);",2,cc_by_nc
"Photo: (c) cerine27, some rights reserved (CC BY-NC);",2,cc_by_nc
"Photo: (c) chambek, some rights reserved (CC BY-NC);",2,cc_by_nc
"Photo: (c) changko, some rights reserved (CC BY-NC);",2,cc_by_nc
"Photo: (c) chaohan1998, some rights reserved (CC BY-NC);",2,cc_by_nc
"Photo: (c) charliegirl10, some rights reserved (CC BY-NC);",2,cc_by_nc
"Photo: (c) charlottebridger, some rights reserved (CC BY-NC);",2,cc_by_nc
"Photo: (c) chasezane____, some rights reserved (CC BY-NC);",2,cc_by_nc
"Photo: (c) cheyneyb, some rights reserved (CC BY-NC);",2,cc_by_nc
"Photo: (c) chiwi, some rights reserved (CC BY-NC);",2,cc_by_nc
"Photo: (c) chrishh, some rights reserved (CC BY-NC);",2,cc_by_nc
"Photo: (c) chrispronk, some rights reserved (CC BY-NC);",2,cc_by_nc
"Photo: (c) chrisrutledge, some rights reserved (CC BY-NC);",2,cc_by_nc
"Photo: (c) christinejryan, some rights reserved (CC BY-NC);",2,cc_by_nc
"Photo: (c) christinerena, some rights reserved (CC BY-NC);",2,cc_by_nc
"Photo: (c) christopherburwell, some rights reserved (CC BY-NC);",2,cc_by_nc
"Photo: (c) chyna30, some rights reserved (CC BY-NC);",2,cc_by_nc
"Photo: (c) claire_grace83, some rights reserved (CC BY-NC);",2,cc_by_nc
"Photo: (c) claire_waghorn, some rights reserved (CC BY-NC);",2,cc_by_nc
"Photo: (c) clamma, some rights reserved (CC BY-NC);",2,cc_by_nc
"Photo: (c) clarebackes, some rights reserved (CC BY-NC);",2,cc_by_nc
"Photo: (c) claremahoney, some rights reserved (CC BY-NC);",2,cc_by_nc
"Photo: (c) clarencest10, some rights reserved (CC BY-NC);",2,cc_by_nc
"Photo: (c) clemensj, some rights reserved (CC BY-NC);",2,cc_by_nc
"Photo: (c) cmacm, some rights reserved (CC BY-NC);",2,cc_by_nc
"Photo: (c) codstomper, some rights reserved (CC BY-NC);",2,cc_by_nc
"Photo: (c) cody_vr4, some rights reserved (CC BY-NC);",2,cc_by_nc
"Photo: (c) con_bat07, some rights reserved (CC BY-NC);",2,cc_by_nc
"Photo: (c) connormeyburg, some rights reserved (CC BY-NC);",2,cc_by_nc
"Photo: (c) coolcockles221, some rights reserved (CC BY-NC);",2,cc_by_nc
"Photo: (c) copper-red, some rights reserved (CC BY-NC);",2,cc_by_nc
"Photo: (c) coral77, some rights reserved (CC BY-NC);",2,cc_by_nc
"Photo: (c) cottagegarden, some rights reserved (CC BY-NC);",2,cc_by_nc
"Photo: (c) craigdavies, some rights reserved (CC BY-NC);",2,cc_by_nc
"Photo: (c) craigriley, some rights reserved (CC BY-NC);",2,cc_by_nc
"Photo: (c) ctinsley, some rights reserved (CC BY-NC);",2,cc_by_nc
"Photo: (c) ctwolting, some rights reserved (CC BY-NC);",2,cc_by_nc
"Photo: (c) cuba, some rights reserved (CC BY-NC);",2,cc_by_nc
"Photo: (c) curtis1058, some rights reserved (CC BY-NC);",2,cc_by_nc
"Photo: (c) cyanobacc, some rights reserved (CC BY-NC);",2,cc_by_nc
"Photo: (c) d34dw4lk, some rights reserved (CC BY-NC);",2,cc_by_nc
"Photo: (c) d_stewart, some rights reserved (CC BY-NC);",2,cc_by_nc
"Photo: (c) dabra_t, some rights reserved (CC BY-NC);",2,cc_by_nc
"Photo: (c) dahepstarnator, some rights reserved (CC BY-NC);",2,cc_by_nc
"Photo: (c) danharvey, some rights reserved (CC BY-NC);",2,cc_by_nc
"Photo: (c) danitjm, some rights reserved (CC BY-NC);",2,cc_by_nc
"Photo: (c) dann1f, some rights reserved (CC BY-NC);",2,cc_by_nc
"Photo: (c) dannynewcombe, some rights reserved (CC BY-NC);",2,cc_by_nc
"Photo: (c) darrenyates, some rights reserved (CC BY-NC);",2,cc_by_nc
"Photo: (c) dasingh9, some rights reserved (CC BY-NC);",2,cc_by_nc
"Photo: (c) davecheney, some rights reserved (CC BY-NC);",2,cc_by_nc
"Photo: (c) davel06, some rights reserved (CC BY-NC);",2,cc_by_nc
"Photo: (c) daviddoleman, some rights reserved (CC BY-NC);",2,cc_by_nc
"Photo: (c) dawnpalmer, some rights reserved (CC BY-NC);",2,cc_by_nc
"Photo: (c) daywalk, some rights reserved (CC BY-NC);",2,cc_by_nc
"Photo: (c) dbmillar, some rights reserved (CC BY-NC);",2,cc_by_nc
"Photo: (c) debbieh67, some rights reserved (CC BY-NC);",2,cc_by_nc
"Photo: (c) debcraig, some rights reserved (CC BY-NC);",2,cc_by_nc
"Photo: (c) debsparkles, some rights reserved (CC BY-NC);",2,cc_by_nc
"Photo: (c) deleurj, some rights reserved (CC BY-NC);",2,cc_by_nc
"Photo: (c) dengcher, some rights reserved (CC BY-NC);",2,cc_by_nc
"Photo: (c) denisasher, some rights reserved (CC BY-NC);",2,cc_by_nc
"Photo: (c) denise_g, some rights reserved (CC BY-NC);",2,cc_by_nc
"Photo: (c) denisegoodman, some rights reserved (CC BY-NC);",2,cc_by_nc
"Photo: (c) derekbolser, some rights reserved (CC BY-NC);",2,cc_by_nc
"Photo: (c) dhamim, some rights reserved (CC BY-NC);",2,cc_by_nc
"Photo: (c) dianapcurtis, some rights reserved (CC BY-NC);",2,cc_by_nc
"Photo: (c) diane-nz, some rights reserved (CC BY-NC);",2,cc_by_nc
"Photo: (c) dianjenz, some rights reserved (CC BY-NC);",2,cc_by_nc
"Photo: (c) diannejune, some rights reserved (CC BY-NC);",2,cc_by_nc
"Photo: (c) digluon, some rights reserved (CC BY-NC);",2,cc_by_nc
"Photo: (c) docfraser, some rights reserved (CC BY-NC);",2,cc_by_nc
"Photo: (c) doczoe, some rights reserved (CC BY-NC);",2,cc_by_nc
"Photo: (c) dodonidia, some rights reserved (CC BY-NC);",2,cc_by_nc
"Photo: (c) dodsonr, some rights reserved (CC BY-NC);",2,cc_by_nc
"Photo: (c) domival, some rights reserved (CC BY-NC);",2,cc_by_nc
"Photo: (c) don_neale, some rights reserved (CC BY-NC);",2,cc_by_nc
"Photo: (c) dondy, some rights reserved (CC BY-NC);",2,cc_by_nc
"Photo: (c) donmorrison, some rights reserved (CC BY-NC);",2,cc_by_nc
"Photo: (c) dpbrockbank, some rights reserved (CC BY-NC);",2,cc_by_nc
"Photo: (c) drdirtnz, some rights reserved (CC BY-NC);",2,cc_by_nc
"Photo: (c) drees, some rights reserved (CC BY-NC);",2,cc_by_nc
"Photo: (c) dremonfarm, some rights reserved (CC BY-NC);",2,cc_by_nc
"Photo: (c) drreef, some rights reserved (CC BY-NC);",2,cc_by_nc
"Photo: (c) earthseaheidi, some rights reserved (CC BY-NC);",2,cc_by_nc
"Photo: (c) easegill, some rights reserved (CC BY-NC);",2,cc_by_nc
"Photo: (c) ecologirl, some rights reserved (CC BY-NC);",2,cc_by_nc
"Photo: (c) edenliddle, some rights reserved (CC BY-NC);",2,cc_by_nc
"Photo: (c) edhb123, some rights reserved (CC BY-NC);",2,cc_by_nc
"Photo: (c) edjono, some rights reserved (CC BY-NC);",2,cc_by_nc
"Photo: (c) ej_in_nz, some rights reserved (CC BY-NC);",2,cc_by_nc
"Photo: (c) elaisa, some rights reserved (CC BY-NC);",2,cc_by_nc
"Photo: (c) elijah98, some rights reserved (CC BY-NC);",2,cc_by_nc
"Photo: (c) elishahobbs, some rights reserved (CC BY-NC);",2,cc_by_nc
"Photo: (c) ellabella, some rights reserved (CC BY-NC);",2,cc_by_nc
"Photo: (c) ellar, some rights reserved (CC BY-NC);",2,cc_by_nc
"Photo: (c) ellen1945, some rights reserved (CC BY-NC);",2,cc_by_nc
"Photo: (c) ellopoppet, some rights reserved (CC BY-NC);",2,cc_by_nc
"Photo: (c) elsaros, some rights reserved (CC BY-NC);",2,cc_by_nc
"Photo: (c) emily_dawn_young, some rights reserved (CC BY-NC);",2,cc_by_nc
"Photo: (c) emily_ross, some rights reserved (CC BY-NC);",2,cc_by_nc
"Photo: (c) emilydnz, some rights reserved (CC BY-NC);",2,cc_by_nc
"Photo: (c) emilygray79, some rights reserved (CC BY-NC);",2,cc_by_nc
"Photo: (c) emilyhotham, some rights reserved (CC BY-NC);",2,cc_by_nc
"Photo: (c) emz_nz, some rights reserved (CC BY-NC);",2,cc_by_nc
"Photo: (c) erialc1, some rights reserved (CC BY-NC);",2,cc_by_nc
"Photo: (c) escapeart503, some rights reserved (CC BY-NC);",2,cc_by_nc
"Photo: (c) ethanyo, some rights reserved (CC BY-NC);",2,cc_by_nc
"Photo: (c) evaeats, some rights reserved (CC BY-NC);",2,cc_by_nc
"Photo: (c) evansk2, some rights reserved (CC BY-NC);",2,cc_by_nc
"Photo: (c) evapbm, some rights reserved (CC BY-NC);",2,cc_by_nc
"Photo: (c) eyreboss, some rights reserved (CC BY-NC);",2,cc_by_nc
"Photo: (c) fabtk, some rights reserved (CC BY-NC);",2,cc_by_nc
"Photo: (c) faejma, some rights reserved (CC BY-NC);",2,cc_by_nc
"Photo: (c) faye444, some rights reserved (CC BY-NC);",2,cc_by_nc
"Photo: (c) fbd_monitoring, some rights reserved (CC BY-NC);",2,cc_by_nc
"Photo: (c) fee, some rights reserved (CC BY-NC);",2,cc_by_nc
"Photo: (c) feickertk, some rights reserved (CC BY-NC);",2,cc_by_nc
"Photo: (c) felicitythomas, some rights reserved (CC BY-NC);",2,cc_by_nc
"Photo: (c) fergussutherland, some rights reserved (CC BY-NC);",2,cc_by_nc
"Photo: (c) fernbird, some rights reserved (CC BY-NC);",2,cc_by_nc
"Photo: (c) fieldd, some rights reserved (CC BY-NC);",2,cc_by_nc
"Photo: (c) fillbridge, some rights reserved (CC BY-NC);",2,cc_by_nc
"Photo: (c) finnelope, some rights reserved (CC BY-NC);",2,cc_by_nc
"Photo: (c) fionag, some rights reserved (CC BY-NC);",2,cc_by_nc
"Photo: (c) fionie, some rights reserved (CC BY-NC);",2,cc_by_nc
"Photo: (c) fkf, some rights reserved (CC BY-NC);",2,cc_by_nc
"Photo: (c) flamingohc, some rights reserved (CC BY-NC);",2,cc_by_nc
"Photo: (c) followthefez, some rights reserved (CC BY-NC);",2,cc_by_nc
"Photo: (c) forisecotours, some rights reserved (CC BY-NC);",2,cc_by_nc
"Photo: (c) founders2, some rights reserved (CC BY-NC);",2,cc_by_nc
"Photo: (c) foxmeyer, some rights reserved (CC BY-NC);",2,cc_by_nc
"Photo: (c) franklion, some rights reserved (CC BY-NC);",2,cc_by_nc
"Photo: (c) franthorsen, some rights reserved (CC BY-NC);",2,cc_by_nc
"Photo: (c) frase, some rights reserved (CC BY-NC);",2,cc_by_nc
"Photo: (c) frogling, some rights reserved (CC BY-NC);",2,cc_by_nc
"Photo: (c) froozely, some rights reserved (CC BY-NC);",2,cc_by_nc
"Photo: (c) fungasauras, some rights reserved (CC BY-NC);",2,cc_by_nc
"Photo: (c) gamjim, some rights reserved (CC BY-NC);",2,cc_by_nc
"Photo: (c) garryhill, some rights reserved (CC BY-NC);",2,cc_by_nc
"Photo: (c) gavinlangphotography, some rights reserved (CC BY-NC);",2,cc_by_nc
"Photo: (c) gcoleman, some rights reserved (CC BY-NC);",2,cc_by_nc
"Photo: (c) gecko_1_2_3, some rights reserved (CC BY-NC);",2,cc_by_nc
"Photo: (c) geefamily, some rights reserved (CC BY-NC);",2,cc_by_nc
"Photo: (c) gemback17, some rights reserved (CC BY-NC);",2,cc_by_nc
"Photo: (c) geoffdallas, some rights reserved (CC BY-NC);",2,cc_by_nc
"Photo: (c) geoffrey-marshall, some rights reserved (CC BY-NC);",2,cc_by_nc
"Photo: (c) georgia_spi, some rights reserved (CC BY-NC);",2,cc_by_nc
"Photo: (c) georgiacavander, some rights reserved (CC BY-NC);",2,cc_by_nc
"Photo: (c) gillei, some rights reserved (CC BY-NC);",2,cc_by_nc
"Photo: (c) ginab, some rights reserved (CC BY-NC);",2,cc_by_nc
"Photo: (c) girlmonstrosity, some rights reserved (CC BY-NC);",2,cc_by_nc
"Photo: (c) glacierecotours17, some rights reserved (CC BY-NC);",2,cc_by_nc
"Photo: (c) glass07, some rights reserved (CC BY-NC);",2,cc_by_nc
"Photo: (c) gleeks, some rights reserved (CC BY-NC);",2,cc_by_nc
"Photo: (c) glentregurtha, some rights reserved (CC BY-NC);",2,cc_by_nc
"Photo: (c) glynne, some rights reserved (CC BY-NC);",2,cc_by_nc
"Photo: (c) gordon123, some rights reserved (CC BY-NC);",2,cc_by_nc
"Photo: (c) gorge, some rights reserved (CC BY-NC);",2,cc_by_nc
"Photo: (c) grace-haeata, some rights reserved (CC BY-NC);",2,cc_by_nc
"Photo: (c) gracenghm, some rights reserved (CC BY-NC);",2,cc_by_nc
"Photo: (c) grahamtownsend, some rights reserved (CC BY-NC);",2,cc_by_nc
"Photo: (c) grannyliz, some rights reserved (CC BY-NC);",2,cc_by_nc
"Photo: (c) granto, some rights reserved (CC BY-NC);",2,cc_by_nc
"Photo: (c) grantrouge, some rights reserved (CC BY-NC);",2,cc_by_nc
"Photo: (c) greenblue, some rights reserved (CC BY-NC);",2,cc_by_nc
"Photo: (c) greenfrog, some rights reserved (CC BY-NC);",2,cc_by_nc
"Photo: (c) group_1, some rights reserved (CC BY-NC);",2,cc_by_nc
"Photo: (c) growupdavies, some rights reserved (CC BY-NC);",2,cc_by_nc
"Photo: (c) gunson, some rights reserved (CC BY-NC);",2,cc_by_nc
"Photo: (c) guzman9a, some rights reserved (CC BY-NC);",2,cc_by_nc
"Photo: (c) hamegray, some rights reserved (CC BY-NC);",2,cc_by_nc
"Photo: (c) hamishsutton, some rights reserved (CC BY-NC);",2,cc_by_nc
"Photo: (c) hamram, some rights reserved (CC BY-NC);",2,cc_by_nc
"Photo: (c) hanani, some rights reserved (CC BY-NC);",2,cc_by_nc
"Photo: (c) hannahm94, some rights reserved (CC BY-NC);",2,cc_by_nc
"Photo: (c) happykiwis, some rights reserved (CC BY-NC);",2,cc_by_nc
"Photo: (c) harbeee2017, some rights reserved (CC BY-NC);",2,cc_by_nc
"Photo: (c) harrier_talon, some rights reserved (CC BY-NC);",2,cc_by_nc
"Photo: (c) harryj, some rights reserved (CC BY-NC);",2,cc_by_nc
"Photo: (c) hayley_21, some rights reserved (CC BY-NC);",2,cc_by_nc
"Photo: (c) hbutler, some rights reserved (CC BY-NC);",2,cc_by_nc
"Photo: (c) hearleym, some rights reserved (CC BY-NC);",2,cc_by_nc
"Photo: (c) helenawaroa, some rights reserved (CC BY-NC);",2,cc_by_nc
"Photo: (c) helencrick, some rights reserved (CC BY-NC);",2,cc_by_nc
"Photo: (c) helenlindsay, some rights reserved (CC BY-NC);",2,cc_by_nc
"Photo: (c) helmineo, some rights reserved (CC BY-NC);",2,cc_by_nc
"Photo: (c) helsi, some rights reserved (CC BY-NC);",2,cc_by_nc
"Photo: (c) hennyvv, some rights reserved (CC BY-NC);",2,cc_by_nc
"Photo: (c) heron28, some rights reserved (CC BY-NC);",2,cc_by_nc
"Photo: (c) hewittj, some rights reserved (CC BY-NC);",2,cc_by_nc
"Photo: (c) hfromont, some rights reserved (CC BY-NC);",2,cc_by_nc
"Photo: (c) hilaryc1, some rights reserved (CC BY-NC);",2,cc_by_nc
"Photo: (c) hkilber, some rights reserved (CC BY-NC);",2,cc_by_nc
"Photo: (c) hody, some rights reserved (CC BY-NC);",2,cc_by_nc
"Photo: (c) hoggard, some rights reserved (CC BY-NC);",2,cc_by_nc
"Photo: (c) holly_costello, some rights reserved (CC BY-NC);",2,cc_by_nc
"Photo: (c) hollyjane, some rights reserved (CC BY-NC);",2,cc_by_nc
"Photo: (c) hollyrainey, some rights reserved (CC BY-NC);",2,cc_by_nc
"Photo: (c) holmanp, some rights reserved (CC BY-NC);",2,cc_by_nc
"Photo: (c) hooi260599, some rights reserved (CC BY-NC);",2,cc_by_nc
"Photo: (c) hootsmon, some rights reserved (CC BY-NC);",2,cc_by_nc
"Photo: (c) hoverflyhabitats, some rights reserved (CC BY-NC);",2,cc_by_nc
"Photo: (c) hrob, some rights reserved (CC BY-NC);",2,cc_by_nc
"Photo: (c) hungarian_hippos, some rights reserved (CC BY-NC);",2,cc_by_nc
"Photo: (c) i4flair, some rights reserved (CC BY-NC);",2,cc_by_nc
"Photo: (c) ianandrea, some rights reserved (CC BY-NC);",2,cc_by_nc
"Photo: (c) iangoodwin, some rights reserved (CC BY-NC);",2,cc_by_nc
"Photo: (c) ianmcl, some rights reserved (CC BY-NC);",2,cc_by_nc
"Photo: (c) iantfulton, some rights reserved (CC BY-NC);",2,cc_by_nc
"Photo: (c) idm35, some rights reserved (CC BY-NC);",2,cc_by_nc
"Photo: (c) ilivia, some rights reserved (CC BY-NC);",2,cc_by_nc
"Photo: (c) imagegen, some rights reserved (CC BY-NC);",2,cc_by_nc
"Photo: (c) inanga, some rights reserved (CC BY-NC);",2,cc_by_nc
"Photo: (c) inf_sup_bus, some rights reserved (CC BY-NC);",2,cc_by_nc
"Photo: (c) innocenzat, some rights reserved (CC BY-NC);",2,cc_by_nc
"Photo: (c) ipv89, some rights reserved (CC BY-NC);",2,cc_by_nc
"Photo: (c) iquinn, some rights reserved (CC BY-NC);",2,cc_by_nc
"Photo: (c) ishmaele, some rights reserved (CC BY-NC);",2,cc_by_nc
"Photo: (c) isihac, some rights reserved (CC BY-NC);",2,cc_by_nc
"Photo: (c) islandwildlifespotters, some rights reserved (CC BY-NC);",2,cc_by_nc
"Photo: (c) itsjust_zoe64255, some rights reserved (CC BY-NC);",2,cc_by_nc
"Photo: (c) itsmem8, some rights reserved (CC BY-NC);",2,cc_by_nc
"Photo: (c) itsnotadwin21, some rights reserved (CC BY-NC);",2,cc_by_nc
"Photo: (c) ixerba, some rights reserved (CC BY-NC);",2,cc_by_nc
"Photo: (c) jack2012nz, some rights reserved (CC BY-NC);",2,cc_by_nc
"Photo: (c) jackfrosty, some rights reserved (CC BY-NC);",2,cc_by_nc
"Photo: (c) jacqui, some rights reserved (CC BY-NC);",2,cc_by_nc
"Photo: (c) jagurooo, some rights reserved (CC BY-NC);",2,cc_by_nc
"Photo: (c) jakeei, some rights reserved (CC BY-NC);",2,cc_by_nc
"Photo: (c) jalucas, some rights reserved (CC BY-NC);",2,cc_by_nc
"Photo: (c) jamesrussell, some rights reserved (CC BY-NC);",2,cc_by_nc
"Photo: (c) jamie_murphy, some rights reserved (CC BY-NC);",2,cc_by_nc
"Photo: (c) jamiemaister, some rights reserved (CC BY-NC);",2,cc_by_nc
"Photo: (c) jamst, some rights reserved (CC BY-NC);",2,cc_by_nc
"Photo: (c) janecoulter, some rights reserved (CC BY-NC);",2,cc_by_nc
"Photo: (c) janeyg24, some rights reserved (CC BY-NC);",2,cc_by_nc
"Photo: (c) janissykes, some rights reserved (CC BY-NC);",2,cc_by_nc
"Photo: (c) jayttren, some rights reserved (CC BY-NC);",2,cc_by_nc
"Photo: (c) jbuild, some rights reserved (CC BY-NC);",2,cc_by_nc
"Photo: (c) jclcnature, some rights reserved (CC BY-NC);",2,cc_by_nc
"Photo: (c) jcripps25, some rights reserved (CC BY-NC);",2,cc_by_nc
"Photo: (c) jdcamilleri82, some rights reserved (CC BY-NC);",2,cc_by_nc
"Photo: (c) jdlady, some rights reserved (CC BY-NC);",2,cc_by_nc
"Photo: (c) jdv, some rights reserved (CC BY-NC);",2,cc_by_nc
"Photo: (c) jeancee, some rights reserved (CC BY-NC);",2,cc_by_nc
"Photo: (c) jeantompkins, some rights reserved (CC BY-NC);",2,cc_by_nc
"Photo: (c) jeanwilkins110, some rights reserved (CC BY-NC);",2,cc_by_nc
"Photo: (c) jellybeancat, some rights reserved (CC BY-NC);",2,cc_by_nc
"Photo: (c) jemmarosie, some rights reserved (CC BY-NC);",2,cc_by_nc
"Photo: (c) jenflem, some rights reserved (CC BY-NC);",2,cc_by_nc
"Photo: (c) jennetho, some rights reserved (CC BY-NC);",2,cc_by_nc
"Photo: (c) jennifer1125, some rights reserved (CC BY-NC);",2,cc_by_nc
"Photo: (c) jennymcsweeney, some rights reserved (CC BY-NC);",2,cc_by_nc
"Photo: (c) jeremyvillacorta, some rights reserved (CC BY-NC);",2,cc_by_nc
"Photo: (c) jess0101, some rights reserved (CC BY-NC);",2,cc_by_nc
"Photo: (c) jess_nugteren, some rights reserved (CC BY-NC);",2,cc_by_nc
"Photo: (c) jessicam181, some rights reserved (CC BY-NC);",2,cc_by_nc
"Photo: (c) jessob, some rights reserved (CC BY-NC);",2,cc_by_nc
"Photo: (c) jethro555, some rights reserved (CC BY-NC);",2,cc_by_nc
"Photo: (c) jfripp, some rights reserved (CC BY-NC);",2,cc_by_nc
"Photo: (c) jh-t, some rights reserved (CC BY-NC);",2,cc_by_nc
"Photo: (c) jiaminhe, some rights reserved (CC BY-NC);",2,cc_by_nc
"Photo: (c) jijopariyarathu, some rights reserved (CC BY-NC);",2,cc_by_nc
"Photo: (c) jimmorrison3, some rights reserved (CC BY-NC);",2,cc_by_nc
"Photo: (c) jmp5832, some rights reserved (CC BY-NC);",2,cc_by_nc
"Photo: (c) joannebowe, some rights reserved (CC BY-NC);",2,cc_by_nc
"Photo: (c) jodi_rees, some rights reserved (CC BY-NC);",2,cc_by_nc
"Photo: (c) jodier, some rights reserved (CC BY-NC);",2,cc_by_nc
"Photo: (c) joe_bliss, some rights reserved (CC BY-NC);",2,cc_by_nc
"Photo: (c) joelshenton, some rights reserved (CC BY-NC);",2,cc_by_nc
"Photo: (c) jofitness, some rights reserved (CC BY-NC);",2,cc_by_nc
"Photo: (c) johanmendonca20, some rights reserved (CC BY-NC);",2,cc_by_nc
"Photo: (c) johay, some rights reserved (CC BY-NC);",2,cc_by_nc
"Photo: (c) johnlaurence, some rights reserved (CC BY-NC);",2,cc_by_nc
"Photo: (c) jonesml, some rights reserved (CC BY-NC);",2,cc_by_nc
"Photo: (c) joniav, some rights reserved (CC BY-NC);",2,cc_by_nc
"Photo: (c) jordieplunkett, some rights reserved (CC BY-NC);",2,cc_by_nc
"Photo: (c) joshua-d, some rights reserved (CC BY-NC);",2,cc_by_nc
"Photo: (c) jthanderson, some rights reserved (CC BY-NC);",2,cc_by_nc
"Photo: (c) juliedee, some rights reserved (CC BY-NC);",2,cc_by_nc
"Photo: (c) julioriviera, some rights reserved (CC BY-NC);",2,cc_by_nc
"Photo: (c) jumping-spider, some rights reserved (CC BY-NC);",2,cc_by_nc
"Photo: (c) junlinanda, some rights reserved (CC BY-NC);",2,cc_by_nc
"Photo: (c) justb123, some rights reserved (CC BY-NC);",2,cc_by_nc
"Photo: (c) jwang007, some rights reserved (CC BY-NC);",2,cc_by_nc
"Photo: (c) kadshead, some rights reserved (CC BY-NC);",2,cc_by_nc
"Photo: (c) kahunui, some rights reserved (CC BY-NC);",2,cc_by_nc
"Photo: (c) kaitirotiro, some rights reserved (CC BY-NC);",2,cc_by_nc
"Photo: (c) kakariki123, some rights reserved (CC BY-NC);",2,cc_by_nc
"Photo: (c) kakariki88, some rights reserved (CC BY-NC);",2,cc_by_nc
"Photo: (c) kanuka_house, some rights reserved (CC BY-NC);",2,cc_by_nc
"Photo: (c) karendynamo, some rights reserved (CC BY-NC);",2,cc_by_nc
"Photo: (c) kate, some rights reserved (CC BY-NC);",2,cc_by_nc
"Photo: (c) kate_curtis42, some rights reserved (CC BY-NC);",2,cc_by_nc
"Photo: (c) kateday12345, some rights reserved (CC BY-NC);",2,cc_by_nc
"Photo: (c) kathandmatt, some rights reserved (CC BY-NC);",2,cc_by_nc
"Photo: (c) katharinehalberg, some rights reserved (CC BY-NC);",2,cc_by_nc
"Photo: (c) kathymccorm, some rights reserved (CC BY-NC);",2,cc_by_nc
"Photo: (c) katielavers, some rights reserved (CC BY-NC);",2,cc_by_nc
"Photo: (c) kay123, some rights reserved (CC BY-NC);",2,cc_by_nc
"Photo: (c) keith_king, some rights reserved (CC BY-NC);",2,cc_by_nc
"Photo: (c) kereru1, some rights reserved (CC BY-NC);",2,cc_by_nc
"Photo: (c) kerryburfoot, some rights reserved (CC BY-NC);",2,cc_by_nc
"Photo: (c) kez8, some rights reserved (CC BY-NC);",2,cc_by_nc
"Photo: (c) kgtsian, some rights reserved (CC BY-NC);",2,cc_by_nc
"Photo: (c) kilcken, some rights reserved (CC BY-NC);",2,cc_by_nc
"Photo: (c) kiltannen, some rights reserved (CC BY-NC);",2,cc_by_nc
"Photo: (c) kippy, some rights reserved (CC BY-NC);",2,cc_by_nc
"Photo: (c) kiricat, some rights reserved (CC BY-NC);",2,cc_by_nc
"Photo: (c) kitt, some rights reserved (CC BY-NC);",2,cc_by_nc
"Photo: (c) kiwidebbie, some rights reserved (CC BY-NC);",2,cc_by_nc
"Photo: (c) kiwispoon, some rights reserved (CC BY-NC);",2,cc_by_nc
"Photo: (c) kiwisue, some rights reserved (CC BY-NC);",2,cc_by_nc
"Photo: (c) kohatutaka, some rights reserved (CC BY-NC);",2,cc_by_nc
"Photo: (c) kowhaitreehugger, some rights reserved (CC BY-NC);",2,cc_by_nc
"Photo: (c) kpesavento, some rights reserved (CC BY-NC);",2,cc_by_nc
"Photo: (c) kpnz, some rights reserved (CC BY-NC);",2,cc_by_nc
"Photo: (c) kratsmij, some rights reserved (CC BY-NC);",2,cc_by_nc
"Photo: (c) krillin-it, some rights reserved (CC BY-NC);",2,cc_by_nc
"Photo: (c) ktan2021, some rights reserved (CC BY-NC);",2,cc_by_nc
"Photo: (c) kvarcoe, some rights reserved (CC BY-NC);",2,cc_by_nc
"Photo: (c) kymiri, some rights reserved (CC BY-NC);",2,cc_by_nc
"Photo: (c) l_l_l_l, some rights reserved (CC BY-NC);",2,cc_by_nc
"Photo: (c) labgroup5, some rights reserved (CC BY-NC);",2,cc_by_nc
"Photo: (c) ladleyk, some rights reserved (CC BY-NC);",2,cc_by_nc
"Photo: (c) ladyjanedanger, some rights reserved (CC BY-NC);",2,cc_by_nc
"Photo: (c) lancemjohnson, some rights reserved (CC BY-NC);",2,cc_by_nc
"Photo: (c) lange2, some rights reserved (CC BY-NC);",2,cc_by_nc
"Photo: (c) larissadavies, some rights reserved (CC BY-NC);",2,cc_by_nc
"Photo: (c) laughinglions, some rights reserved (CC BY-NC);",2,cc_by_nc
"Photo: (c) laurawitty, some rights reserved (CC BY-NC);",2,cc_by_nc
"Photo: (c) lawwhanau, some rights reserved (CC BY-NC);",2,cc_by_nc
"Photo: (c) laxgliscor, some rights reserved (CC BY-NC);",2,cc_by_nc
"Photo: (c) leahs18, some rights reserved (CC BY-NC);",2,cc_by_nc
"Photo: (c) led, some rights reserved (CC BY-NC);",2,cc_by_nc
"Photo: (c) legjo856, some rights reserved (CC BY-NC);",2,cc_by_nc
"Photo: (c) leightam, some rights reserved (CC BY-NC);",2,cc_by_nc
"Photo: (c) leoleo, some rights reserved (CC BY-NC);",2,cc_by_nc
"Photo: (c) leonperrie, some rights reserved (CC BY-NC);",2,cc_by_nc
"Photo: (c) leovg, some rights reserved (CC BY-NC);",2,cc_by_nc
"Photo: (c) libbyrosek, some rights reserved (CC BY-NC);",2,cc_by_nc
"Photo: (c) lilykf, some rights reserved (CC BY-NC);",2,cc_by_nc
"Photo: (c) lindaf, some rights reserved (CC BY-NC);",2,cc_by_nc
"Photo: (c) lindy, some rights reserved (CC BY-NC);",2,cc_by_nc
"Photo: (c) lisa2009, some rights reserved (CC BY-NC);",2,cc_by_nc
"Photo: (c) lisahg, some rights reserved (CC BY-NC);",2,cc_by_nc
"Photo: (c) lisamichelle, some rights reserved (CC BY-NC);",2,cc_by_nc
"Photo: (c) lissajk, some rights reserved (CC BY-NC);",2,cc_by_nc
"Photo: (c) little_dave, some rights reserved (CC BY-NC);",2,cc_by_nc
"Photo: (c) littlekiwis, some rights reserved (CC BY-NC);",2,cc_by_nc
"Photo: (c) littletiki, some rights reserved (CC BY-NC);",2,cc_by_nc
"Photo: (c) lizzie55, some rights reserved (CC BY-NC);",2,cc_by_nc
"Photo: (c) lizzielou48, some rights reserved (CC BY-NC);",2,cc_by_nc
"Photo: (c) llydia, some rights reserved (CC BY-NC);",2,cc_by_nc
"Photo: (c) lochheart, some rights reserved (CC BY-NC);",2,cc_by_nc
"Photo: (c) lolasarrot, some rights reserved (CC BY-NC);",2,cc_by_nc
"Photo: (c) lottemac, some rights reserved (CC BY-NC);",2,cc_by_nc
"Photo: (c) lottysing, some rights reserved (CC BY-NC);",2,cc_by_nc
"Photo: (c) lotusloverr, some rights reserved (CC BY-NC);",2,cc_by_nc
"Photo: (c) louisebou, some rights reserved (CC BY-NC);",2,cc_by_nc
"Photo: (c) louisehennessy, some rights reserved (CC BY-NC);",2,cc_by_nc
"Photo: (c) louiseschick, some rights reserved (CC BY-NC);",2,cc_by_nc
"Photo: (c) lpemary, some rights reserved (CC BY-NC);",2,cc_by_nc
"Photo: (c) lunagrey, some rights reserved (CC BY-NC);",2,cc_by_nc
"Photo: (c) lydiatitterton, some rights reserved (CC BY-NC);",2,cc_by_nc
"Photo: (c) lynnehuggins, some rights reserved (CC BY-NC);",2,cc_by_nc
"Photo: (c) lynnes, some rights reserved (CC BY-NC);",2,cc_by_nc
"Photo: (c) m_paul, some rights reserved (CC BY-NC);",2,cc_by_nc
"Photo: (c) macapaca, some rights reserved (CC BY-NC);",2,cc_by_nc
"Photo: (c) macrob, some rights reserved (CC BY-NC);",2,cc_by_nc
"Photo: (c) maddie27, some rights reserved (CC BY-NC);",2,cc_by_nc
"Photo: (c) madizusak, some rights reserved (CC BY-NC);",2,cc_by_nc
"Photo: (c) maebelline, some rights reserved (CC BY-NC);",2,cc_by_nc
"Photo: (c) maggs_hagan, some rights reserved (CC BY-NC);",2,cc_by_nc
"Photo: (c) maia105, some rights reserved (CC BY-NC);",2,cc_by_nc
"Photo: (c) mako9, some rights reserved (CC BY-NC);",2,cc_by_nc
"Photo: (c) malletrj, some rights reserved (CC BY-NC);",2,cc_by_nc
"Photo: (c) manaia, some rights reserved (CC BY-NC);",2,cc_by_nc
"Photo: (c) manawanuijones23, some rights reserved (CC BY-NC);",2,cc_by_nc
"Photo: (c) manicmanatees, some rights reserved (CC BY-NC);",2,cc_by_nc
"Photo: (c) maningle, some rights reserved (CC BY-NC);",2,cc_by_nc
"Photo: (c) marandithomas, some rights reserved (CC BY-NC);",2,cc_by_nc
"Photo: (c) mareeba, some rights reserved (CC BY-NC);",2,cc_by_nc
"Photo: (c) marfleets, some rights reserved (CC BY-NC);",2,cc_by_nc
"Photo: (c) marginoferror, some rights reserved (CC BY-NC);",2,cc_by_nc
"Photo: (c) margot_oorebeek, some rights reserved (CC BY-NC);",2,cc_by_nc
"Photo: (c) mariaxche, some rights reserved (CC BY-NC);",2,cc_by_nc
"Photo: (c) mariedoorbar, some rights reserved (CC BY-NC);",2,cc_by_nc
"Photo: (c) marine-studies, some rights reserved (CC BY-NC);",2,cc_by_nc
"Photo: (c) mariusbron, some rights reserved (CC BY-NC);",2,cc_by_nc
"Photo: (c) mark-mitchell, some rights reserved (CC BY-NC);",2,cc_by_nc
"Photo: (c) markusjmilne, some rights reserved (CC BY-NC);",2,cc_by_nc
"Photo: (c) marsdenpinksparkles, some rights reserved (CC BY-NC);",2,cc_by_nc
"Photo: (c) martinhill, some rights reserved (CC BY-NC);",2,cc_by_nc
"Photo: (c) martinot, some rights reserved (CC BY-NC);",2,cc_by_nc
"Photo: (c) maryhnz, some rights reserved (CC BY-NC);",2,cc_by_nc
"Photo: (c) maryroberts99, some rights reserved (CC BY-NC);",2,cc_by_nc
"Photo: (c) mataiherb, some rights reserved (CC BY-NC);",2,cc_by_nc
"Photo: (c) matatron, some rights reserved (CC BY-NC);",2,cc_by_nc
"Photo: (c) mattcalder, some rights reserved (CC BY-NC);",2,cc_by_nc
"Photo: (c) matteomatteo, some rights reserved (CC BY-NC);",2,cc_by_nc
"Photo: (c) mattsbarnett, some rights reserved (CC BY-NC);",2,cc_by_nc
"Photo: (c) maxc-s, some rights reserved (CC BY-NC);",2,cc_by_nc
"Photo: (c) maxnoller, some rights reserved (CC BY-NC);",2,cc_by_nc
"Photo: (c) mcclymontr, some rights reserved (CC BY-NC);",2,cc_by_nc
"Photo: (c) mcgeezer, some rights reserved (CC BY-NC);",2,cc_by_nc
"Photo: (c) mcnamaral, some rights reserved (CC BY-NC);",2,cc_by_nc
"Photo: (c) meegsv, some rights reserved (CC BY-NC);",2,cc_by_nc
"Photo: (c) megmac, some rights reserved (CC BY-NC);",2,cc_by_nc
"Photo: (c) mehrashk, some rights reserved (CC BY-NC);",2,cc_by_nc
"Photo: (c) mehunt, some rights reserved (CC BY-NC);",2,cc_by_nc
"Photo: (c) melissaai, some rights reserved (CC BY-NC);",2,cc_by_nc
"Photo: (c) melzi, some rights reserved (CC BY-NC);",2,cc_by_nc
"Photo: (c) meowx, some rights reserved (CC BY-NC);",2,cc_by_nc
"Photo: (c) merrin13, some rights reserved (CC BY-NC);",2,cc_by_nc
"Photo: (c) michael_kolff, some rights reserved (CC BY-NC);",2,cc_by_nc
"Photo: (c) michaeljamescameron, some rights reserved (CC BY-NC);",2,cc_by_nc
"Photo: (c) mikahmiller, some rights reserved (CC BY-NC);",2,cc_by_nc
"Photo: (c) millerez, some rights reserved (CC BY-NC);",2,cc_by_nc
"Photo: (c) millymp, some rights reserved (CC BY-NC);",2,cc_by_nc
"Photo: (c) mingblue, some rights reserved (CC BY-NC);",2,cc_by_nc
"Photo: (c) miriana, some rights reserved (CC BY-NC);",2,cc_by_nc
"Photo: (c) miromiro, some rights reserved (CC BY-NC);",2,cc_by_nc
"Photo: (c) misskk, some rights reserved (CC BY-NC);",2,cc_by_nc
"Photo: (c) mitch_lincoln, some rights reserved (CC BY-NC);",2,cc_by_nc
"Photo: (c) mittenhunter, some rights reserved (CC BY-NC);",2,cc_by_nc
"Photo: (c) mizachoo, some rights reserved (CC BY-NC);",2,cc_by_nc
"Photo: (c) mje, some rights reserved (CC BY-NC);",2,cc_by_nc
"Photo: (c) mjggines, some rights reserved (CC BY-NC);",2,cc_by_nc
"Photo: (c) mmraulag, some rights reserved (CC BY-NC);",2,cc_by_nc
"Photo: (c) mogadog, some rights reserved (CC BY-NC);",2,cc_by_nc
"Photo: (c) mohininz, some rights reserved (CC BY-NC);",2,cc_by_nc
"Photo: (c) moirab, some rights reserved (CC BY-NC);",2,cc_by_nc
"Photo: (c) molniya, some rights reserved (CC BY-NC);",2,cc_by_nc
"Photo: (c) mononymous, some rights reserved (CC BY-NC);",2,cc_by_nc
"Photo: (c) mooley, some rights reserved (CC BY-NC);",2,cc_by_nc
"Photo: (c) moominmarmotta, some rights reserved (CC BY-NC);",2,cc_by_nc
"Photo: (c) mortenbn, some rights reserved (CC BY-NC);",2,cc_by_nc
"Photo: (c) mothe, some rights reserved (CC BY-NC);",2,cc_by_nc
"Photo: (c) mother90, some rights reserved (CC BY-NC);",2,cc_by_nc
"Photo: (c) motty996, some rights reserved (CC BY-NC);",2,cc_by_nc
"Photo: (c) motu, some rights reserved (CC BY-NC);",2,cc_by_nc
"Photo: (c) mpat176, some rights reserved (CC BY-NC);",2,cc_by_nc
"Photo: (c) mrj3, some rights reserved (CC BY-NC);",2,cc_by_nc
"Photo: (c) mrking009, some rights reserved (CC BY-NC);",2,cc_by_nc
"Photo: (c) mrssp, some rights reserved (CC BY-NC);",2,cc_by_nc
"Photo: (c) mscarrott, some rights reserved (CC BY-NC);",2,cc_by_nc
"Photo: (c) msmopa, some rights reserved (CC BY-NC);",2,cc_by_nc
"Photo: (c) mucous, some rights reserved (CC BY-NC);",2,cc_by_nc
"Photo: (c) mujti391, some rights reserved (CC BY-NC);",2,cc_by_nc
"Photo: (c) muzhall, some rights reserved (CC BY-NC);",2,cc_by_nc
"Photo: (c) mweawatt, some rights reserved (CC BY-NC);",2,cc_by_nc
"Photo: (c) naidan, some rights reserved (CC BY-NC);",2,cc_by_nc
"Photo: (c) naomihc, some rights reserved (CC BY-NC);",2,cc_by_nc
"Photo: (c) nathanwakley, some rights reserved (CC BY-NC);",2,cc_by_nc
"Photo: (c) nattur11, some rights reserved (CC BY-NC);",2,cc_by_nc
"Photo: (c) naturalostnz, some rights reserved (CC BY-NC);",2,cc_by_nc
"Photo: (c) naturealley, some rights reserved (CC BY-NC);",2,cc_by_nc
"Photo: (c) nayland, some rights reserved (CC BY-NC);",2,cc_by_nc
"Photo: (c) neilcarroll, some rights reserved (CC BY-NC);",2,cc_by_nc
"Photo: (c) nelliepb, some rights reserved (CC BY-NC);",2,cc_by_nc
"Photo: (c) nelsonedmonds, some rights reserved (CC BY-NC);",2,cc_by_nc
"Photo: (c) nerdszool221, some rights reserved (CC BY-NC);",2,cc_by_nc
"Photo: (c) nevegantley1, some rights reserved (CC BY-NC);",2,cc_by_nc
"Photo: (c) newlandsintermediate, some rights reserved (CC BY-NC);",2,cc_by_nc
"Photo: (c) nfl68, some rights reserved (CC BY-NC);",2,cc_by_nc
"Photo: (c) ngaihart, some rights reserved (CC BY-NC);",2,cc_by_nc
"Photo: (c) nganley, some rights reserved (CC BY-NC);",2,cc_by_nc
"Photo: (c) nicmoore, some rights reserved (CC BY-NC);",2,cc_by_nc
"Photo: (c) nicolerawhiti, some rights reserved (CC BY-NC);",2,cc_by_nc
"Photo: (c) nicpriestley, some rights reserved (CC BY-NC);",2,cc_by_nc
"Photo: (c) nicsalmond, some rights reserved (CC BY-NC);",2,cc_by_nc
"Photo: (c) nictalis, some rights reserved (CC BY-NC);",2,cc_by_nc
"Photo: (c) nikitabeck22, some rights reserved (CC BY-NC);",2,cc_by_nc
"Photo: (c) nikkiwynen, some rights reserved (CC BY-NC);",2,cc_by_nc
"Photo: (c) nivdub, some rights reserved (CC BY-NC);",2,cc_by_nc
"Photo: (c) noahbentley, some rights reserved (CC BY-NC);",2,cc_by_nc
"Photo: (c) noeloriley, some rights reserved (CC BY-NC);",2,cc_by_nc
"Photo: (c) nrwild, some rights reserved (CC BY-NC);",2,cc_by_nc
"Photo: (c) nwheeler443, some rights reserved (CC BY-NC);",2,cc_by_nc
"Photo: (c) nzfaunaphotographer, some rights reserved (CC BY-NC);",2,cc_by_nc
"Photo: (c) nzlichen, some rights reserved (CC BY-NC);",2,cc_by_nc
"Photo: (c) nznatural, some rights reserved (CC BY-NC);",2,cc_by_nc
"Photo: (c) oaag1993, some rights reserved (CC BY-NC);",2,cc_by_nc
"Photo: (c) odetteanscombesmith, some rights reserved (CC BY-NC);",2,cc_by_nc
"Photo: (c) oemla, some rights reserved (CC BY-NC);",2,cc_by_nc
"Photo: (c) ojm, some rights reserved (CC BY-NC);",2,cc_by_nc
"Photo: (c) olgstei, some rights reserved (CC BY-NC);",2,cc_by_nc
"Photo: (c) oli2909, some rights reserved (CC BY-NC);",2,cc_by_nc
"Photo: (c) oliverarnold, some rights reserved (CC BY-NC);",2,cc_by_nc
"Photo: (c) ollyball, some rights reserved (CC BY-NC);",2,cc_by_nc
"Photo: (c) omataschool, some rights reserved (CC BY-NC);",2,cc_by_nc
"Photo: (c) ommenv, some rights reserved (CC BY-NC);",2,cc_by_nc
"Photo: (c) oneforthebirds_01, some rights reserved (CC BY-NC);",2,cc_by_nc
"Photo: (c) onetahua, some rights reserved (CC BY-NC);",2,cc_by_nc
"Photo: (c) opisthokonta, some rights reserved (CC BY-NC);",2,cc_by_nc
"Photo: (c) otinerum, some rights reserved (CC BY-NC);",2,cc_by_nc
"Photo: (c) otissimo, some rights reserved (CC BY-NC);",2,cc_by_nc
"Photo: (c) ozanne16, some rights reserved (CC BY-NC);",2,cc_by_nc
"Photo: (c) painge, some rights reserved (CC BY-NC);",2,cc_by_nc
"Photo: (c) pamdgs, some rights reserved (CC BY-NC);",2,cc_by_nc
"Photo: (c) pams5473, some rights reserved (CC BY-NC);",2,cc_by_nc
"Photo: (c) parkstrong, some rights reserved (CC BY-NC);",2,cc_by_nc
"Photo: (c) pasdesignal, some rights reserved (CC BY-NC);",2,cc_by_nc
"Photo: (c) pasha12345, some rights reserved (CC BY-NC);",2,cc_by_nc
"Photo: (c) patchby, some rights reserved (CC BY-NC);",2,cc_by_nc
"Photo: (c) patchoo, some rights reserved (CC BY-NC);",2,cc_by_nc
"Photo: (c) patrick_wislon, some rights reserved (CC BY-NC);",2,cc_by_nc
"Photo: (c) patryannz, some rights reserved (CC BY-NC);",2,cc_by_nc
"Photo: (c) paulglenton, some rights reserved (CC BY-NC);",2,cc_by_nc
"Photo: (c) peevee, some rights reserved (CC BY-NC);",2,cc_by_nc
"Photo: (c) pennyclothier, some rights reserved (CC BY-NC);",2,cc_by_nc
"Photo: (c) pepperonii, some rights reserved (CC BY-NC);",2,cc_by_nc
"Photo: (c) perryfr, some rights reserved (CC BY-NC);",2,cc_by_nc
"Photo: (c) persea, some rights reserved (CC BY-NC);",2,cc_by_nc
"Photo: (c) peter_kelly2, some rights reserved (CC BY-NC);",2,cc_by_nc
"Photo: (c) petillav1, some rights reserved (CC BY-NC);",2,cc_by_nc
"Photo: (c) petra, some rights reserved (CC BY-NC);",2,cc_by_nc
"Photo: (c) pgkaestner, some rights reserved (CC BY-NC);",2,cc_by_nc
"Photo: (c) philg, some rights reserved (CC BY-NC);",2,cc_by_nc
"Photo: (c) philipsmith, some rights reserved (CC BY-NC);",2,cc_by_nc
"Photo: (c) philking, some rights reserved (CC BY-NC);",2,cc_by_nc
"Photo: (c) pierre_mascar, some rights reserved (CC BY-NC);",2,cc_by_nc
"Photo: (c) pillowtrout, some rights reserved (CC BY-NC);",2,cc_by_nc
"Photo: (c) piopio, some rights reserved (CC BY-NC);",2,cc_by_nc
"Photo: (c) pipmccormick, some rights reserved (CC BY-NC);",2,cc_by_nc
"Photo: (c) pippabar, some rights reserved (CC BY-NC);",2,cc_by_nc
"Photo: (c) planorbis, some rights reserved (CC BY-NC);",2,cc_by_nc
"Photo: (c) plants_and_aquatics, some rights reserved (CC BY-NC);",2,cc_by_nc
"Photo: (c) pohutukawa, some rights reserved (CC BY-NC);",2,cc_by_nc
"Photo: (c) poleaxe, some rights reserved (CC BY-NC);",2,cc_by_nc
"Photo: (c) poppyshears, some rights reserved (CC BY-NC);",2,cc_by_nc
"Photo: (c) predatorfreewhiriwhiri, some rights reserved (CC BY-NC);",2,cc_by_nc
"Photo: (c) prillan, some rights reserved (CC BY-NC);",2,cc_by_nc
"Photo: (c) pumpkinthecat, some rights reserved (CC BY-NC);",2,cc_by_nc
"Photo: (c) purplehen, some rights reserved (CC BY-NC);",2,cc_by_nc
"Photo: (c) quorumsense, some rights reserved (CC BY-NC);",2,cc_by_nc
"Photo: (c) qwilter, some rights reserved (CC BY-NC);",2,cc_by_nc
"Photo: (c) raatratratt, some rights reserved (CC BY-NC);",2,cc_by_nc
"Photo: (c) rachelbarker, some rights reserved (CC BY-NC);",2,cc_by_nc
"Photo: (c) racheltwomey, some rights reserved (CC BY-NC);",2,cc_by_nc
"Photo: (c) rachilde, some rights reserved (CC BY-NC);",2,cc_by_nc
"Photo: (c) raewynthelibrarian, some rights reserved (CC BY-NC);",2,cc_by_nc
"Photo: (c) raindrops-garden, some rights reserved (CC BY-NC);",2,cc_by_nc
"Photo: (c) rajanes, some rights reserved (CC BY-NC);",2,cc_by_nc
"Photo: (c) ratapikoschool, some rights reserved (CC BY-NC);",2,cc_by_nc
"Photo: (c) ravenc, some rights reserved (CC BY-NC);",2,cc_by_nc
"Photo: (c) raygreen100, some rights reserved (CC BY-NC);",2,cc_by_nc
"Photo: (c) rbell99, some rights reserved (CC BY-NC);",2,cc_by_nc
"Photo: (c) rbray, some rights reserved (CC BY-NC);",2,cc_by_nc
"Photo: (c) rbrodbeck, some rights reserved (CC BY-NC);",2,cc_by_nc
"Photo: (c) rccooper, some rights reserved (CC BY-NC);",2,cc_by_nc
"Photo: (c) rcoveny, some rights reserved (CC BY-NC);",2,cc_by_nc
"Photo: (c) rdwisn, some rights reserved (CC BY-NC);",2,cc_by_nc
"Photo: (c) rebeccabachman, some rights reserved (CC BY-NC);",2,cc_by_nc
"Photo: (c) rebeccaseverowood, some rights reserved (CC BY-NC);",2,cc_by_nc
"Photo: (c) reingered, some rights reserved (CC BY-NC);",2,cc_by_nc
"Photo: (c) reneecornue, some rights reserved (CC BY-NC);",2,cc_by_nc
"Photo: (c) reneehan, some rights reserved (CC BY-NC);",2,cc_by_nc
"Photo: (c) reneeroaming, some rights reserved (CC BY-NC);",2,cc_by_nc
"Photo: (c) reremoana, some rights reserved (CC BY-NC);",2,cc_by_nc
"Photo: (c) reubenandkatie, some rights reserved (CC BY-NC);",2,cc_by_nc
"Photo: (c) rhg19431, some rights reserved (CC BY-NC);",2,cc_by_nc
"Photo: (c) rhinoman, some rights reserved (CC BY-NC);",2,cc_by_nc
"Photo: (c) richarddarlow, some rights reserved (CC BY-NC);",2,cc_by_nc
"Photo: (c) richardu, some rights reserved (CC BY-NC);",2,cc_by_nc
"Photo: (c) richiecam, some rights reserved (CC BY-NC);",2,cc_by_nc
"Photo: (c) rileyrose, some rights reserved (CC BY-NC);",2,cc_by_nc
"Photo: (c) rinap50125, some rights reserved (CC BY-NC);",2,cc_by_nc
"Photo: (c) rk80195, some rights reserved (CC BY-NC);",2,cc_by_nc
"Photo: (c) rmullen, some rights reserved (CC BY-NC);",2,cc_by_nc
"Photo: (c) robeno, some rights reserved (CC BY-NC);",2,cc_by_nc
"Photo: (c) robinlist, some rights reserved (CC BY-NC);",2,cc_by_nc
"Photo: (c) robinww, some rights reserved (CC BY-NC);",2,cc_by_nc
"Photo: (c) roblynley, some rights reserved (CC BY-NC);",2,cc_by_nc
"Photo: (c) robynmartinkemp, some rights reserved (CC BY-NC);",2,cc_by_nc
"Photo: (c) robynwest, some rights reserved (CC BY-NC);",2,cc_by_nc
"Photo: (c) rokslide, some rights reserved (CC BY-NC);",2,cc_by_nc
"Photo: (c) ronames, some rights reserved (CC BY-NC);",2,cc_by_nc
"Photo: (c) ronty, some rights reserved (CC BY-NC);",2,cc_by_nc
"Photo: (c) room17victory, some rights reserved (CC BY-NC);",2,cc_by_nc
"Photo: (c) rose_007, some rights reserved (CC BY-NC);",2,cc_by_nc
"Photo: (c) rosevenus, some rights reserved (CC BY-NC);",2,cc_by_nc
"Photo: (c) rosied, some rights reserved (CC BY-NC);",2,cc_by_nc
"Photo: (c) ross_chambers, some rights reserved (CC BY-NC);",2,cc_by_nc
"Photo: (c) rossj3, some rights reserved (CC BY-NC);",2,cc_by_nc
"Photo: (c) rouwejan, some rights reserved (CC BY-NC);",2,cc_by_nc
"Photo: (c) rowenaw, some rights reserved (CC BY-NC);",2,cc_by_nc
"Photo: (c) rpalanisamy, some rights reserved (CC BY-NC);",2,cc_by_nc
"Photo: (c) rpvo, some rights reserved (CC BY-NC);",2,cc_by_nc
"Photo: (c) ru1935, some rights reserved (CC BY-NC);",2,cc_by_nc
"Photo: (c) ruby_of_young, some rights reserved (CC BY-NC);",2,cc_by_nc
"Photo: (c) ruby_ogden, some rights reserved (CC BY-NC);",2,cc_by_nc
"Photo: (c) rubyalicewheeler, some rights reserved (CC BY-NC);",2,cc_by_nc
"Photo: (c) ruralroamer, some rights reserved (CC BY-NC);",2,cc_by_nc
"Photo: (c) russellm, some rights reserved (CC BY-NC);",2,cc_by_nc
"Photo: (c) rusty3191, some rights reserved (CC BY-NC);",2,cc_by_nc
"Photo: (c) rventela, some rights reserved (CC BY-NC);",2,cc_by_nc
"Photo: (c) rwhyte, some rights reserved (CC BY-NC);",2,cc_by_nc
"Photo: (c) s-j-b, some rights reserved (CC BY-NC);",2,cc_by_nc
"Photo: (c) safdog87, some rights reserved (CC BY-NC);",2,cc_by_nc
"Photo: (c) sakae, some rights reserved (CC BY-NC);",2,cc_by_nc
"Photo: (c) saltydog, some rights reserved (CC BY-NC);",2,cc_by_nc
"Photo: (c) sam193, some rights reserved (CC BY-NC);",2,cc_by_nc
"Photo: (c) samamelie, some rights reserved (CC BY-NC);",2,cc_by_nc
"Photo: (c) samohtxotom, some rights reserved (CC BY-NC);",2,cc_by_nc
"Photo: (c) samvaniersel, some rights reserved (CC BY-NC);",2,cc_by_nc
"Photo: (c) saraheath, some rights reserved (CC BY-NC);",2,cc_by_nc
"Photo: (c) sarahmartin, some rights reserved (CC BY-NC);",2,cc_by_nc
"Photo: (c) sboyed, some rights reserved (CC BY-NC);",2,cc_by_nc
"Photo: (c) sburles, some rights reserved (CC BY-NC);",2,cc_by_nc
"Photo: (c) schudela, some rights reserved (CC BY-NC);",2,cc_by_nc
"Photo: (c) scottrobertson, some rights reserved (CC BY-NC);",2,cc_by_nc
"Photo: (c) scotts, some rights reserved (CC BY-NC);",2,cc_by_nc
"Photo: (c) scrubnick, some rights reserved (CC BY-NC);",2,cc_by_nc
"Photo: (c) seahorses_of_the_world, some rights reserved (CC BY-NC);",2,cc_by_nc
"Photo: (c) sean420, some rights reserved (CC BY-NC);",2,cc_by_nc
"Photo: (c) sebonsafari, some rights reserved (CC BY-NC);",2,cc_by_nc
"Photo: (c) segue, some rights reserved (CC BY-NC);",2,cc_by_nc
"Photo: (c) seruwaia, some rights reserved (CC BY-NC);",2,cc_by_nc
"Photo: (c) seung hee, han, some rights reserved (CC BY-NC);",2,cc_by_nc
"Photo: (c) sfreeman, some rights reserved (CC BY-NC);",2,cc_by_nc
"Photo: (c) shaneharveymikki, some rights reserved (CC BY-NC);",2,cc_by_nc
"Photo: (c) shannnnan, some rights reserved (CC BY-NC);",2,cc_by_nc
"Photo: (c) sharleen, some rights reserved (CC BY-NC);",2,cc_by_nc
"Photo: (c) shdeeves, some rights reserved (CC BY-NC);",2,cc_by_nc
"Photo: (c) sheilac, some rights reserved (CC BY-NC);",2,cc_by_nc
"Photo: (c) shelley7roud, some rights reserved (CC BY-NC);",2,cc_by_nc
"Photo: (c) shepfam, some rights reserved (CC BY-NC);",2,cc_by_nc
"Photo: (c) shieldsch, some rights reserved (CC BY-NC);",2,cc_by_nc
"Photo: (c) shonag, some rights reserved (CC BY-NC);",2,cc_by_nc
"Photo: (c) shonagrenfellyoung, some rights reserved (CC BY-NC);",2,cc_by_nc
"Photo: (c) shonamargaret, some rights reserved (CC BY-NC);",2,cc_by_nc
"Photo: (c) simon001, some rights reserved (CC BY-NC);",2,cc_by_nc
"Photo: (c) simonnew, some rights reserved (CC BY-NC);",2,cc_by_nc
"Photo: (c) sjam7, some rights reserved (CC BY-NC);",2,cc_by_nc
"Photo: (c) sjrivers, some rights reserved (CC BY-NC);",2,cc_by_nc
"Photo: (c) skally, some rights reserved (CC BY-NC);",2,cc_by_nc
"Photo: (c) slowsnail, some rights reserved (CC BY-NC);",2,cc_by_nc
"Photo: (c) slyalille, some rights reserved (CC BY-NC);",2,cc_by_nc
"Photo: (c) snappertrav, some rights reserved (CC BY-NC);",2,cc_by_nc
"Photo: (c) sober_dave, some rights reserved (CC BY-NC);",2,cc_by_nc
"Photo: (c) soegiard, some rights reserved (CC BY-NC);",2,cc_by_nc
"Photo: (c) solbrad, some rights reserved (CC BY-NC);",2,cc_by_nc
"Photo: (c) sonnyinnz, some rights reserved (CC BY-NC);",2,cc_by_nc
"Photo: (c) sorayapohatu, some rights reserved (CC BY-NC);",2,cc_by_nc
"Photo: (c) southbridgeschool, some rights reserved (CC BY-NC);",2,cc_by_nc
"Photo: (c) southernman256, some rights reserved (CC BY-NC);",2,cc_by_nc
"Photo: (c) spet052, some rights reserved (CC BY-NC);",2,cc_by_nc
"Photo: (c) spiralis123, some rights reserved (CC BY-NC);",2,cc_by_nc
"Photo: (c) starkers, some rights reserved (CC BY-NC);",2,cc_by_nc
"Photo: (c) stellar-mia, some rights reserved (CC BY-NC);",2,cc_by_nc
"Photo: (c) stephcook, some rights reserved (CC BY-NC);",2,cc_by_nc
"Photo: (c) sting-ray, some rights reserved (CC BY-NC);",2,cc_by_nc
"Photo: (c) strowan, some rights reserved (CC BY-NC);",2,cc_by_nc
"Photo: (c) sturg, some rights reserved (CC BY-NC);",2,cc_by_nc
"Photo: (c) sue, some rights reserved (CC BY-NC);",2,cc_by_nc
"Photo: (c) summitroad, some rights reserved (CC BY-NC);",2,cc_by_nc
"Photo: (c) sus007, some rights reserved (CC BY-NC);",2,cc_by_nc
"Photo: (c) susanhuns, some rights reserved (CC BY-NC);",2,cc_by_nc
"Photo: (c) susanlancaster, some rights reserved (CC BY-NC);",2,cc_by_nc
"Photo: (c) svgpngns, some rights reserved (CC BY-NC);",2,cc_by_nc
"Photo: (c) sweatysloths, some rights reserved (CC BY-NC);",2,cc_by_nc
"Photo: (c) sweetman, some rights reserved (CC BY-NC);",2,cc_by_nc
"Photo: (c) syderstone, some rights reserved (CC BY-NC);",2,cc_by_nc
"Photo: (c) tabithab, some rights reserved (CC BY-NC);",2,cc_by_nc
"Photo: (c) taisimpson13, some rights reserved (CC BY-NC);",2,cc_by_nc
"Photo: (c) talisman, some rights reserved (CC BY-NC);",2,cc_by_nc
"Photo: (c) tamamiarimoto, some rights reserved (CC BY-NC);",2,cc_by_nc
"Photo: (c) tapper_nz, some rights reserved (CC BY-NC);",2,cc_by_nc
"Photo: (c) taranaki, some rights reserved (CC BY-NC);",2,cc_by_nc
"Photo: (c) tblogg, some rights reserved (CC BY-NC);",2,cc_by_nc
"Photo: (c) tcoppard, some rights reserved (CC BY-NC);",2,cc_by_nc
"Photo: (c) team4renwick, some rights reserved (CC BY-NC);",2,cc_by_nc
"Photo: (c) teamwelch, some rights reserved (CC BY-NC);",2,cc_by_nc
"Photo: (c) teava, some rights reserved (CC BY-NC);",2,cc_by_nc
"Photo: (c) tedspinks, some rights reserved (CC BY-NC);",2,cc_by_nc
"Photo: (c) teejay1, some rights reserved (CC BY-NC);",2,cc_by_nc
"Photo: (c) teina, some rights reserved (CC BY-NC);",2,cc_by_nc
"Photo: (c) terrancea, some rights reserved (CC BY-NC);",2,cc_by_nc
"Photo: (c) the_wild_hodsons, some rights reserved (CC BY-NC);",2,cc_by_nc
"Photo: (c) the_zookeepers, some rights reserved (CC BY-NC);",2,cc_by_nc
"Photo: (c) thedodos, some rights reserved (CC BY-NC);",2,cc_by_nc
"Photo: (c) thembones, some rights reserved (CC BY-NC);",2,cc_by_nc
"Photo: (c) thewhitegoats, some rights reserved (CC BY-NC);",2,cc_by_nc
"Photo: (c) thymewarp, some rights reserved (CC BY-NC);",2,cc_by_nc
"Photo: (c) timf, some rights reserved (CC BY-NC);",2,cc_by_nc
"Photo: (c) timmycool07, some rights reserved (CC BY-NC);",2,cc_by_nc
"Photo: (c) timtam, some rights reserved (CC BY-NC);",2,cc_by_nc
"Photo: (c) tina2001, some rights reserved (CC BY-NC);",2,cc_by_nc
"Photo: (c) tinabalberts, some rights reserved (CC BY-NC);",2,cc_by_nc
"Photo: (c) tindale, some rights reserved (CC BY-NC);",2,cc_by_nc
"Photo: (c) tinus, some rights reserved (CC BY-NC);",2,cc_by_nc
"Photo: (c) tlisa, some rights reserved (CC BY-NC);",2,cc_by_nc
"Photo: (c) tmckelvey, some rights reserved (CC BY-NC);",2,cc_by_nc
"Photo: (c) toheroa, some rights reserved (CC BY-NC);",2,cc_by_nc
"Photo: (c) tomnzwbg, some rights reserved (CC BY-NC);",2,cc_by_nc
"Photo: (c) toribudd, some rights reserved (CC BY-NC);",2,cc_by_nc
"Photo: (c) tpi, some rights reserved (CC BY-NC);",2,cc_by_nc
"Photo: (c) trevally, some rights reserved (CC BY-NC);",2,cc_by_nc
"Photo: (c) trishnz, some rights reserved (CC BY-NC);",2,cc_by_nc
"Photo: (c) tristanvs, some rights reserved (CC BY-NC);",2,cc_by_nc
"Photo: (c) tuckers, some rights reserved (CC BY-NC);",2,cc_by_nc
"Photo: (c) tuisong1, some rights reserved (CC BY-NC);",2,cc_by_nc
"Photo: (c) turnbullnz, some rights reserved (CC BY-NC);",2,cc_by_nc
"Photo: (c) tusknberries, some rights reserved (CC BY-NC);",2,cc_by_nc
"Photo: (c) twodayweek, some rights reserved (CC BY-NC);",2,cc_by_nc
"Photo: (c) udaras, some rights reserved (CC BY-NC);",2,cc_by_nc
"Photo: (c) ulaheywood, some rights reserved (CC BY-NC);",2,cc_by_nc
"Photo: (c) ulitmate_fraiser, some rights reserved (CC BY-NC);",2,cc_by_nc
"Photo: (c) utiku, some rights reserved (CC BY-NC);",2,cc_by_nc
"Photo: (c) vallubrick, some rights reserved (CC BY-NC);",2,cc_by_nc
"Photo: (c) vanessy_nz, some rights reserved (CC BY-NC);",2,cc_by_nc
"Photo: (c) vee14, some rights reserved (CC BY-NC);",2,cc_by_nc
"Photo: (c) vernonbruce, some rights reserved (CC BY-NC);",2,cc_by_nc
"Photo: (c) veronikag, some rights reserved (CC BY-NC);",2,cc_by_nc
"Photo: (c) vickys73, some rights reserved (CC BY-NC);",2,cc_by_nc
"Photo: (c) vineyardlife, some rights reserved (CC BY-NC);",2,cc_by_nc
"Photo: (c) vintz, some rights reserved (CC BY-NC);",2,cc_by_nc
"Photo: (c) viola79, some rights reserved (CC BY-NC);",2,cc_by_nc
"Photo: (c) vistna, some rights reserved (CC BY-NC);",2,cc_by_nc
"Photo: (c) vlermouse, some rights reserved (CC BY-NC);",2,cc_by_nc
"Photo: (c) vsmith2, some rights reserved (CC BY-NC);",2,cc_by_nc
"Photo: (c) waggingwolves, some rights reserved (CC BY-NC);",2,cc_by_nc
"Photo: (c) wainui-ali, some rights reserved (CC BY-NC);",2,cc_by_nc
"Photo: (c) waitaraalive, some rights reserved (CC BY-NC);",2,cc_by_nc
"Photo: (c) waiwood, some rights reserved (CC BY-NC);",2,cc_by_nc
"Photo: (c) waoko, some rights reserved (CC BY-NC);",2,cc_by_nc
"Photo: (c) warnie23, some rights reserved (CC BY-NC);",2,cc_by_nc
"Photo: (c) warrenspiden, some rights reserved (CC BY-NC);",2,cc_by_nc
"Photo: (c) warty1, some rights reserved (CC BY-NC);",2,cc_by_nc
"Photo: (c) waynebeau, some rights reserved (CC BY-NC);",2,cc_by_nc
"Photo: (c) wedgroup8, some rights reserved (CC BY-NC);",2,cc_by_nc
"Photo: (c) wednesdaygroup5, some rights reserved (CC BY-NC);",2,cc_by_nc
"Photo: (c) weedy1, some rights reserved (CC BY-NC);",2,cc_by_nc
"Photo: (c) weeraphat, some rights reserved (CC BY-NC);",2,cc_by_nc
"Photo: (c) wellycvnz, some rights reserved (CC BY-NC);",2,cc_by_nc
"Photo: (c) whitiangaconservation, some rights reserved (CC BY-NC);",2,cc_by_nc
"Photo: (c) wildkids, some rights reserved (CC BY-NC);",2,cc_by_nc
"Photo: (c) willc49, some rights reserved (CC BY-NC);",2,cc_by_nc
"Photo: (c) williamstephens56, some rights reserved (CC BY-NC);",2,cc_by_nc
"Photo: (c) willowtree27, some rights reserved (CC BY-NC);",2,cc_by_nc
"Photo: (c) wsullivan, some rights reserved (CC BY-NC);",2,cc_by_nc
"Photo: (c) xx_duckmaster_xx, some rights reserved (CC BY-NC);",2,cc_by_nc
"Photo: (c) xylhq, some rights reserved (CC BY-NC);",2,cc_by_nc
"Photo: (c) yvonnen, some rights reserved (CC BY-NC);",2,cc_by_nc
"Photo: (c) zani, some rights reserved (CC BY-NC);",2,cc_by_nc
"Photo: (c) zephyr4, some rights reserved (CC BY-NC);",2,cc_by_nc
"Photo: (c) ziwei98, some rights reserved (CC BY-NC);",2,cc_by_nc
"Photo: (c) zoeinawe, some rights reserved (CC BY-NC);",2,cc_by_nc
"Photo: (c) zoolt3, some rights reserved (CC BY-NC);",2,cc_by_nc
Posting of the article on the internet as part of a non-commercial open access institutional repository or other non-commercial open access publication site affiliated with the author(s)'s place of employment.,2,cc_by_nc
"Proceedings of the Society of Architectural Historians, Australia and New Zealand: 31, Translation, edited by Christoph Schnoor is licensed under a Creative Commons AttributionNonCommercial 4.0 International License",2,cc_by_nc
"Provided for non-commercial research and education use. Not for reproduction, distribution or commercial use. 

This article appeared in a journal published by Elsevier. The attached copy is furnished to the author for internal non-commercial research and education use, including for instruction at the authors institution and sharing with colleagues.

Other uses, including reproduction and distribution, or selling or licensing copies, or posting to personal, institutional or third party websites are prohibited.

In most cases authors are permitted to post their version of the article (e.g. in Word or Tex form) to their personal website or institutional repository.",2,cc_by_nc
The Author(s) CC BY-NC 3.0,2,cc_by_nc
"The Library may administer use of this collection for non-commercial purposes. Reproduction for advertising or commercial purposes is forbidden except when related to exhibitions. 
Copyright: Copyright held by Valerie Burton",2,cc_by_nc
"The Library will administer its standard use/reproduction rules for non-commercial use. Permission must be obtained from the donor for commercial use. Les Cleveland must be acknowledged as photographer where that is the case. Please ask the Library for permission to use any items in this collection. 
Copyright: Mary Cleveland holds copyright to all works created by Les Cleveland.",2,cc_by_nc
"This article is distributed under the terms of the Creative
Commons Attribution Noncommercial License which permits
any noncommercial use, distribution, and reproduction in any medium,
provided the original author(s) and source are credited.",2,cc_by_nc
"This article is distributed under the terms of the Creative Commons Attribution Noncommercial
License which permits any noncommercial use, distribution, and reproduction in any medium,
provided the original author(s) and source are credited.",2,cc_by_nc
This article is licensed under a Creative Commons Attribution-NonCommercial 3.0 Unported Licence.,2,cc_by_nc
"This article is published under a Creative Commons License CC-BY-NC (Attribution-NonCommercial). The licence permits users to use, reproduce, disseminate or display the article provided that the author is attributed as the original creator and that the reuse is restricted to non-commercial purposes i.e. research or educational use. See http://creativecommons.org/licenses/by-nc/4.0/",2,cc_by_nc
This book is licensed under a Creative Commons Attribution-NonCommercial 4.0 International License. www.creativecommons.org,2,cc_by_nc
"This is an Open Access article distributed in accordance with the Creative Commons Attribution Non Commercial (CC BY-NC 3.0) license, which permits others to distribute, remix, adapt, build upon this work non-commercially, and license their derivative works on different terms, provided the original work is properly cited and the use is non-commercial. See: http://creativecommons.org/licenses/by-nc/3.0/",2,cc_by_nc
"This is an open access article distributed in accordance with the Creative Commons Attribution Non Commercial (CC BY-NC 4.0) license, which permits others to distribute, remix, adapt, build upon this work non-commercially, and license their derivative works on different terms, provided the original work is properly cited, appropriate credit is given, any changes made indicated, and the use is non-commercial.",2,cc_by_nc
This is an open access article distributed under the CC BY-NC license.,2,cc_by_nc
"This is the pre-peer reviewed version of the following article: [see Source], which has been published in final form at [see DOI]. This article may be used for non-commercial purposes in accordance with Wiley Terms and Conditions for Use of Self-Archived Versions.",2,cc_by_nc
"This item may be protected under Title 17 of the U.S. Copyright Law. It is available for non-commercial research and education. For permission to publish or reproduce, please contact the East Texas Research Center at asketrc@sfasu.edu",2,cc_by_nc
This work is licensed under a Creative Commons Attribution - Non Commercial 4.0 International License https://creativecommons.org/licenses/by-nc/4.0/,2,cc_by_nc
This work is licensed under a Creative Commons Attribution-NonCommercial 3.0 Unported License.,2,cc_by_nc
This work is licensed under a Creative Commons Attribution-NonCommercial 4.0 International License,2,cc_by_nc
"This work is licensed under a Creative Commons Attribution-NonCommercial 4.0 International License, CC BY-NC.",2,cc_by_nc
This work is licensed under a Creative Commons Attribuzione - Non commerciale - Non opere derivate 3.0 Italia License.,2,cc_by_nc
This work is out of copyright. For non-commercial personal use please attribute source and creator. Fees apply for commercial use of images.,2,cc_by_nc
"Use of this item is provided for non-commercial, personal, educational, and research use only. Florida State University Libraries is providing access to these materials for educational and research purposes and makes no warranty with regard to their use for other purposes. The written permission of the copyright owners and/or other rights holders (such as holders of publicity and/or privacy rights) is required for distribution, reproduction, or other use of protected items beyond that allowed by fair use or other statutory exemptions (see Title 17, U.S.C.). For information about the copyright and reproduction rights for this item, please contact Special Collections & Archives, Florida State University Libraries, Tallahassee, Florida: https://www.lib.fsu.edu/department/special-collections-archives.",2,cc_by_nc
"Whanake: The Pacific Journal of Community Development is licensed under a Creative Commons Attribution-NonCommercial 4.0
International License.",2,cc_by_nc
"Whanake: The Pacific Journal of Community Development is licensed under a Creative Commons Attribution-NonCommercial 4.0 
International License.",2,cc_by_nc
"© Article author(s) (or their employer(s) unless otherwise stated in the text of the article) 2018. All rights reserved. No commercial use is permitted unless otherwise expressly granted.
This is an Open Access article distributed in accordance with the Creative Commons Attribution Non Commercial (CC BY-NC 4.0) license, which permits others to distribute, remix, adapt, build upon this work non-commercially, and license their derivative works on different terms, provided the original work is properly cited and the use is non-commercial. See: http://creativecommons.org/licenses/by-nc/4.0/",2,cc_by_nc
"© Cheshire Architects, 2011. Authors retain the right to place his/her publication version of the work on a personal website or institutional repository for non commercial purposes. The definitive version was published in (see Citation). The original publication is available at http://www.cheshirearchitects.com/ (see Publisher’s Version).",2,cc_by_nc
"© The Author(s) 2020. Published by Oxford University Press on behalf of European Society of Human Reproduction and Embryology.
This is an Open Access article distributed under the terms of the Creative Commons Attribution Non-Commercial License (http://creativecommons.org/licenses/by-nc/4.0/), which permits non-commercial re-use, distribution, and reproduction in any medium, provided the original work is properly cited. For commercial re-use, please contact journals.permissions@oup.com",2,cc_by_nc
"© 広島大学大学院国際協力研究科 (Hiroshima University Graduate School of International Cooperation), 2007. All rights reserved. Authors retain the right to post and update his/her publication version of the work on a personal website or institutional repository (non-Publisher servers including e-print servers) provided it is for non commercial purposes and does not depend on payment of access, subscription or membership fees. Please see Citation and Publisher’s Version.",2,cc_by_nc
"""This is the peer reviewed version of the following article: Veerasamy, A., Kirk, R., Gage, J. (2016) Epidemiology of dental caries among adolescents in Tamil Nadu, India. International Dental Journal, (2016), which has been published in final form at http://dx.doi.org/10.1111/idj.12216. This article may be used for non-commercial purposes in accordance with Wiley Terms and Conditions for Self-Archiving.""",1,cc_by_nc
"(C) The Authors 2016. Published by Oxford University Press on behalf of Entomological Society of America. This is an Open Access article distributed under the terms of the Creative Commons Attribution Non-Commercial License (http://creativecommons.org/licenses/by-nc/4.0/),
which permits non-commercial re-use, distribution, and reproduction in any medium, provided the original work is properly cited. For commercial re-use, please contact
journals.permissions@oup.com (With the exceptions noted in http://researcharchive.lincoln.ac.nz/page/rights, this metadata is available under a Creative Commons Zero license.)",1,cc_by_nc
(The Author) CC-BY-NC 4.0,1,cc_by_nc
"(c) The Author(s)
CC BY-NC",1,cc_by_nc
"(c) The Author(s) 2021. Published by Oxford University Press on behalf of FEMS. This is an Open Access article distributed under the terms of the
Creative Commons Attribution-NonCommercial License (https://creativecommons.org/licenses/by-nc/4.0/), which permits non-commercial re-use,
distribution, and reproduction in any medium, provided the original work is properly cited.",1,cc_by_nc
"2015 Informa UK Ltd. This is an open-access article distributed under the terms of the CC-BY 3.0 License which permits users to download and share the article for non-commercial purposes, so long as the article is reproduced in the whole without changes, and provided the original source is credited.",1,cc_by_nc
A Method of Sound Wave Diffusion in Motor Vehicle Exhaust Systems by Niranjan Singh is licensed under a Creative Commons Attribution-NonCommercial 4.0 International License.,1,cc_by_nc
"A Whakapapa of Technical, Trade and Vocational Education in Aotearoa, New Zealand: Origins of a Hybrid VET System by Lisa Maurice-Takerei, is licensed under a Creative Commons Attribution-NonCommercial 4.0 International License.",1,cc_by_nc
"A pilot study into use of regular short quizzes in a flipped learning class by Hugh Wilson and David Phillips is licensed under a
Creative Commons Attribution-NonCommercial 4.0 International License.",1,cc_by_nc
"ACM authors hold the right to post copies of their own peer-reviewed accepted ACM works on any non-commercial repository or aggregation that does not duplicate ACM tables of contents, i.e., whose patterns of links do not substantially duplicate an ACM-copyrighted volume or issue. Non-commercial repositories are here understood as repositories owned by non-profit organizations that do not charge a fee for accessing deposited articles and that do not sell advertising or otherwise profit from serving articles.",1,cc_by_nc
"ANZMAC authorizes you to view, print, and download the materials accessed from this website for your personal, non-commercial use only, provided that you retain all copyright and other proprietary notices contained in the original materials. Copyright of papers presented at ANZMAC conferences is retained by the authors, therefore any other use of these materials – including reproduction for purposes other than those noted above, modification, distribution, or republication – without prior written permission of the author is strictly prohibited. If you download materials from this site to your PC, you must protect those materials from unauthorized access or misuse.",1,cc_by_nc
"Abstracts, research papers, and video footage are published under an IAFOR user license and are protected by copyright. Users may access, download, copy, translate, text and data mine, redistribute, display or adapt the articles for non-commercial purposes provided that users follow the guidelines set out in the IAFOR User License.",1,cc_by_nc
Achieving Gender Equality in Disaster Management: a case study of the integration of women into community groups in Indonesia is licensed under a Creative Commons Attribution-NonCommercial 4.0 International License.,1,cc_by_nc
"Additional records and observations of monocotyledons naturalised or casual in Manawatu Ecological Region, New Zealand, 1980–2019, by Colin C. Ogle and Graeme D. La Cock, is licensed under a Creative Commons Attribution-NonCommercial 4.0 International License.",1,cc_by_nc
"Adiantum formosum. Adaxial surface of mature 4-pinnate frond.
© Leon Perrie CC BY-NC 3.0 NZ",1,cc_by_nc
"Advancing local marine protection, cross cultural collaboration and dialogue in Northland, is licensed under a Creative Commons Attribution-NonCommercial 4.0 International License",1,cc_by_nc
"Alien Nation: Art serving science and science serving art, by Hamish Foote, Dan Blanchon, Nick Waipara and Glenn
Aguilar, is licensed under a Creative Commons AttributionNonCommercial 4.0 International License.",1,cc_by_nc
All articles are made available using a Creative Commons (CC-BY-NC 4.0) worldwide shareable licence.,1,cc_by_nc
"All text licensed under the Creative Commons Attribution-NonCommercial 3.0 New Zealand Licence unless otherwise stated.
Commercial re-use may be allowed on request. All non-text content is subject to specific conditions. © Crown Copyright. (With the exceptions noted in http://researcharchive.lincoln.ac.nz/page/rights, this metadata is available under a Creative Commons Zero license.)",1,cc_by_nc
"All the information available on the website http://www.uni.lu/ is protected by copyright. Unless otherwise indicated, reproduction of texts from this site for non-commercial purposes and especially in educational situations is permitted, subject to the following three conditions being met:

Free dissemination;
Respect for the integrity of the reproduced documents: no modification or alteration of any kind;
Explicit mention of the site http://www.uni.lu/ as a source and statement that the rights of reproduction are reserved and limited.

Any exception to these rules shall be subject to the prior written approval of the University of Luxembourg and the author of the contents.",1,cc_by_nc
"Anogramma leptophylla. Mature plant growing terrestrially.
© Leon Perrie CC BY-NC 3.0 NZ",1,cc_by_nc
"Applications in Plant Sciences 2018 6(2): e1023; http://www.wileyonlinelibrary.com/journal/AppsPlantSci Applications in Plant Sciences is published by Wiley Periodicals, Inc. on behalf of the Botanical Society of America. This is an open access article under the terms of the Creative Commons Attribution-NonCommercial License, which permits use, distribution and reproduction in any medium, provided the original work is properly cited and is not used for commercial purposes.",1,cc_by_nc
Applied Practice: Theoretical and Pedagogical Foundations by Jay Hays and Lisa Helmling  is licensed under a Creative Commons Attribution- NonCommercial 4.0 International License.,1,cc_by_nc
"Are We Building Agile Graduate Capabilities to Meet Automotive Service Industry Trends? by Niranjan Singh, Jone Tawaketini, Roman Kudin and Gerry Hamilton is licensed under a Creative Commons AttributionNonCommercial 4.0 International License.",1,cc_by_nc
"Articles are licensed under the terms of the Creative Commons Attribution 4.0 International Public License (CC-BY 4.0) (https://creativecommons.org/licenses/by/4.0/legalcode), which permits unrestricted, non-commercial use, distribution and reproduction in any medium, ensuring that the work is properly cited.",1,cc_by_nc
"Articles published under an IAFOR user license are protected by copyright. Users may access, download, copy, translate, text and data mine, redistribute, display or adapt the articles for non-commercial purposes.",1,cc_by_nc
"As an open access journal, articles are free to use, with proper attribution, in educational and other non-commercial settings.",1,cc_by_nc
"As of January 16 2012, the majority of Springer’s Open Choice eligible journals publish open access articles under the liberal Creative Commons Attribution 4.0 International (CC BY) license. The CC BY license permits commercial and non-commercial re-use of an open access article, as long as the original author and source are properly attributed.",1,cc_by_nc
"Asbestos remediation in the Cook Islands : a long-term solution for making schools safer, is licensed under a Creative Commons Attribution-NonCommercial 4.0 International License.",1,cc_by_nc
"Asplenium lyallii. Mature plants growing in crevice of limestone rock.
© Te Papa CC BY-NC 3.0 NZ",1,cc_by_nc
Attribution-NonCommercial 3.0 New Zealand,1,cc_by_nc
Attribution-NonCommercial 3.0 Unported,1,cc_by_nc
Attribution-NonCommercial 4.0 International (CC BY-NC 4.0),1,cc_by_nc
"Authors may reproduce and distribute the Paper for non-commercial purposes only. Non-commercial applies only to the sale of the paper per se. For all copies of the Paper made by Authors, Authors must acknowledge ASME as original publisher and include the names of all author(s), the publication title, and an appropriate copyright notice that identifies ASME as the copyright holder.",1,cc_by_nc
"Authors retain copyright for their paper but should seek permission from the Journal to republish the article elsewhere or in another form. The following do not require permission:
1) Storage and back-up of the article on the author's computer(s) and digital media (e.g., diskettes, back-up servers, Zip disks, etc.), provided that the article stored on these computers and media is not readily accessible by persons other than the author(s);
2) Posting of the article on the author(s) personal website, provided that the website is non-commercial;
3) Posting of the article on the internet as part of a non-commercial open access institutional repository or other non-commercial open access publication site affiliated with the author(s)'s place of employment; and
4) Posting of the article on a non-commercial course website for a course being taught by the author at the university or college employing the author.",1,cc_by_nc
Authors retain the right to place his/her publication version of the work on a personal website or institutional repository for non commercial purposes. The definitive version and the original publication is available at (see Publisher’s Version).,1,cc_by_nc
Authors retain the right to place his/her publication version of the work on a personal website or institutional repository for non commercial purposes. The definitive version was published in (see Citation).,1,cc_by_nc
Authors retain the right to place his/her publication version of the work on a personal website or institutional repository for non commercial purposes. The definitive version was published in (see Citation). The original publication is available at (see Publisher’s Version). Re: http://www.stm-assoc.org/public-affairs/resources/publishers-support-sustainable-open-access/,1,cc_by_nc
"Azolla rubra: plants floating on the surface of standing water with irregularly branched stems bearing densely imbricate bilobed floating leaves
© Pat Brownsey 1975 CC BY-NC 3.0 NZ",1,cc_by_nc
"Barriers to building and construction waste reduction, reuse and recycling : a case study of the Australian Capital Region, is licensed under a Creative Commons Attribution-NonCommercial 4.0 International License.",1,cc_by_nc
"Biology is not alone : the interdisciplinary nature of biosecurity, is licensed under a Creative Commons Attribution-NonCommercial 4.0 International License.",1,cc_by_nc
"Blechnum parrisiae. Young fronds tinged red.
© Te Papa CC BY-NC 3.0 NZ",1,cc_by_nc
"Building Adaption For Waste Minimisation: Impact Of Policies by Nalanie Mithraratne, is licensed under a Creative Commons Attribution-NonCommercial 4.0 International License",1,cc_by_nc
"Building adaption for waste minimisation : impact of policies, is licensed under a Creative Commons Attribution-NonCommercial
4.1	International License.",1,cc_by_nc
CC BY-NC 4.0 - https://creativecommons.org/licenses/by-nc/4.0/,1,cc_by_nc
CC-BY-NC,1,cc_by_nc
CC-BY-NC 3.0,1,cc_by_nc
"Carbon Trading, Oil Extraction and ‘Different’ Forms of Community
Development in Uganda is licensed under a Creative Commons
Attribution-NonCommercial 4.0 International License.",1,cc_by_nc
"Change and Development in Glen Eden, 2017  by David Haigh, David Kenkel and Kate Doswell, is licensed under a Creative Commons Attribution-NonCommercial 3.0 New Zealand license",1,cc_by_nc
Change and development in Glen Eden 2017: Report to Waitakere Ranges Local Board is licensed under a Creative Commons Attribution-NonCommercial 4.0 International License,1,cc_by_nc
"Chaos to capability: Educating professionals for the 21st century, by Jay Martin Hays, is licensed under a Creative Commons Attribution- NonCommercial 4.0 International License.",1,cc_by_nc
"Checklist of dicotyledons, gymnosperms and pteridophytes Naturalised or Casual in New Zealand: Additional records 2007–2019, by Colin C. Ogle, Peter J. de Lange, Ewen K. Cameron, Barbara S. Parris, Paul D. Champion, is licensed under a Creative Commons Attribution-NonCommercial 4.0 International License.",1,cc_by_nc
"Collaborative housing as a response to the housing crisis
in Auckland by Paola Trapani is licensed under a Creative
Commons AttributionNonCommercial 4.0 International
License.",1,cc_by_nc
"Collection Copyright © 2006 Association of Industrial Relations Academics of Australia and New Zealand (AIRAANZ). All rights reserved. Except under the conditions described in the Copyright Act 1968 of Australia and subsequent
amendments, no part of this publication may be reproduced, stored in a retrieval system or transmitted in any
form or by any means, electronic, mechanical, photocopying, recording or otherwise, without the prior
permission of the copyright owner. Authors retain the right to place his/her publication version of the work on a personal website or institutional repository for non commercial purposes. The definitive version was published in (see Citation). The original publication is available at (see Publisher’s Version).",1,cc_by_nc
"Communication Issues in Aotearoa New Zealand : a collection of research essays, Edited by Giles Dodson & Evangelia Papoutsaki, is licensed under a Creative Commons Attribution-NonCommercial 4.0 International License.",1,cc_by_nc
Community Development in Local Food Solutions  is licensed under a Creative Commons Attribution-NonCommercial 4.0 International License.,1,cc_by_nc
Community development in Aotearoa New Zealand : a historical journey is licensed under a Creative Commons Attribution-NonCommercial 4.0 International License.,1,cc_by_nc
"Community development: Hope for Uganda is licensed under a Creative Commons Attribution-NonCommercial 4.0 International License.
.",1,cc_by_nc
Conference update : IACD at the United Nations high level political forum is licensed under a Creative Commons AttributionNon-Commercial 4.0 International License.,1,cc_by_nc
"Content from Crown publications and web pages can be copied, accessed, viewed, reproduced and printed for non-commercial purposes. You should credit the owner (TLRI) and source (see Source).",1,cc_by_nc
"Content in the History Cooperative database is intended for personal, noncommercial use only. You may not reproduce, publish, distribute, transmit, participate in the transfer or sale of, modify, create derivative works from, display, or in any way exploit the History Cooperative database in whole or in part without the written permission of the copyright holder.",1,cc_by_nc
Content will be published under the terms of Creative Commons Licences which allows copyright to remain with authors and requires full attribution to accompany all reuse and dissemination. Our recommended licence is CC-BY-NC which includes a requirement of the copyright holder’s permission for any commercial use of the content. Some major funders insist on the use of the least restrictive CC-BY licence and we will be happy to use this when required.,1,cc_by_nc
Contextualising the learning affordances of technology: An in-depth look at the developing practice of two modern language teachers by Karen Haines is licensed under a Creative Commons Attribution-NonCommercial 4.0 International License.,1,cc_by_nc
Copyright (c) 2010. IARIA (www.iaria.org). All Rights Reserved. All the published volumes/numbers will be openly accessible from the IARIA site and archived in the free access ThinkMindTM Digital Library (http://www.thinkmind.org). Authors retain the right to place his/her pre-publication version of the work on a personal website or institutional repository for non commercial purposes only. A definitive version was subsequently published in (see Citation). The original publication is available at http://www.thinkmind.org/index.php?view=article&articleid=ubicomm_2010_8_30_10107,1,cc_by_nc
Copyright (c) 2015 Ata: Journal of Psychotherapy Aotearoa New Zealand. Creative Commons Attribution-NonCommercial 4.0 International (CC BY-NC 4.0) license.,1,cc_by_nc
Copyright (c) 2015 Ata: Journal of Psychotherapy Aotearoa New Zealand. This work is licensed under a Creative Commons Attribution-NonCommercial 4.0 International License.,1,cc_by_nc
Copyright (c) 2016 Ata: Journal of Psychotherapy Aotearoa New Zealand. Creative Commons Attribution-NonCommercial 4.0 International (CC BY-NC 4.0) license.,1,cc_by_nc
Copyright (c) 2016 Ata: Journal of Psychotherapy Aotearoa New Zealand. This work is licensed under a Creative Commons Attribution-NonCommercial 4.0 International License.,1,cc_by_nc
Copyright (c) 2017 Ata: Journal of Psychotherapy Aotearoa New Zealand. Creative Commons Attribution-NonCommercial 4.0 International (CC BY-NC 4.0) license.,1,cc_by_nc
Copyright (c) 2018 Ata: Journal of Psychotherapy Aotearoa New Zealand. This work is licensed under a Creative Commons Attribution-NonCommercial 4.0 International License.,1,cc_by_nc
"Copyright 2002 by Hamish R. Gow, Lance D. Oliver, and Neil G. Gow. All rights reserved.
Readers may make verbatim copies of this document for non-commercial purposes by any
means, provided that this copyright notice appears on all such copies. (With the exceptions noted in http://researcharchive.lincoln.ac.nz/page/rights, this metadata is available under a Creative Commons Zero license.)",1,cc_by_nc
"Copyright 2003 by Saunders and Wreford. All rights reserved. Readers may make verbatim
copies of this document for non-commercial purposes by any means, provided that this
copyright notice appears on all such copies. (With the exceptions noted in http://researcharchive.lincoln.ac.nz/page/rights, this metadata is available under a Creative Commons Zero license.)",1,cc_by_nc
"Copyright 2006 by Dhakal, Bigsby, Cullen. All rights reserved. Readers may make verbatim
copies of this document for non-commercial purposes by any means, provided that this copy
right notice appears on all such copies. (With the exceptions noted in http://researcharchive.lincoln.ac.nz/page/rights, this metadata is available under a Creative Commons Zero license.)",1,cc_by_nc
"Copyright 2006 by Dhakal, Bigsby, Cullen. All rights reserved. Readers may make verbatim copies of this document for non-commercial purposes by any means, provided that this copy right notice appears on all such copies. (With the exceptions noted in http://researcharchive.lincoln.ac.nz/page/rights, this metadata is available under a Creative Commons Zero license.)",1,cc_by_nc
"Copyright 2006 by William KAYE-BLAKE, Caroline SAUNDERS and Martin EMANUELSSON. All rights reserved. Readers may make verbatim copies of this document for non-commercial purposes by any means, provided that this copyright notice appears on all such copies. (With the exceptions noted in http://researcharchive.lincoln.ac.nz/page/rights, this metadata is available under a Creative Commons Zero license.)",1,cc_by_nc
"Copyright 2006 by William Kaye-Blake and Caroline Saunders. All rights reserved. Readers may make verbatim copies of this document for non-commercial purposes by any means, provided that this copyright notice appears on all such copies. (With the exceptions noted in http://researcharchive.lincoln.ac.nz/page/rights, this metadata is available under a Creative Commons Zero license.)",1,cc_by_nc
"Copyright 2006, American Mathematical Society. This is an Open Access Journal. Authors retain the right to place his/her publication version of the work on a personal website or institutional repository for non commercial purposes. The definitive version was published in (see Citation). The original publication is available at (see Publisher’s Version).",1,cc_by_nc
"Copyright 2007, American Mathematical Society. This is an Open Access Journal. Authors retain the right to place his/her publication version of the work on a personal website or institutional repository for non commercial purposes. The definitive version was published in (see Citation). The original publication is available at (see Publisher’s Version).",1,cc_by_nc
"Copyright 2009 by the authors. All rights reserved. Readers may make verbatim
copies of this document for non-commercial purposes by any means, provided that
this copyright notice appears on all such copies (With the exceptions noted in http://researcharchive.lincoln.ac.nz/page/rights, this metadata is available under a Creative Commons Zero license.)",1,cc_by_nc
"Copyright 2010 by Saunders, C., Guenther, M., Tait, P., Kaye-Blake, W., Saunders, J., Miller, S., Abell,
W., Lincoln University, PO Box 84, Lincoln 7647, New Zealand. All rights reserved. Readers may make
verbatim copies of this document for non-commercial purposes by any means, provided that this
copyright notice appears on all such copies. (With the exceptions noted in http://researcharchive.lincoln.ac.nz/page/rights, this metadata is available under a Creative Commons Zero license.)",1,cc_by_nc
"Copyright 2011 by Tait and Baskaran. All rights reserved. Readers may make verbatim copies of this document for non-commercial purposes by any means, provided that this copyright notice appears on all such copies. (With the exceptions noted in http://researcharchive.lincoln.ac.nz/page/rights, this metadata is available under a Creative Commons Zero license.)",1,cc_by_nc
"Copyright 2013 O. Alizadeh Choobari et al. This is an Open Access article distributed under the terms of the Creative Commons Attribution-Noncommercial 3.0 Unported License (http://creativecommons.org/licenses/by-nc/3.0/), permitting all non-commercial use, distribution, and reproduction in any medium, provided the original work is properly cited",1,cc_by_nc
"Copyright 2014 by Brown, Daigneault, and Gawith. All rights reserved. Readers may make verbatim copies of this document for non-commercial purposes by any means, provided that this copyright notice appears on all such copies.",1,cc_by_nc
"Copyright 2014 by Hughey, Kerr, Cullen. All rights reserved. Readers may make verbatim
copies of this document for non-commercial purposes by any means, provided that this
copyright notice appears on all such copies. (With the exceptions noted in http://researcharchive.lincoln.ac.nz/page/rights, this metadata is available under a Creative Commons Zero license.)",1,cc_by_nc
"Copyright 2014 by Revell B. J, Saunders, J. and Saunders, C., All rights reserved. Readers may make verbatim copies of this document for non-commercial purposes by any means, provided that this copyright notice appears on all such copies. (With the exceptions noted in http://researcharchive.lincoln.ac.nz/page/rights, this metadata is available under a Creative Commons Zero license.)",1,cc_by_nc
"Copyright 2017 by Author(s). All rights reserved. Readers may make verbatim copies of this document for non-commercial purposes by any means, provided that this copyright notice appears on all such copies.",1,cc_by_nc
"Copyright 2017 by Caroline Saunders, Meike Guenther, John Saunders, Paul Dalziel, Paul Rutherford. All rights reserved. Readers may make verbatim copies of this document for non-commercial purposes by any means, provided that this copyright notice appears on all such copies. (With the exceptions noted in http://researcharchive.lincoln.ac.nz/page/rights, this metadata is available under a Creative Commons Zero license.)",1,cc_by_nc
"Copyright 2020 The Authors. This is an open access article under the terms of the Creative Commons Attribution-NonCommercial License, which permits use, distribution and reproduction in any medium, provided the original work is properly cited and is not used for commercial purposes.",1,cc_by_nc
"Copyright The Author 2017. Published by Oxford University Press on behalf of the Society for Molecular Biology and Evolution. This is an Open Access article distributed under the terms of the Creative Commons Attribution Non-Commercial License (http://creativecommons.org/licenses/by-nc/4.0/), which permits non-commercial re-use, distribution, and reproduction in any medium, provided the original work is properly cited. For commercial re-use, please contact journals.permissions@oup.com",1,cc_by_nc
"Copyright The Author 2017. Published by Oxford University Press.
This is an Open Access article distributed under the terms of the Creative Commons Attribution Non-Commercial License (http://creativecommons.org/licenses/by-nc/4.0/), which permits non-commercial re-use, distribution, and reproduction in any medium, provided the original work is properly cited. For commercial re-use, please contact journals.permissions@oup.com",1,cc_by_nc
"Copyright The Author(s) 2018. Published by Oxford University Press on behalf of the International Epidemiological Association. This is an Open Access article distributed under the terms of the Creative Commons Attribution Non-Commercial License (http://creativecommons.org/licenses/by-nc/4.0/), which permits non-commercial re-use, distribution, and reproduction in any medium, provided the original work is properly cited.",1,cc_by_nc
"Copyright by author(s). Readers may make copies of this document for non-commercial
purposes only, provided that this copyright notice appears on all such copies. (With the exceptions noted in http://researcharchive.lincoln.ac.nz/page/rights, this metadata is available under a Creative Commons Zero license.)",1,cc_by_nc
"Copyright by author(s). Readers may make copies of this document for non-commercial purposes only,
provided that this copyright notice appears on all such copies",1,cc_by_nc
"Copyright of articles is retained by authors and CALL-EJ. As CALL-EJis an open acces journal, articles are free to use, with proper attribution, in educational and other non-commercial settings. Sources must be acknowledged appropriately.",1,cc_by_nc
"Copyright ownership does not change hands when you place material in e-publications@UNE and so will continue to be retained by the copyright owner - usually the author/s or the publisher. You may copy whole papers for your personal non-commercial use, subject to copyright laws of the country in which you reside, providing the material is properly attributed. If the material is required for any other purpose, you should contact the author or publisher directly as requests of this nature are not processed through the repository.",1,cc_by_nc
"Copyright will be attributed to the author(s). The author(s) are granting Common Ground an exclusive international license to publish the work in all formats. Permission to republish or reproduce should be sought from Common Ground. The author may make complimentary electronic or printed copies of the work for teaching; for circulation within the organisation where they work; and post an electronic copy at their own or their organisation’s website. They may also include all or part of the work in any commercial or non-commercial book that they author or edit themselves. In each case, the work must be accompanied by a full citation and a notice that readers must contact Common Ground for permission to reproduce.",1,cc_by_nc
"Copyright ©  2014 by Geoffrey Kerr & Walt Abell. All rights reserved. Readers may make verbatim copies of this document for non-commercial purposes by any means, provided that this copyright notice appears on all such copies. (With the exceptions noted in http://researcharchive.lincoln.ac.nz/page/rights, this metadata is available under a Creative Commons Zero license.)",1,cc_by_nc
"Copyright © (2014) Trans Tech Publications, Switzerland. Authors retain the right to place his/her pre-publication version of the work on a personal website or institutional repository for non commercial purposes. The definitive version was published in (see Citation). The definitive version is available at www.scientific.net (see Publisher’s Version).",1,cc_by_nc
Copyright © 1991 New Zealand Medical Association (http://journal.nzma.org.nz). All Rights Reserved. Authors retain the right to place his/her publication version of the work on a personal website or institutional repository for non commercial purposes. The definitive version was published in (see Citation).,1,cc_by_nc
Copyright © 1999. Naturhistorisches Museum Wien (Natural History Museum Vienna ) (www.nhm-wien.ac.at). All Rights Reserved.Authors retain the right to place his/her publication version of the work on a personal website or institutional repository for non commercial purposes. The definitive version was published in (see Citation). The original publication is available at (see Publisher’s Version).,1,cc_by_nc
"Copyright © 2004 Max White. All Rights Reserved. 

Authors retain the right to place his/her publication version of the work on a personal website or institutional repository for non commercial purposes. The definitive version was published in (see Citation). The original publication is available at (see Publisher’s Version).",1,cc_by_nc
Copyright © 2005 Nature Publishing Group (www.nature.com). All Rights Reserved. Authors retain the right to place his/her pre-publication version of the work on a personal website or institutional repository for non commercial purposes. The definitive version was published in (see Citation). The original publication is available at (see Publisher’s Version).,1,cc_by_nc
Copyright © 2006 Association for Consumer Research (www.acrwebsite.org). All Rights Reserved. The definitive version was published in (see Citation). The original publication is available free of charge at (see Publisher’s Version). Special permission has been given to place this publication version of the work on an institutional repository for non commercial purposes only.,1,cc_by_nc
"Copyright © 2007 Lippincott Williams & Wilkins, Two Commerce Square, 2001 Market Street, Philadelphia, PA 19103 U.S.A. All rights reserved.
Copyright in the documents (""Contents"") on the Lippincott Williams & Wilkins Web Servers is owned by Lippincott Williams & Wilkins (LWW), unless otherwise indicated. LWW hereby authorizes you to copy documents published by LWW on the World Wide Web for non-commercial uses within your organization only. In consideration of this authorization, you agree that any copy of these documents which you make shall retain all copyright and other proprietary notices contained herein.",1,cc_by_nc
Copyright © 2007 The CLAWAR Association -http://www.clawar.org. All rights reserved. By special permission authors retain the right to place his/her publication version of the work on a personal website or institutional repository for non commercial purposes. The definitive version was published in (see Citation). The original publication is available at (see Publisher’s Version).,1,cc_by_nc
Copyright © 2008 AGM Publishing - www.architecturenow.co.nz. All rights reserved. By special permission authors retain the right to place his/her publication version of the work on a personal website or institutional repository for non commercial purposes. The definitive version was published in (see Citation). The original publication is available at http:// www.architecturenow.co.nz/ (see Publisher’s Version).,1,cc_by_nc
Copyright © 2008 Artspace (Clouds) - http://www.artspace.org.nz. All rights reserved. By special permission authors retain the right to place his/her publication version of the work on a personal website or institutional repository for non commercial purposes. The definitive version was published in (see Citation). The original publication is available at (see Publisher’s Version).,1,cc_by_nc
Copyright © 2008 Association for Consumer Research (www.acrwebsite.org). All Rights Reserved. The definitive version was published in (see Citation). The original publication is available free of charge at (see Publisher’s Version). Special permission has been given to place this publication version of the work on an institutional repository for non commercial purposes only.,1,cc_by_nc
Copyright © 2008 Nova Science Publishers (www.novapublishers.com). All Rights Reserved. Authors retain the right to place his/her publication version of the work on a personal website or institutional repository for non commercial purposes. The definitive version was published in (see Citation). The original publication is available at (see Publisher’s Version).,1,cc_by_nc
Copyright © 2008 The CLAWAR Association -http://www.clawar.org. All rights reserved. By special permission authors retain the right to place his/her publication version of the work on a personal website or institutional repository for non commercial purposes. The definitive version was published in (see Citation). The original publication is available at (see Publisher’s Version).,1,cc_by_nc
Copyright © 2009 Association for Consumer Research (www.acrwebsite.org). All Rights Reserved. The definitive version was published in (see Citation). The original publication is available free of charge at (see Publisher’s Version). Special permission has been given to place this publication version of the work on an institutional repository for non commercial purposes only.,1,cc_by_nc
"Copyright © 2009 Duncan, Cassey and Blackburn. This is an open-access article distributed under the terms of the Creative Commons Attribution-NonCommercial 2.5 Generic License (http://creativecommons.org/licenses/by-nc/2.5/), which permits non-commercial use, distribution, and reproduction in any medium, provided the original work is properly cited. (With the exceptions noted in http://researcharchive.lincoln.ac.nz/page/rights, this metadata is available under a Creative Commons Zero license.)",1,cc_by_nc
"Copyright © 2009 EBSCO Industries, Inc. All rights reserved.
 © 2009 New Zealand Institute of Chartered Accountants. All rights reserved. Member of the GAA. Authors retain the right to place his/her publication version of the work on a personal website or institutional repository for non commercial purposes. The definitive version was published in (see Citation). The original publication is available at 	http://library.nzica.com/SearchResults.aspx?subject=PROFITS#viewMore.",1,cc_by_nc
Copyright © 2009 International Association of Engineers (IAENG) - http://www.iaeng.org. All rights reserved. This publication is open access and available at (see Publisher’s Version). Authors retain the right to place his/her publication version of the work on a personal website or institutional repository for non commercial purposes. The definitive version was published in (see Citation).,1,cc_by_nc
Copyright © 2009 Pearson Education New Zealand - www.pearsoned.co.nz. All rights reserved. By special permission the author retains the right to place his/her publication version of the work on a personal website or institutional repository for non commercial purposes. The definitive version was published in (see Citation). The original publication is available at (see Publisher’s Version).,1,cc_by_nc
Copyright © 2009. The Fiji School of Medicine (www.fsm.ac.fj). All rights reserved. By special permission authors retain the right to place his/her publication version of the work on a personal website or institutional repository for non commercial purposes only. The definitive version was published in (see Citation). An electronic version of this article can be found online at: (www.pacifichealthdialog.org.fj),1,cc_by_nc
Copyright © 2010 Creative Industries Research Institute AUT. All Rights Reserved. Authors retain the right to place his/her publication version of the work on a personal website or institutional repository for non commercial purposes. The definitive version was published in (see Citation). The original publication is available at (see Publisher’s Version).,1,cc_by_nc
Copyright © 2010 Delft University of Technology; The Hague University of Applied Sciences; TNO (http://repository.tudelft.nl/). All rights reserved. Authors retain the right to place his/her publication version of the work on a personal website or institutional repository for non commercial purposes. The definitive version was published in (see Citation). The original publication is available at (see Publisher’s Version).,1,cc_by_nc
Copyright © 2010 New Zealand Institute of Chartered Accountants. All rights reserved. Member of the GAA. Authors retain the right to place his/her publication version of the work on a personal website or institutional repository for non commercial purposes. The definitive version was published in (see Citation). The original publication is available at (see Publisher’s Version).,1,cc_by_nc
"Copyright © 2010 The Editors, New Zealand Sociology (http://web.me.com/saanz/SAANZ/Journal.html). All Rights Reserved. Authors retain the right to place his/her publication version of the work on a personal website or institutional repository for non commercial purposes. The definitive version was published in (see Citation). The original publication is available at (see Publisher’s Version).",1,cc_by_nc
Copyright © 2010. The New Zealand Herald (www.nzherald.co.nz). All rights reserved. By special permission authors retain the right to place his/her publication version of the work on a personal website or institutional repository for non commercial purposes only. The definitive version was published in (see Citation). An electronic version of this article can be found online at: (Please see Publisher’s Version),1,cc_by_nc
Copyright © 2011 CSSALL Publishers (http://alternation.ukzn.ac.za/). All rights reserved. By special permission authors retain the right to place his/her publication version of the work on a personal website or institutional repository for non commercial purposes. The definitive version was published in (see Citation). The original publication is available at (see Publisher’s Version).,1,cc_by_nc
Copyright © 2011 New Zealand Institute of Chartered Accountants. All rights reserved. Member of the GAA. Authors retain the right to place his/her publication version of the work on a personal website or institutional repository for non commercial purposes. The definitive version was published in (see Citation).,1,cc_by_nc
Copyright © 2011 New Zealand Institute of Chartered Accountants. All rights reserved. Member of the GAA. Authors retain the right to place his/her publication version of the work on a personal website or institutional repository for non commercial purposes. The definitive version was published in (see Citation). The original publication is available at (see Publisher’s Version).,1,cc_by_nc
Copyright © 2011 Swinburne University of Technology. Authors retain the right to place his/her publication version of the work on a personal website or institutional repository for non commercial purposes. The definitive version was published in (see Citation). The original publication is available at (see Publisher’s Version).,1,cc_by_nc
"Copyright © 2011 by BMJ Publishing Group Ltd and the Health Foundation. All rights reserved. TThis is an open-access article distributed under the terms of the Creative Commons Attribution Non-commercial License, which permits use, distribution, and reproduction in any medium, provided the original work is properly cited, the use is non commercial and is otherwise in compliance with the license. See: http://creativecommons.org/licenses/by-nc/2.0/ and http://creativecommons.org/licenses/by-nc/2.0/legalcode.",1,cc_by_nc
Copyright © 2011. The McKenzie Institute (http://www.mckenziemdt.org/). All rights reserved. By special permission Authors retain the right to place his/her publication version of the work on a personal website or institutional repository for non commercial purposes only. The definitive version was published in (see Citation).,1,cc_by_nc
"Copyright © 2012 American Institute of Physics (API)  (http://www.aip.org). The author(s), and in the case of a Work Made For Hire, as deﬁned in the U.S. Copyright Act, 17 U.S.C. § 101, the employer named below, shall have the following rights (the ‘‘Author Rights’’): The right to use all or part of the Article, including the AIP-prepared version without revision or modiﬁcation, on the author(s)’ web home page or employer’s website and to make copies of all or part of the Article for the author(s)’ and/or the employer’s use for lecture or classroom purposes - strictly for non commercial purposes only. If a fee is charged for any use, AIP permission must be obtained",1,cc_by_nc
"Copyright © 2012 The Editors, New Zealand Sociology (http://web.me.com/saanz/SAANZ/Journal.html). All Rights Reserved. Authors retain the right to place his/her publication version of the work on a personal website or institutional repository for non commercial purposes. The definitive version was published in (see Citation). The original publication is available at (see Publisher’s Version).",1,cc_by_nc
"Copyright © 2013 The Editors, New Zealand Sociology. All Rights Reserved. Authors retain the right to place his/her publication version of the work on a personal website or institutional repository for non commercial purposes. The definitive version was published in (see Citation). The original publication is available at (see Publisher’s Version).",1,cc_by_nc
Copyright © 2015. Manukau Institute of Technology (http://www.manukau.ac.nz/). All rights reserved. Authors retain the right to place his/her publication version of the work on a personal website or institutional repository for non commercial purposes. The definitive version was published in (see Citation).,1,cc_by_nc
"Copyright © 2016 by Alan Renwick. All rights reserved. Readers may make verbatim copies of this document for non-commercial purposes by any means, provided that this copyright notice appears on all such copies. (With the exceptions noted in http://researcharchive.lincoln.ac.nz/page/rights, this metadata is available under a Creative Commons Zero license.)",1,cc_by_nc
"Copyright © 2016, Lippincott Williams & Wilkins, Two Commerce Square, 2001 Market Street, Philadelphia, PA 19103 U.S.A. All rights reserved. Copyright in the documents (""Contents"") on the Lippincott Williams & Wilkins Web Servers is owned by Lippincott Williams & Wilkins (LWW), unless otherwise indicated. LWW hereby authorizes you to copy documents published by LWW on the World Wide Web for non-commercial uses within your organization only. In consideration of this authorization, you agree that any copy of these documents which you make shall retain all copyright and other proprietary notices contained herein.",1,cc_by_nc
"Copyright © 2017, Lippincott Williams & Wilkins, Two Commerce Square, 2001 Market Street, Philadelphia, PA 19103 U.S.A. All rights reserved. Copyright in the documents (""Contents"") on the Lippincott Williams & Wilkins Web Servers is owned by Lippincott Williams & Wilkins (LWW), unless otherwise indicated. LWW hereby authorizes you to copy documents published by LWW on the World Wide Web for non-commercial uses within your organization only. In consideration of this authorization, you agree that any copy of these documents which you make shall retain all copyright and other proprietary notices contained herein.",1,cc_by_nc
"Copyright © 2018 The Authors, some rights reserved; exclusive licensee American Association
for the Advancement of Science. No claim to original U.S. Government Works. Distributed under a Creative
Commons Attribution NonCommercial License 4.0 (CC BY-NC).",1,cc_by_nc
"Copyright © 2018 by Institute for Poverty Alleviation and International Development
This is an open access article distributed under the terms of the Creative Commons Attribution Non-Commercial License (http://creativecommons.org/licenses/
by-nc/4.0/) which permits unrestricted non-commercial use, distribution, and reproduction in any medium, provided the original work is properly cited",1,cc_by_nc
"Copyright © 2018, Lippincott Williams & Wilkins, Two Commerce Square, 2001 Market Street, Philadelphia, PA 19103 U.S.A. All rights reserved. Copyright in the documents (""Contents"") on the Lippincott Williams & Wilkins Web Servers is owned by Lippincott Williams & Wilkins (LWW), unless otherwise indicated. LWW hereby authorizes you to copy documents published by LWW on the World Wide Web for non-commercial uses within your organization only. In consideration of this authorization, you agree that any copy of these documents which you make shall retain all copyright and other proprietary notices contained herein.",1,cc_by_nc
Copyright © 2020 by the author(s). Published here under license by The Resilience Alliance. This article  is under a Creative Commons Attribution-NonCommercial 4.0 International License.,1,cc_by_nc
"Copyright © AAPAE and the authors 2009. Apart from any fair dealing for the purposes of research or private study, criticism or review, as permitted under the Copyright Act, no part of this publication may be reproduced, stored or transmitted, in any form or by any means, without the prior written permission of the publishers. Enquiries concerning reproduction outside those terms should be sent to the publishers at the address above. Authors retain the right to place his/her pre-publication version of the work on a personal website or institutional repository for non commercial purposes.",1,cc_by_nc
"Copyright © BMJ Publishing, YYYY. Authors retain the right to place his/her publication version of the work on a personal website or institutional repository for non commercial purposes. The definitive version was published in (see Citation). The original publication is available at (see Publisher's Version).",1,cc_by_nc
"Copyright © Cambridge University Press, 2009. (http://journals.cambridge.org). Authors retain the right to place his/her pre-publication version of the work on a personal website or institutional repository for non commercial purposes. The definitive version was published in (see Citation). The original publication is available at (see Publisher's Version)",1,cc_by_nc
"Copyright © Emerald Group Publishing Limited, 2006. Authors retain the right to place his/her pre-publication version of the work on a personal website or institutional repository for non commercial purposes. The definitive version was published in (see Citation). The original publication is available at www.emeraldinsight.com (see Publisher’s Version).",1,cc_by_nc
"Copyright © Emerald Group Publishing Limited, 2007. Authors retain the right to place his/her publication version of the work on a personal website or institutional repository for non commercial purposes. The definitive version was published in (see Citation). The original publication is available at www.emeraldinsight.com (see Publisher’s Version).",1,cc_by_nc
"Copyright © Emerald Group Publishing Limited, 2008. Authors retain the right to place his/her publication version of the work on a personal website or institutional repository for non commercial purposes. The definitive version was published in (see Citation). The original publication is available at www.emeraldinsight.com (see Publisher’s Version).",1,cc_by_nc
"Copyright © Emerald Group Publishing Limited, 2012. Authors retain the right to place his/her pre-publication version of the work on a personal website or institutional repository for non commercial purposes. The definitive version was published in (see Citation). The original publication is available at www.emeraldinsight.com (see Publisher’s Version).",1,cc_by_nc
"Copyright © Emerald Group Publishing Limited, 2014. Authors retain the right to place his/her pre-publication version of the work on a personal website or institutional repository for non commercial purposes. The definitive version was published in (see Citation). The original publication is available at www.emeraldinsight.com (see Publisher’s Version).",1,cc_by_nc
"Copyright © Emerald Group Publishing Limited, 2019. Authors retain the right to place his/her pre-publication version of the work on a personal website or institutional repository for non commercial purposes. The definitive version was published in (see Citation). The original publication is available at www.emeraldinsight.com (see Publisher’s Version).",1,cc_by_nc
"Copyright © Emerald Group Publishing Limited, 2020. Authors retain the right to place his/her pre-publication version of the work on a personal website or institutional repository for non commercial purposes. The definitive version was published in (see Citation). The original publication is available at www.emeraldinsight.com (see Publisher’s Version).",1,cc_by_nc
"Copyright © Inderscience Enterprises Ltd., 2011. Authors retain the right to place his/her pre-publication version of the work on a personal website or institutional repository for non commercial purposes. The definitive version was published in (see Citation). The original publication is available at (see Publisher's Version)",1,cc_by_nc
"Copyright © Inderscience Enterprises Ltd., 2017. Authors retain the right to place his/her pre-publication version of the work on a personal website or institutional repository for non commercial purposes. The definitive version was published in (see Citation). The original publication is available at (see Publisher's Version).",1,cc_by_nc
"Copyright © Informa Healthcare, 2007. Authors retain the right to place his/her post-publication version of the work on a personal website or institutional repository for non commercial purposes. The definitive version was published in (see Citation). The original publication is available at (see Publisher's Version)",1,cc_by_nc
"Copyright © Informa Healthcare, 2010. Authors retain the right to place his/her post-publication version of the work on a personal website or institutional repository for non commercial purposes. The definitive version was published in (see Citation). The original publication is available at (see Publisher's Version)",1,cc_by_nc
"Copyright © Informa Healthcare, 2011. Authors retain the right to place his/her post-publication version of the work on a personal website or institutional repository for non commercial purposes. The definitive version was published in (see Citation). The original publication is available at (see Publisher's Version)",1,cc_by_nc
"Copyright © Informa Healthcare, 2015. Authors retain the right to place his/her post-publication version of the work on a personal website or institutional repository for non commercial purposes. The definitive version was published in (see Citation). The original publication is available at (see Publisher's Version).",1,cc_by_nc
"Copyright © Korean Society for Food Science of Animal Resources. This is an open access article distributed under the terms of the Creative Commons Attribution Non-Commercial License http://creativecommons.org/licences/by-nc/3.0) which
permits unrestricted non-commercial use, distribution, and reproduction in any medium, provided the original
work is properly cited.",1,cc_by_nc
"Copyright © New Zealand Medical Association, 2007. All Rights Reserved. Authors retain the right to place his/her publication version of the work on a personal website or institutional repository for non commercial purposes. The definitive version was published in (see Citation). The original publication is available at (see Publisher’s Version).",1,cc_by_nc
"Copyright © New Zealand Medical Association, 2008. All Rights Reserved. Authors retain the right to place his/her publication version of the work on a personal website or institutional repository for non commercial purposes. The definitive version was published in (see Citation). The original publication is available at (see Publisher’s Version).",1,cc_by_nc
"Copyright © New Zealand Medical Association, 2011. All Rights Reserved. Authors retain the right to place his/her publication version of the work on a personal website or institutional repository for non commercial purposes. The definitive version was published in (see Citation). The original publication is available at (see Publisher’s Version).",1,cc_by_nc
"Copyright © New Zealand Medical Association, 2012. All Rights Reserved. Authors retain the right to place his/her publication version of the work on a personal website or institutional repository for non commercial purposes. The definitive version was published in (see Citation). The original publication is available at (see Publisher’s Version).",1,cc_by_nc
"Copyright © New Zealand Medical Association, 2015. All Rights Reserved. Authors retain the right to place his/her publication version of the work on a personal website or institutional repository for non commercial purposes. The definitive version was published in (see Citation). The original publication is available at (see Publisher’s Version).",1,cc_by_nc
"Copyright © New Zealand Medical Association, 2016. All Rights Reserved. Authors retain the right to place his/her publication version of the work on a personal website or institutional repository for non commercial purposes. The definitive version was published in (see Citation). The original publication is available at (see Publisher’s Version).",1,cc_by_nc
"Copyright © New Zealand Medical Association, 2018. All Rights Reserved. Authors retain the right to place his/her publication version of the work on a personal website or institutional repository for non commercial purposes. The definitive version was published in (see Citation). The original publication is available at (see Publisher’s Version).",1,cc_by_nc
"Copyright © New Zealand Medical Association, 2019. All Rights Reserved. Authors retain the right to place his/her publication version of the work on a personal website or institutional repository for non commercial purposes. The definitive version was published in (see Citation). The original publication is available at (see Publisher’s Version).
The New Zealand Medical Journal is already largely a free-to-all publication. All items more than 6 months old are freely available to anyone in the world who has internet access.",1,cc_by_nc
"Copyright © Roslyn Kerr 2016.
Attribution-NonCommercial (CC-BY-NC) 4.0 International (With the exceptions noted in http://researcharchive.lincoln.ac.nz/page/rights, this metadata is available under a Creative Commons Zero license.)",1,cc_by_nc
"Copyright © The Author. These documents are made available under a Creative Commons licence, Attribution-Noncommercial (BY-NC). (With the exceptions noted in http://researcharchive.lincoln.ac.nz/page/rights, this metadata is available under a Creative Commons Zero license.)",1,cc_by_nc
"Copyright © Thomson Reuters, 2011. Authors retain the right to place his/her pre-publication version of the work on a personal website or institutional repository for non commercial purposes. The definitive version was published in (see Citation). The original publication is available at (see Publisher's Version)",1,cc_by_nc
"Copyright © Thomson Reuters, 2015. Authors retain the right to place his/her pre-publication version of the work on a personal website or institutional repository for non commercial purposes. The definitive version was published in (see Citation). The original publication is available at (see Publisher's Version).",1,cc_by_nc
"Copyright ⓒ 2018 Korean Association for Business Communication. This is an Open-Access article distributed under the terms of the Creative Commons Attribution Non-Commercial License (http://creativecommons.org/licenses/by-nc/4.0/) which permits unrestricted non-commercial use, distribution, and reproduction in any medium, provided the original work is properly cited.",1,cc_by_nc
"Copyright:	©	2017	Boland	&	Demirbag.		This	is	an	open	access	article	distributed	under	the	terms	of	the	Creative	Commons	Attribution	Non-Commercial	License,	which	permits	unrestricted	non-commercial	use,	distribution,	and	reproduction	in	any	medium,	provided	the	original	author	and	source	are	credited.",1,cc_by_nc
"Copyright:	©	2017	Boland.		This	is	an	open	access	article	distributed	under	the	terms	of	the	Creative	Commons	Attribution	Non-Commercial	License,	which	permits	unrestricted	non-commercial	use,	distribution,	and	reproduction	in	any	medium,	provided	the	original	author	and	source	are	credited.",1,cc_by_nc
"Copyright: © 2015 AT Litchfield and A Shahzad. This is an open-access article distributed under the terms of the Creative Commons Attribution-NonCommercial 3.0 Australia License, which permits non-commercial use, distribution, and reproduction in any medium, provided the original author and ACIS are credited.",1,cc_by_nc
"Copyright: © 2015 Adhikari, Mathrani and Parsons. This is an open-access article distributed under the terms of the Creative Commons Attribution-NonCommercial 3.0 Australia License, which permits non-commercial use, distribution, and reproduction in any medium, provided the original author and ACIS are credited.",1,cc_by_nc
"Copyright: ©2017 Boland. This is an open access	 article	
distributed under	the terms of the Creative Commons	
Attribution Non-Commercial License, which permits unrestricted non-commercial use, distribution, and reproduction in any medium, provided the original author and source are credited.",1,cc_by_nc
Counsellor Clients as Insider Experts in a School Community  by Nigel Pizzini and Helen Gremillion is licensed under a Creative Commons Attribution-NonCommercial 4.0 International License,1,cc_by_nc
Creating Interfaces for Live Octophonic Spatialisation of Sound is licensed under a Creative Commons Attribution-NonCommercial 4.0 International License.,1,cc_by_nc
Creative Commons Attribution Non-Commercial 3.0 Unported License,1,cc_by_nc
Creative Commons Attribution Non-Commercial License,1,cc_by_nc
Creative Commons Attribution Non-Commercial License 4.0 International,1,cc_by_nc
Creative Commons Attribution Non-commercial International Licence 4.0 (CC BY-NC 4.0).,1,cc_by_nc
"Creative Commons Attribution Non-commercial International Licence 4.0 (CC BY-NC 4.0). To reuse the AAM for commercial purposes, permission should be sought by contacting permissions@emeraldinsight.com.",1,cc_by_nc
Creative Commons Attribution-Noncommercial 3.0 Unported License.,1,cc_by_nc
"Creative Commons BY-NC 3.0 Andrew Moore. Creative Commons Attribution NonCommercial 3.0. You are free to share, copy, distribute and transmit the work or to remix and adapt the work under the following conditions: you must attribute the work in the manner specified by the author or licensor (but not in any way that suggests that they endorse you or your use of the work) and you may not use this work for commercial purposes. This licence excludes the photographs from The Press, which are copyright Fairfax Media and may only be used with the permission of Fairfax Media.",1,cc_by_nc
"Creative Commons CC BY-NC: This article is distributed under the terms of the Creative Commons Attribution-NonCommercial 3.0 License (http://www.creativecommons.org/licenses/by-nc/3.0/) which permits non-commercial use, reproduction and distribution of the work without further permission provided the original work is attributed as specified on the SAGE and Open Access pages (https://us.sagepub.com/en-us/nam/open-access-at-sage).",1,cc_by_nc
"Creative Commons Non Commercial CC BY-NC: This article is distributed under the terms of the Creative
Commons Attribution-NonCommercial 4.0 License",1,cc_by_nc
"Creative Commons Non Commercial CC BY-NC: This article is distributed under the terms of the Creative Commons Attribution-Non-
Commercial 3.0 License (http://www.creativecommons.org/licenses/by-nc/3.0/) which permits non-commercial use, reproduction and
distribution of the work without further permission provided the original work is attributed as specified on the SAGE and Open Access pages (https://
us.sagepub.com/en-us/nam/open-access-at-sage).",1,cc_by_nc
"Creative Commons Non Commercial CC BY-NC: This article is distributed under the terms of the Creative Commons Attribution-NonCommercial 3.0 License (http://www.creativecommons.org/licenses/by-nc/3.0/) which permits non-commercial use, reproduction and distribution of the work without further permission provided the original work is attributed as specified on the SAGE and Open Access pages (https://us.sagepub.com/en-us/nam/open-access-at-sage).",1,cc_by_nc
"Creative Commons Non Commercial CC BY-NC: This article is distributed under the terms of the Creative Commons Attribution-NonCommercial 4.0 License (http://www.creativecommons.org/licenses/by-nc/4.0/) which permits non-commercial use, reproduction and distribution of the work without further permission provided the original work is attributed as specified on the SAGE and Open Access pages (https://us.sagepub.com/en-us/nam/open-access-at-sage).",1,cc_by_nc
"Creative Commons Non Commercial CC BY-NC: This article is distributed under the terms of the Creative Commons AttributionNonCommercial 4.0 License (http://www.creativecommons.org/licenses/by-nc/4.0/) which permits non-commercial use,
reproduction and distribution of the work without further permission provided the original work is attributed as specified on the SAGE and
Open Access pages (https://us.sagepub.com/en-us/nam/open-access-at-sage).",1,cc_by_nc
Creative Commons license - Attribution-NonCommercial 4.0 International (CC BY-NC 4.0),1,cc_by_nc
Creative Commons license Attribution-NonCommercial 4.0 International (CC BY-NC 4.0),1,cc_by_nc
"Cyclosorus interruptus. Large population of mature plants growing in wetland.  
© Leon Perrie 2013 CC BY-NC 3.0 NZ",1,cc_by_nc
"De Gruyter Open publishes fully open access journals, which means that all articles are available on the internet to all users immediately upon publication. Non-commercial use and distribution in any medium is permitted, provided the author and the journal are properly credited.",1,cc_by_nc
Delirium assessment and management: A qualitative study on aged-care nurses’ experiences  by Ray Jauny and John Parsons is licensed under a Creative Commons Attribution-NonCommercial 4.0 International License,1,cc_by_nc
"Designing a children’s literature course for diverse adult learners: Co-constructing learning spaces through creativity by Stephanie
Sheehan, Anne Kayes and Tui Matelau is licensed under a Creative Commons Attribution-NonCommercial 4.0 International License.",1,cc_by_nc
"Dicksonia fibrosa: mature plant with skirt of dead fronds.
© Leon Perrie 2013 CC BY-NC 3.0 NZ",1,cc_by_nc
"Dicksonia squarrosa: mature plants growing in a grove, showing orange-brown dead fronds.
© Te Papa 2011 CC-BY-NC 3.0 NZ",1,cc_by_nc
"Disclosure of Internal Control Information by Chinese Cross Listed Companies by Xiangrong (Gloria) Hao and Elizabeth A. Rainsbury, is licensed under a Creative Commons Attribution-NonCommercial 4.0 International License.",1,cc_by_nc
Disclosure standards of large New Zealand companies: A content analysis study of compliance with the FMA’s corporate governance guidelines by Allan Chang is licensed under a Creative Commons Attribution-NonCommercial 4.0 International License.,1,cc_by_nc
Distributed under a Creative Commons Attribution NonCommercial License 4.0 (CC BY-NC).,1,cc_by_nc
"Dryopteris affinis. Mature plant with 2-pinnate fronds.
© Leon Perrie CC BY-NC 3.0 NZ",1,cc_by_nc
"Dryopteris filix-mas. Adaxial surface of mature 2-pinnate frond.
© Leon Perrie CC BY-NC 3.0 NZ",1,cc_by_nc
"Early welfare in Kurow, New Zealand is licensed under a Creative Commons Attribution-NonCommercial 4.0
International License.",1,cc_by_nc
"Ecological communities of tree species threatened by myrtle rust (Austropuccinia psidii (G. Winter) Beenken): The lichenised mycobiota of pōhutukawa (Metrosideros excelsa Sol. ex Gaertn., Myrtaceae), by Dan J. Blanchon, Dhahara Ranatunga, Andrew J. Marshall, Peter J. de Lange, is licensed under a Creative Commons Attribution-NonCommercial 4.0 International License.",1,cc_by_nc
"Embedding Building Information Modelling into Construction Technology and Documentation courses: A case study of the Unitec National Diploma Programmes by Malachy McGarrigle, is licensed under a Creative Commons Attribution-NonCommercial 4.0 International License.",1,cc_by_nc
"Embedding learning for future and imagined communities in portfolio assessment, is licensed under a Creative Commons Attribution-NonCommercial 4.0 International License",1,cc_by_nc
Engaging youth in community action research: a visual methods approach to HIV and AIDS awareness is licensed under a Creative Commons Attribution-NonCommercial 4.0 International License.,1,cc_by_nc
Entry-level tertiary student perceptions of challenges when using a wiki: Trust and peer teaching by Kay Hammond and Catherine Powell is licensed under a Creative Commons AttributionNonCommercial 4.0 International License.,1,cc_by_nc
Epistemology and community-worker education: Questioning the knowledge we value / valuing the knowledge we question is licensed under a Creative Commons Attribution-NonCommercial 4.0 International License.,1,cc_by_nc
"Equisetum arvense: brown unbranched fertile stem with terminal strobilus, and green sterile stems with branches arising in whorls.   
© Phil Garnock-Jones 2013 CC-BY-NC 3.0 NZ",1,cc_by_nc
"Equisetum hyemale: unbranched fertile and sterile stems.  
© Te Papa 2013 CC BY-NC 3.0 NZ",1,cc_by_nc
"Ethnic Migrant Media Forum 2014. Curated Proceedings is licensed under a Creative Commons AttributionNonCommercial
4.0 International License.",1,cc_by_nc
"Evocations of the Other: Treatments of the exotic and the feminine in nineteenth century music – The redemption of
Sheherazade is licensed under a Creative Commons Attribution-NonCommercial 4.0 International License.",1,cc_by_nc
"Except where otherwise noted, all content on this website is licensed under a Creative Commons Attribution 3.0 License. This license allows for commercial and non-commercial redistribution as well as modifications of the work as long as attribution is given to the authors and the Technology Innovation Management Review as the original publication source, and a link to the article on the TIM Review website is provided.",1,cc_by_nc
"Experiencing women’s advocacy: Connections with and departures from a feminist socio-political movement to end violence against women, is licensed under a Creative Commons Attribution-NonCommercial 4.0 International License.",1,cc_by_nc
"Exploring the role of Buddhist monks’ and nuns’ engagement in community development as catalysts for social change and sustainable development in Lao People’s Democratic Republic: A case study of the Buddhism for Development Project at Ban Bungsanthueng, Nongbok District, Khammouane Province, by Toung Eh Synuanchanh, by Kalinga Seneviratne, is licensed under a Creative Commons
Attribution-NonCommercial 4.0 International License.",1,cc_by_nc
"FMA authorizes you to view and download a single copy of the material on this web site solely for your personal, non-commercial use. You may not sell or modify our site material or reproduce, display, publicly perform, distribute, or otherwise use the material in any way for any commercial purpose.",1,cc_by_nc
File to Factory: A case study of automated prefabrication house-building methods for small-to-medium enterprises  by Yusef Patel is licensed under a Creative Commons Attribution-NonCommercial 4.0 International License,1,cc_by_nc
"First record of Himalayan wineberry (Rubus ellipticus var. obcordatus (Franch.) Focke., Rosaceae) in New Zealand, by Peter J. de Lange, Dan J. Blanchon, Erin J. Doyle, Andrew J. Marshall, Ines Schönberger and Sarah Killick, is licensed under a Creative Commons Attribution-NonCommercial 4.0 International License.",1,cc_by_nc
"For reproduction of the photolithograph, for non-commercial purposes, contact the Alexander Turnbull Library. 
Copyright: New Zealand Defence Department",1,cc_by_nc
Free article. Authors retain the right to place his/her publication version of the work on a personal website or institutional repository for non commercial purposes. The definitive version was published in (see Citation). The original publication is available at (see Publisher’s Version).,1,cc_by_nc
Global Warming and Climate Change in India: A Social Work Perspective is licensed under a Creative Commons Attribution-NonCommercial 4.0 International License.,1,cc_by_nc
"Guide Me Without Touching My Hand: Reflections on the Dramaturgical Development of the Devised-Theatre Show One by One By Pedro Ilgenfritz, is licensed under a Creative Commons Attribution-NonCommercial 4.0 International License.",1,cc_by_nc
"Hack education: Crowdsourcing the future of education in New Zealand by David Parsons, Jonathan Lynch, Binglan Han and Rochelle Thorn is licensed under a Creative Commons Attribution-NonCommercial 4.0 International License.",1,cc_by_nc
"How can Herman and Chomsky’s Ideas Function in a Post-communist World? is licensed under a Creative Commons
Attribution-NonCommercial 4.0 International License.",1,cc_by_nc
"How does the option of video assessment impact on student choice and grades? by Lynley Schofield, Karen Baker, Darcy Vo, Truman Pham Lucie Lindsay and Binglan Han is licensed under a Creative Commons Attribution-NonCommercial 4.0 International License.",1,cc_by_nc
"Human Biometric Traits: A Systematic Review Focusing on Vascular Patterns by Dr Soheil Varastehpour, Dr Hamid Sharifzadeh, Dr Iman Ardekani and Dr Abdolhossein Sarrafzadeh is licensed under a Creative Commons Attribution-NonCommercial 4.0 International License.",1,cc_by_nc
"Huperzia australiana. Mature plant showing erect, sparingly branched stems.
© Te Papa CC BY-NC 4.0",1,cc_by_nc
"Hymenophyllum bivalve. Ovate, 4-pinnatifid lamina with sori lying in the plane of the frond, not bent upwards.  
© Leon Perrie 2013 CC-BY-NC 3.0 NZ",1,cc_by_nc
"If authors choose open access in the Springer Open Choice program, the copyright remains with them, the authors of the article.

As of January 2012, the majority of Springer’s Open Choice eligible journals publish open access articles under the liberal Creative Commons Attribution 4.0 International (CC BY) license. The CC BY license permits unrestricted use, distribution and reproduction in any medium, provided you give appropriate credit to the original author(s) and the source, provide a link to the Creative Commons license, and indicate if changes were made.

A limited number of journals continue to use the Creative Commons Attribution Non-Commercial 4.0 International (CC BY-NC) license, including those published under our Adis imprint.",1,cc_by_nc
"If you can say yes to all of these statements, you are ready for open access publication under a Springer Compact agreement:
My open access article has been accepted by an Open Choice eligible journal* 
I am the corresponding author
I am affiliated with an eligible institution/university*
The type of my article is covered by my institution’s/university’s agreement*
Tip: To increase the chances of being recognized by the institutions as eligible, corresponding authors are advised to use their email address from the respective institution instead of their private email address.
If authors choose open access in the Springer Open Choice program, the copyright remains with them, the authors of the article.
As of January 2012, the majority of Springer’s Open Choice eligible journals publish open access articles under the liberal Creative Commons Attribution 4.0 International (CC BY) license. The CC BY license permits unrestricted use, distribution and reproduction in any medium, provided you give appropriate credit to the original author(s) and the source, provide a link to the Creative Commons license, and indicate if changes were made.
A limited number of journals continue to use the Creative Commons Attribution Non-Commercial 4.0 International (CC BY-NC) license, including those published under our Adis imprint.",1,cc_by_nc
"Implementation of Tikanga Māori in Animal Euthanasia Teaching by Arnja Dale, Jessica Walker and John Perrott, is licensed under a Creative Commons Attribution-NonCommercial 4.0 International License.",1,cc_by_nc
"Implications for selected indigenous fauna of Tiritiri Matangi of the establishment of Austropuccinia psidii (G. Winter) Beenken (myrtle rust) in northern New Zealand, by Mark Large and Mel Galbraith, is licensed under a Creative Commons Attribution-NonCommercial 4.0 International License.",1,cc_by_nc
Intergenerational transmission of communication – a Tongan perspective is licensed under a Creative Commons Attribution NonCommercial 4.0 International License.,1,cc_by_nc
It is licensed under a Creative Commons Attribution-NonCommercial 4.0 International License.,1,cc_by_nc
"Iwi and local government partnerships in biosecurity: A case study of Te Arawa Catfish Killas in response to a pest fish incursion in the Bay of Plenty, New Zealand, by Lucas MacDonald and William Anaru, is licensed under a Creative Commons Attribution-NonCommercial 4.0 International License.",1,cc_by_nc
Language and myths of poverty is licensed under a Creative Commons Attribution-NonCommercial 4.0 International License.,1,cc_by_nc
"Leadership Through Peer Mediation: Research Report by Dr Helene Connor and Leo Buccahan, is licensed under a Creative Commons AttributionNonCommercial 3.0 New Zealand license.",1,cc_by_nc
"Leptopteris hymenophylloides: mature frond showing long basal pinnae and stipe.
© Te Papa 2012 CC BY-NC 3.0 NZ",1,cc_by_nc
Licensed under Creative Commons Attribution 4.0 International Attribution-NonCommercial 4.0 International CC BY 4.0 cc https://creativecommons.org/licenses/by/4.0/,1,cc_by_nc
Licensed under Creative Commons Attribution-NonCommercial 2.0 Generic CC BY-NC 2.0 cc https://creativecommons.org/licenses/by-nc/2.0/,1,cc_by_nc
Licensed under Creative Commons Attribution-NonCommercial 3.0 Unported (CC BY-NC 3.0) https://creativecommons.org/licenses/by-nc/3.0/ NZ,1,cc_by_nc
Licensed under Creative Commons Attribution-NonCommercial 4.0 International (CC BY-NC 4.0) https://creativecommons.org/licenses/by-nc/4.0/,1,cc_by_nc
Licensed under Creative Commons CC BY-NC 3.0 cc https://creativecommons.org/licenses/by-nc/3.0/,1,cc_by_nc
"Licensed under a Creative Commons Attribution-
NonCommercial 4.0 International License.",1,cc_by_nc
Licensed under a Creative Commons AttributionNonCommercial 4.0 International License.,1,cc_by_nc
Loan courtesy of Mary Reid ; This work is licensed under a Creative Commons Attribution-NonCommercial 4.0 International License.,1,cc_by_nc
Looks like a classroom to us by John Stansfield is licensed under a Creative Commons Attribution-NonCommercial 4.0 International License.,1,cc_by_nc
"Lycopodium deuterodensum. Mature, branching aerial stems with appressed leaves.
© Te Papa CC BY-NC 4.0",1,cc_by_nc
"Lycopodium fastigiatum. Small plant showing prostrate aerial stems and stalked strobili terminal on the branches.
© Leon Perrie CC BY-NC 4.0",1,cc_by_nc
"Lycopodium scariosum. Plants scrambling over a clay bank.
© Leon Perrie CC BY-NC 4.0",1,cc_by_nc
"Lycopodium volubile. Apex of aerial stem showing leaves flattened in one plane.
© Leon Perrie CC BY-NC 4.0",1,cc_by_nc
"Massey University encourages public access to University information and provides online access to some University services. However, all material published on this website is protected so far as is allowed by the provisions of the Copyright Act 1994 (""the Act"").

Apart from any use permitted by the Act, the University grants users of this website a licence (within the meaning of the Act) to download, print, share or otherwise reproduce the information for non-commercial purposes only.",1,cc_by_nc
"Measuring the Efficacy of Repellent on House Sparrows (Passer domesticus), by Kristie E. Cameron, Roxanne J. Wassenaar, Ayellet Panapasa, Kelsey J. Brown, Angela D. Halliday, Kaitlyn R. Lodge- Osborn, Emily A. Robson, Joanne P. Aley, Graham Jones, Jodi R. Salinsky, Diane L. Fraser, and Nigel J. Adams, is licensed under a Creative Commons Attribution-NonCommercial 4.0 International License.",1,cc_by_nc
Medium-density dwellings in Auckland and the building regulations by Roger Birchmore is licensed under a Creative Commons Attribution NonCommercial 4.0 International License,1,cc_by_nc
"Mitigating Nitrogen Oxides Exhaust Emissions from Petrol Vehicles by Application of a Fuel Additive by Dr Roman Kudin,
Prabhat Chand and Anura Bakmeedeniya is licensed under a Creative Commons Attribution-NonCommercial 3.0 New  Zealand 
 license.",1,cc_by_nc
"Models Applied in Stock Market Prediction: A Literature Survey by Wajira Dassanayake, Chandimal Jayawardena, Iman Ardekani and Hamid Sharifzadeh is licensed under a Creative Commons AttributionNonCommercial 4.0 International License.",1,cc_by_nc
My female body. is licensed under a Creative Commons Attribution-NonCommercial 4.0 International License.,1,cc_by_nc
"NCW Licence 19. The interviewee agrees to this data being publicly available on the UC CEISMIC website, displayed in a museum, library or other public space, or used in other works such as books, films, and artworks. The data may not be broadcast on television or radio, or used in teaching, other research projects, public lectures, and presentations. Licensed for non-commercial use, in part or whole, in compliance with the above conditions of use. Attribution to Women's Voices project, NCW (Christchurch).",1,cc_by_nc
"Nephrolepis flexuosa. Mature plants growing on thermally heated soil.
© Leon Perrie CC BY-NC 3.0 NZ",1,cc_by_nc
New Lynn - Auckland IMM Case Study: Low-density urban morphology and energy performance optimisation is licensed under a Creative Commons Attribution- NonCommercial 4.0 International License.,1,cc_by_nc
New Zealand Journal of Mathematics is an open access journal. Authors retain the right to place his/her publication version of the work on a personal website or institutional repository for non commercial purposes. The definitive version was published in (see Citation). The original publication is available at (see Publisher’s Version).,1,cc_by_nc
Non-commercial use,1,cc_by_nc
"Non-regulated Home Support Worker role in medication support and administration: A scoping review of the literature prepared for the Home & Community Health Association by Dianne E. Roy and Roslyne C. McKechnie, is licensed under a Creative Commons Attribution-NonCommercial 3.0 New Zealand license.",1,cc_by_nc
"OPINION: Focus and performance in managing post-border biosecurity in New Zealand, is licensed under a Creative Commons Attribution-NonCommercial 4.0 International License.",1,cc_by_nc
"Open Access This article is distributed under the terms of the
Creative Commons Attribution Noncommercial License which permits
any noncommercial use, distribution, and reproduction in any
medium, provided the original author(s) and source are credited.",1,cc_by_nc
"Open Access This article is distributed under the terms of the Creative Commons Attribution Noncommercial
License which permits any noncommercial use, distribution, and reproduction in any medium,
provided the original author(s) and source are credited.",1,cc_by_nc
"Ophioglossum coriaceum. Mature plants growing on forest floor.
© Leon Perrie 2005 CC BY-NC 3.0 NZ",1,cc_by_nc
"Ophioglossum petiolatum. Mature plants growing in cultivation showing fertile and sterile laminae.
© Pat Brownsey 1979 CC-BY-NC 3.0 NZ",1,cc_by_nc
Orchestrating Film: The contrasting orchestral-compositional approaches of Bernard Herrmann and John Williams and their modern legacy is licensed under a Creative Commons Attribution-NonCommercial 4.0 International License.,1,cc_by_nc
"Osmunda regalis: mature plants in dry, peaty soil.
© Te Papa 2012 CC BY-NC 3.0 NZ",1,cc_by_nc
"Participatory Video and the Pacifica Mamas: A Pilot Project by Malama Saifoloi, Evangelia Papoutsaki, Marcus
Williams, Usha Sundar Harris, and Munawwar Naqvi is licensed under a Creative Commons AttributionNonCommercial
4.0 International License.",1,cc_by_nc
"Pellaea rotundifolia. Adaxial surface of mature frond with oblong to rounded pinnae.
© Te Papa CC BY-NC 3.0 NZ",1,cc_by_nc
Perceptions of Community Safety in West Auckland and White Fragility is licensed under a Creative Commons Attribution-NonCommercial 4.0 International License.,1,cc_by_nc
Perspectives in Biosecurity is licensed under a Creative Commons Attribution-NonCommercial 4.0 International License.,1,cc_by_nc
"Photo by Colin Ogilvie Gibbs, part of the _blank"">Upper Hutt City Library Collections; This work is licensed under a Creative Commons Attribution-Noncommercial 3.0 New Zealand License",1,cc_by_nc
"Photo: (c) 101573658883058391214, some rights reserved (CC BY-NC);",1,cc_by_nc
"Photo: (c) 106149302538145621584, some rights reserved (CC BY-NC);",1,cc_by_nc
"Photo: (c) 15899088, some rights reserved (CC BY-NC);",1,cc_by_nc
"Photo: (c) AJ Johnson, some rights reserved (CC BY-NC);",1,cc_by_nc
"Photo: (c) Aaron Livingston, some rights reserved (CC BY-NC);",1,cc_by_nc
"Photo: (c) Aimee Stubbs, some rights reserved (CC BY-NC);",1,cc_by_nc
"Photo: (c) Alan Edwards, some rights reserved (CC BY-NC);",1,cc_by_nc
"Photo: (c) Alan Malsher, some rights reserved (CC BY-NC);",1,cc_by_nc
"Photo: (c) Albert Lindsey, some rights reserved (CC BY-NC);",1,cc_by_nc
"Photo: (c) Aleksandra Osijewska, some rights reserved (CC BY-NC);",1,cc_by_nc
"Photo: (c) Ali Cameron, some rights reserved (CC BY-NC);",1,cc_by_nc
"Photo: (c) Alistair Owens, some rights reserved (CC BY-NC);",1,cc_by_nc
"Photo: (c) Allanah Purdie, some rights reserved (CC BY-NC);",1,cc_by_nc
"Photo: (c) Allison Knight, some rights reserved (CC BY-NC);",1,cc_by_nc
"Photo: (c) Alliyah Samson, some rights reserved (CC BY-NC);",1,cc_by_nc
"Photo: (c) Alyssa Rattray, some rights reserved (CC BY-NC);",1,cc_by_nc
"Photo: (c) Amber St Claire, some rights reserved (CC BY-NC);",1,cc_by_nc
"Photo: (c) Amelia Bardsley, some rights reserved (CC BY-NC);",1,cc_by_nc
"Photo: (c) Amy Cullen, some rights reserved (CC BY-NC);",1,cc_by_nc
"Photo: (c) Amy Smith, some rights reserved (CC BY-NC);",1,cc_by_nc
"Photo: (c) Ana Gatica Colima, some rights reserved (CC BY-NC);",1,cc_by_nc
"Photo: (c) Anais perry, some rights reserved (CC BY-NC);",1,cc_by_nc
"Photo: (c) Andrea McDonald, some rights reserved (CC BY-NC);",1,cc_by_nc
"Photo: (c) Andrew Buglass, some rights reserved (CC BY-NC);",1,cc_by_nc
"Photo: (c) Andrew Mentor, some rights reserved (CC BY-NC);",1,cc_by_nc
"Photo: (c) Andrew Mockford, some rights reserved (CC BY-NC);",1,cc_by_nc
"Photo: (c) Andrew Stewart, some rights reserved (CC BY-NC);",1,cc_by_nc
"Photo: (c) Andy Shudall, some rights reserved (CC BY-NC);",1,cc_by_nc
"Photo: (c) Ange Hampton, some rights reserved (CC BY-NC);",1,cc_by_nc
"Photo: (c) Angela Kouka, some rights reserved (CC BY-NC);",1,cc_by_nc
"Photo: (c) Angus Dowson, some rights reserved (CC BY-NC);",1,cc_by_nc
"Photo: (c) Angus Matheson, some rights reserved (CC BY-NC);",1,cc_by_nc
"Photo: (c) Anita Murrell, some rights reserved (CC BY-NC);",1,cc_by_nc
"Photo: (c) Anita363, some rights reserved (CC BY-NC);",1,cc_by_nc
"Photo: (c) Anna Sephton, some rights reserved (CC BY-NC);",1,cc_by_nc
"Photo: (c) Anne-Hélène Paradis, some rights reserved (CC BY-NC);",1,cc_by_nc
"Photo: (c) Ant Lee, some rights reserved (CC BY-NC);",1,cc_by_nc
"Photo: (c) Arion Pons, some rights reserved (CC BY-NC);",1,cc_by_nc
"Photo: (c) Arnaud R., some rights reserved (CC BY-NC);",1,cc_by_nc
"Photo: (c) Aslice Nicole Crowther, some rights reserved (CC BY-NC);",1,cc_by_nc
"Photo: (c) AsureQuality Ltd, some rights reserved (CC BY-NC);",1,cc_by_nc
"Photo: (c) Avery Talgo, some rights reserved (CC BY-NC);",1,cc_by_nc
"Photo: (c) Awhina Mitchell, some rights reserved (CC BY-NC);",1,cc_by_nc
"Photo: (c) Barbara Olson, some rights reserved (CC BY-NC);",1,cc_by_nc
"Photo: (c) Barbara, some rights reserved (CC BY-NC);",1,cc_by_nc
"Photo: (c) Becky Casale, some rights reserved (CC BY-NC);",1,cc_by_nc
"Photo: (c) Ben Banks, some rights reserved (CC BY-NC);",1,cc_by_nc
"Photo: (c) Ben Cornell, some rights reserved (CC BY-NC);",1,cc_by_nc
"Photo: (c) Ben Fleming, some rights reserved (CC BY-NC);",1,cc_by_nc
"Photo: (c) Ben Halliwell, some rights reserved (CC BY-NC);",1,cc_by_nc
"Photo: (c) Ben Knight, some rights reserved (CC BY-NC);",1,cc_by_nc
"Photo: (c) Benjamin Davis, some rights reserved (CC BY-NC);",1,cc_by_nc
"Photo: (c) Bente Høllen, some rights reserved (CC BY-NC);",1,cc_by_nc
"Photo: (c) Bernard Shapiro, some rights reserved (CC BY-NC);",1,cc_by_nc
"Photo: (c) Beth, some rights reserved (CC BY-NC);",1,cc_by_nc
"Photo: (c) Bethanie Pyke van Wolff, some rights reserved (CC BY-NC);",1,cc_by_nc
"Photo: (c) Bill Blaikie, some rights reserved (CC BY-NC);",1,cc_by_nc
"Photo: (c) Bill Fintel, some rights reserved (CC BY-NC);",1,cc_by_nc
"Photo: (c) Bob Kattenberg, some rights reserved (CC BY-NC);",1,cc_by_nc
"Photo: (c) Bob McDougall, some rights reserved (CC BY-NC);",1,cc_by_nc
"Photo: (c) Brad Grimm, some rights reserved (CC BY-NC);",1,cc_by_nc
"Photo: (c) Brenda Strauchon, some rights reserved (CC BY-NC);",1,cc_by_nc
"Photo: (c) Brian Ferris, some rights reserved (CC BY-NC);",1,cc_by_nc
"Photo: (c) Brian Kwok, some rights reserved (CC BY-NC);",1,cc_by_nc
"Photo: (c) Brian S, some rights reserved (CC BY-NC);",1,cc_by_nc
"Photo: (c) Briar Rose Elliot, some rights reserved (CC BY-NC);",1,cc_by_nc
"Photo: (c) Bridget Stroud, some rights reserved (CC BY-NC);",1,cc_by_nc
"Photo: (c) Bronwyn Jones, some rights reserved (CC BY-NC);",1,cc_by_nc
"Photo: (c) Brooke Hartigan, some rights reserved (CC BY-NC);",1,cc_by_nc
"Photo: (c) Bruce Doig, some rights reserved (CC BY-NC);",1,cc_by_nc
"Photo: (c) Bruce Hille, some rights reserved (CC BY-NC);",1,cc_by_nc
"Photo: (c) Bruce Stuart-Menteath, some rights reserved (CC BY-NC);",1,cc_by_nc
"Photo: (c) Bryant Logging Operations, some rights reserved (CC BY-NC);",1,cc_by_nc
"Photo: (c) Bryony S, some rights reserved (CC BY-NC);",1,cc_by_nc
"Photo: (c) Byr, some rights reserved (CC BY-NC);",1,cc_by_nc
"Photo: (c) CC, some rights reserved (CC BY-NC);",1,cc_by_nc
"Photo: (c) CFL, some rights reserved (CC BY-NC);",1,cc_by_nc
"Photo: (c) Caitlin Frazer, some rights reserved (CC BY-NC);",1,cc_by_nc
"Photo: (c) Cameron PRESTON, some rights reserved (CC BY-NC);",1,cc_by_nc
"Photo: (c) Cameron, some rights reserved (CC BY-NC);",1,cc_by_nc
"Photo: (c) Camille, some rights reserved (CC BY-NC);",1,cc_by_nc
"Photo: (c) Caribe Tarawa, some rights reserved (CC BY-NC);",1,cc_by_nc
"Photo: (c) Cate Mallon, some rights reserved (CC BY-NC);",1,cc_by_nc
"Photo: (c) Catherine Kirby, some rights reserved (CC BY-NC);",1,cc_by_nc
"Photo: (c) Catherine Lee, some rights reserved (CC BY-NC);",1,cc_by_nc
"Photo: (c) Catherine Tejnecky, some rights reserved (CC BY-NC);",1,cc_by_nc
"Photo: (c) Cathrine, some rights reserved (CC BY-NC);",1,cc_by_nc
"Photo: (c) Charlotte Patterson, some rights reserved (CC BY-NC);",1,cc_by_nc
"Photo: (c) Charmaine Warrander, some rights reserved (CC BY-NC);",1,cc_by_nc
"Photo: (c) Chris Fisher, some rights reserved (CC BY-NC);",1,cc_by_nc
"Photo: (c) Chris North, some rights reserved (CC BY-NC);",1,cc_by_nc
"Photo: (c) Christelle Andre, some rights reserved (CC BY-NC);",1,cc_by_nc
"Photo: (c) Christina, some rights reserved (CC BY-NC);",1,cc_by_nc
"Photo: (c) Cindy Allison, some rights reserved (CC BY-NC);",1,cc_by_nc
"Photo: (c) Clare Atkins, some rights reserved (CC BY-NC);",1,cc_by_nc
"Photo: (c) Clare, some rights reserved (CC BY-NC);",1,cc_by_nc
"Photo: (c) Colin Bennett, some rights reserved (CC BY-NC);",1,cc_by_nc
"Photo: (c) Cooper French, some rights reserved (CC BY-NC);",1,cc_by_nc
"Photo: (c) Coralie Jacobsen, some rights reserved (CC BY-NC);",1,cc_by_nc
"Photo: (c) D Peter Dawson, some rights reserved (CC BY-NC);",1,cc_by_nc
"Photo: (c) D Wilson, some rights reserved (CC BY-NC);",1,cc_by_nc
"Photo: (c) Dale Miles, some rights reserved (CC BY-NC);",1,cc_by_nc
"Photo: (c) Damian, some rights reserved (CC BY-NC);",1,cc_by_nc
"Photo: (c) Damon Horrell, some rights reserved (CC BY-NC);",1,cc_by_nc
"Photo: (c) Dan Riskin, some rights reserved (CC BY-NC);",1,cc_by_nc
"Photo: (c) Dane Hawker, some rights reserved (CC BY-NC);",1,cc_by_nc
"Photo: (c) Danica, some rights reserved (CC BY-NC);",1,cc_by_nc
"Photo: (c) Daniel Hegh, some rights reserved (CC BY-NC);",1,cc_by_nc
"Photo: (c) Daniel, some rights reserved (CC BY-NC);",1,cc_by_nc
"Photo: (c) Daniela Biaggio, some rights reserved (CC BY-NC);",1,cc_by_nc
"Photo: (c) Dave Bonstow, some rights reserved (CC BY-NC);",1,cc_by_nc
"Photo: (c) Dave Heiner, some rights reserved (CC BY-NC);",1,cc_by_nc
"Photo: (c) Dave Wright, some rights reserved (CC BY-NC);",1,cc_by_nc
"Photo: (c) David Cooper, some rights reserved (CC BY-NC);",1,cc_by_nc
"Photo: (c) David Eaton, some rights reserved (CC BY-NC);",1,cc_by_nc
"Photo: (c) David Morris, some rights reserved (CC BY-NC);",1,cc_by_nc
"Photo: (c) David Todd, some rights reserved (CC BY-NC);",1,cc_by_nc
"Photo: (c) David and Irene, some rights reserved (CC BY-NC);",1,cc_by_nc
"Photo: (c) Debbie Lewis, some rights reserved (CC BY-NC);",1,cc_by_nc
"Photo: (c) Debi Hodge, some rights reserved (CC BY-NC);",1,cc_by_nc
"Photo: (c) Deborah Woollett, some rights reserved (CC BY-NC);",1,cc_by_nc
"Photo: (c) Dee J, some rights reserved (CC BY-NC);",1,cc_by_nc
"Photo: (c) Denise Cummins, some rights reserved (CC BY-NC);",1,cc_by_nc
"Photo: (c) Diane Holt, some rights reserved (CC BY-NC);",1,cc_by_nc
"Photo: (c) Diane Lee, some rights reserved (CC BY-NC);",1,cc_by_nc
"Photo: (c) Diane Newton, some rights reserved (CC BY-NC);",1,cc_by_nc
"Photo: (c) Diane Sullivan, some rights reserved (CC BY-NC);",1,cc_by_nc
"Photo: (c) Dirk HR Spennemann, some rights reserved (CC BY-NC);",1,cc_by_nc
"Photo: (c) Donatienne Brasseur, some rights reserved (CC BY-NC);",1,cc_by_nc
"Photo: (c) Dr Sea, some rights reserved (CC BY-NC);",1,cc_by_nc
"Photo: (c) Dvst8u, some rights reserved (CC BY-NC);",1,cc_by_nc
"Photo: (c) Dynelle Smallwood, some rights reserved (CC BY-NC);",1,cc_by_nc
"Photo: (c) Eain Si, some rights reserved (CC BY-NC);",1,cc_by_nc
"Photo: (c) Edward Howard, some rights reserved (CC BY-NC);",1,cc_by_nc
"Photo: (c) Elaine Bristowe, some rights reserved (CC BY-NC);",1,cc_by_nc
"Photo: (c) Elisa Shen, some rights reserved (CC BY-NC);",1,cc_by_nc
"Photo: (c) Elizabeth Kabanoff, some rights reserved (CC BY-NC);",1,cc_by_nc
"Photo: (c) Ella Murphy, some rights reserved (CC BY-NC);",1,cc_by_nc
"Photo: (c) Elly Buswell, some rights reserved (CC BY-NC);",1,cc_by_nc
"Photo: (c) Em Eff, some rights reserved (CC BY-NC);",1,cc_by_nc
"Photo: (c) Emily Dobson, some rights reserved (CC BY-NC);",1,cc_by_nc
"Photo: (c) Emily Tabb, some rights reserved (CC BY-NC);",1,cc_by_nc
"Photo: (c) Emma Jane Beatty, some rights reserved (CC BY-NC);",1,cc_by_nc
"Photo: (c) Emma Jenkinson, some rights reserved (CC BY-NC);",1,cc_by_nc
"Photo: (c) Emma King, some rights reserved (CC BY-NC);",1,cc_by_nc
"Photo: (c) Emma McLean, some rights reserved (CC BY-NC);",1,cc_by_nc
"Photo: (c) Emzaany Ferris-Cilliers, some rights reserved (CC BY-NC);",1,cc_by_nc
"Photo: (c) Eric Woods, some rights reserved (CC BY-NC);",1,cc_by_nc
"Photo: (c) Erika Kruger, some rights reserved (CC BY-NC);",1,cc_by_nc
"Photo: (c) Erin Middelkoop, some rights reserved (CC BY-NC);",1,cc_by_nc
"Photo: (c) Erin Pearce, some rights reserved (CC BY-NC);",1,cc_by_nc
"Photo: (c) Esteban, some rights reserved (CC BY-NC);",1,cc_by_nc
"Photo: (c) Fabrice Prugnaud, some rights reserved (CC BY-NC);",1,cc_by_nc
"Photo: (c) Fayas, some rights reserved (CC BY-NC);",1,cc_by_nc
"Photo: (c) Felixx Scott, some rights reserved (CC BY-NC);",1,cc_by_nc
"Photo: (c) Fergus, some rights reserved (CC BY-NC);",1,cc_by_nc
"Photo: (c) Fern Brand, some rights reserved (CC BY-NC);",1,cc_by_nc
"Photo: (c) Finn Stevenson, some rights reserved (CC BY-NC);",1,cc_by_nc
"Photo: (c) Fiona L, some rights reserved (CC BY-NC);",1,cc_by_nc
"Photo: (c) Fish Eye, some rights reserved (CC BY-NC);",1,cc_by_nc
"Photo: (c) Flaxworx, some rights reserved (CC BY-NC);",1,cc_by_nc
"Photo: (c) Fletcher Smart, some rights reserved (CC BY-NC);",1,cc_by_nc
"Photo: (c) Florian Bäthge, some rights reserved (CC BY-NC);",1,cc_by_nc
"Photo: (c) Frances Schmechel, some rights reserved (CC BY-NC);",1,cc_by_nc
"Photo: (c) Francis C. B., some rights reserved (CC BY-NC);",1,cc_by_nc
"Photo: (c) Franz Graf, some rights reserved (CC BY-NC);",1,cc_by_nc
"Photo: (c) Freya Priestnall, some rights reserved (CC BY-NC);",1,cc_by_nc
"Photo: (c) G Sharp, some rights reserved (CC BY-NC);",1,cc_by_nc
"Photo: (c) Gabriela Zuquim, some rights reserved (CC BY-NC);",1,cc_by_nc
"Photo: (c) Gareth, some rights reserved (CC BY-NC);",1,cc_by_nc
"Photo: (c) Gary Foster, some rights reserved (CC BY-NC);",1,cc_by_nc
"Photo: (c) Gavin Goodyear, some rights reserved (CC BY-NC);",1,cc_by_nc
"Photo: (c) Gaël Crdnl, some rights reserved (CC BY-NC);",1,cc_by_nc
"Photo: (c) Gee Lim, some rights reserved (CC BY-NC);",1,cc_by_nc
"Photo: (c) George Morrison, some rights reserved (CC BY-NC);",1,cc_by_nc
"Photo: (c) Gerald Carter, some rights reserved (CC BY-NC);",1,cc_by_nc
"Photo: (c) Geraldine, some rights reserved (CC BY-NC);",1,cc_by_nc
"Photo: (c) Gerard Kean, some rights reserved (CC BY-NC);",1,cc_by_nc
"Photo: (c) Gerard, some rights reserved (CC BY-NC);",1,cc_by_nc
"Photo: (c) Gillian, some rights reserved (CC BY-NC);",1,cc_by_nc
"Photo: (c) Gordon Grey, some rights reserved (CC BY-NC);",1,cc_by_nc
"Photo: (c) Grace, some rights reserved (CC BY-NC);",1,cc_by_nc
"Photo: (c) Graeme Cruickshank, some rights reserved (CC BY-NC);",1,cc_by_nc
"Photo: (c) Graeme White, some rights reserved (CC BY-NC);",1,cc_by_nc
"Photo: (c) Gray Lockett, some rights reserved (CC BY-NC);",1,cc_by_nc
"Photo: (c) Greg Maher, some rights reserved (CC BY-NC);",1,cc_by_nc
"Photo: (c) Greg, some rights reserved (CC BY-NC);",1,cc_by_nc
"Photo: (c) Gretchen, some rights reserved (CC BY-NC);",1,cc_by_nc
"Photo: (c) Guy, some rights reserved (CC BY-NC);",1,cc_by_nc
"Photo: (c) Hanna Ravn, some rights reserved (CC BY-NC);",1,cc_by_nc
"Photo: (c) Hayley Pine, some rights reserved (CC BY-NC);",1,cc_by_nc
"Photo: (c) Heath, some rights reserved (CC BY-NC);",1,cc_by_nc
"Photo: (c) Heather Garside, some rights reserved (CC BY-NC);",1,cc_by_nc
"Photo: (c) Helen Ekins, some rights reserved (CC BY-NC);",1,cc_by_nc
"Photo: (c) Helen Van Barneveld, some rights reserved (CC BY-NC);",1,cc_by_nc
"Photo: (c) Hester Neate, some rights reserved (CC BY-NC);",1,cc_by_nc
"Photo: (c) Hua Wan, some rights reserved (CC BY-NC);",1,cc_by_nc
"Photo: (c) Huiroa, some rights reserved (CC BY-NC);",1,cc_by_nc
"Photo: (c) Iain Smart, some rights reserved (CC BY-NC);",1,cc_by_nc
"Photo: (c) Ian Campbell, some rights reserved (CC BY-NC);",1,cc_by_nc
"Photo: (c) Ian Hankin, some rights reserved (CC BY-NC);",1,cc_by_nc
"Photo: (c) Ian Morton, some rights reserved (CC BY-NC);",1,cc_by_nc
"Photo: (c) Ian, some rights reserved (CC BY-NC);",1,cc_by_nc
"Photo: (c) Ilya Fomin, some rights reserved (CC BY-NC);",1,cc_by_nc
"Photo: (c) Imogen Wyers, some rights reserved (CC BY-NC);",1,cc_by_nc
"Photo: (c) Isaac Bain, some rights reserved (CC BY-NC);",1,cc_by_nc
"Photo: (c) Izzy, some rights reserved (CC BY-NC);",1,cc_by_nc
"Photo: (c) J Hawkins, some rights reserved (CC BY-NC);",1,cc_by_nc
"Photo: (c) Jack Dale, some rights reserved (CC BY-NC);",1,cc_by_nc
"Photo: (c) Jack Mace, some rights reserved (CC BY-NC);",1,cc_by_nc
"Photo: (c) Jackie Douthett, some rights reserved (CC BY-NC);",1,cc_by_nc
"Photo: (c) Jaco van Tonder, some rights reserved (CC BY-NC);",1,cc_by_nc
"Photo: (c) Jacob Robin Ennis, some rights reserved (CC BY-NC);",1,cc_by_nc
"Photo: (c) Jade Matthews, some rights reserved (CC BY-NC);",1,cc_by_nc
"Photo: (c) Jake, some rights reserved (CC BY-NC);",1,cc_by_nc
"Photo: (c) James McCarthy, some rights reserved (CC BY-NC);",1,cc_by_nc
"Photo: (c) James Preston, some rights reserved (CC BY-NC);",1,cc_by_nc
"Photo: (c) James Roberts, some rights reserved (CC BY-NC);",1,cc_by_nc
"Photo: (c) James Sun, some rights reserved (CC BY-NC);",1,cc_by_nc
"Photo: (c) Jan Davidge, some rights reserved (CC BY-NC);",1,cc_by_nc
"Photo: (c) Jan Jenkins, some rights reserved (CC BY-NC);",1,cc_by_nc
"Photo: (c) Jan, some rights reserved (CC BY-NC);",1,cc_by_nc
"Photo: (c) Jane Williams, some rights reserved (CC BY-NC);",1,cc_by_nc
"Photo: (c) Janine, some rights reserved (CC BY-NC);",1,cc_by_nc
"Photo: (c) Jared_A, some rights reserved (CC BY-NC);",1,cc_by_nc
"Photo: (c) Jason Climo, some rights reserved (CC BY-NC);",1,cc_by_nc
"Photo: (c) Jason McDonald, some rights reserved (CC BY-NC);",1,cc_by_nc
"Photo: (c) Jason Wilder, some rights reserved (CC BY-NC);",1,cc_by_nc
"Photo: (c) Jayden Apperley, some rights reserved (CC BY-NC);",1,cc_by_nc
"Photo: (c) Jaytala KauriRose, some rights reserved (CC BY-NC);",1,cc_by_nc
"Photo: (c) Jazz, some rights reserved (CC BY-NC);",1,cc_by_nc
"Photo: (c) Jeff Chau, some rights reserved (CC BY-NC);",1,cc_by_nc
"Photo: (c) Jeff Crocombe, some rights reserved (CC BY-NC);",1,cc_by_nc
"Photo: (c) Jeffrey Smith, some rights reserved (CC BY-NC);",1,cc_by_nc
"Photo: (c) Jen B, some rights reserved (CC BY-NC);",1,cc_by_nc
"Photo: (c) Jenny Fitzsimons, some rights reserved (CC BY-NC);",1,cc_by_nc
"Photo: (c) Jeremy Painting, some rights reserved (CC BY-NC);",1,cc_by_nc
"Photo: (c) Jess Corbett, some rights reserved (CC BY-NC);",1,cc_by_nc
"Photo: (c) Jess Hillman, some rights reserved (CC BY-NC);",1,cc_by_nc
"Photo: (c) Jill Hetherington, some rights reserved (CC BY-NC);",1,cc_by_nc
"Photo: (c) Jill Redman, some rights reserved (CC BY-NC);",1,cc_by_nc
"Photo: (c) Jo Stafford, some rights reserved (CC BY-NC);",1,cc_by_nc
"Photo: (c) Joan Whillans, some rights reserved (CC BY-NC);",1,cc_by_nc
"Photo: (c) Joana Unteregger, some rights reserved (CC BY-NC);",1,cc_by_nc
"Photo: (c) Joanne Hakaraia-Olson, some rights reserved (CC BY-NC);",1,cc_by_nc
"Photo: (c) Joceline Triscott, some rights reserved (CC BY-NC);",1,cc_by_nc
"Photo: (c) John Allen, some rights reserved (CC BY-NC);",1,cc_by_nc
"Photo: (c) John Kirk, some rights reserved (CC BY-NC);",1,cc_by_nc
"Photo: (c) John Kuehn, some rights reserved (CC BY-NC);",1,cc_by_nc
"Photo: (c) John McArthur, some rights reserved (CC BY-NC);",1,cc_by_nc
"Photo: (c) John Pirker, some rights reserved (CC BY-NC);",1,cc_by_nc
"Photo: (c) John Unwin, some rights reserved (CC BY-NC);",1,cc_by_nc
"Photo: (c) Jon Chapman, some rights reserved (CC BY-NC);",1,cc_by_nc
"Photo: (c) Jonathan Keate, some rights reserved (CC BY-NC);",1,cc_by_nc
"Photo: (c) Jose Barbosa, some rights reserved (CC BY-NC);",1,cc_by_nc
"Photo: (c) Joseph Ball, some rights reserved (CC BY-NC);",1,cc_by_nc
"Photo: (c) Joseph Kowhai, some rights reserved (CC BY-NC);",1,cc_by_nc
"Photo: (c) Josh Nawalaniec, some rights reserved (CC BY-NC);",1,cc_by_nc
"Photo: (c) Jozephine Parker, some rights reserved (CC BY-NC);",1,cc_by_nc
"Photo: (c) Juda van Houtte, some rights reserved (CC BY-NC);",1,cc_by_nc
"Photo: (c) Julian Seager, some rights reserved (CC BY-NC);",1,cc_by_nc
"Photo: (c) Julie Edwards, some rights reserved (CC BY-NC);",1,cc_by_nc
"Photo: (c) Julz Vb, some rights reserved (CC BY-NC);",1,cc_by_nc
"Photo: (c) Justin Willcox, some rights reserved (CC BY-NC);",1,cc_by_nc
"Photo: (c) Justyna, some rights reserved (CC BY-NC);",1,cc_by_nc
"Photo: (c) Júlia de Moraes Azanha, some rights reserved (CC BY-NC);",1,cc_by_nc
"Photo: (c) KCC, some rights reserved (CC BY-NC);",1,cc_by_nc
"Photo: (c) Kai Woolf, some rights reserved (CC BY-NC);",1,cc_by_nc
"Photo: (c) Kale Worsley, some rights reserved (CC BY-NC);",1,cc_by_nc
"Photo: (c) Kalehi, some rights reserved (CC BY-NC);",1,cc_by_nc
"Photo: (c) Kareen Schnabel, some rights reserved (CC BY-NC);",1,cc_by_nc
"Photo: (c) Karen Leigh Duke, some rights reserved (CC BY-NC);",1,cc_by_nc
"Photo: (c) Karen Pegrume, some rights reserved (CC BY-NC);",1,cc_by_nc
"Photo: (c) Karen Woodcock, some rights reserved (CC BY-NC);",1,cc_by_nc
"Photo: (c) Karl Andrews, some rights reserved (CC BY-NC);",1,cc_by_nc
"Photo: (c) Kat, some rights reserved (CC BY-NC);",1,cc_by_nc
"Photo: (c) Kate Riddell, some rights reserved (CC BY-NC);",1,cc_by_nc
"Photo: (c) Kate Wade, some rights reserved (CC BY-NC);",1,cc_by_nc
"Photo: (c) Kath Danaher, some rights reserved (CC BY-NC);",1,cc_by_nc
"Photo: (c) Kathryn Dee, some rights reserved (CC BY-NC);",1,cc_by_nc
"Photo: (c) Kathryn, some rights reserved (CC BY-NC);",1,cc_by_nc
"Photo: (c) Katrina Bevan, some rights reserved (CC BY-NC);",1,cc_by_nc
"Photo: (c) Kauri Parata, some rights reserved (CC BY-NC);",1,cc_by_nc
"Photo: (c) Keith, some rights reserved (CC BY-NC);",1,cc_by_nc
"Photo: (c) Kelly Auld, some rights reserved (CC BY-NC);",1,cc_by_nc
"Photo: (c) Kelly James, some rights reserved (CC BY-NC);",1,cc_by_nc
"Photo: (c) Kelsi Margerison, some rights reserved (CC BY-NC);",1,cc_by_nc
"Photo: (c) Ken Wright, some rights reserved (CC BY-NC);",1,cc_by_nc
"Photo: (c) Kev Drew, some rights reserved (CC BY-NC);",1,cc_by_nc
"Photo: (c) Kev and Bridget Carted, some rights reserved (CC BY-NC);",1,cc_by_nc
"Photo: (c) Kevin Collins, some rights reserved (CC BY-NC);",1,cc_by_nc
"Photo: (c) Kimby, some rights reserved (CC BY-NC);",1,cc_by_nc
"Photo: (c) Kirstine Laney, some rights reserved (CC BY-NC);",1,cc_by_nc
"Photo: (c) Kristina Macdonald, some rights reserved (CC BY-NC);",1,cc_by_nc
"Photo: (c) Kylie, some rights reserved (CC BY-NC);",1,cc_by_nc
"Photo: (c) Laura Wilson, some rights reserved (CC BY-NC);",1,cc_by_nc
"Photo: (c) Laurence BECHET, some rights reserved (CC BY-NC);",1,cc_by_nc
"Photo: (c) Laurie Keller, some rights reserved (CC BY-NC);",1,cc_by_nc
"Photo: (c) Leanne, some rights reserved (CC BY-NC);",1,cc_by_nc
"Photo: (c) Lewis Crannitch, some rights reserved (CC BY-NC);",1,cc_by_nc
"Photo: (c) Liam Bancroft, some rights reserved (CC BY-NC);",1,cc_by_nc
"Photo: (c) Liliana Clarke, some rights reserved (CC BY-NC);",1,cc_by_nc
"Photo: (c) Lindsay Soppet, some rights reserved (CC BY-NC);",1,cc_by_nc
"Photo: (c) Lisa, some rights reserved (CC BY-NC);",1,cc_by_nc
"Photo: (c) Liz Haddock, some rights reserved (CC BY-NC);",1,cc_by_nc
"Photo: (c) Liz Hickey, some rights reserved (CC BY-NC);",1,cc_by_nc
"Photo: (c) Loraine van der Colff, some rights reserved (CC BY-NC);",1,cc_by_nc
"Photo: (c) Lucy SHEN, some rights reserved (CC BY-NC);",1,cc_by_nc
"Photo: (c) Luke Gardener, some rights reserved (CC BY-NC);",1,cc_by_nc
"Photo: (c) Luke Hartfield, some rights reserved (CC BY-NC);",1,cc_by_nc
"Photo: (c) Lukis, some rights reserved (CC BY-NC);",1,cc_by_nc
"Photo: (c) Lyn De Graaf, some rights reserved (CC BY-NC);",1,cc_by_nc
"Photo: (c) Lynnell Greer, some rights reserved (CC BY-NC);",1,cc_by_nc
"Photo: (c) ML, some rights reserved (CC BY-NC);",1,cc_by_nc
"Photo: (c) Mace Mason, some rights reserved (CC BY-NC);",1,cc_by_nc
"Photo: (c) Maddie Cuthbert, some rights reserved (CC BY-NC);",1,cc_by_nc
"Photo: (c) Maggie Wagner, some rights reserved (CC BY-NC);",1,cc_by_nc
"Photo: (c) Marc Choromanski, some rights reserved (CC BY-NC);",1,cc_by_nc
"Photo: (c) Marc Nishimoto, some rights reserved (CC BY-NC);",1,cc_by_nc
"Photo: (c) Marc Puleo, some rights reserved (CC BY-NC);",1,cc_by_nc
"Photo: (c) Margaret Matterson, some rights reserved (CC BY-NC);",1,cc_by_nc
"Photo: (c) Margo Shustak, some rights reserved (CC BY-NC);",1,cc_by_nc
"Photo: (c) Marine biology student, using this platform to further my studies and for assignments., some rights reserved (CC BY-NC);",1,cc_by_nc
"Photo: (c) Marion Thiele, some rights reserved (CC BY-NC);",1,cc_by_nc
"Photo: (c) Mark Falloon, some rights reserved (CC BY-NC);",1,cc_by_nc
"Photo: (c) Mark Jeffries, some rights reserved (CC BY-NC);",1,cc_by_nc
"Photo: (c) Mark Lammas, some rights reserved (CC BY-NC);",1,cc_by_nc
"Photo: (c) Mark Rogers, some rights reserved (CC BY-NC);",1,cc_by_nc
"Photo: (c) Martin, some rights reserved (CC BY-NC);",1,cc_by_nc
"Photo: (c) Matt FORD, some rights reserved (CC BY-NC);",1,cc_by_nc
"Photo: (c) Matthew Brajkovich, some rights reserved (CC BY-NC);",1,cc_by_nc
"Photo: (c) Matthew Dondy, some rights reserved (CC BY-NC);",1,cc_by_nc
"Photo: (c) Matthew Vickers, some rights reserved (CC BY-NC);",1,cc_by_nc
"Photo: (c) Maudi Dewes, some rights reserved (CC BY-NC);",1,cc_by_nc
"Photo: (c) Maurice Field, some rights reserved (CC BY-NC);",1,cc_by_nc
"Photo: (c) Megan Harvey, some rights reserved (CC BY-NC);",1,cc_by_nc
"Photo: (c) Mel Clark, some rights reserved (CC BY-NC);",1,cc_by_nc
"Photo: (c) Melissa Doyle, some rights reserved (CC BY-NC);",1,cc_by_nc
"Photo: (c) Melissa Hutchison, some rights reserved (CC BY-NC);",1,cc_by_nc
"Photo: (c) Melissa, some rights reserved (CC BY-NC);",1,cc_by_nc
"Photo: (c) Mia Twinam, some rights reserved (CC BY-NC);",1,cc_by_nc
"Photo: (c) Michael Bennett, some rights reserved (CC BY-NC);",1,cc_by_nc
"Photo: (c) Micheline Evans, some rights reserved (CC BY-NC);",1,cc_by_nc
"Photo: (c) Michelle Steer, some rights reserved (CC BY-NC);",1,cc_by_nc
"Photo: (c) Michelle Whitedove Ritchie, some rights reserved (CC BY-NC);",1,cc_by_nc
"Photo: (c) Mike Clearwater, some rights reserved (CC BY-NC);",1,cc_by_nc
"Photo: (c) Mike Hickford, some rights reserved (CC BY-NC);",1,cc_by_nc
"Photo: (c) Mingus Casey, some rights reserved (CC BY-NC);",1,cc_by_nc
"Photo: (c) Mini Türk, some rights reserved (CC BY-NC);",1,cc_by_nc
"Photo: (c) Molly Chen, some rights reserved (CC BY-NC);",1,cc_by_nc
"Photo: (c) Morag McGlinchy, some rights reserved (CC BY-NC);",1,cc_by_nc
"Photo: (c) Morgan Hampton, some rights reserved (CC BY-NC);",1,cc_by_nc
"Photo: (c) Morgan James Sullivan, some rights reserved (CC BY-NC);",1,cc_by_nc
"Photo: (c) Mum Monkey, some rights reserved (CC BY-NC);",1,cc_by_nc
"Photo: (c) Nadia Moffat, some rights reserved (CC BY-NC);",1,cc_by_nc
"Photo: (c) Nancy Longnecker, some rights reserved (CC BY-NC);",1,cc_by_nc
"Photo: (c) Natalie Winfield, some rights reserved (CC BY-NC);",1,cc_by_nc
"Photo: (c) Nate, some rights reserved (CC BY-NC);",1,cc_by_nc
"Photo: (c) Nelly, some rights reserved (CC BY-NC);",1,cc_by_nc
"Photo: (c) Nelson Pomeroy, some rights reserved (CC BY-NC);",1,cc_by_nc
"Photo: (c) Nerm, some rights reserved (CC BY-NC);",1,cc_by_nc
"Photo: (c) Ngaio Osborne, some rights reserved (CC BY-NC);",1,cc_by_nc
"Photo: (c) Ngaire Hiria Hart, some rights reserved (CC BY-NC);",1,cc_by_nc
"Photo: (c) Ngaire Law, some rights reserved (CC BY-NC);",1,cc_by_nc
"Photo: (c) Nich Kelly, some rights reserved (CC BY-NC);",1,cc_by_nc
"Photo: (c) Nick Eyles, some rights reserved (CC BY-NC);",1,cc_by_nc
"Photo: (c) Nick Sligo, some rights reserved (CC BY-NC);",1,cc_by_nc
"Photo: (c) Nicola, some rights reserved (CC BY-NC);",1,cc_by_nc
"Photo: (c) NoMorePampasGrass, some rights reserved (CC BY-NC);",1,cc_by_nc
"Photo: (c) Ofir Weiss, some rights reserved (CC BY-NC);",1,cc_by_nc
"Photo: (c) Oli, some rights reserved (CC BY-NC);",1,cc_by_nc
"Photo: (c) Olivia Simmons, some rights reserved (CC BY-NC);",1,cc_by_nc
"Photo: (c) Omer AYDIN, some rights reserved (CC BY-NC);",1,cc_by_nc
"Photo: (c) Onebianca, some rights reserved (CC BY-NC);",1,cc_by_nc
"Photo: (c) Oscar Harcourt, some rights reserved (CC BY-NC);",1,cc_by_nc
"Photo: (c) Paca Sad, some rights reserved (CC BY-NC);",1,cc_by_nc
"Photo: (c) Pascale Lubbe, some rights reserved (CC BY-NC);",1,cc_by_nc
"Photo: (c) Pasi Hyvönen, some rights reserved (CC BY-NC);",1,cc_by_nc
"Photo: (c) Pat Gee, some rights reserved (CC BY-NC);",1,cc_by_nc
"Photo: (c) Patricia Boston, some rights reserved (CC BY-NC);",1,cc_by_nc
"Photo: (c) Paul Lobb, some rights reserved (CC BY-NC);",1,cc_by_nc
"Photo: (c) Paul Mayes, some rights reserved (CC BY-NC);",1,cc_by_nc
"Photo: (c) Paul Nimmo, some rights reserved (CC BY-NC);",1,cc_by_nc
"Photo: (c) Paul Ryken, some rights reserved (CC BY-NC);",1,cc_by_nc
"Photo: (c) Paulo Caseirito, some rights reserved (CC BY-NC);",1,cc_by_nc
"Photo: (c) Penelope Sampson, some rights reserved (CC BY-NC);",1,cc_by_nc
"Photo: (c) Petra Jane, some rights reserved (CC BY-NC);",1,cc_by_nc
"Photo: (c) Petra Stöveken, some rights reserved (CC BY-NC);",1,cc_by_nc
"Photo: (c) Philip King, some rights reserved (CC BY-NC);",1,cc_by_nc
"Photo: (c) Pieter Richards, some rights reserved (CC BY-NC);",1,cc_by_nc
"Photo: (c) Piotr Jasica, some rights reserved (CC BY-NC);",1,cc_by_nc
"Photo: (c) Pip Oldham, some rights reserved (CC BY-NC);",1,cc_by_nc
"Photo: (c) Pj Renshaw, some rights reserved (CC BY-NC);",1,cc_by_nc
"Photo: (c) Poireria, some rights reserved (CC BY-NC);",1,cc_by_nc
"Photo: (c) Prakash Ramanujam, some rights reserved (CC BY-NC);",1,cc_by_nc
"Photo: (c) Puran Puran, some rights reserved (CC BY-NC);",1,cc_by_nc
"Photo: (c) Ra Ellingham, some rights reserved (CC BY-NC);",1,cc_by_nc
"Photo: (c) Rach Wellwood, some rights reserved (CC BY-NC);",1,cc_by_nc
"Photo: (c) Rachel McGregor, some rights reserved (CC BY-NC);",1,cc_by_nc
"Photo: (c) Rachel Sullivan, some rights reserved (CC BY-NC);",1,cc_by_nc
"Photo: (c) Rachel Trainingforyou, some rights reserved (CC BY-NC);",1,cc_by_nc
"Photo: (c) Rachel Whalley, some rights reserved (CC BY-NC);",1,cc_by_nc
"Photo: (c) Rachelle Goldfinch, some rights reserved (CC BY-NC);",1,cc_by_nc
"Photo: (c) Raven Bosman, some rights reserved (CC BY-NC);",1,cc_by_nc
"Photo: (c) Ray Cook, some rights reserved (CC BY-NC);",1,cc_by_nc
"Photo: (c) Ray Hall, some rights reserved (CC BY-NC);",1,cc_by_nc
"Photo: (c) Ray Turnbull, some rights reserved (CC BY-NC);",1,cc_by_nc
"Photo: (c) Rebecca Browne, some rights reserved (CC BY-NC);",1,cc_by_nc
"Photo: (c) Rebecca Campbell, some rights reserved (CC BY-NC);",1,cc_by_nc
"Photo: (c) Rebecca Ford, some rights reserved (CC BY-NC);",1,cc_by_nc
"Photo: (c) Rebecca Glen, some rights reserved (CC BY-NC);",1,cc_by_nc
"Photo: (c) Rebecca McMullin, some rights reserved (CC BY-NC);",1,cc_by_nc
"Photo: (c) Rebecca Tate, some rights reserved (CC BY-NC);",1,cc_by_nc
"Photo: (c) Rebekah Tregurtha, some rights reserved (CC BY-NC);",1,cc_by_nc
"Photo: (c) Richard Durham, some rights reserved (CC BY-NC);",1,cc_by_nc
"Photo: (c) Richard Shanks, some rights reserved (CC BY-NC);",1,cc_by_nc
"Photo: (c) Richard Suggate, some rights reserved (CC BY-NC);",1,cc_by_nc
"Photo: (c) Richie Weston, some rights reserved (CC BY-NC);",1,cc_by_nc
"Photo: (c) Rick Bulger, some rights reserved (CC BY-NC);",1,cc_by_nc
"Photo: (c) Rick Denissen, some rights reserved (CC BY-NC);",1,cc_by_nc
"Photo: (c) Rieke Behrens, some rights reserved (CC BY-NC);",1,cc_by_nc
"Photo: (c) Rob Turnbull, some rights reserved (CC BY-NC);",1,cc_by_nc
"Photo: (c) Robert Blackhall-Miles and Ben Ram, some rights reserved (CC BY-NC);",1,cc_by_nc
"Photo: (c) Robert Goldie, some rights reserved (CC BY-NC);",1,cc_by_nc
"Photo: (c) Robert McLaren, some rights reserved (CC BY-NC);",1,cc_by_nc
"Photo: (c) Robin Stove, some rights reserved (CC BY-NC);",1,cc_by_nc
"Photo: (c) Rod Jamieson, some rights reserved (CC BY-NC);",1,cc_by_nc
"Photo: (c) Rodamu, some rights reserved (CC BY-NC);",1,cc_by_nc
"Photo: (c) Rohan Lewis, some rights reserved (CC BY-NC);",1,cc_by_nc
"Photo: (c) Rolf Theodor Borlinghaus, some rights reserved (CC BY-NC);",1,cc_by_nc
"Photo: (c) Ron Brasher, some rights reserved (CC BY-NC);",1,cc_by_nc
"Photo: (c) Ronel Ellis, some rights reserved (CC BY-NC);",1,cc_by_nc
"Photo: (c) Rongo Bentson, some rights reserved (CC BY-NC);",1,cc_by_nc
"Photo: (c) Rory Phimister, some rights reserved (CC BY-NC);",1,cc_by_nc
"Photo: (c) Ross, some rights reserved (CC BY-NC);",1,cc_by_nc
"Photo: (c) Rowan Moulder, some rights reserved (CC BY-NC);",1,cc_by_nc
"Photo: (c) Rowan Todd, some rights reserved (CC BY-NC);",1,cc_by_nc
"Photo: (c) Ruary Mackenzie Dodds, some rights reserved (CC BY-NC);",1,cc_by_nc
"Photo: (c) Russell Cooke, some rights reserved (CC BY-NC);",1,cc_by_nc
"Photo: (c) Ryan Belz, some rights reserved (CC BY-NC);",1,cc_by_nc
"Photo: (c) Ryan Gall, some rights reserved (CC BY-NC);",1,cc_by_nc
"Photo: (c) Sab, some rights reserved (CC BY-NC);",1,cc_by_nc
"Photo: (c) Sam Caldwell, some rights reserved (CC BY-NC);",1,cc_by_nc
"Photo: (c) Sam Lancaster-Robertson, some rights reserved (CC BY-NC);",1,cc_by_nc
"Photo: (c) Sam Morrison, some rights reserved (CC BY-NC);",1,cc_by_nc
"Photo: (c) Samantha Taylor, some rights reserved (CC BY-NC);",1,cc_by_nc
"Photo: (c) Samuel Bentham, some rights reserved (CC BY-NC);",1,cc_by_nc
"Photo: (c) Sanvi Chottera, some rights reserved (CC BY-NC);",1,cc_by_nc
"Photo: (c) Sara Vercoe, some rights reserved (CC BY-NC);",1,cc_by_nc
"Photo: (c) Sarah Han, some rights reserved (CC BY-NC);",1,cc_by_nc
"Photo: (c) Sarah Teideman, some rights reserved (CC BY-NC);",1,cc_by_nc
"Photo: (c) Sarah Thomas, some rights reserved (CC BY-NC);",1,cc_by_nc
"Photo: (c) Sarah Webber, some rights reserved (CC BY-NC);",1,cc_by_nc
"Photo: (c) Scott Blinman, some rights reserved (CC BY-NC);",1,cc_by_nc
"Photo: (c) Scott MacKenzie, some rights reserved (CC BY-NC);",1,cc_by_nc
"Photo: (c) Scott Rasmussen, some rights reserved (CC BY-NC);",1,cc_by_nc
"Photo: (c) Scott Wilson, some rights reserved (CC BY-NC);",1,cc_by_nc
"Photo: (c) Seig, some rights reserved (CC BY-NC);",1,cc_by_nc
"Photo: (c) Sergio Diaz, some rights reserved (CC BY-NC);",1,cc_by_nc
"Photo: (c) Sharlene Willemsen, some rights reserved (CC BY-NC);",1,cc_by_nc
"Photo: (c) Shelley Gruchy, some rights reserved (CC BY-NC);",1,cc_by_nc
"Photo: (c) Shery, some rights reserved (CC BY-NC);",1,cc_by_nc
"Photo: (c) Shrividya Ravi, some rights reserved (CC BY-NC);",1,cc_by_nc
"Photo: (c) Sienna + Mum, some rights reserved (CC BY-NC);",1,cc_by_nc
"Photo: (c) Silas, some rights reserved (CC BY-NC);",1,cc_by_nc
"Photo: (c) Simon Fraser, some rights reserved (CC BY-NC);",1,cc_by_nc
"Photo: (c) Skylar L. Primm, some rights reserved (CC BY-NC);",1,cc_by_nc
"Photo: (c) Stephan Burgstaller, some rights reserved (CC BY-NC);",1,cc_by_nc
"Photo: (c) Stephanie Liebert, some rights reserved (CC BY-NC);",1,cc_by_nc
"Photo: (c) Stephanie Niederberger, some rights reserved (CC BY-NC);",1,cc_by_nc
"Photo: (c) Stephen McCabe, some rights reserved (CC BY-NC);",1,cc_by_nc
"Photo: (c) Steve Hollett, some rights reserved (CC BY-NC);",1,cc_by_nc
"Photo: (c) Steve Hunter, some rights reserved (CC BY-NC);",1,cc_by_nc
"Photo: (c) Steve Sloop, some rights reserved (CC BY-NC);",1,cc_by_nc
"Photo: (c) Steve_Pawson, some rights reserved (CC BY-NC);",1,cc_by_nc
"Photo: (c) Stevie Nicola Corcoran, some rights reserved (CC BY-NC);",1,cc_by_nc
"Photo: (c) Stuart Staffer, some rights reserved (CC BY-NC);",1,cc_by_nc
"Photo: (c) Summah Te Kahika-Heemi, some rights reserved (CC BY-NC);",1,cc_by_nc
"Photo: (c) Susi, some rights reserved (CC BY-NC);",1,cc_by_nc
"Photo: (c) Suzanne Cadwell, some rights reserved (CC BY-NC);",1,cc_by_nc
"Photo: (c) Suzee Beckett, some rights reserved (CC BY-NC);",1,cc_by_nc
"Photo: (c) Suzie Woolhouse, some rights reserved (CC BY-NC);",1,cc_by_nc
"Photo: (c) Talia, some rights reserved (CC BY-NC);",1,cc_by_nc
"Photo: (c) Tamashi Fernando, some rights reserved (CC BY-NC);",1,cc_by_nc
"Photo: (c) Tanawan Leeboonngam, some rights reserved (CC BY-NC);",1,cc_by_nc
"Photo: (c) Tania Kopytko, some rights reserved (CC BY-NC);",1,cc_by_nc
"Photo: (c) Tanja Wright, some rights reserved (CC BY-NC);",1,cc_by_nc
"Photo: (c) Tanja van der Zwet, some rights reserved (CC BY-NC);",1,cc_by_nc
"Photo: (c) Tash Easey, some rights reserved (CC BY-NC);",1,cc_by_nc
"Photo: (c) Tayleesha Becker, some rights reserved (CC BY-NC);",1,cc_by_nc
"Photo: (c) Taylor Hamlin, some rights reserved (CC BY-NC);",1,cc_by_nc
"Photo: (c) Taylor Pringle, some rights reserved (CC BY-NC);",1,cc_by_nc
"Photo: (c) Taylor Spencer, some rights reserved (CC BY-NC);",1,cc_by_nc
"Photo: (c) Te Tui Shortland, some rights reserved (CC BY-NC);",1,cc_by_nc
"Photo: (c) Thierry Chaverot, some rights reserved (CC BY-NC);",1,cc_by_nc
"Photo: (c) Thomas Land, some rights reserved (CC BY-NC);",1,cc_by_nc
"Photo: (c) Thomas Mann, some rights reserved (CC BY-NC);",1,cc_by_nc
"Photo: (c) Tim Barnard, some rights reserved (CC BY-NC);",1,cc_by_nc
"Photo: (c) Tim Mayne, some rights reserved (CC BY-NC);",1,cc_by_nc
"Photo: (c) Tim Wiel, some rights reserved (CC BY-NC);",1,cc_by_nc
"Photo: (c) Tim Woodcock, some rights reserved (CC BY-NC);",1,cc_by_nc
"Photo: (c) Timothy Exton, some rights reserved (CC BY-NC);",1,cc_by_nc
"Photo: (c) Tina, some rights reserved (CC BY-NC);",1,cc_by_nc
"Photo: (c) Tom David Miles, some rights reserved (CC BY-NC);",1,cc_by_nc
"Photo: (c) Toni Cliffin, some rights reserved (CC BY-NC);",1,cc_by_nc
"Photo: (c) Tony Cowley, some rights reserved (CC BY-NC);",1,cc_by_nc
"Photo: (c) Veronica Redepenning, some rights reserved (CC BY-NC);",1,cc_by_nc
"Photo: (c) Vicki Phelps, some rights reserved (CC BY-NC);",1,cc_by_nc
"Photo: (c) Vickie Wade, some rights reserved (CC BY-NC);",1,cc_by_nc
"Photo: (c) Vicky Nottellingyou, some rights reserved (CC BY-NC);",1,cc_by_nc
"Photo: (c) Vicky White, some rights reserved (CC BY-NC);",1,cc_by_nc
"Photo: (c) Victor, some rights reserved (CC BY-NC);",1,cc_by_nc
"Photo: (c) Vikki Chanse, some rights reserved (CC BY-NC);",1,cc_by_nc
"Photo: (c) Vincent Ardern, some rights reserved (CC BY-NC);",1,cc_by_nc
"Photo: (c) Virginia Humphrey-Taylor, some rights reserved (CC BY-NC);",1,cc_by_nc
"Photo: (c) Wavell Fogleman, some rights reserved (CC BY-NC);",1,cc_by_nc
"Photo: (c) Wayne Shepherd, some rights reserved (CC BY-NC);",1,cc_by_nc
"Photo: (c) Wendy Jean Armstrong, some rights reserved (CC BY-NC);",1,cc_by_nc
"Photo: (c) Wendy, some rights reserved (CC BY-NC);",1,cc_by_nc
"Photo: (c) Woodside Estate, some rights reserved (CC BY-NC);",1,cc_by_nc
"Photo: (c) Xavier DUNN, some rights reserved (CC BY-NC);",1,cc_by_nc
"Photo: (c) Yanou, some rights reserved (CC BY-NC);",1,cc_by_nc
"Photo: (c) Yip Lee, some rights reserved (CC BY-NC);",1,cc_by_nc
"Photo: (c) Yucheol Shin, some rights reserved (CC BY-NC);",1,cc_by_nc
"Photo: (c) Yvonne Pickford, some rights reserved (CC BY-NC);",1,cc_by_nc
"Photo: (c) Zac Coffin, some rights reserved (CC BY-NC);",1,cc_by_nc
"Photo: (c) Zenobia, some rights reserved (CC BY-NC);",1,cc_by_nc
"Photo: (c) Zoe A, some rights reserved (CC BY-NC);",1,cc_by_nc
"Photo: (c) Zoe Rosa Mcintyre-Hudson, some rights reserved (CC BY-NC);",1,cc_by_nc
"Photo: (c) a21fly12a, some rights reserved (CC BY-NC);",1,cc_by_nc
"Photo: (c) aaron_harmer, some rights reserved (CC BY-NC);",1,cc_by_nc
"Photo: (c) ab135, some rights reserved (CC BY-NC);",1,cc_by_nc
"Photo: (c) abarr, some rights reserved (CC BY-NC);",1,cc_by_nc
"Photo: (c) abaya, some rights reserved (CC BY-NC);",1,cc_by_nc
"Photo: (c) abbey14, some rights reserved (CC BY-NC);",1,cc_by_nc
"Photo: (c) abell2020, some rights reserved (CC BY-NC);",1,cc_by_nc
"Photo: (c) abert, some rights reserved (CC BY-NC);",1,cc_by_nc
"Photo: (c) abigail_faulls, some rights reserved (CC BY-NC);",1,cc_by_nc
"Photo: (c) abo, some rights reserved (CC BY-NC);",1,cc_by_nc
"Photo: (c) abrierley, some rights reserved (CC BY-NC);",1,cc_by_nc
"Photo: (c) acacia_f, some rights reserved (CC BY-NC);",1,cc_by_nc
"Photo: (c) acflavell, some rights reserved (CC BY-NC);",1,cc_by_nc
"Photo: (c) achuttarsing, some rights reserved (CC BY-NC);",1,cc_by_nc
"Photo: (c) acreed, some rights reserved (CC BY-NC);",1,cc_by_nc
"Photo: (c) acuzik, some rights reserved (CC BY-NC);",1,cc_by_nc
"Photo: (c) adair33, some rights reserved (CC BY-NC);",1,cc_by_nc
"Photo: (c) adam, some rights reserved (CC BY-NC);",1,cc_by_nc
"Photo: (c) adamg, some rights reserved (CC BY-NC);",1,cc_by_nc
"Photo: (c) adeleartist, some rights reserved (CC BY-NC);",1,cc_by_nc
"Photo: (c) adrian.watson80, some rights reserved (CC BY-NC);",1,cc_by_nc
"Photo: (c) adtaylor808, some rights reserved (CC BY-NC);",1,cc_by_nc
"Photo: (c) adventureboynz, some rights reserved (CC BY-NC);",1,cc_by_nc
"Photo: (c) ael, some rights reserved (CC BY-NC);",1,cc_by_nc
"Photo: (c) aewoodger, some rights reserved (CC BY-NC);",1,cc_by_nc
"Photo: (c) agentorange, some rights reserved (CC BY-NC);",1,cc_by_nc
"Photo: (c) agerletti, some rights reserved (CC BY-NC);",1,cc_by_nc
"Photo: (c) aglen, some rights reserved (CC BY-NC);",1,cc_by_nc
"Photo: (c) ahall95, some rights reserved (CC BY-NC);",1,cc_by_nc
"Photo: (c) ahdav1, some rights reserved (CC BY-NC);",1,cc_by_nc
"Photo: (c) ahi_kiwi_finn, some rights reserved (CC BY-NC);",1,cc_by_nc
"Photo: (c) ahiser, some rights reserved (CC BY-NC);",1,cc_by_nc
"Photo: (c) ahorrell, some rights reserved (CC BY-NC);",1,cc_by_nc
"Photo: (c) ahparadis, some rights reserved (CC BY-NC);",1,cc_by_nc
"Photo: (c) aidanbraid, some rights reserved (CC BY-NC);",1,cc_by_nc
"Photo: (c) aimeehutch03, some rights reserved (CC BY-NC);",1,cc_by_nc
"Photo: (c) airbush120, some rights reserved (CC BY-NC);",1,cc_by_nc
"Photo: (c) ajarmitage, some rights reserved (CC BY-NC);",1,cc_by_nc
"Photo: (c) ajpemberton, some rights reserved (CC BY-NC);",1,cc_by_nc
"Photo: (c) ajsimpson, some rights reserved (CC BY-NC);",1,cc_by_nc
"Photo: (c) akamzstylez, some rights reserved (CC BY-NC);",1,cc_by_nc
"Photo: (c) akaroacoastalretreat, some rights reserved (CC BY-NC);",1,cc_by_nc
"Photo: (c) aktanner, some rights reserved (CC BY-NC);",1,cc_by_nc
"Photo: (c) alan-hughes-katipa, some rights reserved (CC BY-NC);",1,cc_by_nc
"Photo: (c) alanaknox, some rights reserved (CC BY-NC);",1,cc_by_nc
"Photo: (c) alandjohn, some rights reserved (CC BY-NC);",1,cc_by_nc
"Photo: (c) alastair32, some rights reserved (CC BY-NC);",1,cc_by_nc
"Photo: (c) alec1, some rights reserved (CC BY-NC);",1,cc_by_nc
"Photo: (c) alecpert, some rights reserved (CC BY-NC);",1,cc_by_nc
"Photo: (c) aleishah, some rights reserved (CC BY-NC);",1,cc_by_nc
"Photo: (c) alexlscott2001, some rights reserved (CC BY-NC);",1,cc_by_nc
"Photo: (c) alextramping, some rights reserved (CC BY-NC);",1,cc_by_nc
"Photo: (c) ali, some rights reserved (CC BY-NC);",1,cc_by_nc
"Photo: (c) ali01, some rights reserved (CC BY-NC);",1,cc_by_nc
"Photo: (c) alicemurray, some rights reserved (CC BY-NC);",1,cc_by_nc
"Photo: (c) alicia Howson, some rights reserved (CC BY-NC);",1,cc_by_nc
"Photo: (c) aliciasimwimmers, some rights reserved (CC BY-NC);",1,cc_by_nc
"Photo: (c) alimbe, some rights reserved (CC BY-NC);",1,cc_by_nc
"Photo: (c) alimison, some rights reserved (CC BY-NC);",1,cc_by_nc
"Photo: (c) alinapav, some rights reserved (CC BY-NC);",1,cc_by_nc
"Photo: (c) alisawelsh, some rights reserved (CC BY-NC);",1,cc_by_nc
"Photo: (c) alisons, some rights reserved (CC BY-NC);",1,cc_by_nc
"Photo: (c) allanahk, some rights reserved (CC BY-NC);",1,cc_by_nc
"Photo: (c) allanpe, some rights reserved (CC BY-NC);",1,cc_by_nc
"Photo: (c) allawee, some rights reserved (CC BY-NC);",1,cc_by_nc
"Photo: (c) allisonknight, some rights reserved (CC BY-NC);",1,cc_by_nc
"Photo: (c) allosaurus, some rights reserved (CC BY-NC);",1,cc_by_nc
"Photo: (c) allybrydon, some rights reserved (CC BY-NC);",1,cc_by_nc
"Photo: (c) alt22, some rights reserved (CC BY-NC);",1,cc_by_nc
"Photo: (c) alyachoice, some rights reserved (CC BY-NC);",1,cc_by_nc
"Photo: (c) alysnmm, some rights reserved (CC BY-NC);",1,cc_by_nc
"Photo: (c) alyssanolly, some rights reserved (CC BY-NC);",1,cc_by_nc
"Photo: (c) alyxduncan, some rights reserved (CC BY-NC);",1,cc_by_nc
"Photo: (c) amandadenston, some rights reserved (CC BY-NC);",1,cc_by_nc
"Photo: (c) amandamoxey, some rights reserved (CC BY-NC);",1,cc_by_nc
"Photo: (c) amandasilk, some rights reserved (CC BY-NC);",1,cc_by_nc
"Photo: (c) amber25, some rights reserved (CC BY-NC);",1,cc_by_nc
"Photo: (c) amber_s, some rights reserved (CC BY-NC);",1,cc_by_nc
"Photo: (c) ambers90, some rights reserved (CC BY-NC);",1,cc_by_nc
"Photo: (c) ambitiousglutton84, some rights reserved (CC BY-NC);",1,cc_by_nc
"Photo: (c) amca, some rights reserved (CC BY-NC);",1,cc_by_nc
"Photo: (c) amccaw, some rights reserved (CC BY-NC);",1,cc_by_nc
"Photo: (c) amcewen5, some rights reserved (CC BY-NC);",1,cc_by_nc
"Photo: (c) amcivor, some rights reserved (CC BY-NC);",1,cc_by_nc
"Photo: (c) amelia_3805, some rights reserved (CC BY-NC);",1,cc_by_nc
"Photo: (c) amiriah, some rights reserved (CC BY-NC);",1,cc_by_nc
"Photo: (c) amy_h, some rights reserved (CC BY-NC);",1,cc_by_nc
"Photo: (c) amycassidy17, some rights reserved (CC BY-NC);",1,cc_by_nc
"Photo: (c) ancycan71, some rights reserved (CC BY-NC);",1,cc_by_nc
"Photo: (c) andi-m, some rights reserved (CC BY-NC);",1,cc_by_nc
"Photo: (c) andreagrecu, some rights reserved (CC BY-NC);",1,cc_by_nc
"Photo: (c) andrealnz, some rights reserved (CC BY-NC);",1,cc_by_nc
"Photo: (c) andrewhill, some rights reserved (CC BY-NC);",1,cc_by_nc
"Photo: (c) andrewlowe, some rights reserved (CC BY-NC);",1,cc_by_nc
"Photo: (c) andrewsdnz, some rights reserved (CC BY-NC);",1,cc_by_nc
"Photo: (c) andrewtrevelyan, some rights reserved (CC BY-NC);",1,cc_by_nc
"Photo: (c) andyb, some rights reserved (CC BY-NC);",1,cc_by_nc
"Photo: (c) andychilds, some rights reserved (CC BY-NC);",1,cc_by_nc
"Photo: (c) andyd17, some rights reserved (CC BY-NC);",1,cc_by_nc
"Photo: (c) andyhamilton47, some rights reserved (CC BY-NC);",1,cc_by_nc
"Photo: (c) andymaloney, some rights reserved (CC BY-NC);",1,cc_by_nc
"Photo: (c) andyw1968, some rights reserved (CC BY-NC);",1,cc_by_nc
"Photo: (c) aneekacraig, some rights reserved (CC BY-NC);",1,cc_by_nc
"Photo: (c) angb, some rights reserved (CC BY-NC);",1,cc_by_nc
"Photo: (c) angblackhall, some rights reserved (CC BY-NC);",1,cc_by_nc
"Photo: (c) angelakevin, some rights reserved (CC BY-NC);",1,cc_by_nc
"Photo: (c) angelar, some rights reserved (CC BY-NC);",1,cc_by_nc
"Photo: (c) angh, some rights reserved (CC BY-NC);",1,cc_by_nc
"Photo: (c) angrhy, some rights reserved (CC BY-NC);",1,cc_by_nc
"Photo: (c) angus03, some rights reserved (CC BY-NC);",1,cc_by_nc
"Photo: (c) animalhunters1234, some rights reserved (CC BY-NC);",1,cc_by_nc
"Photo: (c) anitabug, some rights reserved (CC BY-NC);",1,cc_by_nc
"Photo: (c) anna2019, some rights reserved (CC BY-NC);",1,cc_by_nc
"Photo: (c) anna24, some rights reserved (CC BY-NC);",1,cc_by_nc
"Photo: (c) anna59, some rights reserved (CC BY-NC);",1,cc_by_nc
"Photo: (c) anna_kenzie, some rights reserved (CC BY-NC);",1,cc_by_nc
"Photo: (c) annabellehass, some rights reserved (CC BY-NC);",1,cc_by_nc
"Photo: (c) annabellemartin, some rights reserved (CC BY-NC);",1,cc_by_nc
"Photo: (c) annagrant, some rights reserved (CC BY-NC);",1,cc_by_nc
"Photo: (c) annajacket, some rights reserved (CC BY-NC);",1,cc_by_nc
"Photo: (c) annakate46, some rights reserved (CC BY-NC);",1,cc_by_nc
"Photo: (c) annal, some rights reserved (CC BY-NC);",1,cc_by_nc
"Photo: (c) annalarsen, some rights reserved (CC BY-NC);",1,cc_by_nc
"Photo: (c) annaliese_mountfort, some rights reserved (CC BY-NC);",1,cc_by_nc
"Photo: (c) annamariavu, some rights reserved (CC BY-NC);",1,cc_by_nc
"Photo: (c) annamarie_clough, some rights reserved (CC BY-NC);",1,cc_by_nc
"Photo: (c) annapepper, some rights reserved (CC BY-NC);",1,cc_by_nc
"Photo: (c) annawalls, some rights reserved (CC BY-NC);",1,cc_by_nc
"Photo: (c) annecleary, some rights reserved (CC BY-NC);",1,cc_by_nc
"Photo: (c) anneke, some rights reserved (CC BY-NC);",1,cc_by_nc
"Photo: (c) anneliesp, some rights reserved (CC BY-NC);",1,cc_by_nc
"Photo: (c) annemariespacey, some rights reserved (CC BY-NC);",1,cc_by_nc
"Photo: (c) annesophie, some rights reserved (CC BY-NC);",1,cc_by_nc
"Photo: (c) annettefasher, some rights reserved (CC BY-NC);",1,cc_by_nc
"Photo: (c) annetuff, some rights reserved (CC BY-NC);",1,cc_by_nc
"Photo: (c) annezor, some rights reserved (CC BY-NC);",1,cc_by_nc
"Photo: (c) annfine, some rights reserved (CC BY-NC);",1,cc_by_nc
"Photo: (c) anngodfrey, some rights reserved (CC BY-NC);",1,cc_by_nc
"Photo: (c) anngraeme, some rights reserved (CC BY-NC);",1,cc_by_nc
"Photo: (c) anni, some rights reserved (CC BY-NC);",1,cc_by_nc
"Photo: (c) anniedax, some rights reserved (CC BY-NC);",1,cc_by_nc
"Photo: (c) annieinwood, some rights reserved (CC BY-NC);",1,cc_by_nc
"Photo: (c) anniejnz, some rights reserved (CC BY-NC);",1,cc_by_nc
"Photo: (c) anniey, some rights reserved (CC BY-NC);",1,cc_by_nc
"Photo: (c) anotherbecs, some rights reserved (CC BY-NC);",1,cc_by_nc
"Photo: (c) antennae, some rights reserved (CC BY-NC);",1,cc_by_nc
"Photo: (c) anthony_penman, some rights reserved (CC BY-NC);",1,cc_by_nc
"Photo: (c) antkusabs, some rights reserved (CC BY-NC);",1,cc_by_nc
"Photo: (c) antnz, some rights reserved (CC BY-NC);",1,cc_by_nc
"Photo: (c) aotearoasteve, some rights reserved (CC BY-NC);",1,cc_by_nc
"Photo: (c) aphroditedraws, some rights reserved (CC BY-NC);",1,cc_by_nc
"Photo: (c) aprilgreenlawchang, some rights reserved (CC BY-NC);",1,cc_by_nc
"Photo: (c) apteryxcate, some rights reserved (CC BY-NC);",1,cc_by_nc
"Photo: (c) araaotearoa, some rights reserved (CC BY-NC);",1,cc_by_nc
"Photo: (c) arabella554, some rights reserved (CC BY-NC);",1,cc_by_nc
"Photo: (c) arachnid_enthusiasm, some rights reserved (CC BY-NC);",1,cc_by_nc
"Photo: (c) aratlidge, some rights reserved (CC BY-NC);",1,cc_by_nc
"Photo: (c) ardy, some rights reserved (CC BY-NC);",1,cc_by_nc
"Photo: (c) arianangaire, some rights reserved (CC BY-NC);",1,cc_by_nc
"Photo: (c) arianecs, some rights reserved (CC BY-NC);",1,cc_by_nc
"Photo: (c) arianeturton, some rights reserved (CC BY-NC);",1,cc_by_nc
"Photo: (c) arisdon, some rights reserved (CC BY-NC);",1,cc_by_nc
"Photo: (c) arklesbay, some rights reserved (CC BY-NC);",1,cc_by_nc
"Photo: (c) arlenemcdowell, some rights reserved (CC BY-NC);",1,cc_by_nc
"Photo: (c) arlettab, some rights reserved (CC BY-NC);",1,cc_by_nc
"Photo: (c) arnec, some rights reserved (CC BY-NC);",1,cc_by_nc
"Photo: (c) artdood, some rights reserved (CC BY-NC);",1,cc_by_nc
"Photo: (c) arthur_b, some rights reserved (CC BY-NC);",1,cc_by_nc
"Photo: (c) arthurgw, some rights reserved (CC BY-NC);",1,cc_by_nc
"Photo: (c) artic, some rights reserved (CC BY-NC);",1,cc_by_nc
"Photo: (c) artykate, some rights reserved (CC BY-NC);",1,cc_by_nc
"Photo: (c) arutea, some rights reserved (CC BY-NC);",1,cc_by_nc
"Photo: (c) asherpb, some rights reserved (CC BY-NC);",1,cc_by_nc
"Photo: (c) ashertl, some rights reserved (CC BY-NC);",1,cc_by_nc
"Photo: (c) ashhsa, some rights reserved (CC BY-NC);",1,cc_by_nc
"Photo: (c) ashleel, some rights reserved (CC BY-NC);",1,cc_by_nc
"Photo: (c) ashleighdurry, some rights reserved (CC BY-NC);",1,cc_by_nc
"Photo: (c) ashleyroseeeee, some rights reserved (CC BY-NC);",1,cc_by_nc
"Photo: (c) ashton1907, some rights reserved (CC BY-NC);",1,cc_by_nc
"Photo: (c) ashwaters, some rights reserved (CC BY-NC);",1,cc_by_nc
"Photo: (c) ashy, some rights reserved (CC BY-NC);",1,cc_by_nc
"Photo: (c) aspen_urlich, some rights reserved (CC BY-NC);",1,cc_by_nc
"Photo: (c) ast, some rights reserved (CC BY-NC);",1,cc_by_nc
"Photo: (c) astleypaddison, some rights reserved (CC BY-NC);",1,cc_by_nc
"Photo: (c) astro, some rights reserved (CC BY-NC);",1,cc_by_nc
"Photo: (c) astrotastic, some rights reserved (CC BY-NC);",1,cc_by_nc
"Photo: (c) auroaschool, some rights reserved (CC BY-NC);",1,cc_by_nc
"Photo: (c) auroraboreo, some rights reserved (CC BY-NC);",1,cc_by_nc
"Photo: (c) autumnharry, some rights reserved (CC BY-NC);",1,cc_by_nc
"Photo: (c) awahlberg, some rights reserved (CC BY-NC);",1,cc_by_nc
"Photo: (c) aweenie, some rights reserved (CC BY-NC);",1,cc_by_nc
"Photo: (c) awilson133, some rights reserved (CC BY-NC);",1,cc_by_nc
"Photo: (c) ayomayo, some rights reserved (CC BY-NC);",1,cc_by_nc
"Photo: (c) babie_d2015, some rights reserved (CC BY-NC);",1,cc_by_nc
"Photo: (c) babs75, some rights reserved (CC BY-NC);",1,cc_by_nc
"Photo: (c) babygroot, some rights reserved (CC BY-NC);",1,cc_by_nc
"Photo: (c) baileykelsen, some rights reserved (CC BY-NC);",1,cc_by_nc
"Photo: (c) barbara1075, some rights reserved (CC BY-NC);",1,cc_by_nc
"Photo: (c) barefootarchaeologist, some rights reserved (CC BY-NC);",1,cc_by_nc
"Photo: (c) barefootforagers, some rights reserved (CC BY-NC);",1,cc_by_nc
"Photo: (c) barney_mc, some rights reserved (CC BY-NC);",1,cc_by_nc
"Photo: (c) barnythedino, some rights reserved (CC BY-NC);",1,cc_by_nc
"Photo: (c) barryjoblin, some rights reserved (CC BY-NC);",1,cc_by_nc
"Photo: (c) baverstockesol, some rights reserved (CC BY-NC);",1,cc_by_nc
"Photo: (c) baxter_laurence, some rights reserved (CC BY-NC);",1,cc_by_nc
"Photo: (c) bayleej, some rights reserved (CC BY-NC);",1,cc_by_nc
"Photo: (c) baylisj, some rights reserved (CC BY-NC);",1,cc_by_nc
"Photo: (c) bb70606837, some rights reserved (CC BY-NC);",1,cc_by_nc
"Photo: (c) bbbttt, some rights reserved (CC BY-NC);",1,cc_by_nc
"Photo: (c) bc2006, some rights reserved (CC BY-NC);",1,cc_by_nc
"Photo: (c) bcutting, some rights reserved (CC BY-NC);",1,cc_by_nc
"Photo: (c) bea5316, some rights reserved (CC BY-NC);",1,cc_by_nc
"Photo: (c) beanhead, some rights reserved (CC BY-NC);",1,cc_by_nc
"Photo: (c) beanyax, some rights reserved (CC BY-NC);",1,cc_by_nc
"Photo: (c) beaudowns, some rights reserved (CC BY-NC);",1,cc_by_nc
"Photo: (c) becca_muir, some rights reserved (CC BY-NC);",1,cc_by_nc
"Photo: (c) beccaannewatson, some rights reserved (CC BY-NC);",1,cc_by_nc
"Photo: (c) becdoll, some rights reserved (CC BY-NC);",1,cc_by_nc
"Photo: (c) beckenham2021, some rights reserved (CC BY-NC);",1,cc_by_nc
"Photo: (c) beckgraham, some rights reserved (CC BY-NC);",1,cc_by_nc
"Photo: (c) beckydubs, some rights reserved (CC BY-NC);",1,cc_by_nc
"Photo: (c) becramsay, some rights reserved (CC BY-NC);",1,cc_by_nc
"Photo: (c) beebel, some rights reserved (CC BY-NC);",1,cc_by_nc
"Photo: (c) beeverj, some rights reserved (CC BY-NC);",1,cc_by_nc
"Photo: (c) behaviourchangecornwall, some rights reserved (CC BY-NC);",1,cc_by_nc
"Photo: (c) belge65p, some rights reserved (CC BY-NC);",1,cc_by_nc
"Photo: (c) belindabuxton, some rights reserved (CC BY-NC);",1,cc_by_nc
"Photo: (c) bellaclarke, some rights reserved (CC BY-NC);",1,cc_by_nc
"Photo: (c) bellamoreish, some rights reserved (CC BY-NC);",1,cc_by_nc
"Photo: (c) bellavacca, some rights reserved (CC BY-NC);",1,cc_by_nc
"Photo: (c) bellbird, some rights reserved (CC BY-NC);",1,cc_by_nc
"Photo: (c) benihime13, some rights reserved (CC BY-NC);",1,cc_by_nc
"Photo: (c) benjaminprebble, some rights reserved (CC BY-NC);",1,cc_by_nc
"Photo: (c) benjeffares, some rights reserved (CC BY-NC);",1,cc_by_nc
"Photo: (c) bennythebird, some rights reserved (CC BY-NC);",1,cc_by_nc
"Photo: (c) benson-nz, some rights reserved (CC BY-NC);",1,cc_by_nc
"Photo: (c) bentlek3, some rights reserved (CC BY-NC);",1,cc_by_nc
"Photo: (c) benzo, some rights reserved (CC BY-NC);",1,cc_by_nc
"Photo: (c) berit_h, some rights reserved (CC BY-NC);",1,cc_by_nc
"Photo: (c) bernadetterosalie, some rights reserved (CC BY-NC);",1,cc_by_nc
"Photo: (c) berniewhite, some rights reserved (CC BY-NC);",1,cc_by_nc
"Photo: (c) berylla, some rights reserved (CC BY-NC);",1,cc_by_nc
"Photo: (c) bethany2100, some rights reserved (CC BY-NC);",1,cc_by_nc
"Photo: (c) bethanylong, some rights reserved (CC BY-NC);",1,cc_by_nc
"Photo: (c) bethmasser, some rights reserved (CC BY-NC);",1,cc_by_nc
"Photo: (c) bex55, some rights reserved (CC BY-NC);",1,cc_by_nc
"Photo: (c) bexterc, some rights reserved (CC BY-NC);",1,cc_by_nc
"Photo: (c) beynon, some rights reserved (CC BY-NC);",1,cc_by_nc
"Photo: (c) bfahnle, some rights reserved (CC BY-NC);",1,cc_by_nc
"Photo: (c) bgdabat, some rights reserved (CC BY-NC);",1,cc_by_nc
"Photo: (c) bharrison, some rights reserved (CC BY-NC);",1,cc_by_nc
"Photo: (c) bhodgson, some rights reserved (CC BY-NC);",1,cc_by_nc
"Photo: (c) bigfish13, some rights reserved (CC BY-NC);",1,cc_by_nc
"Photo: (c) biggkev, some rights reserved (CC BY-NC);",1,cc_by_nc
"Photo: (c) bigwilliestyles, some rights reserved (CC BY-NC);",1,cc_by_nc
"Photo: (c) bigzed, some rights reserved (CC BY-NC);",1,cc_by_nc
"Photo: (c) billinnz1, some rights reserved (CC BY-NC);",1,cc_by_nc
"Photo: (c) billite, some rights reserved (CC BY-NC);",1,cc_by_nc
"Photo: (c) billneve, some rights reserved (CC BY-NC);",1,cc_by_nc
"Photo: (c) billyfife, some rights reserved (CC BY-NC);",1,cc_by_nc
"Photo: (c) billypapatsoumas1017, some rights reserved (CC BY-NC);",1,cc_by_nc
"Photo: (c) bingles, some rights reserved (CC BY-NC);",1,cc_by_nc
"Photo: (c) biosecurity_man, some rights reserved (CC BY-NC);",1,cc_by_nc
"Photo: (c) birdie11, some rights reserved (CC BY-NC);",1,cc_by_nc
"Photo: (c) birdrehab, some rights reserved (CC BY-NC);",1,cc_by_nc
"Photo: (c) birdvet, some rights reserved (CC BY-NC);",1,cc_by_nc
"Photo: (c) birgit bachler, some rights reserved (CC BY-NC);",1,cc_by_nc
"Photo: (c) bitz, some rights reserved (CC BY-NC);",1,cc_by_nc
"Photo: (c) bjp21, some rights reserved (CC BY-NC);",1,cc_by_nc
"Photo: (c) bjwsmith, some rights reserved (CC BY-NC);",1,cc_by_nc
"Photo: (c) blacky72, some rights reserved (CC BY-NC);",1,cc_by_nc
"Photo: (c) blaeld, some rights reserved (CC BY-NC);",1,cc_by_nc
"Photo: (c) blairmorton, some rights reserved (CC BY-NC);",1,cc_by_nc
"Photo: (c) blaphod, some rights reserved (CC BY-NC);",1,cc_by_nc
"Photo: (c) blondene, some rights reserved (CC BY-NC);",1,cc_by_nc
"Photo: (c) blossom55, some rights reserved (CC BY-NC);",1,cc_by_nc
"Photo: (c) blue_peripatus, some rights reserved (CC BY-NC);",1,cc_by_nc
"Photo: (c) bluejaye, some rights reserved (CC BY-NC);",1,cc_by_nc
"Photo: (c) bluffy123, some rights reserved (CC BY-NC);",1,cc_by_nc
"Photo: (c) bluuskies, some rights reserved (CC BY-NC);",1,cc_by_nc
"Photo: (c) bobthebotanist, some rights reserved (CC BY-NC);",1,cc_by_nc
"Photo: (c) boc, some rights reserved (CC BY-NC);",1,cc_by_nc
"Photo: (c) boerema, some rights reserved (CC BY-NC);",1,cc_by_nc
"Photo: (c) bolon, some rights reserved (CC BY-NC);",1,cc_by_nc
"Photo: (c) bongobear, some rights reserved (CC BY-NC);",1,cc_by_nc
"Photo: (c) boohoola, some rights reserved (CC BY-NC);",1,cc_by_nc
"Photo: (c) booklovernz, some rights reserved (CC BY-NC);",1,cc_by_nc
"Photo: (c) boomcat, some rights reserved (CC BY-NC);",1,cc_by_nc
"Photo: (c) bouche, some rights reserved (CC BY-NC);",1,cc_by_nc
"Photo: (c) bowhunternz, some rights reserved (CC BY-NC);",1,cc_by_nc
"Photo: (c) br1dgy, some rights reserved (CC BY-NC);",1,cc_by_nc
"Photo: (c) brabyn, some rights reserved (CC BY-NC);",1,cc_by_nc
"Photo: (c) brad_cadwallader, some rights reserved (CC BY-NC);",1,cc_by_nc
"Photo: (c) bradenwhite, some rights reserved (CC BY-NC);",1,cc_by_nc
"Photo: (c) brassnz, some rights reserved (CC BY-NC);",1,cc_by_nc
"Photo: (c) brathan, some rights reserved (CC BY-NC);",1,cc_by_nc
"Photo: (c) braydenj, some rights reserved (CC BY-NC);",1,cc_by_nc
"Photo: (c) bredenkamp, some rights reserved (CC BY-NC);",1,cc_by_nc
"Photo: (c) bree shaw, some rights reserved (CC BY-NC);",1,cc_by_nc
"Photo: (c) brendac, some rights reserved (CC BY-NC);",1,cc_by_nc
"Photo: (c) brennanx, some rights reserved (CC BY-NC);",1,cc_by_nc
"Photo: (c) brentl, some rights reserved (CC BY-NC);",1,cc_by_nc
"Photo: (c) brentwhite1213, some rights reserved (CC BY-NC);",1,cc_by_nc
"Photo: (c) bretho69, some rights reserved (CC BY-NC);",1,cc_by_nc
"Photo: (c) brettburley, some rights reserved (CC BY-NC);",1,cc_by_nc
"Photo: (c) briancampbellthomas, some rights reserved (CC BY-NC);",1,cc_by_nc
"Photo: (c) briancc, some rights reserved (CC BY-NC);",1,cc_by_nc
"Photo: (c) brianl813, some rights reserved (CC BY-NC);",1,cc_by_nc
"Photo: (c) brianluby, some rights reserved (CC BY-NC);",1,cc_by_nc
"Photo: (c) briansquair, some rights reserved (CC BY-NC);",1,cc_by_nc
"Photo: (c) bridget888, some rights reserved (CC BY-NC);",1,cc_by_nc
"Photo: (c) bridgetp, some rights reserved (CC BY-NC);",1,cc_by_nc
"Photo: (c) bridgetspinks, some rights reserved (CC BY-NC);",1,cc_by_nc
"Photo: (c) bridie-rose, some rights reserved (CC BY-NC);",1,cc_by_nc
"Photo: (c) brigadoon, some rights reserved (CC BY-NC);",1,cc_by_nc
"Photo: (c) briggzy12345, some rights reserved (CC BY-NC);",1,cc_by_nc
"Photo: (c) briony, some rights reserved (CC BY-NC);",1,cc_by_nc
"Photo: (c) britneym221, some rights reserved (CC BY-NC);",1,cc_by_nc
"Photo: (c) brookeclark_nz, some rights reserved (CC BY-NC);",1,cc_by_nc
"Photo: (c) brookek, some rights reserved (CC BY-NC);",1,cc_by_nc
"Photo: (c) brooklynite, some rights reserved (CC BY-NC);",1,cc_by_nc
"Photo: (c) broomfieldschool, some rights reserved (CC BY-NC);",1,cc_by_nc
"Photo: (c) broomstick39, some rights reserved (CC BY-NC);",1,cc_by_nc
"Photo: (c) brucemaunsell, some rights reserved (CC BY-NC);",1,cc_by_nc
"Photo: (c) brucementeath, some rights reserved (CC BY-NC);",1,cc_by_nc
"Photo: (c) brucemusc, some rights reserved (CC BY-NC);",1,cc_by_nc
"Photo: (c) brucescott, some rights reserved (CC BY-NC);",1,cc_by_nc
"Photo: (c) bry_nz, some rights reserved (CC BY-NC);",1,cc_by_nc
"Photo: (c) bryan-maltais, some rights reserved (CC BY-NC);",1,cc_by_nc
"Photo: (c) bryancrump, some rights reserved (CC BY-NC);",1,cc_by_nc
"Photo: (c) bryantj, some rights reserved (CC BY-NC);",1,cc_by_nc
"Photo: (c) bryantr, some rights reserved (CC BY-NC);",1,cc_by_nc
"Photo: (c) bryce_williamson, some rights reserved (CC BY-NC);",1,cc_by_nc
"Photo: (c) bryonney, some rights reserved (CC BY-NC);",1,cc_by_nc
"Photo: (c) bsan012, some rights reserved (CC BY-NC);",1,cc_by_nc
"Photo: (c) bschroed, some rights reserved (CC BY-NC);",1,cc_by_nc
"Photo: (c) bubsman, some rights reserved (CC BY-NC);",1,cc_by_nc
"Photo: (c) buckleyt, some rights reserved (CC BY-NC);",1,cc_by_nc
"Photo: (c) bugboy1, some rights reserved (CC BY-NC);",1,cc_by_nc
"Photo: (c) buggered, some rights reserved (CC BY-NC);",1,cc_by_nc
"Photo: (c) bugzrcreepy, some rights reserved (CC BY-NC);",1,cc_by_nc
"Photo: (c) bunnymango, some rights reserved (CC BY-NC);",1,cc_by_nc
"Photo: (c) burd_lubber, some rights reserved (CC BY-NC);",1,cc_by_nc
"Photo: (c) burfot, some rights reserved (CC BY-NC);",1,cc_by_nc
"Photo: (c) burgealert, some rights reserved (CC BY-NC);",1,cc_by_nc
"Photo: (c) burnt_toast, some rights reserved (CC BY-NC);",1,cc_by_nc
"Photo: (c) burtoncusens, some rights reserved (CC BY-NC);",1,cc_by_nc
"Photo: (c) bushybags, some rights reserved (CC BY-NC);",1,cc_by_nc
"Photo: (c) butterflynova, some rights reserved (CC BY-NC);",1,cc_by_nc
"Photo: (c) buzzie, some rights reserved (CC BY-NC);",1,cc_by_nc
"Photo: (c) bytesnz, some rights reserved (CC BY-NC);",1,cc_by_nc
"Photo: (c) c_michael_hogan, some rights reserved (CC BY-NC);",1,cc_by_nc
"Photo: (c) cabbagefestival, some rights reserved (CC BY-NC);",1,cc_by_nc
"Photo: (c) cablebaybird, some rights reserved (CC BY-NC);",1,cc_by_nc
"Photo: (c) caddisflyguy, some rights reserved (CC BY-NC);",1,cc_by_nc
"Photo: (c) cadfam, some rights reserved (CC BY-NC);",1,cc_by_nc
"Photo: (c) caitlind, some rights reserved (CC BY-NC);",1,cc_by_nc
"Photo: (c) caitlynspies, some rights reserved (CC BY-NC);",1,cc_by_nc
"Photo: (c) calaveramechuda, some rights reserved (CC BY-NC);",1,cc_by_nc
"Photo: (c) caleb_23, some rights reserved (CC BY-NC);",1,cc_by_nc
"Photo: (c) caliborm, some rights reserved (CC BY-NC);",1,cc_by_nc
"Photo: (c) callum_i, some rights reserved (CC BY-NC);",1,cc_by_nc
"Photo: (c) callum_whitten, some rights reserved (CC BY-NC);",1,cc_by_nc
"Photo: (c) callumdbeattie, some rights reserved (CC BY-NC);",1,cc_by_nc
"Photo: (c) callumnic, some rights reserved (CC BY-NC);",1,cc_by_nc
"Photo: (c) calvinr, some rights reserved (CC BY-NC);",1,cc_by_nc
"Photo: (c) camaroonius, some rights reserved (CC BY-NC);",1,cc_by_nc
"Photo: (c) cammyw1, some rights reserved (CC BY-NC);",1,cc_by_nc
"Photo: (c) camtheman2005, some rights reserved (CC BY-NC);",1,cc_by_nc
"Photo: (c) camz1979, some rights reserved (CC BY-NC);",1,cc_by_nc
"Photo: (c) caniwi, some rights reserved (CC BY-NC);",1,cc_by_nc
"Photo: (c) cannztours, some rights reserved (CC BY-NC);",1,cc_by_nc
"Photo: (c) canterburyexplorer, some rights reserved (CC BY-NC);",1,cc_by_nc
"Photo: (c) captaingloom, some rights reserved (CC BY-NC);",1,cc_by_nc
"Photo: (c) caracolex, some rights reserved (CC BY-NC);",1,cc_by_nc
"Photo: (c) carajr, some rights reserved (CC BY-NC);",1,cc_by_nc
"Photo: (c) cardinal15, some rights reserved (CC BY-NC);",1,cc_by_nc
"Photo: (c) carinass, some rights reserved (CC BY-NC);",1,cc_by_nc
"Photo: (c) carlafonseca, some rights reserved (CC BY-NC);",1,cc_by_nc
"Photo: (c) carlarose, some rights reserved (CC BY-NC);",1,cc_by_nc
"Photo: (c) carlnielson, some rights reserved (CC BY-NC);",1,cc_by_nc
"Photo: (c) carltimms, some rights reserved (CC BY-NC);",1,cc_by_nc
"Photo: (c) carly92, some rights reserved (CC BY-NC);",1,cc_by_nc
"Photo: (c) carolinearmstrong, some rights reserved (CC BY-NC);",1,cc_by_nc
"Photo: (c) carolinefoster, some rights reserved (CC BY-NC);",1,cc_by_nc
"Photo: (c) carolinenz, some rights reserved (CC BY-NC);",1,cc_by_nc
"Photo: (c) carolinerobertson, some rights reserved (CC BY-NC);",1,cc_by_nc
"Photo: (c) carolshortis, some rights reserved (CC BY-NC);",1,cc_by_nc
"Photo: (c) carosimmonds4, some rights reserved (CC BY-NC);",1,cc_by_nc
"Photo: (c) carrie_c, some rights reserved (CC BY-NC);",1,cc_by_nc
"Photo: (c) carringtons06, some rights reserved (CC BY-NC);",1,cc_by_nc
"Photo: (c) carterjnj, some rights reserved (CC BY-NC);",1,cc_by_nc
"Photo: (c) cas, some rights reserved (CC BY-NC);",1,cc_by_nc
"Photo: (c) case_in_point, some rights reserved (CC BY-NC);",1,cc_by_nc
"Photo: (c) casey_bannon, some rights reserved (CC BY-NC);",1,cc_by_nc
"Photo: (c) cashdaughters, some rights reserved (CC BY-NC);",1,cc_by_nc
"Photo: (c) casperthedog, some rights reserved (CC BY-NC);",1,cc_by_nc
"Photo: (c) cassandramarsters, some rights reserved (CC BY-NC);",1,cc_by_nc
"Photo: (c) caterpiler, some rights reserved (CC BY-NC);",1,cc_by_nc
"Photo: (c) catherine-christie, some rights reserved (CC BY-NC);",1,cc_by_nc
"Photo: (c) catherinegordon, some rights reserved (CC BY-NC);",1,cc_by_nc
"Photo: (c) catherines123, some rights reserved (CC BY-NC);",1,cc_by_nc
"Photo: (c) cbradigan, some rights reserved (CC BY-NC);",1,cc_by_nc
"Photo: (c) cccccxxccccc, some rights reserved (CC BY-NC);",1,cc_by_nc
"Photo: (c) ccthom, some rights reserved (CC BY-NC);",1,cc_by_nc
"Photo: (c) celestina2021, some rights reserved (CC BY-NC);",1,cc_by_nc
"Photo: (c) celiawright, some rights reserved (CC BY-NC);",1,cc_by_nc
"Photo: (c) cementitious_applicatus, some rights reserved (CC BY-NC);",1,cc_by_nc
"Photo: (c) ceterach, some rights reserved (CC BY-NC);",1,cc_by_nc
"Photo: (c) cevlol, some rights reserved (CC BY-NC);",1,cc_by_nc
"Photo: (c) cgrobler, some rights reserved (CC BY-NC);",1,cc_by_nc
"Photo: (c) cgsmithers, some rights reserved (CC BY-NC);",1,cc_by_nc
"Photo: (c) chalkncheez, some rights reserved (CC BY-NC);",1,cc_by_nc
"Photo: (c) chalky65, some rights reserved (CC BY-NC);",1,cc_by_nc
"Photo: (c) chanade, some rights reserved (CC BY-NC);",1,cc_by_nc
"Photo: (c) chance95, some rights reserved (CC BY-NC);",1,cc_by_nc
"Photo: (c) charlenenz, some rights reserved (CC BY-NC);",1,cc_by_nc
"Photo: (c) charlesellen, some rights reserved (CC BY-NC);",1,cc_by_nc
"Photo: (c) charlieeee, some rights reserved (CC BY-NC);",1,cc_by_nc
"Photo: (c) charliehopkins, some rights reserved (CC BY-NC);",1,cc_by_nc
"Photo: (c) charskie, some rights reserved (CC BY-NC);",1,cc_by_nc
"Photo: (c) chasingsandflies, some rights reserved (CC BY-NC);",1,cc_by_nc
"Photo: (c) chaya_chathur, some rights reserved (CC BY-NC);",1,cc_by_nc
"Photo: (c) cheburashka111, some rights reserved (CC BY-NC);",1,cc_by_nc
"Photo: (c) chej13, some rights reserved (CC BY-NC);",1,cc_by_nc
"Photo: (c) chelseawidjaja, some rights reserved (CC BY-NC);",1,cc_by_nc
"Photo: (c) cherryblossom, some rights reserved (CC BY-NC);",1,cc_by_nc
"Photo: (c) cheryla, some rights reserved (CC BY-NC);",1,cc_by_nc
"Photo: (c) cheryllucas, some rights reserved (CC BY-NC);",1,cc_by_nc
"Photo: (c) cheyenne13, some rights reserved (CC BY-NC);",1,cc_by_nc
"Photo: (c) chguigou, some rights reserved (CC BY-NC);",1,cc_by_nc
"Photo: (c) chiana, some rights reserved (CC BY-NC);",1,cc_by_nc
"Photo: (c) chicky, some rights reserved (CC BY-NC);",1,cc_by_nc
"Photo: (c) chicky67, some rights reserved (CC BY-NC);",1,cc_by_nc
"Photo: (c) chief888, some rights reserved (CC BY-NC);",1,cc_by_nc
"Photo: (c) chinmayjoshi1, some rights reserved (CC BY-NC);",1,cc_by_nc
"Photo: (c) chloe_cargill, some rights reserved (CC BY-NC);",1,cc_by_nc
"Photo: (c) chokm, some rights reserved (CC BY-NC);",1,cc_by_nc
"Photo: (c) chris_andrew90, some rights reserved (CC BY-NC);",1,cc_by_nc
"Photo: (c) chris_chuq, some rights reserved (CC BY-NC);",1,cc_by_nc
"Photo: (c) chrisboooth, some rights reserved (CC BY-NC);",1,cc_by_nc
"Photo: (c) chrisd, some rights reserved (CC BY-NC);",1,cc_by_nc
"Photo: (c) chrishardy, some rights reserved (CC BY-NC);",1,cc_by_nc
"Photo: (c) chrishinton, some rights reserved (CC BY-NC);",1,cc_by_nc
"Photo: (c) chriso, some rights reserved (CC BY-NC);",1,cc_by_nc
"Photo: (c) chrispotter, some rights reserved (CC BY-NC);",1,cc_by_nc
"Photo: (c) chrissutton, some rights reserved (CC BY-NC);",1,cc_by_nc
"Photo: (c) christabluff, some rights reserved (CC BY-NC);",1,cc_by_nc
"Photo: (c) christian-james, some rights reserved (CC BY-NC);",1,cc_by_nc
"Photo: (c) christinarowe, some rights reserved (CC BY-NC);",1,cc_by_nc
"Photo: (c) christine-whiteford, some rights reserved (CC BY-NC);",1,cc_by_nc
"Photo: (c) christinereilly99, some rights reserved (CC BY-NC);",1,cc_by_nc
"Photo: (c) christophzink, some rights reserved (CC BY-NC);",1,cc_by_nc
"Photo: (c) chrisvt, some rights reserved (CC BY-NC);",1,cc_by_nc
"Photo: (c) chromataphore, some rights reserved (CC BY-NC);",1,cc_by_nc
"Photo: (c) chryee, some rights reserved (CC BY-NC);",1,cc_by_nc
"Photo: (c) chups, some rights reserved (CC BY-NC);",1,cc_by_nc
"Photo: (c) ciarac, some rights reserved (CC BY-NC);",1,cc_by_nc
"Photo: (c) cjn, some rights reserved (CC BY-NC);",1,cc_by_nc
"Photo: (c) clairelafranchie, some rights reserved (CC BY-NC);",1,cc_by_nc
"Photo: (c) clairerosem, some rights reserved (CC BY-NC);",1,cc_by_nc
"Photo: (c) clanlloyd, some rights reserved (CC BY-NC);",1,cc_by_nc
"Photo: (c) clarebuckner, some rights reserved (CC BY-NC);",1,cc_by_nc
"Photo: (c) clareharriette, some rights reserved (CC BY-NC);",1,cc_by_nc
"Photo: (c) clarely, some rights reserved (CC BY-NC);",1,cc_by_nc
"Photo: (c) clareturtle, some rights reserved (CC BY-NC);",1,cc_by_nc
"Photo: (c) clarkh, some rights reserved (CC BY-NC);",1,cc_by_nc
"Photo: (c) clarkmills, some rights reserved (CC BY-NC);",1,cc_by_nc
"Photo: (c) clarkvilleschool, some rights reserved (CC BY-NC);",1,cc_by_nc
"Photo: (c) clea, some rights reserved (CC BY-NC);",1,cc_by_nc
"Photo: (c) climber_03, some rights reserved (CC BY-NC);",1,cc_by_nc
"Photo: (c) climbingkeruru, some rights reserved (CC BY-NC);",1,cc_by_nc
"Photo: (c) clivecopeman, some rights reserved (CC BY-NC);",1,cc_by_nc
"Photo: (c) clothesline, some rights reserved (CC BY-NC);",1,cc_by_nc
"Photo: (c) cloud7, some rights reserved (CC BY-NC);",1,cc_by_nc
"Photo: (c) cloudy781, some rights reserved (CC BY-NC);",1,cc_by_nc
"Photo: (c) cloudysky, some rights reserved (CC BY-NC);",1,cc_by_nc
"Photo: (c) cmarlbec, some rights reserved (CC BY-NC);",1,cc_by_nc
"Photo: (c) cmclean, some rights reserved (CC BY-NC);",1,cc_by_nc
"Photo: (c) cmf, some rights reserved (CC BY-NC);",1,cc_by_nc
"Photo: (c) cminnaar, some rights reserved (CC BY-NC);",1,cc_by_nc
"Photo: (c) cognateclockwork, some rights reserved (CC BY-NC);",1,cc_by_nc
"Photo: (c) collybywolly, some rights reserved (CC BY-NC);",1,cc_by_nc
"Photo: (c) compy, some rights reserved (CC BY-NC);",1,cc_by_nc
"Photo: (c) conaglen, some rights reserved (CC BY-NC);",1,cc_by_nc
"Photo: (c) conniekc, some rights reserved (CC BY-NC);",1,cc_by_nc
"Photo: (c) conor_edwards, some rights reserved (CC BY-NC);",1,cc_by_nc
"Photo: (c) coolinghq, some rights reserved (CC BY-NC);",1,cc_by_nc
"Photo: (c) coopsk, some rights reserved (CC BY-NC);",1,cc_by_nc
"Photo: (c) coralie_curtin, some rights reserved (CC BY-NC);",1,cc_by_nc
"Photo: (c) corbannickel, some rights reserved (CC BY-NC);",1,cc_by_nc
"Photo: (c) corbo, some rights reserved (CC BY-NC);",1,cc_by_nc
"Photo: (c) corey, some rights reserved (CC BY-NC);",1,cc_by_nc
"Photo: (c) corgi73, some rights reserved (CC BY-NC);",1,cc_by_nc
"Photo: (c) coroj, some rights reserved (CC BY-NC);",1,cc_by_nc
"Photo: (c) coservabee, some rights reserved (CC BY-NC);",1,cc_by_nc
"Photo: (c) costana, some rights reserved (CC BY-NC);",1,cc_by_nc
"Photo: (c) coulthardj, some rights reserved (CC BY-NC);",1,cc_by_nc
"Photo: (c) count, some rights reserved (CC BY-NC);",1,cc_by_nc
"Photo: (c) counter, some rights reserved (CC BY-NC);",1,cc_by_nc
"Photo: (c) courtesy_of_wade_doak, some rights reserved (CC BY-NC);",1,cc_by_nc
"Photo: (c) courtesy_of_wade_doak_marine_postings, some rights reserved (CC BY-NC);",1,cc_by_nc
"Photo: (c) cpainting, some rights reserved (CC BY-NC);",1,cc_by_nc
"Photo: (c) cpwilton, some rights reserved (CC BY-NC);",1,cc_by_nc
"Photo: (c) cr00k1, some rights reserved (CC BY-NC);",1,cc_by_nc
"Photo: (c) craig_mclean, some rights reserved (CC BY-NC);",1,cc_by_nc
"Photo: (c) craig_ross, some rights reserved (CC BY-NC);",1,cc_by_nc
"Photo: (c) craigabbott, some rights reserved (CC BY-NC);",1,cc_by_nc
"Photo: (c) crangiwhetu, some rights reserved (CC BY-NC);",1,cc_by_nc
"Photo: (c) crawfor3, some rights reserved (CC BY-NC);",1,cc_by_nc
"Photo: (c) cringue2, some rights reserved (CC BY-NC);",1,cc_by_nc
"Photo: (c) crispykiwi_chch, some rights reserved (CC BY-NC);",1,cc_by_nc
"Photo: (c) cryptid_zoology, some rights reserved (CC BY-NC);",1,cc_by_nc
"Photo: (c) crystalonz, some rights reserved (CC BY-NC);",1,cc_by_nc
"Photo: (c) csfreeman, some rights reserved (CC BY-NC);",1,cc_by_nc
"Photo: (c) ctdavid, some rights reserved (CC BY-NC);",1,cc_by_nc
"Photo: (c) ctnash, some rights reserved (CC BY-NC);",1,cc_by_nc
"Photo: (c) curious_class, some rights reserved (CC BY-NC);",1,cc_by_nc
"Photo: (c) curiousrr, some rights reserved (CC BY-NC);",1,cc_by_nc
"Photo: (c) curtispttn, some rights reserved (CC BY-NC);",1,cc_by_nc
"Photo: (c) cwf_emily, some rights reserved (CC BY-NC);",1,cc_by_nc
"Photo: (c) cynthiar, some rights reserved (CC BY-NC);",1,cc_by_nc
"Photo: (c) dafe, some rights reserved (CC BY-NC);",1,cc_by_nc
"Photo: (c) dahorimaori, some rights reserved (CC BY-NC);",1,cc_by_nc
"Photo: (c) daiseychain, some rights reserved (CC BY-NC);",1,cc_by_nc
"Photo: (c) daisy1011, some rights reserved (CC BY-NC);",1,cc_by_nc
"Photo: (c) daisy_am, some rights reserved (CC BY-NC);",1,cc_by_nc
"Photo: (c) daisyzebra, some rights reserved (CC BY-NC);",1,cc_by_nc
"Photo: (c) dalicat1, some rights reserved (CC BY-NC);",1,cc_by_nc
"Photo: (c) danducker, some rights reserved (CC BY-NC);",1,cc_by_nc
"Photo: (c) danhikuroa, some rights reserved (CC BY-NC);",1,cc_by_nc
"Photo: (c) dani_harris, some rights reserved (CC BY-NC);",1,cc_by_nc
"Photo: (c) danica123, some rights reserved (CC BY-NC);",1,cc_by_nc
"Photo: (c) daniellepattison, some rights reserved (CC BY-NC);",1,cc_by_nc
"Photo: (c) daniizcool, some rights reserved (CC BY-NC);",1,cc_by_nc
"Photo: (c) dannyp, some rights reserved (CC BY-NC);",1,cc_by_nc
"Photo: (c) dantatus, some rights reserved (CC BY-NC);",1,cc_by_nc
"Photo: (c) darany109, some rights reserved (CC BY-NC);",1,cc_by_nc
"Photo: (c) darry, some rights reserved (CC BY-NC);",1,cc_by_nc
"Photo: (c) darryljenny1, some rights reserved (CC BY-NC);",1,cc_by_nc
"Photo: (c) darrylok, some rights reserved (CC BY-NC);",1,cc_by_nc
"Photo: (c) dashmeister, some rights reserved (CC BY-NC);",1,cc_by_nc
"Photo: (c) daucus_carota, some rights reserved (CC BY-NC);",1,cc_by_nc
"Photo: (c) daveb, some rights reserved (CC BY-NC);",1,cc_by_nc
"Photo: (c) daveh, some rights reserved (CC BY-NC);",1,cc_by_nc
"Photo: (c) davevhill, some rights reserved (CC BY-NC);",1,cc_by_nc
"Photo: (c) davian, some rights reserved (CC BY-NC);",1,cc_by_nc
"Photo: (c) davidbrouwers, some rights reserved (CC BY-NC);",1,cc_by_nc
"Photo: (c) davidbruceward, some rights reserved (CC BY-NC);",1,cc_by_nc
"Photo: (c) davidhodge931, some rights reserved (CC BY-NC);",1,cc_by_nc
"Photo: (c) davidorlovich, some rights reserved (CC BY-NC);",1,cc_by_nc
"Photo: (c) davidwoolston, some rights reserved (CC BY-NC);",1,cc_by_nc
"Photo: (c) davieshunter, some rights reserved (CC BY-NC);",1,cc_by_nc
"Photo: (c) daviesj6, some rights reserved (CC BY-NC);",1,cc_by_nc
"Photo: (c) dawnjen, some rights reserved (CC BY-NC);",1,cc_by_nc
"Photo: (c) dayanithaa, some rights reserved (CC BY-NC);",1,cc_by_nc
"Photo: (c) daygo, some rights reserved (CC BY-NC);",1,cc_by_nc
"Photo: (c) dayv_black, some rights reserved (CC BY-NC);",1,cc_by_nc
"Photo: (c) dcarmont, some rights reserved (CC BY-NC);",1,cc_by_nc
"Photo: (c) ddutta, some rights reserved (CC BY-NC);",1,cc_by_nc
"Photo: (c) deancaskey, some rights reserved (CC BY-NC);",1,cc_by_nc
"Photo: (c) deanshay, some rights reserved (CC BY-NC);",1,cc_by_nc
"Photo: (c) deb smither, some rights reserved (CC BY-NC);",1,cc_by_nc
"Photo: (c) deb613, some rights reserved (CC BY-NC);",1,cc_by_nc
"Photo: (c) debbi07, some rights reserved (CC BY-NC);",1,cc_by_nc
"Photo: (c) debbiebray, some rights reserved (CC BY-NC);",1,cc_by_nc
"Photo: (c) debi, some rights reserved (CC BY-NC);",1,cc_by_nc
"Photo: (c) debsmartin, some rights reserved (CC BY-NC);",1,cc_by_nc
"Photo: (c) decebalus, some rights reserved (CC BY-NC);",1,cc_by_nc
"Photo: (c) dehnck, some rights reserved (CC BY-NC);",1,cc_by_nc
"Photo: (c) dendro, some rights reserved (CC BY-NC);",1,cc_by_nc
"Photo: (c) deniseyv, some rights reserved (CC BY-NC);",1,cc_by_nc
"Photo: (c) depression™, some rights reserved (CC BY-NC);",1,cc_by_nc
"Photo: (c) der_schwoob, some rights reserved (CC BY-NC);",1,cc_by_nc
"Photo: (c) derek_boston, some rights reserved (CC BY-NC);",1,cc_by_nc
"Photo: (c) devangi, some rights reserved (CC BY-NC);",1,cc_by_nc
"Photo: (c) devinmynett, some rights reserved (CC BY-NC);",1,cc_by_nc
"Photo: (c) devric, some rights reserved (CC BY-NC);",1,cc_by_nc
"Photo: (c) dezzam, some rights reserved (CC BY-NC);",1,cc_by_nc
"Photo: (c) dhobey, some rights reserved (CC BY-NC);",1,cc_by_nc
"Photo: (c) diana1965, some rights reserved (CC BY-NC);",1,cc_by_nc
"Photo: (c) diana1q84, some rights reserved (CC BY-NC);",1,cc_by_nc
"Photo: (c) diana_pena, some rights reserved (CC BY-NC);",1,cc_by_nc
"Photo: (c) dianadutoit, some rights reserved (CC BY-NC);",1,cc_by_nc
"Photo: (c) dianemccarthy, some rights reserved (CC BY-NC);",1,cc_by_nc
"Photo: (c) dianne_and_gordon_purdie, some rights reserved (CC BY-NC);",1,cc_by_nc
"Photo: (c) diannef, some rights reserved (CC BY-NC);",1,cc_by_nc
"Photo: (c) dice_vision, some rights reserved (CC BY-NC);",1,cc_by_nc
"Photo: (c) dickgrimshaw, some rights reserved (CC BY-NC);",1,cc_by_nc
"Photo: (c) diggerdee, some rights reserved (CC BY-NC);",1,cc_by_nc
"Photo: (c) diggerditch, some rights reserved (CC BY-NC);",1,cc_by_nc
"Photo: (c) dinahbarclay, some rights reserved (CC BY-NC);",1,cc_by_nc
"Photo: (c) diogenese, some rights reserved (CC BY-NC);",1,cc_by_nc
"Photo: (c) dippindodds, some rights reserved (CC BY-NC);",1,cc_by_nc
"Photo: (c) distantkiwi, some rights reserved (CC BY-NC);",1,cc_by_nc
"Photo: (c) divingdolphin, some rights reserved (CC BY-NC);",1,cc_by_nc
"Photo: (c) djea, some rights reserved (CC BY-NC);",1,cc_by_nc
"Photo: (c) djk, some rights reserved (CC BY-NC);",1,cc_by_nc
"Photo: (c) djr83, some rights reserved (CC BY-NC);",1,cc_by_nc
"Photo: (c) dmaggs, some rights reserved (CC BY-NC);",1,cc_by_nc
"Photo: (c) dmcglashen, some rights reserved (CC BY-NC);",1,cc_by_nc
"Photo: (c) dmonty64, some rights reserved (CC BY-NC);",1,cc_by_nc
"Photo: (c) dododu, some rights reserved (CC BY-NC);",1,cc_by_nc
"Photo: (c) dogdog, some rights reserved (CC BY-NC);",1,cc_by_nc
"Photo: (c) doktor-wyrm, some rights reserved (CC BY-NC);",1,cc_by_nc
"Photo: (c) dom_h, some rights reserved (CC BY-NC);",1,cc_by_nc
"Photo: (c) dominicarapai, some rights reserved (CC BY-NC);",1,cc_by_nc
"Photo: (c) domsuttonnz, some rights reserved (CC BY-NC);",1,cc_by_nc
"Photo: (c) dondon13, some rights reserved (CC BY-NC);",1,cc_by_nc
"Photo: (c) donnad, some rights reserved (CC BY-NC);",1,cc_by_nc
"Photo: (c) donnaharding, some rights reserved (CC BY-NC);",1,cc_by_nc
"Photo: (c) dopey_duck_, some rights reserved (CC BY-NC);",1,cc_by_nc
"Photo: (c) doppelhans, some rights reserved (CC BY-NC);",1,cc_by_nc
"Photo: (c) dotskiedo, some rights reserved (CC BY-NC);",1,cc_by_nc
"Photo: (c) dotterel, some rights reserved (CC BY-NC);",1,cc_by_nc
"Photo: (c) dottiem, some rights reserved (CC BY-NC);",1,cc_by_nc
"Photo: (c) doufis, some rights reserved (CC BY-NC);",1,cc_by_nc
"Photo: (c) dougalstalker, some rights reserved (CC BY-NC);",1,cc_by_nc
"Photo: (c) dpettit, some rights reserved (CC BY-NC);",1,cc_by_nc
"Photo: (c) dpstrack, some rights reserved (CC BY-NC);",1,cc_by_nc
"Photo: (c) dragonfly10, some rights reserved (CC BY-NC);",1,cc_by_nc
"Photo: (c) dragonflydust, some rights reserved (CC BY-NC);",1,cc_by_nc
"Photo: (c) drbugwho, some rights reserved (CC BY-NC);",1,cc_by_nc
"Photo: (c) drcallycat, some rights reserved (CC BY-NC);",1,cc_by_nc
"Photo: (c) drdamin, some rights reserved (CC BY-NC);",1,cc_by_nc
"Photo: (c) drdavewellow, some rights reserved (CC BY-NC);",1,cc_by_nc
"Photo: (c) drdilligaf, some rights reserved (CC BY-NC);",1,cc_by_nc
"Photo: (c) dreamteam, some rights reserved (CC BY-NC);",1,cc_by_nc
"Photo: (c) dredbros, some rights reserved (CC BY-NC);",1,cc_by_nc
"Photo: (c) drewfamily, some rights reserved (CC BY-NC);",1,cc_by_nc
"Photo: (c) drifan, some rights reserved (CC BY-NC);",1,cc_by_nc
"Photo: (c) drizdar, some rights reserved (CC BY-NC);",1,cc_by_nc
"Photo: (c) drlank, some rights reserved (CC BY-NC);",1,cc_by_nc
"Photo: (c) drleavingsoon, some rights reserved (CC BY-NC);",1,cc_by_nc
"Photo: (c) droz, some rights reserved (CC BY-NC);",1,cc_by_nc
"Photo: (c) drre, some rights reserved (CC BY-NC);",1,cc_by_nc
"Photo: (c) drrob, some rights reserved (CC BY-NC);",1,cc_by_nc
"Photo: (c) drstuey, some rights reserved (CC BY-NC);",1,cc_by_nc
"Photo: (c) dsatch, some rights reserved (CC BY-NC);",1,cc_by_nc
"Photo: (c) dsfgjk, some rights reserved (CC BY-NC);",1,cc_by_nc
"Photo: (c) dspiegel, some rights reserved (CC BY-NC);",1,cc_by_nc
"Photo: (c) dugaldw, some rights reserved (CC BY-NC);",1,cc_by_nc
"Photo: (c) duncan, some rights reserved (CC BY-NC);",1,cc_by_nc
"Photo: (c) dunedain789, some rights reserved (CC BY-NC);",1,cc_by_nc
"Photo: (c) dvanderkrabben, some rights reserved (CC BY-NC);",1,cc_by_nc
"Photo: (c) dwarfstar222, some rights reserved (CC BY-NC);",1,cc_by_nc
"Photo: (c) dwgryphon, some rights reserved (CC BY-NC);",1,cc_by_nc
"Photo: (c) dylan1991, some rights reserved (CC BY-NC);",1,cc_by_nc
"Photo: (c) dylan_algie, some rights reserved (CC BY-NC);",1,cc_by_nc
"Photo: (c) dylan_travis, some rights reserved (CC BY-NC);",1,cc_by_nc
"Photo: (c) dylann, some rights reserved (CC BY-NC);",1,cc_by_nc
"Photo: (c) dylantmurray, some rights reserved (CC BY-NC);",1,cc_by_nc
"Photo: (c) dythya, some rights reserved (CC BY-NC);",1,cc_by_nc
"Photo: (c) e3ras, some rights reserved (CC BY-NC);",1,cc_by_nc
"Photo: (c) e4ras, some rights reserved (CC BY-NC);",1,cc_by_nc
"Photo: (c) e_lizie_beth, some rights reserved (CC BY-NC);",1,cc_by_nc
"Photo: (c) eabelen, some rights reserved (CC BY-NC);",1,cc_by_nc
"Photo: (c) earthling13, some rights reserved (CC BY-NC);",1,cc_by_nc
"Photo: (c) easandford, some rights reserved (CC BY-NC);",1,cc_by_nc
"Photo: (c) eastergirl, some rights reserved (CC BY-NC);",1,cc_by_nc
"Photo: (c) ebur053, some rights reserved (CC BY-NC);",1,cc_by_nc
"Photo: (c) ecoawi, some rights reserved (CC BY-NC);",1,cc_by_nc
"Photo: (c) edithsmith, some rights reserved (CC BY-NC);",1,cc_by_nc
"Photo: (c) eeevandee, some rights reserved (CC BY-NC);",1,cc_by_nc
"Photo: (c) efo23, some rights reserved (CC BY-NC);",1,cc_by_nc
"Photo: (c) egauntlett, some rights reserved (CC BY-NC);",1,cc_by_nc
"Photo: (c) egmont54, some rights reserved (CC BY-NC);",1,cc_by_nc
"Photo: (c) ehbs, some rights reserved (CC BY-NC);",1,cc_by_nc
"Photo: (c) ehyde, some rights reserved (CC BY-NC);",1,cc_by_nc
"Photo: (c) eleanorwooff, some rights reserved (CC BY-NC);",1,cc_by_nc
"Photo: (c) elenapink2020, some rights reserved (CC BY-NC);",1,cc_by_nc
"Photo: (c) elenathomas, some rights reserved (CC BY-NC);",1,cc_by_nc
"Photo: (c) elephant, some rights reserved (CC BY-NC);",1,cc_by_nc
"Photo: (c) elerm, some rights reserved (CC BY-NC);",1,cc_by_nc
"Photo: (c) elf484, some rights reserved (CC BY-NC);",1,cc_by_nc
"Photo: (c) eliah12, some rights reserved (CC BY-NC);",1,cc_by_nc
"Photo: (c) elisabethyoung, some rights reserved (CC BY-NC);",1,cc_by_nc
"Photo: (c) elishr, some rights reserved (CC BY-NC);",1,cc_by_nc
"Photo: (c) ellabella007, some rights reserved (CC BY-NC);",1,cc_by_nc
"Photo: (c) ellamc, some rights reserved (CC BY-NC);",1,cc_by_nc
"Photo: (c) ellenpryor, some rights reserved (CC BY-NC);",1,cc_by_nc
"Photo: (c) ellensch, some rights reserved (CC BY-NC);",1,cc_by_nc
"Photo: (c) ellicep, some rights reserved (CC BY-NC);",1,cc_by_nc
"Photo: (c) elliotstan, some rights reserved (CC BY-NC);",1,cc_by_nc
"Photo: (c) elliottkj, some rights reserved (CC BY-NC);",1,cc_by_nc
"Photo: (c) elly_buswell, some rights reserved (CC BY-NC);",1,cc_by_nc
"Photo: (c) elspethshipton, some rights reserved (CC BY-NC);",1,cc_by_nc
"Photo: (c) emaw, some rights reserved (CC BY-NC);",1,cc_by_nc
"Photo: (c) emcsmith, some rights reserved (CC BY-NC);",1,cc_by_nc
"Photo: (c) emenviro, some rights reserved (CC BY-NC);",1,cc_by_nc
"Photo: (c) emilyjoy08, some rights reserved (CC BY-NC);",1,cc_by_nc
"Photo: (c) emilymcl, some rights reserved (CC BY-NC);",1,cc_by_nc
"Photo: (c) emilynature1010, some rights reserved (CC BY-NC);",1,cc_by_nc
"Photo: (c) emilyshivas8, some rights reserved (CC BY-NC);",1,cc_by_nc
"Photo: (c) emirop, some rights reserved (CC BY-NC);",1,cc_by_nc
"Photo: (c) emkenna, some rights reserved (CC BY-NC);",1,cc_by_nc
"Photo: (c) emmacook, some rights reserved (CC BY-NC);",1,cc_by_nc
"Photo: (c) emmacrowther, some rights reserved (CC BY-NC);",1,cc_by_nc
"Photo: (c) emmagregg, some rights reserved (CC BY-NC);",1,cc_by_nc
"Photo: (c) emmam, some rights reserved (CC BY-NC);",1,cc_by_nc
"Photo: (c) emmavj, some rights reserved (CC BY-NC);",1,cc_by_nc
"Photo: (c) emmiarthur, some rights reserved (CC BY-NC);",1,cc_by_nc
"Photo: (c) emmznz, some rights reserved (CC BY-NC);",1,cc_by_nc
"Photo: (c) energyedge, some rights reserved (CC BY-NC);",1,cc_by_nc
"Photo: (c) entreaty, some rights reserved (CC BY-NC);",1,cc_by_nc
"Photo: (c) enviroboy_nz, some rights reserved (CC BY-NC);",1,cc_by_nc
"Photo: (c) enviroshgc11, some rights reserved (CC BY-NC);",1,cc_by_nc
"Photo: (c) eovran, some rights reserved (CC BY-NC);",1,cc_by_nc
"Photo: (c) eriamanaia, some rights reserved (CC BY-NC);",1,cc_by_nc
"Photo: (c) ericauton, some rights reserved (CC BY-NC);",1,cc_by_nc
"Photo: (c) ericavr, some rights reserved (CC BY-NC);",1,cc_by_nc
"Photo: (c) ericavrnz, some rights reserved (CC BY-NC);",1,cc_by_nc
"Photo: (c) ericaweblin, some rights reserved (CC BY-NC);",1,cc_by_nc
"Photo: (c) ericbw, some rights reserved (CC BY-NC);",1,cc_by_nc
"Photo: (c) erikvan, some rights reserved (CC BY-NC);",1,cc_by_nc
"Photo: (c) erinanne, some rights reserved (CC BY-NC);",1,cc_by_nc
"Photo: (c) erinhewe, some rights reserved (CC BY-NC);",1,cc_by_nc
"Photo: (c) erinmagliozzi, some rights reserved (CC BY-NC);",1,cc_by_nc
"Photo: (c) ermine152, some rights reserved (CC BY-NC);",1,cc_by_nc
"Photo: (c) ernslawsicontractor, some rights reserved (CC BY-NC);",1,cc_by_nc
"Photo: (c) esabee31, some rights reserved (CC BY-NC);",1,cc_by_nc
"Photo: (c) esktc, some rights reserved (CC BY-NC);",1,cc_by_nc
"Photo: (c) essjaynz, some rights reserved (CC BY-NC);",1,cc_by_nc
"Photo: (c) esther_dale, some rights reserved (CC BY-NC);",1,cc_by_nc
"Photo: (c) eteseaby, some rights reserved (CC BY-NC);",1,cc_by_nc
"Photo: (c) ethanmcskimming, some rights reserved (CC BY-NC);",1,cc_by_nc
"Photo: (c) euanslight, some rights reserved (CC BY-NC);",1,cc_by_nc
"Photo: (c) evalotion, some rights reserved (CC BY-NC);",1,cc_by_nc
"Photo: (c) evanunlimited, some rights reserved (CC BY-NC);",1,cc_by_nc
"Photo: (c) evawalker, some rights reserved (CC BY-NC);",1,cc_by_nc
"Photo: (c) evolutionfan, some rights reserved (CC BY-NC);",1,cc_by_nc
"Photo: (c) ezra_, some rights reserved (CC BY-NC);",1,cc_by_nc
"Photo: (c) fabiennejs, some rights reserved (CC BY-NC);",1,cc_by_nc
"Photo: (c) faeri, some rights reserved (CC BY-NC);",1,cc_by_nc
"Photo: (c) familynaturecargill, some rights reserved (CC BY-NC);",1,cc_by_nc
"Photo: (c) fantailnest, some rights reserved (CC BY-NC);",1,cc_by_nc
"Photo: (c) faranthgold, some rights reserved (CC BY-NC);",1,cc_by_nc
"Photo: (c) farfromhome, some rights reserved (CC BY-NC);",1,cc_by_nc
"Photo: (c) farmerwan, some rights reserved (CC BY-NC);",1,cc_by_nc
"Photo: (c) farmlifenz, some rights reserved (CC BY-NC);",1,cc_by_nc
"Photo: (c) fatdruid, some rights reserved (CC BY-NC);",1,cc_by_nc
"Photo: (c) fateddie, some rights reserved (CC BY-NC);",1,cc_by_nc
"Photo: (c) fatherrabbit, some rights reserved (CC BY-NC);",1,cc_by_nc
"Photo: (c) fayf, some rights reserved (CC BY-NC);",1,cc_by_nc
"Photo: (c) fbrand, some rights reserved (CC BY-NC);",1,cc_by_nc
"Photo: (c) feefee5, some rights reserved (CC BY-NC);",1,cc_by_nc
"Photo: (c) felicitybaillie, some rights reserved (CC BY-NC);",1,cc_by_nc
"Photo: (c) felixthehelix, some rights reserved (CC BY-NC);",1,cc_by_nc
"Photo: (c) fenna, some rights reserved (CC BY-NC);",1,cc_by_nc
"Photo: (c) fernace, some rights reserved (CC BY-NC);",1,cc_by_nc
"Photo: (c) ferngirl33, some rights reserved (CC BY-NC);",1,cc_by_nc
"Photo: (c) fewtrell, some rights reserved (CC BY-NC);",1,cc_by_nc
"Photo: (c) fibble, some rights reserved (CC BY-NC);",1,cc_by_nc
"Photo: (c) fieldlab, some rights reserved (CC BY-NC);",1,cc_by_nc
"Photo: (c) fifi, some rights reserved (CC BY-NC);",1,cc_by_nc
"Photo: (c) fillbie, some rights reserved (CC BY-NC);",1,cc_by_nc
"Photo: (c) fillbie1, some rights reserved (CC BY-NC);",1,cc_by_nc
"Photo: (c) finng, some rights reserved (CC BY-NC);",1,cc_by_nc
"Photo: (c) finnyben, some rights reserved (CC BY-NC);",1,cc_by_nc
"Photo: (c) fio, some rights reserved (CC BY-NC);",1,cc_by_nc
"Photo: (c) fionadavies23, some rights reserved (CC BY-NC);",1,cc_by_nc
"Photo: (c) fiordlandunexplored, some rights reserved (CC BY-NC);",1,cc_by_nc
"Photo: (c) firefire, some rights reserved (CC BY-NC);",1,cc_by_nc
"Photo: (c) fishface, some rights reserved (CC BY-NC);",1,cc_by_nc
"Photo: (c) flett-family, some rights reserved (CC BY-NC);",1,cc_by_nc
"Photo: (c) flinsect, some rights reserved (CC BY-NC);",1,cc_by_nc
"Photo: (c) flissfloss_98, some rights reserved (CC BY-NC);",1,cc_by_nc
"Photo: (c) flobine, some rights reserved (CC BY-NC);",1,cc_by_nc
"Photo: (c) fluffydesk98, some rights reserved (CC BY-NC);",1,cc_by_nc
"Photo: (c) fluroyellow, some rights reserved (CC BY-NC);",1,cc_by_nc
"Photo: (c) flyfish, some rights reserved (CC BY-NC);",1,cc_by_nc
"Photo: (c) flyinmagicllama, some rights reserved (CC BY-NC);",1,cc_by_nc
"Photo: (c) flynnmck8, some rights reserved (CC BY-NC);",1,cc_by_nc
"Photo: (c) fmantov, some rights reserved (CC BY-NC);",1,cc_by_nc
"Photo: (c) fochoa, some rights reserved (CC BY-NC);",1,cc_by_nc
"Photo: (c) foofa, some rights reserved (CC BY-NC);",1,cc_by_nc
"Photo: (c) ford1, some rights reserved (CC BY-NC);",1,cc_by_nc
"Photo: (c) forever_traveler, some rights reserved (CC BY-NC);",1,cc_by_nc
"Photo: (c) fox_jam, some rights reserved (CC BY-NC);",1,cc_by_nc
"Photo: (c) fran202, some rights reserved (CC BY-NC);",1,cc_by_nc
"Photo: (c) france15, some rights reserved (CC BY-NC);",1,cc_by_nc
"Photo: (c) francies, some rights reserved (CC BY-NC);",1,cc_by_nc
"Photo: (c) freddles, some rights reserved (CC BY-NC);",1,cc_by_nc
"Photo: (c) fredericknz, some rights reserved (CC BY-NC);",1,cc_by_nc
"Photo: (c) fredward86, some rights reserved (CC BY-NC);",1,cc_by_nc
"Photo: (c) freerangemaori, some rights reserved (CC BY-NC);",1,cc_by_nc
"Photo: (c) freethetree, some rights reserved (CC BY-NC);",1,cc_by_nc
"Photo: (c) friiskiwi, some rights reserved (CC BY-NC);",1,cc_by_nc
"Photo: (c) froggydew, some rights reserved (CC BY-NC);",1,cc_by_nc
"Photo: (c) fromthegate83, some rights reserved (CC BY-NC);",1,cc_by_nc
"Photo: (c) fthomson, some rights reserved (CC BY-NC);",1,cc_by_nc
"Photo: (c) gabyb, some rights reserved (CC BY-NC);",1,cc_by_nc
"Photo: (c) ganar, some rights reserved (CC BY-NC);",1,cc_by_nc
"Photo: (c) garden20min, some rights reserved (CC BY-NC);",1,cc_by_nc
"Photo: (c) gardina4, some rights reserved (CC BY-NC);",1,cc_by_nc
"Photo: (c) garethire, some rights reserved (CC BY-NC);",1,cc_by_nc
"Photo: (c) garethmorgannz, some rights reserved (CC BY-NC);",1,cc_by_nc
"Photo: (c) garethmuller, some rights reserved (CC BY-NC);",1,cc_by_nc
"Photo: (c) gatherer, some rights reserved (CC BY-NC);",1,cc_by_nc
"Photo: (c) gavkane, some rights reserved (CC BY-NC);",1,cc_by_nc
"Photo: (c) gaylh, some rights reserved (CC BY-NC);",1,cc_by_nc
"Photo: (c) gazza146, some rights reserved (CC BY-NC);",1,cc_by_nc
"Photo: (c) gazza3001, some rights reserved (CC BY-NC);",1,cc_by_nc
"Photo: (c) gazzabutcher, some rights reserved (CC BY-NC);",1,cc_by_nc
"Photo: (c) gearries, some rights reserved (CC BY-NC);",1,cc_by_nc
"Photo: (c) gemanddec, some rights reserved (CC BY-NC);",1,cc_by_nc
"Photo: (c) gemmaholden, some rights reserved (CC BY-NC);",1,cc_by_nc
"Photo: (c) geoarb, some rights reserved (CC BY-NC);",1,cc_by_nc
"Photo: (c) geobidois, some rights reserved (CC BY-NC);",1,cc_by_nc
"Photo: (c) geoff3pooch, some rights reserved (CC BY-NC);",1,cc_by_nc
"Photo: (c) geoffhc, some rights reserved (CC BY-NC);",1,cc_by_nc
"Photo: (c) geoffness, some rights reserved (CC BY-NC);",1,cc_by_nc
"Photo: (c) geomarine, some rights reserved (CC BY-NC);",1,cc_by_nc
"Photo: (c) george_hobson_, some rights reserved (CC BY-NC);",1,cc_by_nc
"Photo: (c) georgedivall, some rights reserved (CC BY-NC);",1,cc_by_nc
"Photo: (c) georgeledgard, some rights reserved (CC BY-NC);",1,cc_by_nc
"Photo: (c) georgelusty, some rights reserved (CC BY-NC);",1,cc_by_nc
"Photo: (c) georgiafitz, some rights reserved (CC BY-NC);",1,cc_by_nc
"Photo: (c) georgialeehill, some rights reserved (CC BY-NC);",1,cc_by_nc
"Photo: (c) gerous, some rights reserved (CC BY-NC);",1,cc_by_nc
"Photo: (c) gerrycampbell, some rights reserved (CC BY-NC);",1,cc_by_nc
"Photo: (c) gianlukasta, some rights reserved (CC BY-NC);",1,cc_by_nc
"Photo: (c) gigi2020, some rights reserved (CC BY-NC);",1,cc_by_nc
"Photo: (c) gilclark, some rights reserved (CC BY-NC);",1,cc_by_nc
"Photo: (c) gillard, some rights reserved (CC BY-NC);",1,cc_by_nc
"Photo: (c) gillbsydney, some rights reserved (CC BY-NC);",1,cc_by_nc
"Photo: (c) gillgermaine, some rights reserved (CC BY-NC);",1,cc_by_nc
"Photo: (c) gillianc, some rights reserved (CC BY-NC);",1,cc_by_nc
"Photo: (c) gilliank, some rights reserved (CC BY-NC);",1,cc_by_nc
"Photo: (c) ginawaibl, some rights reserved (CC BY-NC);",1,cc_by_nc
"Photo: (c) ginbags, some rights reserved (CC BY-NC);",1,cc_by_nc
"Photo: (c) ginetteclarke, some rights reserved (CC BY-NC);",1,cc_by_nc
"Photo: (c) ginnid, some rights reserved (CC BY-NC);",1,cc_by_nc
"Photo: (c) giorgienz, some rights reserved (CC BY-NC);",1,cc_by_nc
"Photo: (c) girleo28, some rights reserved (CC BY-NC);",1,cc_by_nc
"Photo: (c) givernykate, some rights reserved (CC BY-NC);",1,cc_by_nc
"Photo: (c) glennisdrane, some rights reserved (CC BY-NC);",1,cc_by_nc
"Photo: (c) glennist, some rights reserved (CC BY-NC);",1,cc_by_nc
"Photo: (c) glorianz2000, some rights reserved (CC BY-NC);",1,cc_by_nc
"Photo: (c) gloworm33, some rights reserved (CC BY-NC);",1,cc_by_nc
"Photo: (c) gmbyrom, some rights reserved (CC BY-NC);",1,cc_by_nc
"Photo: (c) goape, some rights reserved (CC BY-NC);",1,cc_by_nc
"Photo: (c) gojogo76, some rights reserved (CC BY-NC);",1,cc_by_nc
"Photo: (c) gr8kidz159, some rights reserved (CC BY-NC);",1,cc_by_nc
"Photo: (c) grace_sibley, some rights reserved (CC BY-NC);",1,cc_by_nc
"Photo: (c) gracem97, some rights reserved (CC BY-NC);",1,cc_by_nc
"Photo: (c) gracemcildowie, some rights reserved (CC BY-NC);",1,cc_by_nc
"Photo: (c) gracemoscrip, some rights reserved (CC BY-NC);",1,cc_by_nc
"Photo: (c) gracepcarr, some rights reserved (CC BY-NC);",1,cc_by_nc
"Photo: (c) graeme, some rights reserved (CC BY-NC);",1,cc_by_nc
"Photo: (c) graeme_hill, some rights reserved (CC BY-NC);",1,cc_by_nc
"Photo: (c) graham_cunningham, some rights reserved (CC BY-NC);",1,cc_by_nc
"Photo: (c) grahamblack65, some rights reserved (CC BY-NC);",1,cc_by_nc
"Photo: (c) grahamboyd, some rights reserved (CC BY-NC);",1,cc_by_nc
"Photo: (c) gralyn, some rights reserved (CC BY-NC);",1,cc_by_nc
"Photo: (c) gramps10, some rights reserved (CC BY-NC);",1,cc_by_nc
"Photo: (c) grandizzle, some rights reserved (CC BY-NC);",1,cc_by_nc
"Photo: (c) granti2017, some rights reserved (CC BY-NC);",1,cc_by_nc
"Photo: (c) grassroots63, some rights reserved (CC BY-NC);",1,cc_by_nc
"Photo: (c) gratitudejack, some rights reserved (CC BY-NC);",1,cc_by_nc
"Photo: (c) grayandi, some rights reserved (CC BY-NC);",1,cc_by_nc
"Photo: (c) grayarea, some rights reserved (CC BY-NC);",1,cc_by_nc
"Photo: (c) grayn2, some rights reserved (CC BY-NC);",1,cc_by_nc
"Photo: (c) greenpencils500, some rights reserved (CC BY-NC);",1,cc_by_nc
"Photo: (c) greerwhiting, some rights reserved (CC BY-NC);",1,cc_by_nc
"Photo: (c) gretchenbrownstein, some rights reserved (CC BY-NC);",1,cc_by_nc
"Photo: (c) grey, some rights reserved (CC BY-NC);",1,cc_by_nc
"Photo: (c) grimwoharr, some rights reserved (CC BY-NC);",1,cc_by_nc
"Photo: (c) grisgris, some rights reserved (CC BY-NC);",1,cc_by_nc
"Photo: (c) gsel, some rights reserved (CC BY-NC);",1,cc_by_nc
"Photo: (c) gsnelson, some rights reserved (CC BY-NC);",1,cc_by_nc
"Photo: (c) gtee, some rights reserved (CC BY-NC);",1,cc_by_nc
"Photo: (c) guerilla, some rights reserved (CC BY-NC);",1,cc_by_nc
"Photo: (c) gullygirls, some rights reserved (CC BY-NC);",1,cc_by_nc
"Photo: (c) gunnk2, some rights reserved (CC BY-NC);",1,cc_by_nc
"Photo: (c) gusto68, some rights reserved (CC BY-NC);",1,cc_by_nc
"Photo: (c) h2012, some rights reserved (CC BY-NC);",1,cc_by_nc
"Photo: (c) h_brown, some rights reserved (CC BY-NC);",1,cc_by_nc
"Photo: (c) hachapma, some rights reserved (CC BY-NC);",1,cc_by_nc
"Photo: (c) hackett, some rights reserved (CC BY-NC);",1,cc_by_nc
"Photo: (c) hailz611, some rights reserved (CC BY-NC);",1,cc_by_nc
"Photo: (c) hamfoxy, some rights reserved (CC BY-NC);",1,cc_by_nc
"Photo: (c) hamishblack, some rights reserved (CC BY-NC);",1,cc_by_nc
"Photo: (c) hammum, some rights reserved (CC BY-NC);",1,cc_by_nc
"Photo: (c) handy, some rights reserved (CC BY-NC);",1,cc_by_nc
"Photo: (c) hannah2016, some rights reserved (CC BY-NC);",1,cc_by_nc
"Photo: (c) hannahnz, some rights reserved (CC BY-NC);",1,cc_by_nc
"Photo: (c) hannahp2021, some rights reserved (CC BY-NC);",1,cc_by_nc
"Photo: (c) hannahx03, some rights reserved (CC BY-NC);",1,cc_by_nc
"Photo: (c) hannahzzw, some rights reserved (CC BY-NC);",1,cc_by_nc
"Photo: (c) hannan, some rights reserved (CC BY-NC);",1,cc_by_nc
"Photo: (c) hannegreenhalgh, some rights reserved (CC BY-NC);",1,cc_by_nc
"Photo: (c) haroldwilson123, some rights reserved (CC BY-NC);",1,cc_by_nc
"Photo: (c) harpermay, some rights reserved (CC BY-NC);",1,cc_by_nc
"Photo: (c) harrisla, some rights reserved (CC BY-NC);",1,cc_by_nc
"Photo: (c) harrismob, some rights reserved (CC BY-NC);",1,cc_by_nc
"Photo: (c) harrysilver, some rights reserved (CC BY-NC);",1,cc_by_nc
"Photo: (c) harts, some rights reserved (CC BY-NC);",1,cc_by_nc
"Photo: (c) haukka17, some rights reserved (CC BY-NC);",1,cc_by_nc
"Photo: (c) hawerahigh, some rights reserved (CC BY-NC);",1,cc_by_nc
"Photo: (c) hawkz36, some rights reserved (CC BY-NC);",1,cc_by_nc
"Photo: (c) haydengrimston, some rights reserved (CC BY-NC);",1,cc_by_nc
"Photo: (c) hayjam, some rights reserved (CC BY-NC);",1,cc_by_nc
"Photo: (c) hayleycurtis, some rights reserved (CC BY-NC);",1,cc_by_nc
"Photo: (c) hazlett, some rights reserved (CC BY-NC);",1,cc_by_nc
"Photo: (c) hdawson, some rights reserved (CC BY-NC);",1,cc_by_nc
"Photo: (c) hdpropst, some rights reserved (CC BY-NC);",1,cc_by_nc
"Photo: (c) heatherbaird, some rights reserved (CC BY-NC);",1,cc_by_nc
"Photo: (c) heatherjean, some rights reserved (CC BY-NC);",1,cc_by_nc
"Photo: (c) heatherjean20, some rights reserved (CC BY-NC);",1,cc_by_nc
"Photo: (c) heatherk, some rights reserved (CC BY-NC);",1,cc_by_nc
"Photo: (c) heatherkinghorn, some rights reserved (CC BY-NC);",1,cc_by_nc
"Photo: (c) heathermac, some rights reserved (CC BY-NC);",1,cc_by_nc
"Photo: (c) heatherwhear, some rights reserved (CC BY-NC);",1,cc_by_nc
"Photo: (c) heba79, some rights reserved (CC BY-NC);",1,cc_by_nc
"Photo: (c) heidigray, some rights reserved (CC BY-NC);",1,cc_by_nc
"Photo: (c) heidimm, some rights reserved (CC BY-NC);",1,cc_by_nc
"Photo: (c) heijboer64, some rights reserved (CC BY-NC);",1,cc_by_nc
"Photo: (c) hekkenfeldt, some rights reserved (CC BY-NC);",1,cc_by_nc
"Photo: (c) helena_newman, some rights reserved (CC BY-NC);",1,cc_by_nc
"Photo: (c) helenabee, some rights reserved (CC BY-NC);",1,cc_by_nc
"Photo: (c) helendewolf70, some rights reserved (CC BY-NC);",1,cc_by_nc
"Photo: (c) helenp, some rights reserved (CC BY-NC);",1,cc_by_nc
"Photo: (c) helenthomp, some rights reserved (CC BY-NC);",1,cc_by_nc
"Photo: (c) heli00, some rights reserved (CC BY-NC);",1,cc_by_nc
"Photo: (c) helloitskane, some rights reserved (CC BY-NC);",1,cc_by_nc
"Photo: (c) hellolotte, some rights reserved (CC BY-NC);",1,cc_by_nc
"Photo: (c) hellopiwakawaka, some rights reserved (CC BY-NC);",1,cc_by_nc
"Photo: (c) hendrikz, some rights reserved (CC BY-NC);",1,cc_by_nc
"Photo: (c) henriandchelsea, some rights reserved (CC BY-NC);",1,cc_by_nc
"Photo: (c) herbertbradley, some rights reserved (CC BY-NC);",1,cc_by_nc
"Photo: (c) hereandthere, some rights reserved (CC BY-NC);",1,cc_by_nc
"Photo: (c) heta, some rights reserved (CC BY-NC);",1,cc_by_nc
"Photo: (c) heydinker, some rights reserved (CC BY-NC);",1,cc_by_nc
"Photo: (c) heydoofus, some rights reserved (CC BY-NC);",1,cc_by_nc
"Photo: (c) hfr, some rights reserved (CC BY-NC);",1,cc_by_nc
"Photo: (c) hfrank, some rights reserved (CC BY-NC);",1,cc_by_nc
"Photo: (c) hgdavies, some rights reserved (CC BY-NC);",1,cc_by_nc
"Photo: (c) hgvk59, some rights reserved (CC BY-NC);",1,cc_by_nc
"Photo: (c) hholliday, some rights reserved (CC BY-NC);",1,cc_by_nc
"Photo: (c) highlyirregular, some rights reserved (CC BY-NC);",1,cc_by_nc
"Photo: (c) highridge48, some rights reserved (CC BY-NC);",1,cc_by_nc
"Photo: (c) hijlko, some rights reserved (CC BY-NC);",1,cc_by_nc
"Photo: (c) hijzij, some rights reserved (CC BY-NC);",1,cc_by_nc
"Photo: (c) himbeertorte, some rights reserved (CC BY-NC);",1,cc_by_nc
"Photo: (c) hiraschool2, some rights reserved (CC BY-NC);",1,cc_by_nc
"Photo: (c) hkj10, some rights reserved (CC BY-NC);",1,cc_by_nc
"Photo: (c) hlebanana, some rights reserved (CC BY-NC);",1,cc_by_nc
"Photo: (c) hmb_school, some rights reserved (CC BY-NC);",1,cc_by_nc
"Photo: (c) hmchutchon, some rights reserved (CC BY-NC);",1,cc_by_nc
"Photo: (c) hmorison, some rights reserved (CC BY-NC);",1,cc_by_nc
"Photo: (c) hogan8, some rights reserved (CC BY-NC);",1,cc_by_nc
"Photo: (c) hoggetnz, some rights reserved (CC BY-NC);",1,cc_by_nc
"Photo: (c) holderk, some rights reserved (CC BY-NC);",1,cc_by_nc
"Photo: (c) holley, some rights reserved (CC BY-NC);",1,cc_by_nc
"Photo: (c) holly-james, some rights reserved (CC BY-NC);",1,cc_by_nc
"Photo: (c) hollyf, some rights reserved (CC BY-NC);",1,cc_by_nc
"Photo: (c) hollypayne, some rights reserved (CC BY-NC);",1,cc_by_nc
"Photo: (c) holmesfamily, some rights reserved (CC BY-NC);",1,cc_by_nc
"Photo: (c) homeschoolmum, some rights reserved (CC BY-NC);",1,cc_by_nc
"Photo: (c) hone, some rights reserved (CC BY-NC);",1,cc_by_nc
"Photo: (c) honeywilkinson, some rights reserved (CC BY-NC);",1,cc_by_nc
"Photo: (c) horriegreene, some rights reserved (CC BY-NC);",1,cc_by_nc
"Photo: (c) horsemadk8, some rights reserved (CC BY-NC);",1,cc_by_nc
"Photo: (c) hounddad, some rights reserved (CC BY-NC);",1,cc_by_nc
"Photo: (c) hounddog1, some rights reserved (CC BY-NC);",1,cc_by_nc
"Photo: (c) hoyles, some rights reserved (CC BY-NC);",1,cc_by_nc
"Photo: (c) hp2014, some rights reserved (CC BY-NC);",1,cc_by_nc
"Photo: (c) hp994, some rights reserved (CC BY-NC);",1,cc_by_nc
"Photo: (c) hra, some rights reserved (CC BY-NC);",1,cc_by_nc
"Photo: (c) hudbutler, some rights reserved (CC BY-NC);",1,cc_by_nc
"Photo: (c) huddy67, some rights reserved (CC BY-NC);",1,cc_by_nc
"Photo: (c) huddysan, some rights reserved (CC BY-NC);",1,cc_by_nc
"Photo: (c) hugh100, some rights reserved (CC BY-NC);",1,cc_by_nc
"Photo: (c) hugh_gee, some rights reserved (CC BY-NC);",1,cc_by_nc
"Photo: (c) hughtre, some rights reserved (CC BY-NC);",1,cc_by_nc
"Photo: (c) hulietta, some rights reserved (CC BY-NC);",1,cc_by_nc
"Photo: (c) humanhomeworld, some rights reserved (CC BY-NC);",1,cc_by_nc
"Photo: (c) hunta247, some rights reserved (CC BY-NC);",1,cc_by_nc
"Photo: (c) hunter23486, some rights reserved (CC BY-NC);",1,cc_by_nc
"Photo: (c) hunyako, some rights reserved (CC BY-NC);",1,cc_by_nc
"Photo: (c) hurworthmushrooms, some rights reserved (CC BY-NC);",1,cc_by_nc
"Photo: (c) huygenbell, some rights reserved (CC BY-NC);",1,cc_by_nc
"Photo: (c) hypno, some rights reserved (CC BY-NC);",1,cc_by_nc
"Photo: (c) hzl, some rights reserved (CC BY-NC);",1,cc_by_nc
"Photo: (c) iain_rea, some rights reserved (CC BY-NC);",1,cc_by_nc
"Photo: (c) iamerin, some rights reserved (CC BY-NC);",1,cc_by_nc
"Photo: (c) iamgreatandamazing, some rights reserved (CC BY-NC);",1,cc_by_nc
"Photo: (c) ianbekhuis, some rights reserved (CC BY-NC);",1,cc_by_nc
"Photo: (c) iasuka, some rights reserved (CC BY-NC);",1,cc_by_nc
"Photo: (c) icameroni, some rights reserved (CC BY-NC);",1,cc_by_nc
"Photo: (c) icate, some rights reserved (CC BY-NC);",1,cc_by_nc
"Photo: (c) iceberg1357, some rights reserved (CC BY-NC);",1,cc_by_nc
"Photo: (c) idrilisilra, some rights reserved (CC BY-NC);",1,cc_by_nc
"Photo: (c) iennis, some rights reserved (CC BY-NC);",1,cc_by_nc
"Photo: (c) ignoble, some rights reserved (CC BY-NC);",1,cc_by_nc
"Photo: (c) ikavuka, some rights reserved (CC BY-NC);",1,cc_by_nc
"Photo: (c) ilikebirds2, some rights reserved (CC BY-NC);",1,cc_by_nc
"Photo: (c) imabean, some rights reserved (CC BY-NC);",1,cc_by_nc
"Photo: (c) indiamcjk, some rights reserved (CC BY-NC);",1,cc_by_nc
"Photo: (c) indrabone, some rights reserved (CC BY-NC);",1,cc_by_nc
"Photo: (c) ingrid_hofsteede, some rights reserved (CC BY-NC);",1,cc_by_nc
"Photo: (c) ingridg, some rights reserved (CC BY-NC);",1,cc_by_nc
"Photo: (c) ingridio, some rights reserved (CC BY-NC);",1,cc_by_nc
"Photo: (c) ingridwinter, some rights reserved (CC BY-NC);",1,cc_by_nc
"Photo: (c) interpine22, some rights reserved (CC BY-NC);",1,cc_by_nc
"Photo: (c) iraredepenning1, some rights reserved (CC BY-NC);",1,cc_by_nc
"Photo: (c) irgbit, some rights reserved (CC BY-NC);",1,cc_by_nc
"Photo: (c) isaac6598243, some rights reserved (CC BY-NC);",1,cc_by_nc
"Photo: (c) isaaclangley, some rights reserved (CC BY-NC);",1,cc_by_nc
"Photo: (c) isaacnz, some rights reserved (CC BY-NC);",1,cc_by_nc
"Photo: (c) isabellebolon, some rights reserved (CC BY-NC);",1,cc_by_nc
"Photo: (c) island8051, some rights reserved (CC BY-NC);",1,cc_by_nc
"Photo: (c) isoprenoid, some rights reserved (CC BY-NC);",1,cc_by_nc
"Photo: (c) issypope, some rights reserved (CC BY-NC);",1,cc_by_nc
"Photo: (c) itsgeorgiabrett, some rights reserved (CC BY-NC);",1,cc_by_nc
"Photo: (c) itslara, some rights reserved (CC BY-NC);",1,cc_by_nc
"Photo: (c) iwuvplants, some rights reserved (CC BY-NC);",1,cc_by_nc
"Photo: (c) izogi, some rights reserved (CC BY-NC);",1,cc_by_nc
"Photo: (c) izumischmidt, some rights reserved (CC BY-NC);",1,cc_by_nc
"Photo: (c) j345, some rights reserved (CC BY-NC);",1,cc_by_nc
"Photo: (c) jacadzow, some rights reserved (CC BY-NC);",1,cc_by_nc
"Photo: (c) jackaboo, some rights reserved (CC BY-NC);",1,cc_by_nc
"Photo: (c) jackduncan, some rights reserved (CC BY-NC);",1,cc_by_nc
"Photo: (c) jackie80, some rights reserved (CC BY-NC);",1,cc_by_nc
"Photo: (c) jackitui, some rights reserved (CC BY-NC);",1,cc_by_nc
"Photo: (c) jackson44466, some rights reserved (CC BY-NC);",1,cc_by_nc
"Photo: (c) jackthelad, some rights reserved (CC BY-NC);",1,cc_by_nc
"Photo: (c) jacobharris, some rights reserved (CC BY-NC);",1,cc_by_nc
"Photo: (c) jacobm789, some rights reserved (CC BY-NC);",1,cc_by_nc
"Photo: (c) jacquibarnes, some rights reserved (CC BY-NC);",1,cc_by_nc
"Photo: (c) jade17, some rights reserved (CC BY-NC);",1,cc_by_nc
"Photo: (c) jaju, some rights reserved (CC BY-NC);",1,cc_by_nc
"Photo: (c) jam_cakes, some rights reserved (CC BY-NC);",1,cc_by_nc
"Photo: (c) jamesm-t, some rights reserved (CC BY-NC);",1,cc_by_nc
"Photo: (c) jamesmckay, some rights reserved (CC BY-NC);",1,cc_by_nc
"Photo: (c) jamesreddish, some rights reserved (CC BY-NC);",1,cc_by_nc
"Photo: (c) jamesrobb, some rights reserved (CC BY-NC);",1,cc_by_nc
"Photo: (c) janarenee, some rights reserved (CC BY-NC);",1,cc_by_nc
"Photo: (c) janedav, some rights reserved (CC BY-NC);",1,cc_by_nc
"Photo: (c) janegreer28, some rights reserved (CC BY-NC);",1,cc_by_nc
"Photo: (c) janegroufsky, some rights reserved (CC BY-NC);",1,cc_by_nc
"Photo: (c) janemickleson, some rights reserved (CC BY-NC);",1,cc_by_nc
"Photo: (c) janetmd, some rights reserved (CC BY-NC);",1,cc_by_nc
"Photo: (c) janetnewell, some rights reserved (CC BY-NC);",1,cc_by_nc
"Photo: (c) janfarida, some rights reserved (CC BY-NC);",1,cc_by_nc
"Photo: (c) janise321, some rights reserved (CC BY-NC);",1,cc_by_nc
"Photo: (c) janturei, some rights reserved (CC BY-NC);",1,cc_by_nc
"Photo: (c) janvoss, some rights reserved (CC BY-NC);",1,cc_by_nc
"Photo: (c) jaredbailey1, some rights reserved (CC BY-NC);",1,cc_by_nc
"Photo: (c) jaredtheyeti, some rights reserved (CC BY-NC);",1,cc_by_nc
"Photo: (c) jarsenio, some rights reserved (CC BY-NC);",1,cc_by_nc
"Photo: (c) jarthurs, some rights reserved (CC BY-NC);",1,cc_by_nc
"Photo: (c) jase_b, some rights reserved (CC BY-NC);",1,cc_by_nc
"Photo: (c) jash, some rights reserved (CC BY-NC);",1,cc_by_nc
"Photo: (c) jasminakamenkovic, some rights reserved (CC BY-NC);",1,cc_by_nc
"Photo: (c) jasmine_chow, some rights reserved (CC BY-NC);",1,cc_by_nc
"Photo: (c) jasmineellen, some rights reserved (CC BY-NC);",1,cc_by_nc
"Photo: (c) jasongreig, some rights reserved (CC BY-NC);",1,cc_by_nc
"Photo: (c) javfer05, some rights reserved (CC BY-NC);",1,cc_by_nc
"Photo: (c) jayeates, some rights reserved (CC BY-NC);",1,cc_by_nc
"Photo: (c) jaymeknoch, some rights reserved (CC BY-NC);",1,cc_by_nc
"Photo: (c) jaysea, some rights reserved (CC BY-NC);",1,cc_by_nc
"Photo: (c) jbidders, some rights reserved (CC BY-NC);",1,cc_by_nc
"Photo: (c) jcambridge, some rights reserved (CC BY-NC);",1,cc_by_nc
"Photo: (c) jcbarber, some rights reserved (CC BY-NC);",1,cc_by_nc
"Photo: (c) jcf44, some rights reserved (CC BY-NC);",1,cc_by_nc
"Photo: (c) jcharnss, some rights reserved (CC BY-NC);",1,cc_by_nc
"Photo: (c) jdatkawhia, some rights reserved (CC BY-NC);",1,cc_by_nc
"Photo: (c) jdl, some rights reserved (CC BY-NC);",1,cc_by_nc
"Photo: (c) je_lovelady, some rights reserved (CC BY-NC);",1,cc_by_nc
"Photo: (c) jeanchen12, some rights reserved (CC BY-NC);",1,cc_by_nc
"Photo: (c) jebediah999, some rights reserved (CC BY-NC);",1,cc_by_nc
"Photo: (c) jednz, some rights reserved (CC BY-NC);",1,cc_by_nc
"Photo: (c) jeff_parker, some rights reserved (CC BY-NC);",1,cc_by_nc
"Photo: (c) jellykelly, some rights reserved (CC BY-NC);",1,cc_by_nc
"Photo: (c) jemacleod, some rights reserved (CC BY-NC);",1,cc_by_nc
"Photo: (c) jemma_clarke, some rights reserved (CC BY-NC);",1,cc_by_nc
"Photo: (c) jenandamaya, some rights reserved (CC BY-NC);",1,cc_by_nc
"Photo: (c) jenbluehouse, some rights reserved (CC BY-NC);",1,cc_by_nc
"Photo: (c) jenhoo, some rights reserved (CC BY-NC);",1,cc_by_nc
"Photo: (c) jeninwildnature, some rights reserved (CC BY-NC);",1,cc_by_nc
"Photo: (c) jenn_simax, some rights reserved (CC BY-NC);",1,cc_by_nc
"Photo: (c) jennaap, some rights reserved (CC BY-NC);",1,cc_by_nc
"Photo: (c) jennalof16, some rights reserved (CC BY-NC);",1,cc_by_nc
"Photo: (c) jennieb2, some rights reserved (CC BY-NC);",1,cc_by_nc
"Photo: (c) jenniferkshields, some rights reserved (CC BY-NC);",1,cc_by_nc
"Photo: (c) jenniferroberts, some rights reserved (CC BY-NC);",1,cc_by_nc
"Photo: (c) jennykate, some rights reserved (CC BY-NC);",1,cc_by_nc
"Photo: (c) jennylux, some rights reserved (CC BY-NC);",1,cc_by_nc
"Photo: (c) jennymay, some rights reserved (CC BY-NC);",1,cc_by_nc
"Photo: (c) jennymchandler, some rights reserved (CC BY-NC);",1,cc_by_nc
"Photo: (c) jennyturnbull, some rights reserved (CC BY-NC);",1,cc_by_nc
"Photo: (c) jennz, some rights reserved (CC BY-NC);",1,cc_by_nc
"Photo: (c) jepsnz, some rights reserved (CC BY-NC);",1,cc_by_nc
"Photo: (c) jera_clan, some rights reserved (CC BY-NC);",1,cc_by_nc
"Photo: (c) jeremiah-pfk, some rights reserved (CC BY-NC);",1,cc_by_nc
"Photo: (c) jeremiah369, some rights reserved (CC BY-NC);",1,cc_by_nc
"Photo: (c) jess2949, some rights reserved (CC BY-NC);",1,cc_by_nc
"Photo: (c) jessicadohmenvereijssen, some rights reserved (CC BY-NC);",1,cc_by_nc
"Photo: (c) jessiew, some rights reserved (CC BY-NC);",1,cc_by_nc
"Photo: (c) jessijm, some rights reserved (CC BY-NC);",1,cc_by_nc
"Photo: (c) jessmarie, some rights reserved (CC BY-NC);",1,cc_by_nc
"Photo: (c) jessmcl99, some rights reserved (CC BY-NC);",1,cc_by_nc
"Photo: (c) jessmrandall, some rights reserved (CC BY-NC);",1,cc_by_nc
"Photo: (c) jessnugteren, some rights reserved (CC BY-NC);",1,cc_by_nc
"Photo: (c) jessofthesun, some rights reserved (CC BY-NC);",1,cc_by_nc
"Photo: (c) jetnz, some rights reserved (CC BY-NC);",1,cc_by_nc
"Photo: (c) jfarkas, some rights reserved (CC BY-NC);",1,cc_by_nc
"Photo: (c) jgallen, some rights reserved (CC BY-NC);",1,cc_by_nc
"Photo: (c) jgenest, some rights reserved (CC BY-NC);",1,cc_by_nc
"Photo: (c) jhdednam, some rights reserved (CC BY-NC);",1,cc_by_nc
"Photo: (c) jhenry82, some rights reserved (CC BY-NC);",1,cc_by_nc
"Photo: (c) jhnsullivan, some rights reserved (CC BY-NC);",1,cc_by_nc
"Photo: (c) jiajia1130916, some rights reserved (CC BY-NC);",1,cc_by_nc
"Photo: (c) jill38, some rights reserved (CC BY-NC);",1,cc_by_nc
"Photo: (c) jillyhq, some rights reserved (CC BY-NC);",1,cc_by_nc
"Photo: (c) jimbo99, some rights reserved (CC BY-NC);",1,cc_by_nc
"Photo: (c) jimbob1975, some rights reserved (CC BY-NC);",1,cc_by_nc
"Photo: (c) jimpi, some rights reserved (CC BY-NC);",1,cc_by_nc
"Photo: (c) jindrabo, some rights reserved (CC BY-NC);",1,cc_by_nc
"Photo: (c) jinseywood, some rights reserved (CC BY-NC);",1,cc_by_nc
"Photo: (c) jiongshengli, some rights reserved (CC BY-NC);",1,cc_by_nc
"Photo: (c) jjbuxton, some rights reserved (CC BY-NC);",1,cc_by_nc
"Photo: (c) jjdurham, some rights reserved (CC BY-NC);",1,cc_by_nc
"Photo: (c) jjjbbb, some rights reserved (CC BY-NC);",1,cc_by_nc
"Photo: (c) jmclennan, some rights reserved (CC BY-NC);",1,cc_by_nc
"Photo: (c) jmcquigg, some rights reserved (CC BY-NC);",1,cc_by_nc
"Photo: (c) jmendonca20, some rights reserved (CC BY-NC);",1,cc_by_nc
"Photo: (c) jmi106, some rights reserved (CC BY-NC);",1,cc_by_nc
"Photo: (c) jmihalek, some rights reserved (CC BY-NC);",1,cc_by_nc
"Photo: (c) jmstephens68, some rights reserved (CC BY-NC);",1,cc_by_nc
"Photo: (c) jmx100, some rights reserved (CC BY-NC);",1,cc_by_nc
"Photo: (c) jnoakes, some rights reserved (CC BY-NC);",1,cc_by_nc
"Photo: (c) jo_k, some rights reserved (CC BY-NC);",1,cc_by_nc
"Photo: (c) jo_poulton, some rights reserved (CC BY-NC);",1,cc_by_nc
"Photo: (c) joalder, some rights reserved (CC BY-NC);",1,cc_by_nc
"Photo: (c) joanna_bee, some rights reserved (CC BY-NC);",1,cc_by_nc
"Photo: (c) joannabullock, some rights reserved (CC BY-NC);",1,cc_by_nc
"Photo: (c) joannarusher, some rights reserved (CC BY-NC);",1,cc_by_nc
"Photo: (c) joannecollett, some rights reserved (CC BY-NC);",1,cc_by_nc
"Photo: (c) joballagh, some rights reserved (CC BY-NC);",1,cc_by_nc
"Photo: (c) jodijeffery, some rights reserved (CC BY-NC);",1,cc_by_nc
"Photo: (c) jodrost, some rights reserved (CC BY-NC);",1,cc_by_nc
"Photo: (c) joe_ivp, some rights reserved (CC BY-NC);",1,cc_by_nc
"Photo: (c) joe_watt, some rights reserved (CC BY-NC);",1,cc_by_nc
"Photo: (c) joebloggsnz, some rights reserved (CC BY-NC);",1,cc_by_nc
"Photo: (c) joeclick, some rights reserved (CC BY-NC);",1,cc_by_nc
"Photo: (c) joeddie, some rights reserved (CC BY-NC);",1,cc_by_nc
"Photo: (c) joelryan, some rights reserved (CC BY-NC);",1,cc_by_nc
"Photo: (c) joelvanbeers, some rights reserved (CC BY-NC);",1,cc_by_nc
"Photo: (c) joenz05, some rights reserved (CC BY-NC);",1,cc_by_nc
"Photo: (c) joeseph, some rights reserved (CC BY-NC);",1,cc_by_nc
"Photo: (c) jofesine, some rights reserved (CC BY-NC);",1,cc_by_nc
"Photo: (c) john sumich, some rights reserved (CC BY-NC);",1,cc_by_nc
"Photo: (c) john_ellis, some rights reserved (CC BY-NC);",1,cc_by_nc
"Photo: (c) johnf, some rights reserved (CC BY-NC);",1,cc_by_nc
"Photo: (c) johnf99, some rights reserved (CC BY-NC);",1,cc_by_nc
"Photo: (c) johnhannah, some rights reserved (CC BY-NC);",1,cc_by_nc
"Photo: (c) johnk9, some rights reserved (CC BY-NC);",1,cc_by_nc
"Photo: (c) johnkean, some rights reserved (CC BY-NC);",1,cc_by_nc
"Photo: (c) johnmack, some rights reserved (CC BY-NC);",1,cc_by_nc
"Photo: (c) johnniewalker, some rights reserved (CC BY-NC);",1,cc_by_nc
"Photo: (c) johnpam, some rights reserved (CC BY-NC);",1,cc_by_nc
"Photo: (c) johnpolar, some rights reserved (CC BY-NC);",1,cc_by_nc
"Photo: (c) johnssc, some rights reserved (CC BY-NC);",1,cc_by_nc
"Photo: (c) jojo73, some rights reserved (CC BY-NC);",1,cc_by_nc
"Photo: (c) jonasxs-b, some rights reserved (CC BY-NC);",1,cc_by_nc
"Photo: (c) jonathan scott, some rights reserved (CC BY-NC);",1,cc_by_nc
"Photo: (c) jonlyall, some rights reserved (CC BY-NC);",1,cc_by_nc
"Photo: (c) jono4president, some rights reserved (CC BY-NC);",1,cc_by_nc
"Photo: (c) jonza, some rights reserved (CC BY-NC);",1,cc_by_nc
"Photo: (c) jopannell, some rights reserved (CC BY-NC);",1,cc_by_nc
"Photo: (c) jopearce, some rights reserved (CC BY-NC);",1,cc_by_nc
"Photo: (c) joriemitchell, some rights reserved (CC BY-NC);",1,cc_by_nc
"Photo: (c) jorobertson1, some rights reserved (CC BY-NC);",1,cc_by_nc
"Photo: (c) joscat, some rights reserved (CC BY-NC);",1,cc_by_nc
"Photo: (c) joshhalkett, some rights reserved (CC BY-NC);",1,cc_by_nc
"Photo: (c) josling, some rights reserved (CC BY-NC);",1,cc_by_nc
"Photo: (c) josoenviro, some rights reserved (CC BY-NC);",1,cc_by_nc
"Photo: (c) joycek1970, some rights reserved (CC BY-NC);",1,cc_by_nc
"Photo: (c) jp1, some rights reserved (CC BY-NC);",1,cc_by_nc
"Photo: (c) jpirkle, some rights reserved (CC BY-NC);",1,cc_by_nc
"Photo: (c) jpreston, some rights reserved (CC BY-NC);",1,cc_by_nc
"Photo: (c) jr2003, some rights reserved (CC BY-NC);",1,cc_by_nc
"Photo: (c) jryanhaumuri, some rights reserved (CC BY-NC);",1,cc_by_nc
"Photo: (c) jsherborne001, some rights reserved (CC BY-NC);",1,cc_by_nc
"Photo: (c) jsmgl, some rights reserved (CC BY-NC);",1,cc_by_nc
"Photo: (c) jsoewarto, some rights reserved (CC BY-NC);",1,cc_by_nc
"Photo: (c) jsonline, some rights reserved (CC BY-NC);",1,cc_by_nc
"Photo: (c) jsyring, some rights reserved (CC BY-NC);",1,cc_by_nc
"Photo: (c) judbar, some rights reserved (CC BY-NC);",1,cc_by_nc
"Photo: (c) judges, some rights reserved (CC BY-NC);",1,cc_by_nc
"Photo: (c) judith_hind, some rights reserved (CC BY-NC);",1,cc_by_nc
"Photo: (c) judithm, some rights reserved (CC BY-NC);",1,cc_by_nc
"Photo: (c) judithsmallbone, some rights reserved (CC BY-NC);",1,cc_by_nc
"Photo: (c) judithswan, some rights reserved (CC BY-NC);",1,cc_by_nc
"Photo: (c) jujumaries, some rights reserved (CC BY-NC);",1,cc_by_nc
"Photo: (c) jules9846, some rights reserved (CC BY-NC);",1,cc_by_nc
"Photo: (c) julesbeattie, some rights reserved (CC BY-NC);",1,cc_by_nc
"Photo: (c) julia_s, some rights reserved (CC BY-NC);",1,cc_by_nc
"Photo: (c) julia_stace, some rights reserved (CC BY-NC);",1,cc_by_nc
"Photo: (c) juliaandeddie, some rights reserved (CC BY-NC);",1,cc_by_nc
"Photo: (c) juliawd, some rights reserved (CC BY-NC);",1,cc_by_nc
"Photo: (c) julie317xyz, some rights reserved (CC BY-NC);",1,cc_by_nc
"Photo: (c) julieagibson, some rights reserved (CC BY-NC);",1,cc_by_nc
"Photo: (c) julievanrij, some rights reserved (CC BY-NC);",1,cc_by_nc
"Photo: (c) julievuw, some rights reserved (CC BY-NC);",1,cc_by_nc
"Photo: (c) juniperriordan, some rights reserved (CC BY-NC);",1,cc_by_nc
"Photo: (c) junofish, some rights reserved (CC BY-NC);",1,cc_by_nc
"Photo: (c) just, some rights reserved (CC BY-NC);",1,cc_by_nc
"Photo: (c) justinedallimore, some rights reserved (CC BY-NC);",1,cc_by_nc
"Photo: (c) jv1976, some rights reserved (CC BY-NC);",1,cc_by_nc
"Photo: (c) jv303, some rights reserved (CC BY-NC);",1,cc_by_nc
"Photo: (c) jvdutoit, some rights reserved (CC BY-NC);",1,cc_by_nc
"Photo: (c) jwaine, some rights reserved (CC BY-NC);",1,cc_by_nc
"Photo: (c) jwborella, some rights reserved (CC BY-NC);",1,cc_by_nc
"Photo: (c) jwest2021, some rights reserved (CC BY-NC);",1,cc_by_nc
"Photo: (c) jwhite, some rights reserved (CC BY-NC);",1,cc_by_nc
"Photo: (c) k4kat, some rights reserved (CC BY-NC);",1,cc_by_nc
"Photo: (c) k9nutnz, some rights reserved (CC BY-NC);",1,cc_by_nc
"Photo: (c) k_emske, some rights reserved (CC BY-NC);",1,cc_by_nc
"Photo: (c) kaiceya, some rights reserved (CC BY-NC);",1,cc_by_nc
"Photo: (c) kaipara1, some rights reserved (CC BY-NC);",1,cc_by_nc
"Photo: (c) kaitiakitanga, some rights reserved (CC BY-NC);",1,cc_by_nc
"Photo: (c) kaitiro2, some rights reserved (CC BY-NC);",1,cc_by_nc
"Photo: (c) kakapodoube, some rights reserved (CC BY-NC);",1,cc_by_nc
"Photo: (c) kalechips, some rights reserved (CC BY-NC);",1,cc_by_nc
"Photo: (c) kaleegressive, some rights reserved (CC BY-NC);",1,cc_by_nc
"Photo: (c) kamacek, some rights reserved (CC BY-NC);",1,cc_by_nc
"Photo: (c) kaneo, some rights reserved (CC BY-NC);",1,cc_by_nc
"Photo: (c) karad7, some rights reserved (CC BY-NC);",1,cc_by_nc
"Photo: (c) karaleep, some rights reserved (CC BY-NC);",1,cc_by_nc
"Photo: (c) karangahak, some rights reserved (CC BY-NC);",1,cc_by_nc
"Photo: (c) karearea83, some rights reserved (CC BY-NC);",1,cc_by_nc
"Photo: (c) karen, some rights reserved (CC BY-NC);",1,cc_by_nc
"Photo: (c) karenb, some rights reserved (CC BY-NC);",1,cc_by_nc
"Photo: (c) karenbirkdale, some rights reserved (CC BY-NC);",1,cc_by_nc
"Photo: (c) kareng, some rights reserved (CC BY-NC);",1,cc_by_nc
"Photo: (c) karengokey, some rights reserved (CC BY-NC);",1,cc_by_nc
"Photo: (c) karenhatton, some rights reserved (CC BY-NC);",1,cc_by_nc
"Photo: (c) karinvanderwalt, some rights reserved (CC BY-NC);",1,cc_by_nc
"Photo: (c) karl_molving, some rights reserved (CC BY-NC);",1,cc_by_nc
"Photo: (c) karlyager, some rights reserved (CC BY-NC);",1,cc_by_nc
"Photo: (c) karorikererua, some rights reserved (CC BY-NC);",1,cc_by_nc
"Photo: (c) karylian, some rights reserved (CC BY-NC);",1,cc_by_nc
"Photo: (c) karynt, some rights reserved (CC BY-NC);",1,cc_by_nc
"Photo: (c) kashorty, some rights reserved (CC BY-NC);",1,cc_by_nc
"Photo: (c) kat81, some rights reserved (CC BY-NC);",1,cc_by_nc
"Photo: (c) katamal, some rights reserved (CC BY-NC);",1,cc_by_nc
"Photo: (c) katcz, some rights reserved (CC BY-NC);",1,cc_by_nc
"Photo: (c) kate_z, some rights reserved (CC BY-NC);",1,cc_by_nc
"Photo: (c) katelinmarie, some rights reserved (CC BY-NC);",1,cc_by_nc
"Photo: (c) katelomansmith, some rights reserved (CC BY-NC);",1,cc_by_nc
"Photo: (c) katemahan, some rights reserved (CC BY-NC);",1,cc_by_nc
"Photo: (c) kates, some rights reserved (CC BY-NC);",1,cc_by_nc
"Photo: (c) kateseaweek, some rights reserved (CC BY-NC);",1,cc_by_nc
"Photo: (c) katethegreat, some rights reserved (CC BY-NC);",1,cc_by_nc
"Photo: (c) katewhyte, some rights reserved (CC BY-NC);",1,cc_by_nc
"Photo: (c) kath, some rights reserved (CC BY-NC);",1,cc_by_nc
"Photo: (c) katha98, some rights reserved (CC BY-NC);",1,cc_by_nc
"Photo: (c) katherinedalmer, some rights reserved (CC BY-NC);",1,cc_by_nc
"Photo: (c) kathymo5, some rights reserved (CC BY-NC);",1,cc_by_nc
"Photo: (c) katie57, some rights reserved (CC BY-NC);",1,cc_by_nc
"Photo: (c) katie_jenkins, some rights reserved (CC BY-NC);",1,cc_by_nc
"Photo: (c) katiewa, some rights reserved (CC BY-NC);",1,cc_by_nc
"Photo: (c) katrinan89, some rights reserved (CC BY-NC);",1,cc_by_nc
"Photo: (c) katrinas123, some rights reserved (CC BY-NC);",1,cc_by_nc
"Photo: (c) katyan, some rights reserved (CC BY-NC);",1,cc_by_nc
"Photo: (c) katyleeds, some rights reserved (CC BY-NC);",1,cc_by_nc
"Photo: (c) katzplace, some rights reserved (CC BY-NC);",1,cc_by_nc
"Photo: (c) kaukauexplorers, some rights reserved (CC BY-NC);",1,cc_by_nc
"Photo: (c) kawauchats, some rights reserved (CC BY-NC);",1,cc_by_nc
"Photo: (c) kawickens, some rights reserved (CC BY-NC);",1,cc_by_nc
"Photo: (c) kayj, some rights reserved (CC BY-NC);",1,cc_by_nc
"Photo: (c) kayleepopovich, some rights reserved (CC BY-NC);",1,cc_by_nc
"Photo: (c) kazel, some rights reserved (CC BY-NC);",1,cc_by_nc
"Photo: (c) kazza67, some rights reserved (CC BY-NC);",1,cc_by_nc
"Photo: (c) kbob, some rights reserved (CC BY-NC);",1,cc_by_nc
"Photo: (c) kboomer, some rights reserved (CC BY-NC);",1,cc_by_nc
"Photo: (c) kboxall, some rights reserved (CC BY-NC);",1,cc_by_nc
"Photo: (c) kbtd, some rights reserved (CC BY-NC);",1,cc_by_nc
"Photo: (c) kburgess, some rights reserved (CC BY-NC);",1,cc_by_nc
"Photo: (c) kdonald, some rights reserved (CC BY-NC);",1,cc_by_nc
"Photo: (c) kearvy, some rights reserved (CC BY-NC);",1,cc_by_nc
"Photo: (c) kedonald, some rights reserved (CC BY-NC);",1,cc_by_nc
"Photo: (c) keelypaler1, some rights reserved (CC BY-NC);",1,cc_by_nc
"Photo: (c) keira, some rights reserved (CC BY-NC);",1,cc_by_nc
"Photo: (c) kellbess, some rights reserved (CC BY-NC);",1,cc_by_nc
"Photo: (c) kelly_and_zen, some rights reserved (CC BY-NC);",1,cc_by_nc
"Photo: (c) kellyjsnow, some rights reserved (CC BY-NC);",1,cc_by_nc
"Photo: (c) kellynz, some rights reserved (CC BY-NC);",1,cc_by_nc
"Photo: (c) kelypierce, some rights reserved (CC BY-NC);",1,cc_by_nc
"Photo: (c) kengillies, some rights reserved (CC BY-NC);",1,cc_by_nc
"Photo: (c) kenjoblin, some rights reserved (CC BY-NC);",1,cc_by_nc
"Photo: (c) kenyongraham, some rights reserved (CC BY-NC);",1,cc_by_nc
"Photo: (c) kepler7, some rights reserved (CC BY-NC);",1,cc_by_nc
"Photo: (c) kereh, some rights reserved (CC BY-NC);",1,cc_by_nc
"Photo: (c) kerrimoir, some rights reserved (CC BY-NC);",1,cc_by_nc
"Photo: (c) kerrinb, some rights reserved (CC BY-NC);",1,cc_by_nc
"Photo: (c) kerryafford, some rights reserved (CC BY-NC);",1,cc_by_nc
"Photo: (c) kerryb, some rights reserved (CC BY-NC);",1,cc_by_nc
"Photo: (c) kerrynn, some rights reserved (CC BY-NC);",1,cc_by_nc
"Photo: (c) kerrynz, some rights reserved (CC BY-NC);",1,cc_by_nc
"Photo: (c) kerryo, some rights reserved (CC BY-NC);",1,cc_by_nc
"Photo: (c) kerynmc, some rights reserved (CC BY-NC);",1,cc_by_nc
"Photo: (c) kesterlee, some rights reserved (CC BY-NC);",1,cc_by_nc
"Photo: (c) kevin2, some rights reserved (CC BY-NC);",1,cc_by_nc
"Photo: (c) kevinmccready, some rights reserved (CC BY-NC);",1,cc_by_nc
"Photo: (c) keziahd, some rights reserved (CC BY-NC);",1,cc_by_nc
"Photo: (c) kezzamag, some rights reserved (CC BY-NC);",1,cc_by_nc
"Photo: (c) kftoronto, some rights reserved (CC BY-NC);",1,cc_by_nc
"Photo: (c) khgambling, some rights reserved (CC BY-NC);",1,cc_by_nc
"Photo: (c) khupman, some rights reserved (CC BY-NC);",1,cc_by_nc
"Photo: (c) kibblewhite, some rights reserved (CC BY-NC);",1,cc_by_nc
"Photo: (c) kidrainbows, some rights reserved (CC BY-NC);",1,cc_by_nc
"Photo: (c) kidsfirstkindergartenslyttelton, some rights reserved (CC BY-NC);",1,cc_by_nc
"Photo: (c) kierwn2017, some rights reserved (CC BY-NC);",1,cc_by_nc
"Photo: (c) kieunguyen, some rights reserved (CC BY-NC);",1,cc_by_nc
"Photo: (c) kiknav, some rights reserved (CC BY-NC);",1,cc_by_nc
"Photo: (c) kim-n, some rights reserved (CC BY-NC);",1,cc_by_nc
"Photo: (c) kim_baxter_nz, some rights reserved (CC BY-NC);",1,cc_by_nc
"Photo: (c) kimarg, some rights reserved (CC BY-NC);",1,cc_by_nc
"Photo: (c) kimk, some rights reserved (CC BY-NC);",1,cc_by_nc
"Photo: (c) kimlvk, some rights reserved (CC BY-NC);",1,cc_by_nc
"Photo: (c) king_azazel, some rights reserved (CC BY-NC);",1,cc_by_nc
"Photo: (c) king_fred7, some rights reserved (CC BY-NC);",1,cc_by_nc
"Photo: (c) king_lex12, some rights reserved (CC BY-NC);",1,cc_by_nc
"Photo: (c) kingnh, some rights reserved (CC BY-NC);",1,cc_by_nc
"Photo: (c) kip28, some rights reserved (CC BY-NC);",1,cc_by_nc
"Photo: (c) kipthekiwi, some rights reserved (CC BY-NC);",1,cc_by_nc
"Photo: (c) kirstenonic05, some rights reserved (CC BY-NC);",1,cc_by_nc
"Photo: (c) kirsty-b, some rights reserved (CC BY-NC);",1,cc_by_nc
"Photo: (c) kirstyf, some rights reserved (CC BY-NC);",1,cc_by_nc
"Photo: (c) kismetnz, some rights reserved (CC BY-NC);",1,cc_by_nc
"Photo: (c) kitekaha, some rights reserved (CC BY-NC);",1,cc_by_nc
"Photo: (c) kitkinghan, some rights reserved (CC BY-NC);",1,cc_by_nc
"Photo: (c) kitnightian, some rights reserved (CC BY-NC);",1,cc_by_nc
"Photo: (c) kivi88, some rights reserved (CC BY-NC);",1,cc_by_nc
"Photo: (c) kiwibrit, some rights reserved (CC BY-NC);",1,cc_by_nc
"Photo: (c) kiwidave, some rights reserved (CC BY-NC);",1,cc_by_nc
"Photo: (c) kiwikent, some rights reserved (CC BY-NC);",1,cc_by_nc
"Photo: (c) kiwikiev, some rights reserved (CC BY-NC);",1,cc_by_nc
"Photo: (c) kiwikitsons, some rights reserved (CC BY-NC);",1,cc_by_nc
"Photo: (c) kiwikris, some rights reserved (CC BY-NC);",1,cc_by_nc
"Photo: (c) kiwitramper, some rights reserved (CC BY-NC);",1,cc_by_nc
"Photo: (c) kjg67, some rights reserved (CC BY-NC);",1,cc_by_nc
"Photo: (c) knowit, some rights reserved (CC BY-NC);",1,cc_by_nc
"Photo: (c) knowmadd, some rights reserved (CC BY-NC);",1,cc_by_nc
"Photo: (c) kobra_, some rights reserved (CC BY-NC);",1,cc_by_nc
"Photo: (c) kollernz, some rights reserved (CC BY-NC);",1,cc_by_nc
"Photo: (c) kongzh, some rights reserved (CC BY-NC);",1,cc_by_nc
"Photo: (c) koraunui, some rights reserved (CC BY-NC);",1,cc_by_nc
"Photo: (c) koutnikc, some rights reserved (CC BY-NC);",1,cc_by_nc
"Photo: (c) kowhaitaraire, some rights reserved (CC BY-NC);",1,cc_by_nc
"Photo: (c) kqbats1, some rights reserved (CC BY-NC);",1,cc_by_nc
"Photo: (c) krashbang, some rights reserved (CC BY-NC);",1,cc_by_nc
"Photo: (c) krissyba, some rights reserved (CC BY-NC);",1,cc_by_nc
"Photo: (c) kristine513, some rights reserved (CC BY-NC);",1,cc_by_nc
"Photo: (c) krthjb, some rights reserved (CC BY-NC);",1,cc_by_nc
"Photo: (c) krusty, some rights reserved (CC BY-NC);",1,cc_by_nc
"Photo: (c) ktayneese, some rights reserved (CC BY-NC);",1,cc_by_nc
"Photo: (c) kuhlaid, some rights reserved (CC BY-NC);",1,cc_by_nc
"Photo: (c) kuini, some rights reserved (CC BY-NC);",1,cc_by_nc
"Photo: (c) kuinib, some rights reserved (CC BY-NC);",1,cc_by_nc
"Photo: (c) kumanu, some rights reserved (CC BY-NC);",1,cc_by_nc
"Photo: (c) kunikos, some rights reserved (CC BY-NC);",1,cc_by_nc
"Photo: (c) kuribush, some rights reserved (CC BY-NC);",1,cc_by_nc
"Photo: (c) kushaneka, some rights reserved (CC BY-NC);",1,cc_by_nc
"Photo: (c) kutu, some rights reserved (CC BY-NC);",1,cc_by_nc
"Photo: (c) kwantman, some rights reserved (CC BY-NC);",1,cc_by_nc
"Photo: (c) kyancoolman, some rights reserved (CC BY-NC);",1,cc_by_nc
"Photo: (c) kyfto, some rights reserved (CC BY-NC);",1,cc_by_nc
"Photo: (c) kylealdinger, some rights reserved (CC BY-NC);",1,cc_by_nc
"Photo: (c) kylieparkes, some rights reserved (CC BY-NC);",1,cc_by_nc
"Photo: (c) kymi, some rights reserved (CC BY-NC);",1,cc_by_nc
"Photo: (c) l1am5679, some rights reserved (CC BY-NC);",1,cc_by_nc
"Photo: (c) l_drummond, some rights reserved (CC BY-NC);",1,cc_by_nc
"Photo: (c) labchick, some rights reserved (CC BY-NC);",1,cc_by_nc
"Photo: (c) lachied, some rights reserved (CC BY-NC);",1,cc_by_nc
"Photo: (c) lachiephilipson, some rights reserved (CC BY-NC);",1,cc_by_nc
"Photo: (c) lacroximus, some rights reserved (CC BY-NC);",1,cc_by_nc
"Photo: (c) ladybuginvasion, some rights reserved (CC BY-NC);",1,cc_by_nc
"Photo: (c) lailaaaa, some rights reserved (CC BY-NC);",1,cc_by_nc
"Photo: (c) lampittg, some rights reserved (CC BY-NC);",1,cc_by_nc
"Photo: (c) langeline, some rights reserved (CC BY-NC);",1,cc_by_nc
"Photo: (c) larajanenz, some rights reserved (CC BY-NC);",1,cc_by_nc
"Photo: (c) largs, some rights reserved (CC BY-NC);",1,cc_by_nc
"Photo: (c) larryl, some rights reserved (CC BY-NC);",1,cc_by_nc
"Photo: (c) latocato, some rights reserved (CC BY-NC);",1,cc_by_nc
"Photo: (c) laugesen, some rights reserved (CC BY-NC);",1,cc_by_nc
"Photo: (c) laumenz7, some rights reserved (CC BY-NC);",1,cc_by_nc
"Photo: (c) laurabellebarton, some rights reserved (CC BY-NC);",1,cc_by_nc
"Photo: (c) laurahickey123, some rights reserved (CC BY-NC);",1,cc_by_nc
"Photo: (c) lauraitapeters, some rights reserved (CC BY-NC);",1,cc_by_nc
"Photo: (c) laurajg26, some rights reserved (CC BY-NC);",1,cc_by_nc
"Photo: (c) lauramac86, some rights reserved (CC BY-NC);",1,cc_by_nc
"Photo: (c) laurelswan, some rights reserved (CC BY-NC);",1,cc_by_nc
"Photo: (c) lauren84, some rights reserved (CC BY-NC);",1,cc_by_nc
"Photo: (c) lauren_goldie, some rights reserved (CC BY-NC);",1,cc_by_nc
"Photo: (c) lauryn28, some rights reserved (CC BY-NC);",1,cc_by_nc
"Photo: (c) lavz, some rights reserved (CC BY-NC);",1,cc_by_nc
"Photo: (c) lbornhofft, some rights reserved (CC BY-NC);",1,cc_by_nc
"Photo: (c) lbriggs, some rights reserved (CC BY-NC);",1,cc_by_nc
"Photo: (c) lbtaylor, some rights reserved (CC BY-NC);",1,cc_by_nc
"Photo: (c) lcooper34, some rights reserved (CC BY-NC);",1,cc_by_nc
"Photo: (c) lecramri, some rights reserved (CC BY-NC);",1,cc_by_nc
"Photo: (c) leedle, some rights reserved (CC BY-NC);",1,cc_by_nc
"Photo: (c) leighb, some rights reserved (CC BY-NC);",1,cc_by_nc
"Photo: (c) leighbeetee, some rights reserved (CC BY-NC);",1,cc_by_nc
"Photo: (c) leki_w_m, some rights reserved (CC BY-NC);",1,cc_by_nc
"Photo: (c) lenok, some rights reserved (CC BY-NC);",1,cc_by_nc
"Photo: (c) leo123456789, some rights reserved (CC BY-NC);",1,cc_by_nc
"Photo: (c) leomcintyre, some rights reserved (CC BY-NC);",1,cc_by_nc
"Photo: (c) leonachan, some rights reserved (CC BY-NC);",1,cc_by_nc
"Photo: (c) leoprezant, some rights reserved (CC BY-NC);",1,cc_by_nc
"Photo: (c) lesleycatterall, some rights reserved (CC BY-NC);",1,cc_by_nc
"Photo: (c) lev, some rights reserved (CC BY-NC);",1,cc_by_nc
"Photo: (c) lexibrady10, some rights reserved (CC BY-NC);",1,cc_by_nc
"Photo: (c) lexyhepple, some rights reserved (CC BY-NC);",1,cc_by_nc
"Photo: (c) lexze, some rights reserved (CC BY-NC);",1,cc_by_nc
"Photo: (c) leylandlyons, some rights reserved (CC BY-NC);",1,cc_by_nc
"Photo: (c) lezp, some rights reserved (CC BY-NC);",1,cc_by_nc
"Photo: (c) lg_kelley, some rights reserved (CC BY-NC);",1,cc_by_nc
"Photo: (c) lgourley, some rights reserved (CC BY-NC);",1,cc_by_nc
"Photo: (c) liadan, some rights reserved (CC BY-NC);",1,cc_by_nc
"Photo: (c) liam_newport, some rights reserved (CC BY-NC);",1,cc_by_nc
"Photo: (c) liambax, some rights reserved (CC BY-NC);",1,cc_by_nc
"Photo: (c) liambutler, some rights reserved (CC BY-NC);",1,cc_by_nc
"Photo: (c) libby1, some rights reserved (CC BY-NC);",1,cc_by_nc
"Photo: (c) librarygrem, some rights reserved (CC BY-NC);",1,cc_by_nc
"Photo: (c) lichen_3, some rights reserved (CC BY-NC);",1,cc_by_nc
"Photo: (c) lidsurfer, some rights reserved (CC BY-NC);",1,cc_by_nc
"Photo: (c) life_after_dev, some rights reserved (CC BY-NC);",1,cc_by_nc
"Photo: (c) liggory, some rights reserved (CC BY-NC);",1,cc_by_nc
"Photo: (c) lilakuka, some rights reserved (CC BY-NC);",1,cc_by_nc
"Photo: (c) lilama, some rights reserved (CC BY-NC);",1,cc_by_nc
"Photo: (c) lilidh, some rights reserved (CC BY-NC);",1,cc_by_nc
"Photo: (c) lilly_putian, some rights reserved (CC BY-NC);",1,cc_by_nc
"Photo: (c) lillythepink, some rights reserved (CC BY-NC);",1,cc_by_nc
"Photo: (c) liltimmy, some rights reserved (CC BY-NC);",1,cc_by_nc
"Photo: (c) lilypilly, some rights reserved (CC BY-NC);",1,cc_by_nc
"Photo: (c) lincolnandi, some rights reserved (CC BY-NC);",1,cc_by_nc
"Photo: (c) lincolnturner, some rights reserved (CC BY-NC);",1,cc_by_nc
"Photo: (c) lindal, some rights reserved (CC BY-NC);",1,cc_by_nc
"Photo: (c) lindsay_main, some rights reserved (CC BY-NC);",1,cc_by_nc
"Photo: (c) lindsayb, some rights reserved (CC BY-NC);",1,cc_by_nc
"Photo: (c) lindsays, some rights reserved (CC BY-NC);",1,cc_by_nc
"Photo: (c) lisabrownless, some rights reserved (CC BY-NC);",1,cc_by_nc
"Photo: (c) lisaevie, some rights reserved (CC BY-NC);",1,cc_by_nc
"Photo: (c) lisah, some rights reserved (CC BY-NC);",1,cc_by_nc
"Photo: (c) lisamaughan, some rights reserved (CC BY-NC);",1,cc_by_nc
"Photo: (c) lisang90, some rights reserved (CC BY-NC);",1,cc_by_nc
"Photo: (c) lisanz, some rights reserved (CC BY-NC);",1,cc_by_nc
"Photo: (c) lisaridehalgh, some rights reserved (CC BY-NC);",1,cc_by_nc
"Photo: (c) lisawhite123, some rights reserved (CC BY-NC);",1,cc_by_nc
"Photo: (c) liss90, some rights reserved (CC BY-NC);",1,cc_by_nc
"Photo: (c) little_aji, some rights reserved (CC BY-NC);",1,cc_by_nc
"Photo: (c) littleblue, some rights reserved (CC BY-NC);",1,cc_by_nc
"Photo: (c) littleknottyknitter, some rights reserved (CC BY-NC);",1,cc_by_nc
"Photo: (c) liuxiaoxi, some rights reserved (CC BY-NC);",1,cc_by_nc
"Photo: (c) livv, some rights reserved (CC BY-NC);",1,cc_by_nc
"Photo: (c) liz_gavin, some rights reserved (CC BY-NC);",1,cc_by_nc
"Photo: (c) liz_k, some rights reserved (CC BY-NC);",1,cc_by_nc
"Photo: (c) lizbaker, some rights reserved (CC BY-NC);",1,cc_by_nc
"Photo: (c) lizbesley, some rights reserved (CC BY-NC);",1,cc_by_nc
"Photo: (c) lizzyleckie, some rights reserved (CC BY-NC);",1,cc_by_nc
"Photo: (c) lizzzzzzzzz, some rights reserved (CC BY-NC);",1,cc_by_nc
"Photo: (c) ljhnz, some rights reserved (CC BY-NC);",1,cc_by_nc
"Photo: (c) ljsils, some rights reserved (CC BY-NC);",1,cc_by_nc
"Photo: (c) lkrieg, some rights reserved (CC BY-NC);",1,cc_by_nc
"Photo: (c) llb2, some rights reserved (CC BY-NC);",1,cc_by_nc
"Photo: (c) lmar116, some rights reserved (CC BY-NC);",1,cc_by_nc
"Photo: (c) lmkerr, some rights reserved (CC BY-NC);",1,cc_by_nc
"Photo: (c) lmmeehan, some rights reserved (CC BY-NC);",1,cc_by_nc
"Photo: (c) locatron, some rights reserved (CC BY-NC);",1,cc_by_nc
"Photo: (c) lochyhutton, some rights reserved (CC BY-NC);",1,cc_by_nc
"Photo: (c) logania-depressa, some rights reserved (CC BY-NC);",1,cc_by_nc
"Photo: (c) logank, some rights reserved (CC BY-NC);",1,cc_by_nc
"Photo: (c) loganritchie, some rights reserved (CC BY-NC);",1,cc_by_nc
"Photo: (c) lolapalola, some rights reserved (CC BY-NC);",1,cc_by_nc
"Photo: (c) lolchocl, some rights reserved (CC BY-NC);",1,cc_by_nc
"Photo: (c) lolitavallyon, some rights reserved (CC BY-NC);",1,cc_by_nc
"Photo: (c) lomaxbecky, some rights reserved (CC BY-NC);",1,cc_by_nc
"Photo: (c) looseunit, some rights reserved (CC BY-NC);",1,cc_by_nc
"Photo: (c) lordpeterpotter, some rights reserved (CC BY-NC);",1,cc_by_nc
"Photo: (c) loria_zixuan, some rights reserved (CC BY-NC);",1,cc_by_nc
"Photo: (c) lottieborra, some rights reserved (CC BY-NC);",1,cc_by_nc
"Photo: (c) louchelife, some rights reserved (CC BY-NC);",1,cc_by_nc
"Photo: (c) loudrage, some rights reserved (CC BY-NC);",1,cc_by_nc
"Photo: (c) louiemalkovitch, some rights reserved (CC BY-NC);",1,cc_by_nc
"Photo: (c) louise278, some rights reserved (CC BY-NC);",1,cc_by_nc
"Photo: (c) louise_thomas, some rights reserved (CC BY-NC);",1,cc_by_nc
"Photo: (c) louiseinglis, some rights reserved (CC BY-NC);",1,cc_by_nc
"Photo: (c) louisranjard, some rights reserved (CC BY-NC);",1,cc_by_nc
"Photo: (c) loulou104, some rights reserved (CC BY-NC);",1,cc_by_nc
"Photo: (c) loulouevans, some rights reserved (CC BY-NC);",1,cc_by_nc
"Photo: (c) louweed, some rights reserved (CC BY-NC);",1,cc_by_nc
"Photo: (c) lsaltus, some rights reserved (CC BY-NC);",1,cc_by_nc
"Photo: (c) lscully, some rights reserved (CC BY-NC);",1,cc_by_nc
"Photo: (c) lstoneburner, some rights reserved (CC BY-NC);",1,cc_by_nc
"Photo: (c) luchacha, some rights reserved (CC BY-NC);",1,cc_by_nc
"Photo: (c) lucianemmawade, some rights reserved (CC BY-NC);",1,cc_by_nc
"Photo: (c) lucibateman, some rights reserved (CC BY-NC);",1,cc_by_nc
"Photo: (c) luckyluke, some rights reserved (CC BY-NC);",1,cc_by_nc
"Photo: (c) lucy_hardy, some rights reserved (CC BY-NC);",1,cc_by_nc
"Photo: (c) lucyfromwellington, some rights reserved (CC BY-NC);",1,cc_by_nc
"Photo: (c) lucyhardy, some rights reserved (CC BY-NC);",1,cc_by_nc
"Photo: (c) lucystewart, some rights reserved (CC BY-NC);",1,cc_by_nc
"Photo: (c) lukesta, some rights reserved (CC BY-NC);",1,cc_by_nc
"Photo: (c) lwaller, some rights reserved (CC BY-NC);",1,cc_by_nc
"Photo: (c) lydia_fern_11, some rights reserved (CC BY-NC);",1,cc_by_nc
"Photo: (c) lydiadraper, some rights reserved (CC BY-NC);",1,cc_by_nc
"Photo: (c) lyn13, some rights reserved (CC BY-NC);",1,cc_by_nc
"Photo: (c) lynch, some rights reserved (CC BY-NC);",1,cc_by_nc
"Photo: (c) lynchbarryqs, some rights reserved (CC BY-NC);",1,cc_by_nc
"Photo: (c) lynettehartley, some rights reserved (CC BY-NC);",1,cc_by_nc
"Photo: (c) lynleybee1, some rights reserved (CC BY-NC);",1,cc_by_nc
"Photo: (c) lynseyc, some rights reserved (CC BY-NC);",1,cc_by_nc
"Photo: (c) lyttelton, some rights reserved (CC BY-NC);",1,cc_by_nc
"Photo: (c) m0llstell, some rights reserved (CC BY-NC);",1,cc_by_nc
"Photo: (c) macdog, some rights reserved (CC BY-NC);",1,cc_by_nc
"Photo: (c) macinnes, some rights reserved (CC BY-NC);",1,cc_by_nc
"Photo: (c) mackeldo, some rights reserved (CC BY-NC);",1,cc_by_nc
"Photo: (c) macleodb, some rights reserved (CC BY-NC);",1,cc_by_nc
"Photo: (c) macman9, some rights reserved (CC BY-NC);",1,cc_by_nc
"Photo: (c) macrophyte, some rights reserved (CC BY-NC);",1,cc_by_nc
"Photo: (c) mad_wild, some rights reserved (CC BY-NC);",1,cc_by_nc
"Photo: (c) madaboutchickens, some rights reserved (CC BY-NC);",1,cc_by_nc
"Photo: (c) maddiefleur, some rights reserved (CC BY-NC);",1,cc_by_nc
"Photo: (c) maddievdp, some rights reserved (CC BY-NC);",1,cc_by_nc
"Photo: (c) maddir, some rights reserved (CC BY-NC);",1,cc_by_nc
"Photo: (c) maddywalton, some rights reserved (CC BY-NC);",1,cc_by_nc
"Photo: (c) madisonellaray, some rights reserved (CC BY-NC);",1,cc_by_nc
"Photo: (c) madlu, some rights reserved (CC BY-NC);",1,cc_by_nc
"Photo: (c) maesid, some rights reserved (CC BY-NC);",1,cc_by_nc
"Photo: (c) magicman5511, some rights reserved (CC BY-NC);",1,cc_by_nc
"Photo: (c) magnus_helen, some rights reserved (CC BY-NC);",1,cc_by_nc
"Photo: (c) mahakirau14, some rights reserved (CC BY-NC);",1,cc_by_nc
"Photo: (c) mahlerian1, some rights reserved (CC BY-NC);",1,cc_by_nc
"Photo: (c) mainepod, some rights reserved (CC BY-NC);",1,cc_by_nc
"Photo: (c) mainlander, some rights reserved (CC BY-NC);",1,cc_by_nc
"Photo: (c) majaui, some rights reserved (CC BY-NC);",1,cc_by_nc
"Photo: (c) majellanzk, some rights reserved (CC BY-NC);",1,cc_by_nc
"Photo: (c) majo00, some rights reserved (CC BY-NC);",1,cc_by_nc
"Photo: (c) makaramodelschool, some rights reserved (CC BY-NC);",1,cc_by_nc
"Photo: (c) maksympolyakov, some rights reserved (CC BY-NC);",1,cc_by_nc
"Photo: (c) malcolmfraser, some rights reserved (CC BY-NC);",1,cc_by_nc
"Photo: (c) malcolmp, some rights reserved (CC BY-NC);",1,cc_by_nc
"Photo: (c) mamalis, some rights reserved (CC BY-NC);",1,cc_by_nc
"Photo: (c) manako13, some rights reserved (CC BY-NC);",1,cc_by_nc
"Photo: (c) mandie1005, some rights reserved (CC BY-NC);",1,cc_by_nc
"Photo: (c) mandyv, some rights reserved (CC BY-NC);",1,cc_by_nc
"Photo: (c) mangaweka, some rights reserved (CC BY-NC);",1,cc_by_nc
"Photo: (c) mango_031, some rights reserved (CC BY-NC);",1,cc_by_nc
"Photo: (c) manubird, some rights reserved (CC BY-NC);",1,cc_by_nc
"Photo: (c) mapletrust, some rights reserved (CC BY-NC);",1,cc_by_nc
"Photo: (c) maraki_white, some rights reserved (CC BY-NC);",1,cc_by_nc
"Photo: (c) marcjensen, some rights reserved (CC BY-NC);",1,cc_by_nc
"Photo: (c) marcnz, some rights reserved (CC BY-NC);",1,cc_by_nc
"Photo: (c) marcobroers, some rights reserved (CC BY-NC);",1,cc_by_nc
"Photo: (c) marcus0691, some rights reserved (CC BY-NC);",1,cc_by_nc
"Photo: (c) marcus_ellery, some rights reserved (CC BY-NC);",1,cc_by_nc
"Photo: (c) marcusburton, some rights reserved (CC BY-NC);",1,cc_by_nc
"Photo: (c) marcusgill, some rights reserved (CC BY-NC);",1,cc_by_nc
"Photo: (c) mardtaylor, some rights reserved (CC BY-NC);",1,cc_by_nc
"Photo: (c) mareesminis, some rights reserved (CC BY-NC);",1,cc_by_nc
"Photo: (c) marg24, some rights reserved (CC BY-NC);",1,cc_by_nc
"Photo: (c) marg_nick, some rights reserved (CC BY-NC);",1,cc_by_nc
"Photo: (c) margaretibc, some rights reserved (CC BY-NC);",1,cc_by_nc
"Photo: (c) marggo, some rights reserved (CC BY-NC);",1,cc_by_nc
"Photo: (c) margp, some rights reserved (CC BY-NC);",1,cc_by_nc
"Photo: (c) mariamort, some rights reserved (CC BY-NC);",1,cc_by_nc
"Photo: (c) mariangi, some rights reserved (CC BY-NC);",1,cc_by_nc
"Photo: (c) marianjones, some rights reserved (CC BY-NC);",1,cc_by_nc
"Photo: (c) marie_moinet, some rights reserved (CC BY-NC);",1,cc_by_nc
"Photo: (c) mariecja, some rights reserved (CC BY-NC);",1,cc_by_nc
"Photo: (c) marilyngulliver, some rights reserved (CC BY-NC);",1,cc_by_nc
"Photo: (c) marilynva, some rights reserved (CC BY-NC);",1,cc_by_nc
"Photo: (c) marinebaby, some rights reserved (CC BY-NC);",1,cc_by_nc
"Photo: (c) marionhowie, some rights reserved (CC BY-NC);",1,cc_by_nc
"Photo: (c) markdixon, some rights reserved (CC BY-NC);",1,cc_by_nc
"Photo: (c) marke2020, some rights reserved (CC BY-NC);",1,cc_by_nc
"Photo: (c) markmcglone, some rights reserved (CC BY-NC);",1,cc_by_nc
"Photo: (c) markmclaren, some rights reserved (CC BY-NC);",1,cc_by_nc
"Photo: (c) markrgharvey, some rights reserved (CC BY-NC);",1,cc_by_nc
"Photo: (c) marlies_wilson, some rights reserved (CC BY-NC);",1,cc_by_nc
"Photo: (c) marlo_nz, some rights reserved (CC BY-NC);",1,cc_by_nc
"Photo: (c) marnieheartsrivers, some rights reserved (CC BY-NC);",1,cc_by_nc
"Photo: (c) martin_necas, some rights reserved (CC BY-NC);",1,cc_by_nc
"Photo: (c) martina, some rights reserved (CC BY-NC);",1,cc_by_nc
"Photo: (c) martinlaas, some rights reserved (CC BY-NC);",1,cc_by_nc
"Photo: (c) martinn, some rights reserved (CC BY-NC);",1,cc_by_nc
"Photo: (c) mary, some rights reserved (CC BY-NC);",1,cc_by_nc
"Photo: (c) mary-nz, some rights reserved (CC BY-NC);",1,cc_by_nc
"Photo: (c) maryannesw, some rights reserved (CC BY-NC);",1,cc_by_nc
"Photo: (c) marybrunning, some rights reserved (CC BY-NC);",1,cc_by_nc
"Photo: (c) maryfrankham, some rights reserved (CC BY-NC);",1,cc_by_nc
"Photo: (c) marylu, some rights reserved (CC BY-NC);",1,cc_by_nc
"Photo: (c) marymusi, some rights reserved (CC BY-NC);",1,cc_by_nc
"Photo: (c) marypquin, some rights reserved (CC BY-NC);",1,cc_by_nc
"Photo: (c) marys, some rights reserved (CC BY-NC);",1,cc_by_nc
"Photo: (c) maryvk, some rights reserved (CC BY-NC);",1,cc_by_nc
"Photo: (c) matdiamond, some rights reserved (CC BY-NC);",1,cc_by_nc
"Photo: (c) mathdotcom, some rights reserved (CC BY-NC);",1,cc_by_nc
"Photo: (c) mattamrenner, some rights reserved (CC BY-NC);",1,cc_by_nc
"Photo: (c) mattelliott, some rights reserved (CC BY-NC);",1,cc_by_nc
"Photo: (c) matteo_tolosano, some rights reserved (CC BY-NC);",1,cc_by_nc
"Photo: (c) matthew_e_smith, some rights reserved (CC BY-NC);",1,cc_by_nc
"Photo: (c) matthewitt, some rights reserved (CC BY-NC);",1,cc_by_nc
"Photo: (c) matthewrdenton, some rights reserved (CC BY-NC);",1,cc_by_nc
"Photo: (c) mattiemc, some rights reserved (CC BY-NC);",1,cc_by_nc
"Photo: (c) mattjessop, some rights reserved (CC BY-NC);",1,cc_by_nc
"Photo: (c) mattjones2000, some rights reserved (CC BY-NC);",1,cc_by_nc
"Photo: (c) mattrandal, some rights reserved (CC BY-NC);",1,cc_by_nc
"Photo: (c) mattrusbridge, some rights reserved (CC BY-NC);",1,cc_by_nc
"Photo: (c) matttravell, some rights reserved (CC BY-NC);",1,cc_by_nc
"Photo: (c) mattvollebregt, some rights reserved (CC BY-NC);",1,cc_by_nc
"Photo: (c) mattw74, some rights reserved (CC BY-NC);",1,cc_by_nc
"Photo: (c) mattyh, some rights reserved (CC BY-NC);",1,cc_by_nc
"Photo: (c) matzaki, some rights reserved (CC BY-NC);",1,cc_by_nc
"Photo: (c) maurie007, some rights reserved (CC BY-NC);",1,cc_by_nc
"Photo: (c) mavismayyy, some rights reserved (CC BY-NC);",1,cc_by_nc
"Photo: (c) max_madgwick, some rights reserved (CC BY-NC);",1,cc_by_nc
"Photo: (c) maxjuriss, some rights reserved (CC BY-NC);",1,cc_by_nc
"Photo: (c) maxzzzzzz, some rights reserved (CC BY-NC);",1,cc_by_nc
"Photo: (c) mazzystar, some rights reserved (CC BY-NC);",1,cc_by_nc
"Photo: (c) mbcnz, some rights reserved (CC BY-NC);",1,cc_by_nc
"Photo: (c) mboylan1990, some rights reserved (CC BY-NC);",1,cc_by_nc
"Photo: (c) mbs42, some rights reserved (CC BY-NC);",1,cc_by_nc
"Photo: (c) mccleangenevieve, some rights reserved (CC BY-NC);",1,cc_by_nc
"Photo: (c) mcgovern, some rights reserved (CC BY-NC);",1,cc_by_nc
"Photo: (c) mckeen316, some rights reserved (CC BY-NC);",1,cc_by_nc
"Photo: (c) mckenzief, some rights reserved (CC BY-NC);",1,cc_by_nc
"Photo: (c) mcroni, some rights reserved (CC BY-NC);",1,cc_by_nc
"Photo: (c) mcuz, some rights reserved (CC BY-NC);",1,cc_by_nc
"Photo: (c) mdcesm, some rights reserved (CC BY-NC);",1,cc_by_nc
"Photo: (c) mdenny, some rights reserved (CC BY-NC);",1,cc_by_nc
"Photo: (c) mdennyaggs, some rights reserved (CC BY-NC);",1,cc_by_nc
"Photo: (c) mdtempleton, some rights reserved (CC BY-NC);",1,cc_by_nc
"Photo: (c) meadowbug, some rights reserved (CC BY-NC);",1,cc_by_nc
"Photo: (c) meadowsw, some rights reserved (CC BY-NC);",1,cc_by_nc
"Photo: (c) mealybug, some rights reserved (CC BY-NC);",1,cc_by_nc
"Photo: (c) meander4, some rights reserved (CC BY-NC);",1,cc_by_nc
"Photo: (c) mebird, some rights reserved (CC BY-NC);",1,cc_by_nc
"Photo: (c) medicpete, some rights reserved (CC BY-NC);",1,cc_by_nc
"Photo: (c) meemees, some rights reserved (CC BY-NC);",1,cc_by_nc
"Photo: (c) meep, some rights reserved (CC BY-NC);",1,cc_by_nc
"Photo: (c) mefsnz, some rights reserved (CC BY-NC);",1,cc_by_nc
"Photo: (c) meganclemance, some rights reserved (CC BY-NC);",1,cc_by_nc
"Photo: (c) megane, some rights reserved (CC BY-NC);",1,cc_by_nc
"Photo: (c) meganlyon, some rights reserved (CC BY-NC);",1,cc_by_nc
"Photo: (c) meganz, some rights reserved (CC BY-NC);",1,cc_by_nc
"Photo: (c) meistercj, some rights reserved (CC BY-NC);",1,cc_by_nc
"Photo: (c) melanieblock, some rights reserved (CC BY-NC);",1,cc_by_nc
"Photo: (c) meler, some rights reserved (CC BY-NC);",1,cc_by_nc
"Photo: (c) melindadresser, some rights reserved (CC BY-NC);",1,cc_by_nc
"Photo: (c) melissa_broussard, some rights reserved (CC BY-NC);",1,cc_by_nc
"Photo: (c) melissalearnslibrary, some rights reserved (CC BY-NC);",1,cc_by_nc
"Photo: (c) melitabusch, some rights reserved (CC BY-NC);",1,cc_by_nc
"Photo: (c) melonthecoast, some rights reserved (CC BY-NC);",1,cc_by_nc
"Photo: (c) meow456, some rights reserved (CC BY-NC);",1,cc_by_nc
"Photo: (c) meranimum, some rights reserved (CC BY-NC);",1,cc_by_nc
"Photo: (c) meranna, some rights reserved (CC BY-NC);",1,cc_by_nc
"Photo: (c) meredithwilson, some rights reserved (CC BY-NC);",1,cc_by_nc
"Photo: (c) merin, some rights reserved (CC BY-NC);",1,cc_by_nc
"Photo: (c) merloe, some rights reserved (CC BY-NC);",1,cc_by_nc
"Photo: (c) merrillring, some rights reserved (CC BY-NC);",1,cc_by_nc
"Photo: (c) metalkiwi, some rights reserved (CC BY-NC);",1,cc_by_nc
"Photo: (c) metallicite, some rights reserved (CC BY-NC);",1,cc_by_nc
"Photo: (c) methlog, some rights reserved (CC BY-NC);",1,cc_by_nc
"Photo: (c) mezcam, some rights reserved (CC BY-NC);",1,cc_by_nc
"Photo: (c) mgkraan, some rights reserved (CC BY-NC);",1,cc_by_nc
"Photo: (c) mheck99, some rights reserved (CC BY-NC);",1,cc_by_nc
"Photo: (c) mhelandscaping, some rights reserved (CC BY-NC);",1,cc_by_nc
"Photo: (c) mhford, some rights reserved (CC BY-NC);",1,cc_by_nc
"Photo: (c) mhiggie, some rights reserved (CC BY-NC);",1,cc_by_nc
"Photo: (c) miajessie, some rights reserved (CC BY-NC);",1,cc_by_nc
"Photo: (c) miakatinka, some rights reserved (CC BY-NC);",1,cc_by_nc
"Photo: (c) miccymaya, some rights reserved (CC BY-NC);",1,cc_by_nc
"Photo: (c) mich204, some rights reserved (CC BY-NC);",1,cc_by_nc
"Photo: (c) mich_l, some rights reserved (CC BY-NC);",1,cc_by_nc
"Photo: (c) micheleptrs, some rights reserved (CC BY-NC);",1,cc_by_nc
"Photo: (c) michelle1976, some rights reserved (CC BY-NC);",1,cc_by_nc
"Photo: (c) michellesmith81, some rights reserved (CC BY-NC);",1,cc_by_nc
"Photo: (c) michiel-jonker, some rights reserved (CC BY-NC);",1,cc_by_nc
"Photo: (c) mickeeeyjean, some rights reserved (CC BY-NC);",1,cc_by_nc
"Photo: (c) mickyk, some rights reserved (CC BY-NC);",1,cc_by_nc
"Photo: (c) midhirstschool, some rights reserved (CC BY-NC);",1,cc_by_nc
"Photo: (c) mikaylamc1185, some rights reserved (CC BY-NC);",1,cc_by_nc
"Photo: (c) mike_ogle, some rights reserved (CC BY-NC);",1,cc_by_nc
"Photo: (c) mikeandgill, some rights reserved (CC BY-NC);",1,cc_by_nc
"Photo: (c) mikecollins, some rights reserved (CC BY-NC);",1,cc_by_nc
"Photo: (c) mikekelly, some rights reserved (CC BY-NC);",1,cc_by_nc
"Photo: (c) mikemac23, some rights reserved (CC BY-NC);",1,cc_by_nc
"Photo: (c) mikenunns, some rights reserved (CC BY-NC);",1,cc_by_nc
"Photo: (c) milank, some rights reserved (CC BY-NC);",1,cc_by_nc
"Photo: (c) milesasaurusrex, some rights reserved (CC BY-NC);",1,cc_by_nc
"Photo: (c) milkbot, some rights reserved (CC BY-NC);",1,cc_by_nc
"Photo: (c) millpark, some rights reserved (CC BY-NC);",1,cc_by_nc
"Photo: (c) millyne, some rights reserved (CC BY-NC);",1,cc_by_nc
"Photo: (c) millzy, some rights reserved (CC BY-NC);",1,cc_by_nc
"Photo: (c) mimiha, some rights reserved (CC BY-NC);",1,cc_by_nc
"Photo: (c) minac, some rights reserved (CC BY-NC);",1,cc_by_nc
"Photo: (c) minniemao, some rights reserved (CC BY-NC);",1,cc_by_nc
"Photo: (c) miriamhartmann, some rights reserved (CC BY-NC);",1,cc_by_nc
"Photo: (c) missg, some rights reserved (CC BY-NC);",1,cc_by_nc
"Photo: (c) missgwen, some rights reserved (CC BY-NC);",1,cc_by_nc
"Photo: (c) missy1, some rights reserved (CC BY-NC);",1,cc_by_nc
"Photo: (c) mistletoe1, some rights reserved (CC BY-NC);",1,cc_by_nc
"Photo: (c) miyomiyo, some rights reserved (CC BY-NC);",1,cc_by_nc
"Photo: (c) mjfaulkner1, some rights reserved (CC BY-NC);",1,cc_by_nc
"Photo: (c) mjkramer, some rights reserved (CC BY-NC);",1,cc_by_nc
"Photo: (c) mjlatta, some rights reserved (CC BY-NC);",1,cc_by_nc
"Photo: (c) mjmein, some rights reserved (CC BY-NC);",1,cc_by_nc
"Photo: (c) mjordannz, some rights reserved (CC BY-NC);",1,cc_by_nc
"Photo: (c) mjw1491, some rights reserved (CC BY-NC);",1,cc_by_nc
"Photo: (c) mlaver, some rights reserved (CC BY-NC);",1,cc_by_nc
"Photo: (c) mlgibson, some rights reserved (CC BY-NC);",1,cc_by_nc
"Photo: (c) mmacbeth, some rights reserved (CC BY-NC);",1,cc_by_nc
"Photo: (c) mmbryant, some rights reserved (CC BY-NC);",1,cc_by_nc
"Photo: (c) mmcnatty, some rights reserved (CC BY-NC);",1,cc_by_nc
"Photo: (c) mmiller1, some rights reserved (CC BY-NC);",1,cc_by_nc
"Photo: (c) mmitchellanyon, some rights reserved (CC BY-NC);",1,cc_by_nc
"Photo: (c) mml49, some rights reserved (CC BY-NC);",1,cc_by_nc
"Photo: (c) mmullen, some rights reserved (CC BY-NC);",1,cc_by_nc
"Photo: (c) mnyegaard, some rights reserved (CC BY-NC);",1,cc_by_nc
"Photo: (c) moabhikers, some rights reserved (CC BY-NC);",1,cc_by_nc
"Photo: (c) moagrieve, some rights reserved (CC BY-NC);",1,cc_by_nc
"Photo: (c) moalands, some rights reserved (CC BY-NC);",1,cc_by_nc
"Photo: (c) mobycharlie, some rights reserved (CC BY-NC);",1,cc_by_nc
"Photo: (c) mojojojoel, some rights reserved (CC BY-NC);",1,cc_by_nc
"Photo: (c) moll, some rights reserved (CC BY-NC);",1,cc_by_nc
"Photo: (c) molliemartin, some rights reserved (CC BY-NC);",1,cc_by_nc
"Photo: (c) mollymops, some rights reserved (CC BY-NC);",1,cc_by_nc
"Photo: (c) molok, some rights reserved (CC BY-NC);",1,cc_by_nc
"Photo: (c) monac, some rights reserved (CC BY-NC);",1,cc_by_nc
"Photo: (c) monbeanie, some rights reserved (CC BY-NC);",1,cc_by_nc
"Photo: (c) moninya, some rights reserved (CC BY-NC);",1,cc_by_nc
"Photo: (c) monjere, some rights reserved (CC BY-NC);",1,cc_by_nc
"Photo: (c) monkkee, some rights reserved (CC BY-NC);",1,cc_by_nc
"Photo: (c) moon-jones, some rights reserved (CC BY-NC);",1,cc_by_nc
"Photo: (c) moreporkho, some rights reserved (CC BY-NC);",1,cc_by_nc
"Photo: (c) morgan0, some rights reserved (CC BY-NC);",1,cc_by_nc
"Photo: (c) mortlake, some rights reserved (CC BY-NC);",1,cc_by_nc
"Photo: (c) mosen, some rights reserved (CC BY-NC);",1,cc_by_nc
"Photo: (c) mosshouse, some rights reserved (CC BY-NC);",1,cc_by_nc
"Photo: (c) mothman, some rights reserved (CC BY-NC);",1,cc_by_nc
"Photo: (c) motutapuamelia, some rights reserved (CC BY-NC);",1,cc_by_nc
"Photo: (c) motutara, some rights reserved (CC BY-NC);",1,cc_by_nc
"Photo: (c) mountain-apothecary, some rights reserved (CC BY-NC);",1,cc_by_nc
"Photo: (c) mpr, some rights reserved (CC BY-NC);",1,cc_by_nc
"Photo: (c) mrbong, some rights reserved (CC BY-NC);",1,cc_by_nc
"Photo: (c) mrgoodguy, some rights reserved (CC BY-NC);",1,cc_by_nc
"Photo: (c) mrmycelium, some rights reserved (CC BY-NC);",1,cc_by_nc
"Photo: (c) mrsbt, some rights reserved (CC BY-NC);",1,cc_by_nc
"Photo: (c) mrsdee, some rights reserved (CC BY-NC);",1,cc_by_nc
"Photo: (c) msellers, some rights reserved (CC BY-NC);",1,cc_by_nc
"Photo: (c) mslimin, some rights reserved (CC BY-NC);",1,cc_by_nc
"Photo: (c) mspearing, some rights reserved (CC BY-NC);",1,cc_by_nc
"Photo: (c) mspurple, some rights reserved (CC BY-NC);",1,cc_by_nc
"Photo: (c) msteenhauer, some rights reserved (CC BY-NC);",1,cc_by_nc
"Photo: (c) msthomsen, some rights reserved (CC BY-NC);",1,cc_by_nc
"Photo: (c) mstirling, some rights reserved (CC BY-NC);",1,cc_by_nc
"Photo: (c) mt-nimrod, some rights reserved (CC BY-NC);",1,cc_by_nc
"Photo: (c) mtbskier, some rights reserved (CC BY-NC);",1,cc_by_nc
"Photo: (c) mtopia, some rights reserved (CC BY-NC);",1,cc_by_nc
"Photo: (c) murray-carol, some rights reserved (CC BY-NC);",1,cc_by_nc
"Photo: (c) murrayefford, some rights reserved (CC BY-NC);",1,cc_by_nc
"Photo: (c) murrayi, some rights reserved (CC BY-NC);",1,cc_by_nc
"Photo: (c) museumed, some rights reserved (CC BY-NC);",1,cc_by_nc
"Photo: (c) mushitup, some rights reserved (CC BY-NC);",1,cc_by_nc
"Photo: (c) mushroomqueers, some rights reserved (CC BY-NC);",1,cc_by_nc
"Photo: (c) musiogeek182, some rights reserved (CC BY-NC);",1,cc_by_nc
"Photo: (c) muzza70, some rights reserved (CC BY-NC);",1,cc_by_nc
"Photo: (c) muzzab82, some rights reserved (CC BY-NC);",1,cc_by_nc
"Photo: (c) myfdoughty, some rights reserved (CC BY-NC);",1,cc_by_nc
"Photo: (c) myjennaay, some rights reserved (CC BY-NC);",1,cc_by_nc
"Photo: (c) myles_mackintosh, some rights reserved (CC BY-NC);",1,cc_by_nc
"Photo: (c) myloveanime, some rights reserved (CC BY-NC);",1,cc_by_nc
"Photo: (c) mysticnodule, some rights reserved (CC BY-NC);",1,cc_by_nc
"Photo: (c) myuser, some rights reserved (CC BY-NC);",1,cc_by_nc
"Photo: (c) na0mi, some rights reserved (CC BY-NC);",1,cc_by_nc
"Photo: (c) nadar7, some rights reserved (CC BY-NC);",1,cc_by_nc
"Photo: (c) nadiamcneilly1, some rights reserved (CC BY-NC);",1,cc_by_nc
"Photo: (c) nadxn, some rights reserved (CC BY-NC);",1,cc_by_nc
"Photo: (c) nagsminxy, some rights reserved (CC BY-NC);",1,cc_by_nc
"Photo: (c) naki1318, some rights reserved (CC BY-NC);",1,cc_by_nc
"Photo: (c) namy1117, some rights reserved (CC BY-NC);",1,cc_by_nc
"Photo: (c) nandacmac, some rights reserved (CC BY-NC);",1,cc_by_nc
"Photo: (c) nandinibhalla43, some rights reserved (CC BY-NC);",1,cc_by_nc
"Photo: (c) naokoincassagne, some rights reserved (CC BY-NC);",1,cc_by_nc
"Photo: (c) naomicol, some rights reserved (CC BY-NC);",1,cc_by_nc
"Photo: (c) nat83, some rights reserved (CC BY-NC);",1,cc_by_nc
"Photo: (c) nataliawaaka, some rights reserved (CC BY-NC);",1,cc_by_nc
"Photo: (c) nataliet, some rights reserved (CC BY-NC);",1,cc_by_nc
"Photo: (c) natashaj, some rights reserved (CC BY-NC);",1,cc_by_nc
"Photo: (c) natashatakie, some rights reserved (CC BY-NC);",1,cc_by_nc
"Photo: (c) nathan_lightbourne, some rights reserved (CC BY-NC);",1,cc_by_nc
"Photo: (c) nathanmccauley, some rights reserved (CC BY-NC);",1,cc_by_nc
"Photo: (c) nativeben, some rights reserved (CC BY-NC);",1,cc_by_nc
"Photo: (c) nature4solution, some rights reserved (CC BY-NC);",1,cc_by_nc
"Photo: (c) nature9876, some rights reserved (CC BY-NC);",1,cc_by_nc
"Photo: (c) naturemen, some rights reserved (CC BY-NC);",1,cc_by_nc
"Photo: (c) naturepips, some rights reserved (CC BY-NC);",1,cc_by_nc
"Photo: (c) natureschoolnz, some rights reserved (CC BY-NC);",1,cc_by_nc
"Photo: (c) naturesmiths, some rights reserved (CC BY-NC);",1,cc_by_nc
"Photo: (c) nauticfinder, some rights reserved (CC BY-NC);",1,cc_by_nc
"Photo: (c) naylamarla, some rights reserved (CC BY-NC);",1,cc_by_nc
"Photo: (c) nazomi, some rights reserved (CC BY-NC);",1,cc_by_nc
"Photo: (c) neddy49, some rights reserved (CC BY-NC);",1,cc_by_nc
"Photo: (c) neenapage, some rights reserved (CC BY-NC);",1,cc_by_nc
"Photo: (c) neesh-neesh1429, some rights reserved (CC BY-NC);",1,cc_by_nc
"Photo: (c) neets77, some rights reserved (CC BY-NC);",1,cc_by_nc
"Photo: (c) neilbutterworth, some rights reserved (CC BY-NC);",1,cc_by_nc
"Photo: (c) nellie11, some rights reserved (CC BY-NC);",1,cc_by_nc
"Photo: (c) nellieboyle, some rights reserved (CC BY-NC);",1,cc_by_nc
"Photo: (c) nelsonnick, some rights reserved (CC BY-NC);",1,cc_by_nc
"Photo: (c) neptunesnecklace, some rights reserved (CC BY-NC);",1,cc_by_nc
"Photo: (c) nereus, some rights reserved (CC BY-NC);",1,cc_by_nc
"Photo: (c) nevillemontefiore, some rights reserved (CC BY-NC);",1,cc_by_nc
"Photo: (c) nextdoor, some rights reserved (CC BY-NC);",1,cc_by_nc
"Photo: (c) nezaloth, some rights reserved (CC BY-NC);",1,cc_by_nc
"Photo: (c) nezaloth_the_sloth, some rights reserved (CC BY-NC);",1,cc_by_nc
"Photo: (c) nfl28, some rights reserved (CC BY-NC);",1,cc_by_nc
"Photo: (c) nfl29, some rights reserved (CC BY-NC);",1,cc_by_nc
"Photo: (c) nfl31, some rights reserved (CC BY-NC);",1,cc_by_nc
"Photo: (c) nfl36, some rights reserved (CC BY-NC);",1,cc_by_nc
"Photo: (c) nfl53, some rights reserved (CC BY-NC);",1,cc_by_nc
"Photo: (c) nfl890, some rights reserved (CC BY-NC);",1,cc_by_nc
"Photo: (c) nfledg, some rights reserved (CC BY-NC);",1,cc_by_nc
"Photo: (c) nflrai, some rights reserved (CC BY-NC);",1,cc_by_nc
"Photo: (c) ngaheredan, some rights reserved (CC BY-NC);",1,cc_by_nc
"Photo: (c) ngatahihub1, some rights reserved (CC BY-NC);",1,cc_by_nc
"Photo: (c) ngatimotienviro, some rights reserved (CC BY-NC);",1,cc_by_nc
"Photo: (c) ngaumu17, some rights reserved (CC BY-NC);",1,cc_by_nc
"Photo: (c) ngm, some rights reserved (CC BY-NC);",1,cc_by_nc
"Photo: (c) niamh_barnett, some rights reserved (CC BY-NC);",1,cc_by_nc
"Photo: (c) nic101, some rights reserved (CC BY-NC);",1,cc_by_nc
"Photo: (c) nice_pozi_landscapes, some rights reserved (CC BY-NC);",1,cc_by_nc
"Photo: (c) nicholle_m, some rights reserved (CC BY-NC);",1,cc_by_nc
"Photo: (c) nicjackson, some rights reserved (CC BY-NC);",1,cc_by_nc
"Photo: (c) nickg, some rights reserved (CC BY-NC);",1,cc_by_nc
"Photo: (c) nickimay, some rights reserved (CC BY-NC);",1,cc_by_nc
"Photo: (c) nickwhiu, some rights reserved (CC BY-NC);",1,cc_by_nc
"Photo: (c) nickyc, some rights reserved (CC BY-NC);",1,cc_by_nc
"Photo: (c) nicolajackson, some rights reserved (CC BY-NC);",1,cc_by_nc
"Photo: (c) nicoleawilliams, some rights reserved (CC BY-NC);",1,cc_by_nc
"Photo: (c) nicolepeake, some rights reserved (CC BY-NC);",1,cc_by_nc
"Photo: (c) nicoleschlager, some rights reserved (CC BY-NC);",1,cc_by_nc
"Photo: (c) nicoletai, some rights reserved (CC BY-NC);",1,cc_by_nc
"Photo: (c) nicolettesummer, some rights reserved (CC BY-NC);",1,cc_by_nc
"Photo: (c) nigelbartosh, some rights reserved (CC BY-NC);",1,cc_by_nc
"Photo: (c) nigelmilius, some rights reserved (CC BY-NC);",1,cc_by_nc
"Photo: (c) night-ninjas, some rights reserved (CC BY-NC);",1,cc_by_nc
"Photo: (c) nikkiatbluff, some rights reserved (CC BY-NC);",1,cc_by_nc
"Photo: (c) nikkib18, some rights reserved (CC BY-NC);",1,cc_by_nc
"Photo: (c) nikkip25, some rights reserved (CC BY-NC);",1,cc_by_nc
"Photo: (c) nikkyp, some rights reserved (CC BY-NC);",1,cc_by_nc
"Photo: (c) nikmac, some rights reserved (CC BY-NC);",1,cc_by_nc
"Photo: (c) nina719, some rights reserved (CC BY-NC);",1,cc_by_nc
"Photo: (c) ninamum, some rights reserved (CC BY-NC);",1,cc_by_nc
"Photo: (c) ninarobb, some rights reserved (CC BY-NC);",1,cc_by_nc
"Photo: (c) ninu, some rights reserved (CC BY-NC);",1,cc_by_nc
"Photo: (c) nipjay, some rights reserved (CC BY-NC);",1,cc_by_nc
"Photo: (c) nissan, some rights reserved (CC BY-NC);",1,cc_by_nc
"Photo: (c) nlunson, some rights reserved (CC BY-NC);",1,cc_by_nc
"Photo: (c) nmertens01, some rights reserved (CC BY-NC);",1,cc_by_nc
"Photo: (c) noammarkus, some rights reserved (CC BY-NC);",1,cc_by_nc
"Photo: (c) noctornis, some rights reserved (CC BY-NC);",1,cc_by_nc
"Photo: (c) noel4711, some rights reserved (CC BY-NC);",1,cc_by_nc
"Photo: (c) noelleb, some rights reserved (CC BY-NC);",1,cc_by_nc
"Photo: (c) noelmeek, some rights reserved (CC BY-NC);",1,cc_by_nc
"Photo: (c) nooge, some rights reserved (CC BY-NC);",1,cc_by_nc
"Photo: (c) normk, some rights reserved (CC BY-NC);",1,cc_by_nc
"Photo: (c) northislandrobin, some rights reserved (CC BY-NC);",1,cc_by_nc
"Photo: (c) northlandsalvia, some rights reserved (CC BY-NC);",1,cc_by_nc
"Photo: (c) notad0ctor, some rights reserved (CC BY-NC);",1,cc_by_nc
"Photo: (c) nowatercare, some rights reserved (CC BY-NC);",1,cc_by_nc
"Photo: (c) npacs, some rights reserved (CC BY-NC);",1,cc_by_nc
"Photo: (c) nrccitsci, some rights reserved (CC BY-NC);",1,cc_by_nc
"Photo: (c) nswanson, some rights reserved (CC BY-NC);",1,cc_by_nc
"Photo: (c) nthorne, some rights reserved (CC BY-NC);",1,cc_by_nc
"Photo: (c) nwatch500, some rights reserved (CC BY-NC);",1,cc_by_nc
"Photo: (c) nyfiken, some rights reserved (CC BY-NC);",1,cc_by_nc
"Photo: (c) nzb, some rights reserved (CC BY-NC);",1,cc_by_nc
"Photo: (c) nzcharlie, some rights reserved (CC BY-NC);",1,cc_by_nc
"Photo: (c) nzcozio, some rights reserved (CC BY-NC);",1,cc_by_nc
"Photo: (c) nzjl, some rights reserved (CC BY-NC);",1,cc_by_nc
"Photo: (c) nzlhelen, some rights reserved (CC BY-NC);",1,cc_by_nc
"Photo: (c) nzmegan, some rights reserved (CC BY-NC);",1,cc_by_nc
"Photo: (c) nzmike, some rights reserved (CC BY-NC);",1,cc_by_nc
"Photo: (c) nzpanorama, some rights reserved (CC BY-NC);",1,cc_by_nc
"Photo: (c) nzric, some rights reserved (CC BY-NC);",1,cc_by_nc
"Photo: (c) nzsanpei, some rights reserved (CC BY-NC);",1,cc_by_nc
"Photo: (c) nzsdvs, some rights reserved (CC BY-NC);",1,cc_by_nc
"Photo: (c) nzsealiontrust, some rights reserved (CC BY-NC);",1,cc_by_nc
"Photo: (c) nzturtle, some rights reserved (CC BY-NC);",1,cc_by_nc
"Photo: (c) nzvorn, some rights reserved (CC BY-NC);",1,cc_by_nc
"Photo: (c) nzwildlifeheroeygj, some rights reserved (CC BY-NC);",1,cc_by_nc
"Photo: (c) o____o, some rights reserved (CC BY-NC);",1,cc_by_nc
"Photo: (c) oaelgamel, some rights reserved (CC BY-NC);",1,cc_by_nc
"Photo: (c) oakley, some rights reserved (CC BY-NC);",1,cc_by_nc
"Photo: (c) oaktree-kindergarten, some rights reserved (CC BY-NC);",1,cc_by_nc
"Photo: (c) obfusculate, some rights reserved (CC BY-NC);",1,cc_by_nc
"Photo: (c) obrl, some rights reserved (CC BY-NC);",1,cc_by_nc
"Photo: (c) oc19, some rights reserved (CC BY-NC);",1,cc_by_nc
"Photo: (c) octavia, some rights reserved (CC BY-NC);",1,cc_by_nc
"Photo: (c) oddjackit, some rights reserved (CC BY-NC);",1,cc_by_nc
"Photo: (c) oddotters, some rights reserved (CC BY-NC);",1,cc_by_nc
"Photo: (c) odenboogert, some rights reserved (CC BY-NC);",1,cc_by_nc
"Photo: (c) ofo16, some rights reserved (CC BY-NC);",1,cc_by_nc
"Photo: (c) oghs, some rights reserved (CC BY-NC);",1,cc_by_nc
"Photo: (c) ohaianeira, some rights reserved (CC BY-NC);",1,cc_by_nc
"Photo: (c) ojp20, some rights reserved (CC BY-NC);",1,cc_by_nc
"Photo: (c) okaihau, some rights reserved (CC BY-NC);",1,cc_by_nc
"Photo: (c) okari, some rights reserved (CC BY-NC);",1,cc_by_nc
"Photo: (c) okura, some rights reserved (CC BY-NC);",1,cc_by_nc
"Photo: (c) oldmate12345, some rights reserved (CC BY-NC);",1,cc_by_nc
"Photo: (c) oli007, some rights reserved (CC BY-NC);",1,cc_by_nc
"Photo: (c) olivebird, some rights reserved (CC BY-NC);",1,cc_by_nc
"Photo: (c) oliver2901, some rights reserved (CC BY-NC);",1,cc_by_nc
"Photo: (c) oliverduindam, some rights reserved (CC BY-NC);",1,cc_by_nc
"Photo: (c) oliverjames, some rights reserved (CC BY-NC);",1,cc_by_nc
"Photo: (c) oliviaisla, some rights reserved (CC BY-NC);",1,cc_by_nc
"Photo: (c) ollydean, some rights reserved (CC BY-NC);",1,cc_by_nc
"Photo: (c) omokoroapoint2, some rights reserved (CC BY-NC);",1,cc_by_nc
"Photo: (c) onceuponanisland, some rights reserved (CC BY-NC);",1,cc_by_nc
"Photo: (c) oneearthling, some rights reserved (CC BY-NC);",1,cc_by_nc
"Photo: (c) onelife, some rights reserved (CC BY-NC);",1,cc_by_nc
"Photo: (c) onnyxyz, some rights reserved (CC BY-NC);",1,cc_by_nc
"Photo: (c) opunakeprimary, some rights reserved (CC BY-NC);",1,cc_by_nc
"Photo: (c) oranga, some rights reserved (CC BY-NC);",1,cc_by_nc
"Photo: (c) oreoella, some rights reserved (CC BY-NC);",1,cc_by_nc
"Photo: (c) orinoco, some rights reserved (CC BY-NC);",1,cc_by_nc
"Photo: (c) oriphinz, some rights reserved (CC BY-NC);",1,cc_by_nc
"Photo: (c) orlahill, some rights reserved (CC BY-NC);",1,cc_by_nc
"Photo: (c) oscariscool, some rights reserved (CC BY-NC);",1,cc_by_nc
"Photo: (c) otatara_school_room6, some rights reserved (CC BY-NC);",1,cc_by_nc
"Photo: (c) otautu, some rights reserved (CC BY-NC);",1,cc_by_nc
"Photo: (c) ourcelium55, some rights reserved (CC BY-NC);",1,cc_by_nc
"Photo: (c) owhaoko, some rights reserved (CC BY-NC);",1,cc_by_nc
"Photo: (c) owhaokoa, some rights reserved (CC BY-NC);",1,cc_by_nc
"Photo: (c) ox_lennon, some rights reserved (CC BY-NC);",1,cc_by_nc
"Photo: (c) p3124, some rights reserved (CC BY-NC);",1,cc_by_nc
"Photo: (c) pablonz, some rights reserved (CC BY-NC);",1,cc_by_nc
"Photo: (c) pafe, some rights reserved (CC BY-NC);",1,cc_by_nc
"Photo: (c) paigeandlachie, some rights reserved (CC BY-NC);",1,cc_by_nc
"Photo: (c) paldersley, some rights reserved (CC BY-NC);",1,cc_by_nc
"Photo: (c) paleyd, some rights reserved (CC BY-NC);",1,cc_by_nc
"Photo: (c) panther88, some rights reserved (CC BY-NC);",1,cc_by_nc
"Photo: (c) parip, some rights reserved (CC BY-NC);",1,cc_by_nc
"Photo: (c) parkyn, some rights reserved (CC BY-NC);",1,cc_by_nc
"Photo: (c) partazn, some rights reserved (CC BY-NC);",1,cc_by_nc
"Photo: (c) pathoffmann, some rights reserved (CC BY-NC);",1,cc_by_nc
"Photo: (c) patrickrenau, some rights reserved (CC BY-NC);",1,cc_by_nc
"Photo: (c) patswanson, some rights reserved (CC BY-NC);",1,cc_by_nc
"Photo: (c) patvb, some rights reserved (CC BY-NC);",1,cc_by_nc
"Photo: (c) paulacross, some rights reserved (CC BY-NC);",1,cc_by_nc
"Photo: (c) paulalou, some rights reserved (CC BY-NC);",1,cc_by_nc
"Photo: (c) paulbergman, some rights reserved (CC BY-NC);",1,cc_by_nc
"Photo: (c) paulfallen, some rights reserved (CC BY-NC);",1,cc_by_nc
"Photo: (c) paulhandlisae, some rights reserved (CC BY-NC);",1,cc_by_nc
"Photo: (c) paulinemarr26, some rights reserved (CC BY-NC);",1,cc_by_nc
"Photo: (c) paulprip, some rights reserved (CC BY-NC);",1,cc_by_nc
"Photo: (c) paulwilson, some rights reserved (CC BY-NC);",1,cc_by_nc
"Photo: (c) paulworsley, some rights reserved (CC BY-NC);",1,cc_by_nc
"Photo: (c) paxmonger, some rights reserved (CC BY-NC);",1,cc_by_nc
"Photo: (c) pdanver, some rights reserved (CC BY-NC);",1,cc_by_nc
"Photo: (c) pduder, some rights reserved (CC BY-NC);",1,cc_by_nc
"Photo: (c) peaknuckles, some rights reserved (CC BY-NC);",1,cc_by_nc
"Photo: (c) peasouper, some rights reserved (CC BY-NC);",1,cc_by_nc
"Photo: (c) pecherkiwi, some rights reserved (CC BY-NC);",1,cc_by_nc
"Photo: (c) pelserpb, some rights reserved (CC BY-NC);",1,cc_by_nc
"Photo: (c) peltzef, some rights reserved (CC BY-NC);",1,cc_by_nc
"Photo: (c) pembo, some rights reserved (CC BY-NC);",1,cc_by_nc
"Photo: (c) penelopecc, some rights reserved (CC BY-NC);",1,cc_by_nc
"Photo: (c) peony, some rights reserved (CC BY-NC);",1,cc_by_nc
"Photo: (c) pephers, some rights reserved (CC BY-NC);",1,cc_by_nc
"Photo: (c) peppaandgeorge, some rights reserved (CC BY-NC);",1,cc_by_nc
"Photo: (c) petechaplin, some rights reserved (CC BY-NC);",1,cc_by_nc
"Photo: (c) petehull, some rights reserved (CC BY-NC);",1,cc_by_nc
"Photo: (c) peterlanglands, some rights reserved (CC BY-NC);",1,cc_by_nc
"Photo: (c) petermackay, some rights reserved (CC BY-NC);",1,cc_by_nc
"Photo: (c) petermrost, some rights reserved (CC BY-NC);",1,cc_by_nc
"Photo: (c) peterramage, some rights reserved (CC BY-NC);",1,cc_by_nc
"Photo: (c) petervl, some rights reserved (CC BY-NC);",1,cc_by_nc
"Photo: (c) peterw999, some rights reserved (CC BY-NC);",1,cc_by_nc
"Photo: (c) pewaterhouse, some rights reserved (CC BY-NC);",1,cc_by_nc
"Photo: (c) pgeary, some rights reserved (CC BY-NC);",1,cc_by_nc
"Photo: (c) phil12345, some rights reserved (CC BY-NC);",1,cc_by_nc
"Photo: (c) phil615, some rights reserved (CC BY-NC);",1,cc_by_nc
"Photo: (c) philanyware, some rights reserved (CC BY-NC);",1,cc_by_nc
"Photo: (c) philbonham, some rights reserved (CC BY-NC);",1,cc_by_nc
"Photo: (c) philipgrainger, some rights reserved (CC BY-NC);",1,cc_by_nc
"Photo: (c) philippa231, some rights reserved (CC BY-NC);",1,cc_by_nc
"Photo: (c) philippajones, some rights reserved (CC BY-NC);",1,cc_by_nc
"Photo: (c) phillyphantailphan, some rights reserved (CC BY-NC);",1,cc_by_nc
"Photo: (c) philmitchell, some rights reserved (CC BY-NC);",1,cc_by_nc
"Photo: (c) philnorton, some rights reserved (CC BY-NC);",1,cc_by_nc
"Photo: (c) phoebecurrie, some rights reserved (CC BY-NC);",1,cc_by_nc
"Photo: (c) phoenixchick, some rights reserved (CC BY-NC);",1,cc_by_nc
"Photo: (c) phoward, some rights reserved (CC BY-NC);",1,cc_by_nc
"Photo: (c) pierog, some rights reserved (CC BY-NC);",1,cc_by_nc
"Photo: (c) pigeonface, some rights reserved (CC BY-NC);",1,cc_by_nc
"Photo: (c) pihitia, some rights reserved (CC BY-NC);",1,cc_by_nc
"Photo: (c) pinesonggardener, some rights reserved (CC BY-NC);",1,cc_by_nc
"Photo: (c) pip_mcv, some rights reserved (CC BY-NC);",1,cc_by_nc
"Photo: (c) pipichan, some rights reserved (CC BY-NC);",1,cc_by_nc
"Photo: (c) pippacoard, some rights reserved (CC BY-NC);",1,cc_by_nc
"Photo: (c) pippad, some rights reserved (CC BY-NC);",1,cc_by_nc
"Photo: (c) pippeling, some rights reserved (CC BY-NC);",1,cc_by_nc
"Photo: (c) piwaka, some rights reserved (CC BY-NC);",1,cc_by_nc
"Photo: (c) piwakawak8, some rights reserved (CC BY-NC);",1,cc_by_nc
"Photo: (c) piwakawaka77, some rights reserved (CC BY-NC);",1,cc_by_nc
"Photo: (c) pjren, some rights reserved (CC BY-NC);",1,cc_by_nc
"Photo: (c) plantcrazy007, some rights reserved (CC BY-NC);",1,cc_by_nc
"Photo: (c) plantsnz, some rights reserved (CC BY-NC);",1,cc_by_nc
"Photo: (c) plantyplant1357, some rights reserved (CC BY-NC);",1,cc_by_nc
"Photo: (c) platycercus, some rights reserved (CC BY-NC);",1,cc_by_nc
"Photo: (c) pohutukawa19, some rights reserved (CC BY-NC);",1,cc_by_nc
"Photo: (c) pohutukawaland, some rights reserved (CC BY-NC);",1,cc_by_nc
"Photo: (c) pookie, some rights reserved (CC BY-NC);",1,cc_by_nc
"Photo: (c) popkorn081, some rights reserved (CC BY-NC);",1,cc_by_nc
"Photo: (c) poppiam, some rights reserved (CC BY-NC);",1,cc_by_nc
"Photo: (c) popsqueaker, some rights reserved (CC BY-NC);",1,cc_by_nc
"Photo: (c) ppmaclean, some rights reserved (CC BY-NC);",1,cc_by_nc
"Photo: (c) pragprasad, some rights reserved (CC BY-NC);",1,cc_by_nc
"Photo: (c) pro6148912, some rights reserved (CC BY-NC);",1,cc_by_nc
"Photo: (c) projectkereru, some rights reserved (CC BY-NC);",1,cc_by_nc
"Photo: (c) promite, some rights reserved (CC BY-NC);",1,cc_by_nc
"Photo: (c) psales, some rights reserved (CC BY-NC);",1,cc_by_nc
"Photo: (c) psherpa, some rights reserved (CC BY-NC);",1,cc_by_nc
"Photo: (c) psygym, some rights reserved (CC BY-NC);",1,cc_by_nc
"Photo: (c) pthomsen, some rights reserved (CC BY-NC);",1,cc_by_nc
"Photo: (c) ptoschi, some rights reserved (CC BY-NC);",1,cc_by_nc
"Photo: (c) ptukua, some rights reserved (CC BY-NC);",1,cc_by_nc
"Photo: (c) pukaha, some rights reserved (CC BY-NC);",1,cc_by_nc
"Photo: (c) pukeko3, some rights reserved (CC BY-NC);",1,cc_by_nc
"Photo: (c) pweir, some rights reserved (CC BY-NC);",1,cc_by_nc
"Photo: (c) quantay, some rights reserved (CC BY-NC);",1,cc_by_nc
"Photo: (c) quicksand, some rights reserved (CC BY-NC);",1,cc_by_nc
"Photo: (c) quincy12345, some rights reserved (CC BY-NC);",1,cc_by_nc
"Photo: (c) quirkeemma, some rights reserved (CC BY-NC);",1,cc_by_nc
"Photo: (c) qwerty, some rights reserved (CC BY-NC);",1,cc_by_nc
"Photo: (c) r_newton1234, some rights reserved (CC BY-NC);",1,cc_by_nc
"Photo: (c) raakaunui, some rights reserved (CC BY-NC);",1,cc_by_nc
"Photo: (c) rab, some rights reserved (CC BY-NC);",1,cc_by_nc
"Photo: (c) rachab, some rights reserved (CC BY-NC);",1,cc_by_nc
"Photo: (c) rachael_sare, some rights reserved (CC BY-NC);",1,cc_by_nc
"Photo: (c) rachelbottcher11, some rights reserved (CC BY-NC);",1,cc_by_nc
"Photo: (c) rachelfewster, some rights reserved (CC BY-NC);",1,cc_by_nc
"Photo: (c) rachelgnz, some rights reserved (CC BY-NC);",1,cc_by_nc
"Photo: (c) rachelstaughton, some rights reserved (CC BY-NC);",1,cc_by_nc
"Photo: (c) rachkelly, some rights reserved (CC BY-NC);",1,cc_by_nc
"Photo: (c) rachliz, some rights reserved (CC BY-NC);",1,cc_by_nc
"Photo: (c) rachykins, some rights reserved (CC BY-NC);",1,cc_by_nc
"Photo: (c) rae-rae, some rights reserved (CC BY-NC);",1,cc_by_nc
"Photo: (c) rae_yee, some rights reserved (CC BY-NC);",1,cc_by_nc
"Photo: (c) raenicholls, some rights reserved (CC BY-NC);",1,cc_by_nc
"Photo: (c) ragnew, some rights reserved (CC BY-NC);",1,cc_by_nc
"Photo: (c) rainerv, some rights reserved (CC BY-NC);",1,cc_by_nc
"Photo: (c) rakaia, some rights reserved (CC BY-NC);",1,cc_by_nc
"Photo: (c) ramekakid, some rights reserved (CC BY-NC);",1,cc_by_nc
"Photo: (c) ramonaradford, some rights reserved (CC BY-NC);",1,cc_by_nc
"Photo: (c) randall_milne, some rights reserved (CC BY-NC);",1,cc_by_nc
"Photo: (c) rangervan, some rights reserved (CC BY-NC);",1,cc_by_nc
"Photo: (c) rangisisters, some rights reserved (CC BY-NC);",1,cc_by_nc
"Photo: (c) raniamba, some rights reserved (CC BY-NC);",1,cc_by_nc
"Photo: (c) raspberryyoghurt, some rights reserved (CC BY-NC);",1,cc_by_nc
"Photo: (c) rawhiti-waiti, some rights reserved (CC BY-NC);",1,cc_by_nc
"Photo: (c) rawsonk, some rights reserved (CC BY-NC);",1,cc_by_nc
"Photo: (c) ray_turnbull, some rights reserved (CC BY-NC);",1,cc_by_nc
"Photo: (c) raylenep, some rights reserved (CC BY-NC);",1,cc_by_nc
"Photo: (c) rbrooking, some rights reserved (CC BY-NC);",1,cc_by_nc
"Photo: (c) rc6750, some rights reserved (CC BY-NC);",1,cc_by_nc
"Photo: (c) rcmacwan, some rights reserved (CC BY-NC);",1,cc_by_nc
"Photo: (c) rdelj, some rights reserved (CC BY-NC);",1,cc_by_nc
"Photo: (c) re77gin, some rights reserved (CC BY-NC);",1,cc_by_nc
"Photo: (c) reasearch, some rights reserved (CC BY-NC);",1,cc_by_nc
"Photo: (c) rebecca solomon, some rights reserved (CC BY-NC);",1,cc_by_nc
"Photo: (c) rebecca072, some rights reserved (CC BY-NC);",1,cc_by_nc
"Photo: (c) redclare, some rights reserved (CC BY-NC);",1,cc_by_nc
"Photo: (c) redgirl, some rights reserved (CC BY-NC);",1,cc_by_nc
"Photo: (c) redrata, some rights reserved (CC BY-NC);",1,cc_by_nc
"Photo: (c) redshoes, some rights reserved (CC BY-NC);",1,cc_by_nc
"Photo: (c) redtuibravo, some rights reserved (CC BY-NC);",1,cc_by_nc
"Photo: (c) reefasmoke06, some rights reserved (CC BY-NC);",1,cc_by_nc
"Photo: (c) remarkable, some rights reserved (CC BY-NC);",1,cc_by_nc
"Photo: (c) remco, some rights reserved (CC BY-NC);",1,cc_by_nc
"Photo: (c) remcodeket, some rights reserved (CC BY-NC);",1,cc_by_nc
"Photo: (c) renb, some rights reserved (CC BY-NC);",1,cc_by_nc
"Photo: (c) renter43, some rights reserved (CC BY-NC);",1,cc_by_nc
"Photo: (c) renzooscar, some rights reserved (CC BY-NC);",1,cc_by_nc
"Photo: (c) reservenz, some rights reserved (CC BY-NC);",1,cc_by_nc
"Photo: (c) reteleon, some rights reserved (CC BY-NC);",1,cc_by_nc
"Photo: (c) retr0, some rights reserved (CC BY-NC);",1,cc_by_nc
"Photo: (c) reubenlane, some rights reserved (CC BY-NC);",1,cc_by_nc
"Photo: (c) reubenrorrison, some rights reserved (CC BY-NC);",1,cc_by_nc
"Photo: (c) revert, some rights reserved (CC BY-NC);",1,cc_by_nc
"Photo: (c) rgeursen, some rights reserved (CC BY-NC);",1,cc_by_nc
"Photo: (c) rgordonjones, some rights reserved (CC BY-NC);",1,cc_by_nc
"Photo: (c) rgpowlesland, some rights reserved (CC BY-NC);",1,cc_by_nc
"Photo: (c) rhianbh, some rights reserved (CC BY-NC);",1,cc_by_nc
"Photo: (c) rhino, some rights reserved (CC BY-NC);",1,cc_by_nc
"Photo: (c) ricada, some rights reserved (CC BY-NC);",1,cc_by_nc
"Photo: (c) richard_brathwaite, some rights reserved (CC BY-NC);",1,cc_by_nc
"Photo: (c) richardanness, some rights reserved (CC BY-NC);",1,cc_by_nc
"Photo: (c) richards, some rights reserved (CC BY-NC);",1,cc_by_nc
"Photo: (c) richardsuggate, some rights reserved (CC BY-NC);",1,cc_by_nc
"Photo: (c) richellehewin, some rights reserved (CC BY-NC);",1,cc_by_nc
"Photo: (c) richm7, some rights reserved (CC BY-NC);",1,cc_by_nc
"Photo: (c) richoffman, some rights reserved (CC BY-NC);",1,cc_by_nc
"Photo: (c) rick_jochem, some rights reserved (CC BY-NC);",1,cc_by_nc
"Photo: (c) rickb, some rights reserved (CC BY-NC);",1,cc_by_nc
"Photo: (c) ricksanchezz, some rights reserved (CC BY-NC);",1,cc_by_nc
"Photo: (c) rickymcm, some rights reserved (CC BY-NC);",1,cc_by_nc
"Photo: (c) ricroco, some rights reserved (CC BY-NC);",1,cc_by_nc
"Photo: (c) rigjig, some rights reserved (CC BY-NC);",1,cc_by_nc
"Photo: (c) rimu2017, some rights reserved (CC BY-NC);",1,cc_by_nc
"Photo: (c) rincewind3, some rights reserved (CC BY-NC);",1,cc_by_nc
"Photo: (c) ringi, some rights reserved (CC BY-NC);",1,cc_by_nc
"Photo: (c) ritamanu, some rights reserved (CC BY-NC);",1,cc_by_nc
"Photo: (c) rivergirl, some rights reserved (CC BY-NC);",1,cc_by_nc
"Photo: (c) riverrecoveryfinder, some rights reserved (CC BY-NC);",1,cc_by_nc
"Photo: (c) riwalton, some rights reserved (CC BY-NC);",1,cc_by_nc
"Photo: (c) rkar2931, some rights reserved (CC BY-NC);",1,cc_by_nc
"Photo: (c) rlmrdl, some rights reserved (CC BY-NC);",1,cc_by_nc
"Photo: (c) rmdenton, some rights reserved (CC BY-NC);",1,cc_by_nc
"Photo: (c) rmegerman, some rights reserved (CC BY-NC);",1,cc_by_nc
"Photo: (c) rmilne, some rights reserved (CC BY-NC);",1,cc_by_nc
"Photo: (c) rob71, some rights reserved (CC BY-NC);",1,cc_by_nc
"Photo: (c) robbiebgraham, some rights reserved (CC BY-NC);",1,cc_by_nc
"Photo: (c) robert atkinson, some rights reserved (CC BY-NC);",1,cc_by_nc
"Photo: (c) robertjohnbeattie, some rights reserved (CC BY-NC);",1,cc_by_nc
"Photo: (c) robertkurz, some rights reserved (CC BY-NC);",1,cc_by_nc
"Photo: (c) robertmilne, some rights reserved (CC BY-NC);",1,cc_by_nc
"Photo: (c) roberto_costantino, some rights reserved (CC BY-NC);",1,cc_by_nc
"Photo: (c) robertp, some rights reserved (CC BY-NC);",1,cc_by_nc
"Photo: (c) robertreid1998, some rights reserved (CC BY-NC);",1,cc_by_nc
"Photo: (c) robingrace, some rights reserved (CC BY-NC);",1,cc_by_nc
"Photo: (c) robthepom, some rights reserved (CC BY-NC);",1,cc_by_nc
"Photo: (c) robyn_b, some rights reserved (CC BY-NC);",1,cc_by_nc
"Photo: (c) robynetto, some rights reserved (CC BY-NC);",1,cc_by_nc
"Photo: (c) robynhalfe, some rights reserved (CC BY-NC);",1,cc_by_nc
"Photo: (c) robynmark, some rights reserved (CC BY-NC);",1,cc_by_nc
"Photo: (c) robynpepperell, some rights reserved (CC BY-NC);",1,cc_by_nc
"Photo: (c) rock_wren, some rights reserved (CC BY-NC);",1,cc_by_nc
"Photo: (c) rockyrhoad, some rights reserved (CC BY-NC);",1,cc_by_nc
"Photo: (c) rockyzee, some rights reserved (CC BY-NC);",1,cc_by_nc
"Photo: (c) rodingj, some rights reserved (CC BY-NC);",1,cc_by_nc
"Photo: (c) rodsta, some rights reserved (CC BY-NC);",1,cc_by_nc
"Photo: (c) rofi400, some rights reserved (CC BY-NC);",1,cc_by_nc
"Photo: (c) rogerbio, some rights reserved (CC BY-NC);",1,cc_by_nc
"Photo: (c) rogerjamesbelton, some rights reserved (CC BY-NC);",1,cc_by_nc
"Photo: (c) rogerw, some rights reserved (CC BY-NC);",1,cc_by_nc
"Photo: (c) rogier, some rights reserved (CC BY-NC);",1,cc_by_nc
"Photo: (c) roisinj, some rights reserved (CC BY-NC);",1,cc_by_nc
"Photo: (c) rolien, some rights reserved (CC BY-NC);",1,cc_by_nc
"Photo: (c) rolsty, some rights reserved (CC BY-NC);",1,cc_by_nc
"Photo: (c) rom250, some rights reserved (CC BY-NC);",1,cc_by_nc
"Photo: (c) ronandcat, some rights reserved (CC BY-NC);",1,cc_by_nc
"Photo: (c) ronavery, some rights reserved (CC BY-NC);",1,cc_by_nc
"Photo: (c) ronnie72, some rights reserved (CC BY-NC);",1,cc_by_nc
"Photo: (c) ronnocom, some rights reserved (CC BY-NC);",1,cc_by_nc
"Photo: (c) ronny, some rights reserved (CC BY-NC);",1,cc_by_nc
"Photo: (c) room10, some rights reserved (CC BY-NC);",1,cc_by_nc
"Photo: (c) room11kelburn, some rights reserved (CC BY-NC);",1,cc_by_nc
"Photo: (c) room13swas, some rights reserved (CC BY-NC);",1,cc_by_nc
"Photo: (c) room17vic, some rights reserved (CC BY-NC);",1,cc_by_nc
"Photo: (c) room3ngaere, some rights reserved (CC BY-NC);",1,cc_by_nc
"Photo: (c) room5, some rights reserved (CC BY-NC);",1,cc_by_nc
"Photo: (c) room7, some rights reserved (CC BY-NC);",1,cc_by_nc
"Photo: (c) room9, some rights reserved (CC BY-NC);",1,cc_by_nc
"Photo: (c) roryjones, some rights reserved (CC BY-NC);",1,cc_by_nc
"Photo: (c) ros79, some rights reserved (CC BY-NC);",1,cc_by_nc
"Photo: (c) rosamarie, some rights reserved (CC BY-NC);",1,cc_by_nc
"Photo: (c) roscolmenar, some rights reserved (CC BY-NC);",1,cc_by_nc
"Photo: (c) rosedavies, some rights reserved (CC BY-NC);",1,cc_by_nc
"Photo: (c) rosemary119, some rights reserved (CC BY-NC);",1,cc_by_nc
"Photo: (c) rosemary_taggart, some rights reserved (CC BY-NC);",1,cc_by_nc
"Photo: (c) rosemaryanneb, some rights reserved (CC BY-NC);",1,cc_by_nc
"Photo: (c) roshua14, some rights reserved (CC BY-NC);",1,cc_by_nc
"Photo: (c) rosi, some rights reserved (CC BY-NC);",1,cc_by_nc
"Photo: (c) rosie, some rights reserved (CC BY-NC);",1,cc_by_nc
"Photo: (c) rouke, some rights reserved (CC BY-NC);",1,cc_by_nc
"Photo: (c) rovertw, some rights reserved (CC BY-NC);",1,cc_by_nc
"Photo: (c) rowanp, some rights reserved (CC BY-NC);",1,cc_by_nc
"Photo: (c) roz1e, some rights reserved (CC BY-NC);",1,cc_by_nc
"Photo: (c) rpmlibby, some rights reserved (CC BY-NC);",1,cc_by_nc
"Photo: (c) rsnaru, some rights reserved (CC BY-NC);",1,cc_by_nc
"Photo: (c) rubzkitty, some rights reserved (CC BY-NC);",1,cc_by_nc
"Photo: (c) rupepe, some rights reserved (CC BY-NC);",1,cc_by_nc
"Photo: (c) russell1962, some rights reserved (CC BY-NC);",1,cc_by_nc
"Photo: (c) russellw, some rights reserved (CC BY-NC);",1,cc_by_nc
"Photo: (c) rutger64, some rights reserved (CC BY-NC);",1,cc_by_nc
"Photo: (c) ruthy, some rights reserved (CC BY-NC);",1,cc_by_nc
"Photo: (c) ryanbrookskiwi, some rights reserved (CC BY-NC);",1,cc_by_nc
"Photo: (c) s1nevn, some rights reserved (CC BY-NC);",1,cc_by_nc
"Photo: (c) s3mj2tb, some rights reserved (CC BY-NC);",1,cc_by_nc
"Photo: (c) sabrinasightings, some rights reserved (CC BY-NC);",1,cc_by_nc
"Photo: (c) safarinz, some rights reserved (CC BY-NC);",1,cc_by_nc
"Photo: (c) sagecottage, some rights reserved (CC BY-NC);",1,cc_by_nc
"Photo: (c) sallyeyre, some rights reserved (CC BY-NC);",1,cc_by_nc
"Photo: (c) sallywoods24, some rights reserved (CC BY-NC);",1,cc_by_nc
"Photo: (c) sam_wanaka, some rights reserved (CC BY-NC);",1,cc_by_nc
"Photo: (c) samanthahbl, some rights reserved (CC BY-NC);",1,cc_by_nc
"Photo: (c) samback, some rights reserved (CC BY-NC);",1,cc_by_nc
"Photo: (c) same7777, some rights reserved (CC BY-NC);",1,cc_by_nc
"Photo: (c) samgerrie, some rights reserved (CC BY-NC);",1,cc_by_nc
"Photo: (c) samleary0, some rights reserved (CC BY-NC);",1,cc_by_nc
"Photo: (c) sampioen, some rights reserved (CC BY-NC);",1,cc_by_nc
"Photo: (c) samuelhansard, some rights reserved (CC BY-NC);",1,cc_by_nc
"Photo: (c) samwilliams, some rights reserved (CC BY-NC);",1,cc_by_nc
"Photo: (c) san04, some rights reserved (CC BY-NC);",1,cc_by_nc
"Photo: (c) sandrine-nelson, some rights reserved (CC BY-NC);",1,cc_by_nc
"Photo: (c) sandspit-spotter, some rights reserved (CC BY-NC);",1,cc_by_nc
"Photo: (c) sandy1, some rights reserved (CC BY-NC);",1,cc_by_nc
"Photo: (c) saniac, some rights reserved (CC BY-NC);",1,cc_by_nc
"Photo: (c) sanruk, some rights reserved (CC BY-NC);",1,cc_by_nc
"Photo: (c) santonc, some rights reserved (CC BY-NC);",1,cc_by_nc
"Photo: (c) sara3_t, some rights reserved (CC BY-NC);",1,cc_by_nc
"Photo: (c) sarahbramwell1964, some rights reserved (CC BY-NC);",1,cc_by_nc
"Photo: (c) sarahcoast, some rights reserved (CC BY-NC);",1,cc_by_nc
"Photo: (c) sarahhall, some rights reserved (CC BY-NC);",1,cc_by_nc
"Photo: (c) sarahhay, some rights reserved (CC BY-NC);",1,cc_by_nc
"Photo: (c) sarahjack, some rights reserved (CC BY-NC);",1,cc_by_nc
"Photo: (c) sarahmanktelow, some rights reserved (CC BY-NC);",1,cc_by_nc
"Photo: (c) sarahmoir, some rights reserved (CC BY-NC);",1,cc_by_nc
"Photo: (c) sarahprice, some rights reserved (CC BY-NC);",1,cc_by_nc
"Photo: (c) sarahwaller, some rights reserved (CC BY-NC);",1,cc_by_nc
"Photo: (c) sarahzonny, some rights reserved (CC BY-NC);",1,cc_by_nc
"Photo: (c) sariah96, some rights reserved (CC BY-NC);",1,cc_by_nc
"Photo: (c) sarikiri, some rights reserved (CC BY-NC);",1,cc_by_nc
"Photo: (c) sarmarilla, some rights reserved (CC BY-NC);",1,cc_by_nc
"Photo: (c) sasha84, some rights reserved (CC BY-NC);",1,cc_by_nc
"Photo: (c) sassyheli, some rights reserved (CC BY-NC);",1,cc_by_nc
"Photo: (c) sbgoldberg25, some rights reserved (CC BY-NC);",1,cc_by_nc
"Photo: (c) scanning, some rights reserved (CC BY-NC);",1,cc_by_nc
"Photo: (c) scauser, some rights reserved (CC BY-NC);",1,cc_by_nc
"Photo: (c) sccochran, some rights reserved (CC BY-NC);",1,cc_by_nc
"Photo: (c) sch366, some rights reserved (CC BY-NC);",1,cc_by_nc
"Photo: (c) schochr, some rights reserved (CC BY-NC);",1,cc_by_nc
"Photo: (c) schradersb, some rights reserved (CC BY-NC);",1,cc_by_nc
"Photo: (c) sciashleyc, some rights reserved (CC BY-NC);",1,cc_by_nc
"Photo: (c) scienceguy300, some rights reserved (CC BY-NC);",1,cc_by_nc
"Photo: (c) scobden, some rights reserved (CC BY-NC);",1,cc_by_nc
"Photo: (c) scottyandandrea, some rights reserved (CC BY-NC);",1,cc_by_nc
"Photo: (c) scottyboy, some rights reserved (CC BY-NC);",1,cc_by_nc
"Photo: (c) scouser62, some rights reserved (CC BY-NC);",1,cc_by_nc
"Photo: (c) scruffygoat, some rights reserved (CC BY-NC);",1,cc_by_nc
"Photo: (c) scummification, some rights reserved (CC BY-NC);",1,cc_by_nc
"Photo: (c) sdianas, some rights reserved (CC BY-NC);",1,cc_by_nc
"Photo: (c) sea_society, some rights reserved (CC BY-NC);",1,cc_by_nc
"Photo: (c) seaben40, some rights reserved (CC BY-NC);",1,cc_by_nc
"Photo: (c) seachelles, some rights reserved (CC BY-NC);",1,cc_by_nc
"Photo: (c) seafevernzl, some rights reserved (CC BY-NC);",1,cc_by_nc
"Photo: (c) seagroup, some rights reserved (CC BY-NC);",1,cc_by_nc
"Photo: (c) seanfunda, some rights reserved (CC BY-NC);",1,cc_by_nc
"Photo: (c) seaview, some rights reserved (CC BY-NC);",1,cc_by_nc
"Photo: (c) sebnznature, some rights reserved (CC BY-NC);",1,cc_by_nc
"Photo: (c) secteri, some rights reserved (CC BY-NC);",1,cc_by_nc
"Photo: (c) seera, some rights reserved (CC BY-NC);",1,cc_by_nc
"Photo: (c) selenabrown, some rights reserved (CC BY-NC);",1,cc_by_nc
"Photo: (c) selenarattray, some rights reserved (CC BY-NC);",1,cc_by_nc
"Photo: (c) serenityruth, some rights reserved (CC BY-NC);",1,cc_by_nc
"Photo: (c) serenrocksyt, some rights reserved (CC BY-NC);",1,cc_by_nc
"Photo: (c) sethdbsmith, some rights reserved (CC BY-NC);",1,cc_by_nc
"Photo: (c) sexta, some rights reserved (CC BY-NC);",1,cc_by_nc
"Photo: (c) sfitzgerald86, some rights reserved (CC BY-NC);",1,cc_by_nc
"Photo: (c) sfraser2008, some rights reserved (CC BY-NC);",1,cc_by_nc
"Photo: (c) sfwatts, some rights reserved (CC BY-NC);",1,cc_by_nc
"Photo: (c) sgardner, some rights reserved (CC BY-NC);",1,cc_by_nc
"Photo: (c) sgh_nw, some rights reserved (CC BY-NC);",1,cc_by_nc
"Photo: (c) shadezoforange, some rights reserved (CC BY-NC);",1,cc_by_nc
"Photo: (c) shagraha, some rights reserved (CC BY-NC);",1,cc_by_nc
"Photo: (c) sham442, some rights reserved (CC BY-NC);",1,cc_by_nc
"Photo: (c) shanaya, some rights reserved (CC BY-NC);",1,cc_by_nc
"Photo: (c) shanelhonore, some rights reserved (CC BY-NC);",1,cc_by_nc
"Photo: (c) shannonduncan, some rights reserved (CC BY-NC);",1,cc_by_nc
"Photo: (c) shannonmharley, some rights reserved (CC BY-NC);",1,cc_by_nc
"Photo: (c) shapi, some rights reserved (CC BY-NC);",1,cc_by_nc
"Photo: (c) sharonbyronmckay, some rights reserved (CC BY-NC);",1,cc_by_nc
"Photo: (c) sharonkiwi13, some rights reserved (CC BY-NC);",1,cc_by_nc
"Photo: (c) sharyng, some rights reserved (CC BY-NC);",1,cc_by_nc
"Photo: (c) shayman, some rights reserved (CC BY-NC);",1,cc_by_nc
"Photo: (c) shayne_harvey, some rights reserved (CC BY-NC);",1,cc_by_nc
"Photo: (c) shaz_ryan, some rights reserved (CC BY-NC);",1,cc_by_nc
"Photo: (c) shazixingxing, some rights reserved (CC BY-NC);",1,cc_by_nc
"Photo: (c) shelbyfi, some rights reserved (CC BY-NC);",1,cc_by_nc
"Photo: (c) sherylryland, some rights reserved (CC BY-NC);",1,cc_by_nc
"Photo: (c) shinerwright50, some rights reserved (CC BY-NC);",1,cc_by_nc
"Photo: (c) shirlean, some rights reserved (CC BY-NC);",1,cc_by_nc
"Photo: (c) shirleys, some rights reserved (CC BY-NC);",1,cc_by_nc
"Photo: (c) shirlst, some rights reserved (CC BY-NC);",1,cc_by_nc
"Photo: (c) shirousagi, some rights reserved (CC BY-NC);",1,cc_by_nc
"Photo: (c) shona_sam, some rights reserved (CC BY-NC);",1,cc_by_nc
"Photo: (c) shuen8, some rights reserved (CC BY-NC);",1,cc_by_nc
"Photo: (c) shumphries1, some rights reserved (CC BY-NC);",1,cc_by_nc
"Photo: (c) shwa1308, some rights reserved (CC BY-NC);",1,cc_by_nc
"Photo: (c) si_monster, some rights reserved (CC BY-NC);",1,cc_by_nc
"Photo: (c) sianandsean, some rights reserved (CC BY-NC);",1,cc_by_nc
"Photo: (c) siang93, some rights reserved (CC BY-NC);",1,cc_by_nc
"Photo: (c) sianunderthesea, some rights reserved (CC BY-NC);",1,cc_by_nc
"Photo: (c) sierrapixie, some rights reserved (CC BY-NC);",1,cc_by_nc
"Photo: (c) simmyd, some rights reserved (CC BY-NC);",1,cc_by_nc
"Photo: (c) simon bulman, some rights reserved (CC BY-NC);",1,cc_by_nc
"Photo: (c) simonkennett, some rights reserved (CC BY-NC);",1,cc_by_nc
"Photo: (c) simonkhr, some rights reserved (CC BY-NC);",1,cc_by_nc
"Photo: (c) simonnes, some rights reserved (CC BY-NC);",1,cc_by_nc
"Photo: (c) simplehuman, some rights reserved (CC BY-NC);",1,cc_by_nc
"Photo: (c) sina, some rights reserved (CC BY-NC);",1,cc_by_nc
"Photo: (c) sinnerg, some rights reserved (CC BY-NC);",1,cc_by_nc
"Photo: (c) sitszasadam, some rights reserved (CC BY-NC);",1,cc_by_nc
"Photo: (c) sjamieson, some rights reserved (CC BY-NC);",1,cc_by_nc
"Photo: (c) sjbrown, some rights reserved (CC BY-NC);",1,cc_by_nc
"Photo: (c) sjmorri, some rights reserved (CC BY-NC);",1,cc_by_nc
"Photo: (c) sjuber, some rights reserved (CC BY-NC);",1,cc_by_nc
"Photo: (c) skyler_m, some rights reserved (CC BY-NC);",1,cc_by_nc
"Photo: (c) slc12, some rights reserved (CC BY-NC);",1,cc_by_nc
"Photo: (c) sli196, some rights reserved (CC BY-NC);",1,cc_by_nc
"Photo: (c) slickultra, some rights reserved (CC BY-NC);",1,cc_by_nc
"Photo: (c) sllee, some rights reserved (CC BY-NC);",1,cc_by_nc
"Photo: (c) sluggery, some rights reserved (CC BY-NC);",1,cc_by_nc
"Photo: (c) smcaskin, some rights reserved (CC BY-NC);",1,cc_by_nc
"Photo: (c) smedmonds, some rights reserved (CC BY-NC);",1,cc_by_nc
"Photo: (c) smithcl, some rights reserved (CC BY-NC);",1,cc_by_nc
"Photo: (c) smithoid, some rights reserved (CC BY-NC);",1,cc_by_nc
"Photo: (c) smlfri, some rights reserved (CC BY-NC);",1,cc_by_nc
"Photo: (c) smorabit, some rights reserved (CC BY-NC);",1,cc_by_nc
"Photo: (c) snakegully, some rights reserved (CC BY-NC);",1,cc_by_nc
"Photo: (c) snitchybaby, some rights reserved (CC BY-NC);",1,cc_by_nc
"Photo: (c) snow, some rights reserved (CC BY-NC);",1,cc_by_nc
"Photo: (c) snowlight, some rights reserved (CC BY-NC);",1,cc_by_nc
"Photo: (c) snowmister, some rights reserved (CC BY-NC);",1,cc_by_nc
"Photo: (c) socalwombat, some rights reserved (CC BY-NC);",1,cc_by_nc
"Photo: (c) sogle, some rights reserved (CC BY-NC);",1,cc_by_nc
"Photo: (c) solaris421, some rights reserved (CC BY-NC);",1,cc_by_nc
"Photo: (c) soley, some rights reserved (CC BY-NC);",1,cc_by_nc
"Photo: (c) somerfield, some rights reserved (CC BY-NC);",1,cc_by_nc
"Photo: (c) soniavasconcelos, some rights reserved (CC BY-NC);",1,cc_by_nc
"Photo: (c) sonja-t, some rights reserved (CC BY-NC);",1,cc_by_nc
"Photo: (c) sonyarob, some rights reserved (CC BY-NC);",1,cc_by_nc
"Photo: (c) sophadms, some rights reserved (CC BY-NC);",1,cc_by_nc
"Photo: (c) sophie17, some rights reserved (CC BY-NC);",1,cc_by_nc
"Photo: (c) sophie_hall, some rights reserved (CC BY-NC);",1,cc_by_nc
"Photo: (c) sophiedruce, some rights reserved (CC BY-NC);",1,cc_by_nc
"Photo: (c) sophier, some rights reserved (CC BY-NC);",1,cc_by_nc
"Photo: (c) sophierose, some rights reserved (CC BY-NC);",1,cc_by_nc
"Photo: (c) sophiesladerobinson, some rights reserved (CC BY-NC);",1,cc_by_nc
"Photo: (c) soriah, some rights reserved (CC BY-NC);",1,cc_by_nc
"Photo: (c) sorrel, some rights reserved (CC BY-NC);",1,cc_by_nc
"Photo: (c) sortain, some rights reserved (CC BY-NC);",1,cc_by_nc
"Photo: (c) southcanterbury, some rights reserved (CC BY-NC);",1,cc_by_nc
"Photo: (c) sparkymcchoochoo, some rights reserved (CC BY-NC);",1,cc_by_nc
"Photo: (c) speciescoord, some rights reserved (CC BY-NC);",1,cc_by_nc
"Photo: (c) spencer_stapleton, some rights reserved (CC BY-NC);",1,cc_by_nc
"Photo: (c) speshals, some rights reserved (CC BY-NC);",1,cc_by_nc
"Photo: (c) spider_searches, some rights reserved (CC BY-NC);",1,cc_by_nc
"Photo: (c) spiritchi, some rights reserved (CC BY-NC);",1,cc_by_nc
"Photo: (c) spottygreybird, some rights reserved (CC BY-NC);",1,cc_by_nc
"Photo: (c) spud, some rights reserved (CC BY-NC);",1,cc_by_nc
"Photo: (c) spykerwolf, some rights reserved (CC BY-NC);",1,cc_by_nc
"Photo: (c) squirrelwatcher019, some rights reserved (CC BY-NC);",1,cc_by_nc
"Photo: (c) srkjaj, some rights reserved (CC BY-NC);",1,cc_by_nc
"Photo: (c) sscowen, some rights reserved (CC BY-NC);",1,cc_by_nc
"Photo: (c) sshergold, some rights reserved (CC BY-NC);",1,cc_by_nc
"Photo: (c) sste836, some rights reserved (CC BY-NC);",1,cc_by_nc
"Photo: (c) stacey325, some rights reserved (CC BY-NC);",1,cc_by_nc
"Photo: (c) stacyaw, some rights reserved (CC BY-NC);",1,cc_by_nc
"Photo: (c) stagr575, some rights reserved (CC BY-NC);",1,cc_by_nc
"Photo: (c) steffan_kraberger, some rights reserved (CC BY-NC);",1,cc_by_nc
"Photo: (c) stelas, some rights reserved (CC BY-NC);",1,cc_by_nc
"Photo: (c) stella162024, some rights reserved (CC BY-NC);",1,cc_by_nc
"Photo: (c) stephaniehill, some rights reserved (CC BY-NC);",1,cc_by_nc
"Photo: (c) stephenrichardward, some rights reserved (CC BY-NC);",1,cc_by_nc
"Photo: (c) stephenrowe, some rights reserved (CC BY-NC);",1,cc_by_nc
"Photo: (c) steve-h, some rights reserved (CC BY-NC);",1,cc_by_nc
"Photo: (c) steve4nature, some rights reserved (CC BY-NC);",1,cc_by_nc
"Photo: (c) steve_nz, some rights reserved (CC BY-NC);",1,cc_by_nc
"Photo: (c) steve_rate, some rights reserved (CC BY-NC);",1,cc_by_nc
"Photo: (c) steveb366, some rights reserved (CC BY-NC);",1,cc_by_nc
"Photo: (c) stevecp, some rights reserved (CC BY-NC);",1,cc_by_nc
"Photo: (c) stevehall, some rights reserved (CC BY-NC);",1,cc_by_nc
"Photo: (c) stevem, some rights reserved (CC BY-NC);",1,cc_by_nc
"Photo: (c) steveosborne, some rights reserved (CC BY-NC);",1,cc_by_nc
"Photo: (c) stevewattie, some rights reserved (CC BY-NC);",1,cc_by_nc
"Photo: (c) stimmins, some rights reserved (CC BY-NC);",1,cc_by_nc
"Photo: (c) stk091655, some rights reserved (CC BY-NC);",1,cc_by_nc
"Photo: (c) stream02, some rights reserved (CC BY-NC);",1,cc_by_nc
"Photo: (c) stuart60, some rights reserved (CC BY-NC);",1,cc_by_nc
"Photo: (c) stuartandrosie, some rights reserved (CC BY-NC);",1,cc_by_nc
"Photo: (c) stuartp7, some rights reserved (CC BY-NC);",1,cc_by_nc
"Photo: (c) studentsofconservationkaramea, some rights reserved (CC BY-NC);",1,cc_by_nc
"Photo: (c) stumpy68, some rights reserved (CC BY-NC);",1,cc_by_nc
"Photo: (c) stylezee, some rights reserved (CC BY-NC);",1,cc_by_nc
"Photo: (c) sue-ellen, some rights reserved (CC BY-NC);",1,cc_by_nc
"Photo: (c) sue_nz, some rights reserved (CC BY-NC);",1,cc_by_nc
"Photo: (c) sueandjohnstevens, some rights reserved (CC BY-NC);",1,cc_by_nc
"Photo: (c) suecb, some rights reserved (CC BY-NC);",1,cc_by_nc
"Photo: (c) suegroos, some rights reserved (CC BY-NC);",1,cc_by_nc
"Photo: (c) suejarvis, some rights reserved (CC BY-NC);",1,cc_by_nc
"Photo: (c) suejeffries, some rights reserved (CC BY-NC);",1,cc_by_nc
"Photo: (c) suelachenicht, some rights reserved (CC BY-NC);",1,cc_by_nc
"Photo: (c) suemcrae, some rights reserved (CC BY-NC);",1,cc_by_nc
"Photo: (c) sueylounz, some rights reserved (CC BY-NC);",1,cc_by_nc
"Photo: (c) sugaredtea, some rights reserved (CC BY-NC);",1,cc_by_nc
"Photo: (c) sujin_3, some rights reserved (CC BY-NC);",1,cc_by_nc
"Photo: (c) sullyi, some rights reserved (CC BY-NC);",1,cc_by_nc
"Photo: (c) summerwind87, some rights reserved (CC BY-NC);",1,cc_by_nc
"Photo: (c) sunishachahal, some rights reserved (CC BY-NC);",1,cc_by_nc
"Photo: (c) superant, some rights reserved (CC BY-NC);",1,cc_by_nc
"Photo: (c) superbevins, some rights reserved (CC BY-NC);",1,cc_by_nc
"Photo: (c) supernovah, some rights reserved (CC BY-NC);",1,cc_by_nc
"Photo: (c) sus21209, some rights reserved (CC BY-NC);",1,cc_by_nc
"Photo: (c) susanev, some rights reserved (CC BY-NC);",1,cc_by_nc
"Photo: (c) sushilshirke, some rights reserved (CC BY-NC);",1,cc_by_nc
"Photo: (c) susie_harper, some rights reserved (CC BY-NC);",1,cc_by_nc
"Photo: (c) sustainablesian, some rights reserved (CC BY-NC);",1,cc_by_nc
"Photo: (c) suy8, some rights reserved (CC BY-NC);",1,cc_by_nc
"Photo: (c) suz1482, some rights reserved (CC BY-NC);",1,cc_by_nc
"Photo: (c) suziw, some rights reserved (CC BY-NC);",1,cc_by_nc
"Photo: (c) svj, some rights reserved (CC BY-NC);",1,cc_by_nc
"Photo: (c) swampmonster7, some rights reserved (CC BY-NC);",1,cc_by_nc
"Photo: (c) swills, some rights reserved (CC BY-NC);",1,cc_by_nc
"Photo: (c) swinginggibbos, some rights reserved (CC BY-NC);",1,cc_by_nc
"Photo: (c) swnatgeo, some rights reserved (CC BY-NC);",1,cc_by_nc
"Photo: (c) sydk, some rights reserved (CC BY-NC);",1,cc_by_nc
"Photo: (c) sydmunro, some rights reserved (CC BY-NC);",1,cc_by_nc
"Photo: (c) syeoak, some rights reserved (CC BY-NC);",1,cc_by_nc
"Photo: (c) t22j, some rights reserved (CC BY-NC);",1,cc_by_nc
"Photo: (c) tacmoy, some rights reserved (CC BY-NC);",1,cc_by_nc
"Photo: (c) tadoy, some rights reserved (CC BY-NC);",1,cc_by_nc
"Photo: (c) taiawhio, some rights reserved (CC BY-NC);",1,cc_by_nc
"Photo: (c) tamablack, some rights reserved (CC BY-NC);",1,cc_by_nc
"Photo: (c) tamazon_19, some rights reserved (CC BY-NC);",1,cc_by_nc
"Photo: (c) tangaroak, some rights reserved (CC BY-NC);",1,cc_by_nc
"Photo: (c) tange, some rights reserved (CC BY-NC);",1,cc_by_nc
"Photo: (c) taniajudge, some rights reserved (CC BY-NC);",1,cc_by_nc
"Photo: (c) tanianz, some rights reserved (CC BY-NC);",1,cc_by_nc
"Photo: (c) tansybliss, some rights reserved (CC BY-NC);",1,cc_by_nc
"Photo: (c) tansyjane, some rights reserved (CC BY-NC);",1,cc_by_nc
"Photo: (c) tanyacollier, some rights reserved (CC BY-NC);",1,cc_by_nc
"Photo: (c) tanyamjohnson, some rights reserved (CC BY-NC);",1,cc_by_nc
"Photo: (c) tanzzz, some rights reserved (CC BY-NC);",1,cc_by_nc
"Photo: (c) tapu_fungi, some rights reserved (CC BY-NC);",1,cc_by_nc
"Photo: (c) tararuasjen, some rights reserved (CC BY-NC);",1,cc_by_nc
"Photo: (c) tararusty, some rights reserved (CC BY-NC);",1,cc_by_nc
"Photo: (c) tarbrical, some rights reserved (CC BY-NC);",1,cc_by_nc
"Photo: (c) tariselan, some rights reserved (CC BY-NC);",1,cc_by_nc
"Photo: (c) tarn18, some rights reserved (CC BY-NC);",1,cc_by_nc
"Photo: (c) tarn414, some rights reserved (CC BY-NC);",1,cc_by_nc
"Photo: (c) tarnalina, some rights reserved (CC BY-NC);",1,cc_by_nc
"Photo: (c) tarnzt, some rights reserved (CC BY-NC);",1,cc_by_nc
"Photo: (c) tarrrd, some rights reserved (CC BY-NC);",1,cc_by_nc
"Photo: (c) tarshrambo, some rights reserved (CC BY-NC);",1,cc_by_nc
"Photo: (c) tarynj, some rights reserved (CC BY-NC);",1,cc_by_nc
"Photo: (c) tashabc, some rights reserved (CC BY-NC);",1,cc_by_nc
"Photo: (c) tashmingo5, some rights reserved (CC BY-NC);",1,cc_by_nc
"Photo: (c) tawera, some rights reserved (CC BY-NC);",1,cc_by_nc
"Photo: (c) tawirik, some rights reserved (CC BY-NC);",1,cc_by_nc
"Photo: (c) tayla_jade, some rights reserved (CC BY-NC);",1,cc_by_nc
"Photo: (c) taylafurlong, some rights reserved (CC BY-NC);",1,cc_by_nc
"Photo: (c) taylah123, some rights reserved (CC BY-NC);",1,cc_by_nc
"Photo: (c) tayloab, some rights reserved (CC BY-NC);",1,cc_by_nc
"Photo: (c) taylorkaikoura, some rights reserved (CC BY-NC);",1,cc_by_nc
"Photo: (c) tazz, some rights reserved (CC BY-NC);",1,cc_by_nc
"Photo: (c) tbonn23, some rights reserved (CC BY-NC);",1,cc_by_nc
"Photo: (c) tchughes, some rights reserved (CC BY-NC);",1,cc_by_nc
"Photo: (c) te_ararauhi, some rights reserved (CC BY-NC);",1,cc_by_nc
"Photo: (c) teamokura, some rights reserved (CC BY-NC);",1,cc_by_nc
"Photo: (c) teampj, some rights reserved (CC BY-NC);",1,cc_by_nc
"Photo: (c) teamwilcox, some rights reserved (CC BY-NC);",1,cc_by_nc
"Photo: (c) tedscott, some rights reserved (CC BY-NC);",1,cc_by_nc
"Photo: (c) teeganhall, some rights reserved (CC BY-NC);",1,cc_by_nc
"Photo: (c) tegan09, some rights reserved (CC BY-NC);",1,cc_by_nc
"Photo: (c) tekuri, some rights reserved (CC BY-NC);",1,cc_by_nc
"Photo: (c) telshaw, some rights reserved (CC BY-NC);",1,cc_by_nc
"Photo: (c) tepatoa, some rights reserved (CC BY-NC);",1,cc_by_nc
"Photo: (c) terehia139, some rights reserved (CC BY-NC);",1,cc_by_nc
"Photo: (c) terriseon, some rights reserved (CC BY-NC);",1,cc_by_nc
"Photo: (c) terrynewlands, some rights reserved (CC BY-NC);",1,cc_by_nc
"Photo: (c) tethys_nz, some rights reserved (CC BY-NC);",1,cc_by_nc
"Photo: (c) tgonzalez55, some rights reserved (CC BY-NC);",1,cc_by_nc
"Photo: (c) thedavee, some rights reserved (CC BY-NC);",1,cc_by_nc
"Photo: (c) thegingerninja, some rights reserved (CC BY-NC);",1,cc_by_nc
"Photo: (c) thegrimfandango, some rights reserved (CC BY-NC);",1,cc_by_nc
"Photo: (c) thehavills, some rights reserved (CC BY-NC);",1,cc_by_nc
"Photo: (c) thehighbirtyclan, some rights reserved (CC BY-NC);",1,cc_by_nc
"Photo: (c) thejoneses, some rights reserved (CC BY-NC);",1,cc_by_nc
"Photo: (c) thelittleline, some rights reserved (CC BY-NC);",1,cc_by_nc
"Photo: (c) themarbleguru, some rights reserved (CC BY-NC);",1,cc_by_nc
"Photo: (c) thenickdude, some rights reserved (CC BY-NC);",1,cc_by_nc
"Photo: (c) thereganz, some rights reserved (CC BY-NC);",1,cc_by_nc
"Photo: (c) theresalill, some rights reserved (CC BY-NC);",1,cc_by_nc
"Photo: (c) thereseb, some rights reserved (CC BY-NC);",1,cc_by_nc
"Photo: (c) thesconeassassin, some rights reserved (CC BY-NC);",1,cc_by_nc
"Photo: (c) thewhistlingfrog, some rights reserved (CC BY-NC);",1,cc_by_nc
"Photo: (c) thingee, some rights reserved (CC BY-NC);",1,cc_by_nc
"Photo: (c) thomasd, some rights reserved (CC BY-NC);",1,cc_by_nc
"Photo: (c) thompsh, some rights reserved (CC BY-NC);",1,cc_by_nc
"Photo: (c) thompsons, some rights reserved (CC BY-NC);",1,cc_by_nc
"Photo: (c) thomsb, some rights reserved (CC BY-NC);",1,cc_by_nc
"Photo: (c) thui, some rights reserved (CC BY-NC);",1,cc_by_nc
"Photo: (c) tiacat, some rights reserved (CC BY-NC);",1,cc_by_nc
"Photo: (c) tiana_kroondijk, some rights reserved (CC BY-NC);",1,cc_by_nc
"Photo: (c) tienglander, some rights reserved (CC BY-NC);",1,cc_by_nc
"Photo: (c) tigger31, some rights reserved (CC BY-NC);",1,cc_by_nc
"Photo: (c) timbg, some rights reserved (CC BY-NC);",1,cc_by_nc
"Photo: (c) timec, some rights reserved (CC BY-NC);",1,cc_by_nc
"Photo: (c) timmydhall, some rights reserved (CC BY-NC);",1,cc_by_nc
"Photo: (c) timmyhay, some rights reserved (CC BY-NC);",1,cc_by_nc
"Photo: (c) timquinnell, some rights reserved (CC BY-NC);",1,cc_by_nc
"Photo: (c) timtam14, some rights reserved (CC BY-NC);",1,cc_by_nc
"Photo: (c) timvandervoet, some rights reserved (CC BY-NC);",1,cc_by_nc
"Photo: (c) tina_z, some rights reserved (CC BY-NC);",1,cc_by_nc
"Photo: (c) tinyexplorer, some rights reserved (CC BY-NC);",1,cc_by_nc
"Photo: (c) tiredgray, some rights reserved (CC BY-NC);",1,cc_by_nc
"Photo: (c) titanusgodzilla, some rights reserved (CC BY-NC);",1,cc_by_nc
"Photo: (c) tjf, some rights reserved (CC BY-NC);",1,cc_by_nc
"Photo: (c) tlri, some rights reserved (CC BY-NC);",1,cc_by_nc
"Photo: (c) tmauchlen, some rights reserved (CC BY-NC);",1,cc_by_nc
"Photo: (c) tnew, some rights reserved (CC BY-NC);",1,cc_by_nc
"Photo: (c) toby-grimm, some rights reserved (CC BY-NC);",1,cc_by_nc
"Photo: (c) tobyburge, some rights reserved (CC BY-NC);",1,cc_by_nc
"Photo: (c) tobysmum, some rights reserved (CC BY-NC);",1,cc_by_nc
"Photo: (c) toddmcc, some rights reserved (CC BY-NC);",1,cc_by_nc
"Photo: (c) tom_crick, some rights reserved (CC BY-NC);",1,cc_by_nc
"Photo: (c) tomatoes, some rights reserved (CC BY-NC);",1,cc_by_nc
"Photo: (c) tomonz, some rights reserved (CC BY-NC);",1,cc_by_nc
"Photo: (c) tompepper, some rights reserved (CC BY-NC);",1,cc_by_nc
"Photo: (c) tomsla, some rights reserved (CC BY-NC);",1,cc_by_nc
"Photo: (c) tomtittoo, some rights reserved (CC BY-NC);",1,cc_by_nc
"Photo: (c) tomvoss, some rights reserved (CC BY-NC);",1,cc_by_nc
"Photo: (c) toni-ann, some rights reserved (CC BY-NC);",1,cc_by_nc
"Photo: (c) tony collins, some rights reserved (CC BY-NC);",1,cc_by_nc
"Photo: (c) tonysmith, some rights reserved (CC BY-NC);",1,cc_by_nc
"Photo: (c) tosekc, some rights reserved (CC BY-NC);",1,cc_by_nc
"Photo: (c) totsee, some rights reserved (CC BY-NC);",1,cc_by_nc
"Photo: (c) traceiti, some rights reserved (CC BY-NC);",1,cc_by_nc
"Photo: (c) tracym, some rights reserved (CC BY-NC);",1,cc_by_nc
"Photo: (c) travelling_olm, some rights reserved (CC BY-NC);",1,cc_by_nc
"Photo: (c) treebear, some rights reserved (CC BY-NC);",1,cc_by_nc
"Photo: (c) treehugger76, some rights reserved (CC BY-NC);",1,cc_by_nc
"Photo: (c) trevi1, some rights reserved (CC BY-NC);",1,cc_by_nc
"Photo: (c) trevor storr, some rights reserved (CC BY-NC);",1,cc_by_nc
"Photo: (c) trevorjones, some rights reserved (CC BY-NC);",1,cc_by_nc
"Photo: (c) trickytiger, some rights reserved (CC BY-NC);",1,cc_by_nc
"Photo: (c) trisha606, some rights reserved (CC BY-NC);",1,cc_by_nc
"Photo: (c) trnfarm, some rights reserved (CC BY-NC);",1,cc_by_nc
"Photo: (c) truk, some rights reserved (CC BY-NC);",1,cc_by_nc
"Photo: (c) truksvy, some rights reserved (CC BY-NC);",1,cc_by_nc
"Photo: (c) tsenington, some rights reserved (CC BY-NC);",1,cc_by_nc
"Photo: (c) tsprice, some rights reserved (CC BY-NC);",1,cc_by_nc
"Photo: (c) tuateawa, some rights reserved (CC BY-NC);",1,cc_by_nc
"Photo: (c) tuatoru, some rights reserved (CC BY-NC);",1,cc_by_nc
"Photo: (c) tubehead, some rights reserved (CC BY-NC);",1,cc_by_nc
"Photo: (c) tuhi-ao, some rights reserved (CC BY-NC);",1,cc_by_nc
"Photo: (c) tuigirl, some rights reserved (CC BY-NC);",1,cc_by_nc
"Photo: (c) tuisrest, some rights reserved (CC BY-NC);",1,cc_by_nc
"Photo: (c) tuke, some rights reserved (CC BY-NC);",1,cc_by_nc
"Photo: (c) turbo, some rights reserved (CC BY-NC);",1,cc_by_nc
"Photo: (c) turpie, some rights reserved (CC BY-NC);",1,cc_by_nc
"Photo: (c) tuscansteve, some rights reserved (CC BY-NC);",1,cc_by_nc
"Photo: (c) tvanbeelen, some rights reserved (CC BY-NC);",1,cc_by_nc
"Photo: (c) tvqbea, some rights reserved (CC BY-NC);",1,cc_by_nc
"Photo: (c) twebster, some rights reserved (CC BY-NC);",1,cc_by_nc
"Photo: (c) twigasmommy, some rights reserved (CC BY-NC);",1,cc_by_nc
"Photo: (c) twinny96, some rights reserved (CC BY-NC);",1,cc_by_nc
"Photo: (c) twitch, some rights reserved (CC BY-NC);",1,cc_by_nc
"Photo: (c) twolfnl, some rights reserved (CC BY-NC);",1,cc_by_nc
"Photo: (c) twom1, some rights reserved (CC BY-NC);",1,cc_by_nc
"Photo: (c) twoponds2, some rights reserved (CC BY-NC);",1,cc_by_nc
"Photo: (c) twotuis, some rights reserved (CC BY-NC);",1,cc_by_nc
"Photo: (c) tylerbrummer, some rights reserved (CC BY-NC);",1,cc_by_nc
"Photo: (c) uccg, some rights reserved (CC BY-NC);",1,cc_by_nc
"Photo: (c) upperhuttfrasers, some rights reserved (CC BY-NC);",1,cc_by_nc
"Photo: (c) urutischool, some rights reserved (CC BY-NC);",1,cc_by_nc
"Photo: (c) usernamebug, some rights reserved (CC BY-NC);",1,cc_by_nc
"Photo: (c) usernamejdog, some rights reserved (CC BY-NC);",1,cc_by_nc
"Photo: (c) usteck, some rights reserved (CC BY-NC);",1,cc_by_nc
"Photo: (c) vagabondreports, some rights reserved (CC BY-NC);",1,cc_by_nc
"Photo: (c) valekuz, some rights reserved (CC BY-NC);",1,cc_by_nc
"Photo: (c) valissa, some rights reserved (CC BY-NC);",1,cc_by_nc
"Photo: (c) valsteven, some rights reserved (CC BY-NC);",1,cc_by_nc
"Photo: (c) vanballegooy, some rights reserved (CC BY-NC);",1,cc_by_nc
"Photo: (c) vanessa_bio, some rights reserved (CC BY-NC);",1,cc_by_nc
"Photo: (c) vanessastevens85, some rights reserved (CC BY-NC);",1,cc_by_nc
"Photo: (c) vaughan2013, some rights reserved (CC BY-NC);",1,cc_by_nc
"Photo: (c) vdhurkrm, some rights reserved (CC BY-NC);",1,cc_by_nc
"Photo: (c) vdr, some rights reserved (CC BY-NC);",1,cc_by_nc
"Photo: (c) velviakid, some rights reserved (CC BY-NC);",1,cc_by_nc
"Photo: (c) veronika_m, some rights reserved (CC BY-NC);",1,cc_by_nc
"Photo: (c) vesmirdrak, some rights reserved (CC BY-NC);",1,cc_by_nc
"Photo: (c) vhealey, some rights reserved (CC BY-NC);",1,cc_by_nc
"Photo: (c) vicbc1, some rights reserved (CC BY-NC);",1,cc_by_nc
"Photo: (c) vicki, some rights reserved (CC BY-NC);",1,cc_by_nc
"Photo: (c) vickit1961, some rights reserved (CC BY-NC);",1,cc_by_nc
"Photo: (c) vicmarkpetilla, some rights reserved (CC BY-NC);",1,cc_by_nc
"Photo: (c) vicmetcalfnz, some rights reserved (CC BY-NC);",1,cc_by_nc
"Photo: (c) victo, some rights reserved (CC BY-NC);",1,cc_by_nc
"Photo: (c) vinedoctordj, some rights reserved (CC BY-NC);",1,cc_by_nc
"Photo: (c) vinnieshaw, some rights reserved (CC BY-NC);",1,cc_by_nc
"Photo: (c) virgilthecat, some rights reserved (CC BY-NC);",1,cc_by_nc
"Photo: (c) virusclean, some rights reserved (CC BY-NC);",1,cc_by_nc
"Photo: (c) viv6023, some rights reserved (CC BY-NC);",1,cc_by_nc
"Photo: (c) vividlaw, some rights reserved (CC BY-NC);",1,cc_by_nc
"Photo: (c) vixsta, some rights reserved (CC BY-NC);",1,cc_by_nc
"Photo: (c) vogtin, some rights reserved (CC BY-NC);",1,cc_by_nc
"Photo: (c) vstonyer, some rights reserved (CC BY-NC);",1,cc_by_nc
"Photo: (c) vuky_2004, some rights reserved (CC BY-NC);",1,cc_by_nc
"Photo: (c) vwgrrlie, some rights reserved (CC BY-NC);",1,cc_by_nc
"Photo: (c) wadat33, some rights reserved (CC BY-NC);",1,cc_by_nc
"Photo: (c) waderose, some rights reserved (CC BY-NC);",1,cc_by_nc
"Photo: (c) waikawadive, some rights reserved (CC BY-NC);",1,cc_by_nc
"Photo: (c) waimanulodge, some rights reserved (CC BY-NC);",1,cc_by_nc
"Photo: (c) waimarama, some rights reserved (CC BY-NC);",1,cc_by_nc
"Photo: (c) wainuiomata_intermediate, some rights reserved (CC BY-NC);",1,cc_by_nc
"Photo: (c) wakes, some rights reserved (CC BY-NC);",1,cc_by_nc
"Photo: (c) wakwella, some rights reserved (CC BY-NC);",1,cc_by_nc
"Photo: (c) walkerillo, some rights reserved (CC BY-NC);",1,cc_by_nc
"Photo: (c) walkietalkie, some rights reserved (CC BY-NC);",1,cc_by_nc
"Photo: (c) walkingscientist, some rights reserved (CC BY-NC);",1,cc_by_nc
"Photo: (c) wallace157, some rights reserved (CC BY-NC);",1,cc_by_nc
"Photo: (c) wallarie, some rights reserved (CC BY-NC);",1,cc_by_nc
"Photo: (c) wamen, some rights reserved (CC BY-NC);",1,cc_by_nc
"Photo: (c) warde, some rights reserved (CC BY-NC);",1,cc_by_nc
"Photo: (c) wardej, some rights reserved (CC BY-NC);",1,cc_by_nc
"Photo: (c) wardos, some rights reserved (CC BY-NC);",1,cc_by_nc
"Photo: (c) warm_pigeon, some rights reserved (CC BY-NC);",1,cc_by_nc
"Photo: (c) warmess, some rights reserved (CC BY-NC);",1,cc_by_nc
"Photo: (c) warnerh, some rights reserved (CC BY-NC);",1,cc_by_nc
"Photo: (c) warrensmith, some rights reserved (CC BY-NC);",1,cc_by_nc
"Photo: (c) warrickm, some rights reserved (CC BY-NC);",1,cc_by_nc
"Photo: (c) wavellf, some rights reserved (CC BY-NC);",1,cc_by_nc
"Photo: (c) wayne1962, some rights reserved (CC BY-NC);",1,cc_by_nc
"Photo: (c) wcornwell, some rights reserved (CC BY-NC);",1,cc_by_nc
"Photo: (c) weap10, some rights reserved (CC BY-NC);",1,cc_by_nc
"Photo: (c) webel643, some rights reserved (CC BY-NC);",1,cc_by_nc
"Photo: (c) webreedtrads, some rights reserved (CC BY-NC);",1,cc_by_nc
"Photo: (c) weedey27, some rights reserved (CC BY-NC);",1,cc_by_nc
"Photo: (c) weevils, some rights reserved (CC BY-NC);",1,cc_by_nc
"Photo: (c) wellingtonsouth, some rights reserved (CC BY-NC);",1,cc_by_nc
"Photo: (c) wellyleila, some rights reserved (CC BY-NC);",1,cc_by_nc
"Photo: (c) welshrach, some rights reserved (CC BY-NC);",1,cc_by_nc
"Photo: (c) wendy_ho, some rights reserved (CC BY-NC);",1,cc_by_nc
"Photo: (c) wendycramerwhite, some rights reserved (CC BY-NC);",1,cc_by_nc
"Photo: (c) wernert, some rights reserved (CC BY-NC);",1,cc_by_nc
"Photo: (c) west01, some rights reserved (CC BY-NC);",1,cc_by_nc
"Photo: (c) westlake, some rights reserved (CC BY-NC);",1,cc_by_nc
"Photo: (c) wetamouse, some rights reserved (CC BY-NC);",1,cc_by_nc
"Photo: (c) wetboots, some rights reserved (CC BY-NC);",1,cc_by_nc
"Photo: (c) whaeaandrea, some rights reserved (CC BY-NC);",1,cc_by_nc
"Photo: (c) whaeaanna, some rights reserved (CC BY-NC);",1,cc_by_nc
"Photo: (c) whakamatau, some rights reserved (CC BY-NC);",1,cc_by_nc
"Photo: (c) whangajen, some rights reserved (CC BY-NC);",1,cc_by_nc
"Photo: (c) wheelz77, some rights reserved (CC BY-NC);",1,cc_by_nc
"Photo: (c) whekau, some rights reserved (CC BY-NC);",1,cc_by_nc
"Photo: (c) whioblue, some rights reserved (CC BY-NC);",1,cc_by_nc
"Photo: (c) whitebait88, some rights reserved (CC BY-NC);",1,cc_by_nc
"Photo: (c) whu27, some rights reserved (CC BY-NC);",1,cc_by_nc
"Photo: (c) wilberforce, some rights reserved (CC BY-NC);",1,cc_by_nc
"Photo: (c) wildkiwi123, some rights reserved (CC BY-NC);",1,cc_by_nc
"Photo: (c) wildtrack, some rights reserved (CC BY-NC);",1,cc_by_nc
"Photo: (c) wilho, some rights reserved (CC BY-NC);",1,cc_by_nc
"Photo: (c) william1349, some rights reserved (CC BY-NC);",1,cc_by_nc
"Photo: (c) william2111, some rights reserved (CC BY-NC);",1,cc_by_nc
"Photo: (c) williamdefriez, some rights reserved (CC BY-NC);",1,cc_by_nc
"Photo: (c) williamjosephs, some rights reserved (CC BY-NC);",1,cc_by_nc
"Photo: (c) williampower, some rights reserved (CC BY-NC);",1,cc_by_nc
"Photo: (c) willmaria189, some rights reserved (CC BY-NC);",1,cc_by_nc
"Photo: (c) windley, some rights reserved (CC BY-NC);",1,cc_by_nc
"Photo: (c) wineglass, some rights reserved (CC BY-NC);",1,cc_by_nc
"Photo: (c) wingedweat, some rights reserved (CC BY-NC);",1,cc_by_nc
"Photo: (c) winparkes, some rights reserved (CC BY-NC);",1,cc_by_nc
"Photo: (c) wiodlandsorganics, some rights reserved (CC BY-NC);",1,cc_by_nc
"Photo: (c) witherst, some rights reserved (CC BY-NC);",1,cc_by_nc
"Photo: (c) witzron, some rights reserved (CC BY-NC);",1,cc_by_nc
"Photo: (c) wmsohope, some rights reserved (CC BY-NC);",1,cc_by_nc
"Photo: (c) woodear, some rights reserved (CC BY-NC);",1,cc_by_nc
"Photo: (c) woodezplace, some rights reserved (CC BY-NC);",1,cc_by_nc
"Photo: (c) woodj, some rights reserved (CC BY-NC);",1,cc_by_nc
"Photo: (c) worthiph, some rights reserved (CC BY-NC);",1,cc_by_nc
"Photo: (c) wotii, some rights reserved (CC BY-NC);",1,cc_by_nc
"Photo: (c) wr16021, some rights reserved (CC BY-NC);",1,cc_by_nc
"Photo: (c) write2_jo, some rights reserved (CC BY-NC);",1,cc_by_nc
"Photo: (c) wsellers, some rights reserved (CC BY-NC);",1,cc_by_nc
"Photo: (c) wyattlane, some rights reserved (CC BY-NC);",1,cc_by_nc
"Photo: (c) xenicus, some rights reserved (CC BY-NC);",1,cc_by_nc
"Photo: (c) ximenanelson, some rights reserved (CC BY-NC);",1,cc_by_nc
"Photo: (c) xinmiaozhao, some rights reserved (CC BY-NC);",1,cc_by_nc
"Photo: (c) xpatiate, some rights reserved (CC BY-NC);",1,cc_by_nc
"Photo: (c) xsainnz, some rights reserved (CC BY-NC);",1,cc_by_nc
"Photo: (c) xtinehansen, some rights reserved (CC BY-NC);",1,cc_by_nc
"Photo: (c) xvalleyx, some rights reserved (CC BY-NC);",1,cc_by_nc
"Photo: (c) xxxtentacion2018, some rights reserved (CC BY-NC);",1,cc_by_nc
"Photo: (c) yangmatt, some rights reserved (CC BY-NC);",1,cc_by_nc
"Photo: (c) yatestands, some rights reserved (CC BY-NC);",1,cc_by_nc
"Photo: (c) ybbor, some rights reserved (CC BY-NC);",1,cc_by_nc
"Photo: (c) ybulteez, some rights reserved (CC BY-NC);",1,cc_by_nc
"Photo: (c) yeahnah73, some rights reserved (CC BY-NC);",1,cc_by_nc
"Photo: (c) yeet1234, some rights reserved (CC BY-NC);",1,cc_by_nc
"Photo: (c) yelizm, some rights reserved (CC BY-NC);",1,cc_by_nc
"Photo: (c) yellowseed, some rights reserved (CC BY-NC);",1,cc_by_nc
"Photo: (c) yhwa, some rights reserved (CC BY-NC);",1,cc_by_nc
"Photo: (c) yingb, some rights reserved (CC BY-NC);",1,cc_by_nc
"Photo: (c) yolosolo, some rights reserved (CC BY-NC);",1,cc_by_nc
"Photo: (c) yuliya4ad, some rights reserved (CC BY-NC);",1,cc_by_nc
"Photo: (c) yvesbas, some rights reserved (CC BY-NC);",1,cc_by_nc
"Photo: (c) yvonnevanl, some rights reserved (CC BY-NC);",1,cc_by_nc
"Photo: (c) zacdavis7890, some rights reserved (CC BY-NC);",1,cc_by_nc
"Photo: (c) zalice, some rights reserved (CC BY-NC);",1,cc_by_nc
"Photo: (c) zealando, some rights reserved (CC BY-NC);",1,cc_by_nc
"Photo: (c) zebrastripes, some rights reserved (CC BY-NC);",1,cc_by_nc
"Photo: (c) zephyr16, some rights reserved (CC BY-NC);",1,cc_by_nc
"Photo: (c) zev_nz, some rights reserved (CC BY-NC);",1,cc_by_nc
"Photo: (c) zhihan, some rights reserved (CC BY-NC);",1,cc_by_nc
"Photo: (c) zidaan, some rights reserved (CC BY-NC);",1,cc_by_nc
"Photo: (c) ziran, some rights reserved (CC BY-NC);",1,cc_by_nc
"Photo: (c) zmt2, some rights reserved (CC BY-NC);",1,cc_by_nc
"Photo: (c) zobo, some rights reserved (CC BY-NC);",1,cc_by_nc
"Photo: (c) zoehawkinsnz, some rights reserved (CC BY-NC);",1,cc_by_nc
"Photo: (c) zoemackintosh, some rights reserved (CC BY-NC);",1,cc_by_nc
"Photo: (c) zoesamhill, some rights reserved (CC BY-NC);",1,cc_by_nc
"Photo: (c) zoestorm, some rights reserved (CC BY-NC);",1,cc_by_nc
"Photo: (c) zoewuuuuu, some rights reserved (CC BY-NC);",1,cc_by_nc
"Photo: (c) zombiewoof, some rights reserved (CC BY-NC);",1,cc_by_nc
"Photo: (c) zoovet, some rights reserved (CC BY-NC);",1,cc_by_nc
"Photo: (c) zuchini, some rights reserved (CC BY-NC);",1,cc_by_nc
"Polar Research 2016. c2016 S. de la Barre et al. This is an Open Access article distributed under the terms of the Creative Commons Attribution-NonCommercial 4.0 International License (http://creativecommons.org/licenses/by-nc/4.0/), permitting all non-commercial use, distribution, and reproduction in any medium, provided the original work is properly cited.",1,cc_by_nc
"Polar Research 2016. © 2016 S. de la Barre et al. This is an Open Access article distributed under the terms of the Creative Commons Attribution-NonCommercial 4.0 International License (http://creativecommons.org/licenses/by-nc/4.0/), permitting all non-commercial use, distribution, and reproduction in any medium, provided the original work is properly cited. (With the exceptions noted in http://researcharchive.lincoln.ac.nz/page/rights, this metadata is available under a Creative Commons Zero license.)",1,cc_by_nc
"Politics, Affect and Intimacy: The mediated sentencing of Metiria Turei is licensed under a Creative Commons Attribution-NonCommercial 4.0 International License.",1,cc_by_nc
"Polystichum cystostegia. Mature 2-pinnate-pinnatifid fronds.
© Leon Perrie CC BY-NC 3.0 NZ",1,cc_by_nc
"Polystichum sylvaticum. Adaxial surface of mature 2-pinnate-pinnatifid frond.
© Leon Perrie CC BY-NC 3.0 NZ",1,cc_by_nc
"Post-modern Westerns and the Endangered Woman is licensed under a Creative Commons Attribution-NonCommercial 4.0
International License.",1,cc_by_nc
Posting of the article on the internet as part of a non-commercial open access institutional repository or other non-commercial open access publication site affiliated with the author(s)'s place of employment is permitted by The University of Notre Dame Australia Law Review.,1,cc_by_nc
Posting of the article on the internet as part of a non-commercial open access institutional repository or other non-commercial open access publication site affiliated with the author(s)'s place of employment is permitted.,1,cc_by_nc
Practice report : when life gives you apricots is licensed under a Creative Commons AttributionNon-Commercial 4.0 International License.,1,cc_by_nc
Preparing vocational students for future workplaces: Towards a course evaluation of the Unitec Bachelor of Applied Engineering by Nick Marsden and Niranjan Singh is licensed under a Creative Commons Attribution-NonCommercial 4.0 International License.,1,cc_by_nc
"Press, Politics and People in Papua New Guinea 1950-1975 by Philip Cass is licensed under a Creative Commons Attribution-NonCommercial 4.0 International License.",1,cc_by_nc
"Proceedings of the Society of Architectural Historians, Australia and New Zealand: 31, Translation, edited by Christoph Schnoor is licensed under a Creative Commons AttributionNonCommercial 4.0 International License.",1,cc_by_nc
"Pteris cretica. Broadly ovate fronds, 1‑pinnate distally and 1-pinnate-pinnatifid proximally.
© Leon Perrie CC BY-NC 3.0 NZ",1,cc_by_nc
"Ptisana salicina: mature frond.
© Te Papa 2012 CC BY-NC 3.0 NZ",1,cc_by_nc
"Published by the BMJ Publishing Group Limited. For permission to use (where not already granted under a licence) please go to http://www.bmj.com/company/products-services/rights-and-licensing/
This is an Open Access article distributed in accordance with the Creative Commons Attribution Non Commercial (CC BY-NC 4.0) license, which permits others to distribute, remix, adapt, build upon this work non-commercially, and license their derivative works on different terms, provided the original work is properly cited and the use is non-commercial. See: http://creativecommons.org/licenses/by-nc/4.0/",1,cc_by_nc
"Pyrrosia eleagnifolia: mature plants growing epiphytically on fallen tree fern trunk.
© Leon Perrie 2011 CC BY-NC 3.0 NZ",1,cc_by_nc
Pūrātoke: Journal of Undergraduate Research in the Creative Arts and Industries is licensed under a Creative Commons Attribution-NonCommercial 4.0 International License.,1,cc_by_nc
"Queensland fruit fly invasion in New Zealand: Predicting area suitability under future climate change scenarios, is licensed under a Creative Commons Attribution-NonCommercial 4.0 International License.",1,cc_by_nc
"Readers are free to copy, display, and distribute this article, as long as the work is attributed to the author(s) and Mathematics TeachingResearch
Journal On-Line, it is distributed for non-commercial purposes only, and no alteration or transformation is made in the work. All other
uses must be approved by the author(s) or MT-RJoL. MT-RJoL is published jointly by the Bronx Colleges of the City University of New York.
www.hostos.cuny.edu/departments/math/mtrj",1,cc_by_nc
Reflections on forty years of community development is licensed under a Creative Commons AttributionNon-Commercial  4.0 International License.,1,cc_by_nc
"Rethinking the true impact of voluntourism in line with new community development standards is licensed under
a Creative Commons Attribution-NonCommercial 4.0 International License.",1,cc_by_nc
"Rosebank:Cabbages, Horses and science by Paul Woodruffe is licensed under a Creative 
Commons Attribution-NonCommercial 4.0 International License.",1,cc_by_nc
"Schizaea australis: mature plant growing on wet, pākihi soil.
© Te Papa 2012 CC BY-NC 3.0 NZ",1,cc_by_nc
"Selaginella kraussiana. Plants forming a loose, prostrate mat.
© Leon Perrie  CC BY-NC 3.0 NZ",1,cc_by_nc
"Show me the money: perspectives on applying for government research and development co-funding by Nick Kearns and William Beale, is licensed under a Creative Commons Attribution-NonCommercial 4.0 International License",1,cc_by_nc
"Some like it hot, but moth plant does not: The effect of commercial composting on moth plant (Araujia hortorum) seed viability by S. A. Killick and D. J. Blanchon, is licensed under a Creative Commons Attribution-NonCommercial 4.0 International License.",1,cc_by_nc
Spaces and Pedagogies: New Zealand Tertiary Learning and Teaching Conference 2017 Proceedings  is licensed under a Creative Commons Attribution-NonCommercial 4.0 International License,1,cc_by_nc
Spaces and Pedagogies: New Zealand Tertiary Learning and Teaching Conference 2017 Proceedings is licensed under a Creative Commons Attribution-NonCommercial 4.0 International License.,1,cc_by_nc
State Housing in Aotearoa New Zealand: What future after National? is licensed under a Creative Commons Attribution-NonCommercial 4.0 International License.,1,cc_by_nc
"Stood Loyal Right Through is licensed under a Creative
Commons Attribution-NonCommercial 4.0 International
License.",1,cc_by_nc
Strategies to establish Social Policy Units (SPUs) within community-based organisations is licensed under a Creative Commons Attribution-NonCommercial 4.0 International License,1,cc_by_nc
"Submission of an article to PAJAIS implies the authors’ certification that the manuscript is not copyrighted and is not currently under review by other journal or conference proceedings.Articles accepted for publication in the PAJAIS are copyrighted by the Electronic Commerce Research Center of the National Sun-Yat-Sen University. All authors of accepted articles are required to sign copyright release forms before publication of their papers. When their manuscripts are under review prior to acceptance, Authors have every right to post manuscripts on their own Websites, or for non-commercial personal or classroom use. Once a paper is accepted for publication in PAJAIS, all authors must clearly note that PAJAIS owns the copyright and use for profit is not allowed. The article version must be identical to the final published version, and include a link to PAJAIS.",1,cc_by_nc
"Sustainably Yours: Community Development and a Sustainably Just Future – ACDA and IACD Conference Proceedings, is licensed under a Creative Commons Attribution-NonCommercial 4.0 International License.",1,cc_by_nc
"The Alexander Turnbull Library administers both commercial and non-commercial use of these images. 
Copyright: Copyight is held by the Alexander Turnbull Library.",1,cc_by_nc
"The Ant Fauna of Rakitu (Arid Island), New Zealand, by Andrew Veale, Thomas Bodey, Erin Doyle, Jo Peace, James Russell, is
licensed under a Creative Commons Attribution-NonCommercial 4.0 International License.",1,cc_by_nc
"The Author 2017. Published by Oxford University Press on behalf of the Society for Molecular Biology and Evolution.
This is an Open Access article distributed under the terms of the Creative Commons Attribution Non-Commercial License
(http://creativecommons.org/licenses/by-nc/4.0/), which permits non-commercial re-use, distribution, and reproduction in any medium,
provided the original work is properly cited.",1,cc_by_nc
The Author(s) 2017. Creative Commons License Attribution-NonCommercial 4.0 International (CC BY-NC 4.0),1,cc_by_nc
"The Author(s) 2017. Published by Oxford University Press on behalf of the Society for Molecular Biology and Evolution.
This is an Open Access article distributed under the terms of the Creative Commons Attribution Non-Commercial License (http://creativecommons.org/licenses/by-nc/4.0/), which permits
non-commercial re-use, distribution, and reproduction in any medium, provided the original work is properly cited.",1,cc_by_nc
The Author(s) CC BY-NC,1,cc_by_nc
The Author(s) CC BY-NC 4.0,1,cc_by_nc
The Authors; Creative Commons CC-BY-NC 3.0,1,cc_by_nc
"The Behavior Analyst Today, © 2006 Joseph D. Cautilli, Publisher, BAOJournals. All rights reserved. Authors retain the right to post and update his/her publication version of the work on a personal website or institutional repository (non-Publisher servers including e-print servers) provided it is for non commercial purposes and does not depend on payment of access, subscription. or membership fees. Please see Citation and Publisher’s Version.",1,cc_by_nc
"The International Journal of Advanced Pervasive and Ubiquitous Computing (IJAPUC) (ISSN 1937-965X; eISSN
1937-9668), Copyright © 2013 IGI Global. All rights, including translation into other languages reserved by the publisher. No part of this journal may be reproduced or used in any form or by any means without written permission from the publisher, except for noncommercial, educational use including classroom teaching purposes.",1,cc_by_nc
The Journal of Public Space is licensed under a Creative Commons AttributionNonCommercial 4.0 International License. It provides immediate open access to its content on the principle that making research freely available to the public supports a greater global exchange of knowledge.,1,cc_by_nc
"The Library may authorise non-commercial use of images in accordance with the Library's reproduction policies. Permission from Denis  Friar, or his designated agent, must be requested by the Library, granted, and any fees paid, before any commercial use.",1,cc_by_nc
"The Library may authorise non-commercial use of images in accordance with the Library's reproduction policies. Permission from Denis Friar, or his designated agent, must be requested by  the Library, granted, and any fees paid, before any commercial use.",1,cc_by_nc
"The Library may authorise non-commercial use of images in accordance with the Library's reproduction policies. Permission from Denis Friar, or his designated agent, must be requsted by the Library, granted, and any fees paid, before any commercial use.",1,cc_by_nc
"The License Elements of this Public License are Attribution, NonCommercial, and ShareAlike. Licensed Material means the artistic or literary work, database, or other material to which the Licensor applied this Public License.",1,cc_by_nc
The Moveable Feast Collective Teach Design by Susan Jowsey is licensed under a Creative Commons Attribution Non-Commercial 4.0 International License.,1,cc_by_nc
"The Nansen Initiative Secretariat maintains and administers this website as a tool for information sharing, facilitating communication, and organizing events.  The Nansen Initiative grants permission for users to visit the site and download and copy the information, documents and materials for the user's non-commercial use, without any right to resell or redistribute them, or to compile or create derivative works therefrom. 

All secondary material found on this website, including links to other websites, has been uploaded with permission of the author and/or entity, as appropriate.  The Nansen Initiative does not in any way assume ownership of secondary material, which is fully credited to their original authors and sources.  Reference to secondary material or linking to external websites does not constitute an official endorsement or approval of the content within them. 

The Nansen Initiative accepts no liability to any person or entity due to use of this website, its information, or any website linked to it.",1,cc_by_nc
"The Nephrolepis Boston fern complex (including Nephrolepis exaltata [L.] Schott), Nephrolepidaceae, naturalised in New Zealand by Mark Large and Lizzy Farrington is licensed under a Creative Commons Attribution-NonCommercial 4.0 International License.",1,cc_by_nc
"The Participation of Women Employed in Traditionally Male Dominated Occupations including Plumbing: 1975-2013 by Garry Cruickshank, is licensed under a Creative Commons Attribution-NonCommercial 4.0 International License.",1,cc_by_nc
"The Productivity Commission's work is licensed under a Creative Commons Attribution-NonCommercial 4.0 International License. In essence, you are free to share and adapt our work, as long as you attribute the source of the work to the New Zealand Productivity Commission and abide by the other license terms.",1,cc_by_nc
"The Smithsonian allows personal, educational, and other non-commercial uses of the Content on the following terms:
You must cite the author and source of the Content as you would material from any printed work.
You must also cite and link to, when possible, the SI Website as the source of the Content.
You may not remove any copyright, trademark, or other proprietary notices including attribution information, credits, and notices, that are placed in or near the text, images, or data.
You must comply with all terms or restrictions other than copyright (such as trademark, publicity and privacy rights, or contractual restrictions) as may be specified in the metadata or as may otherwise apply to the Content.",1,cc_by_nc
The United Nations Sustainable Development Goals (SDGs): A Framework for Intersectoral Collaboration is licensed under a Creative Commons Attribution-NonCommercial 4.0 International License,1,cc_by_nc
"The article has been co-published with permission in Human Reproduction and Fertility and Sterility. © The Authors, 2020. Published by Elsevier This is an Open Access article distributed under the terms of the Creative Commons Attributian-NonCommerciallicence (https://creativecom mons.orq/licenses/bv-nc/4.0/) which permits noncommercial reproduction and distribution of the work, in any medium, provided the original work is properly cited. For commercial re use, please contact permissions@elsevier.com. The articles are identical except for minor stylistic and spelling differences in keeping with each journal's style.",1,cc_by_nc
"The author of papers, abstracts, presentations, etc. for the THETA 2017 Conference retains the copyright of such material. THETA 2017 may publish such papers, abstracts, and enclosures on websites, in print and on other media for non-commercial purposes",1,cc_by_nc
"The contents of this web site are protected against unauthorized use in the U.S. and other countries by copyright and other intellectual property laws. FMA authorizes you to view and download a single copy of the material on this web site solely for your personal, non-commercial use. You may not sell or modify our site material or reproduce, display, publicly perform, distribute, or otherwise use the material in any way for any commercial purpose. The names, marks and logos appearing in this web site are, unless otherwise noted, trademarks owned by or licensed to FMA. The use of these marks, except as provided in these Terms and Conditions, is prohibited.",1,cc_by_nc
"The efficient house innovation : healthful, efficient and sustainable housing for northern and southern climates is licensed under a Creative Commons Attribution-NonCommercial 4.0 International License.",1,cc_by_nc
"The entire contents of the Noise and Health are protected under Indian and international copyrights. The Journal, however, grants to all users a free, irrevocable, worldwide, perpetual right of access to, and a license to copy, use, distribute, perform and display the work publicly and to make and distribute derivative works in any digital medium for any reasonable non-commercial purpose, subject to proper attribution of authorship and ownership of the rights.",1,cc_by_nc
"The experiences of diverse-gender tertiary students: Structural discrimination and microaggressions is licensed
under a Creative Commons Attribution-NonCommercial 4.0 International License.",1,cc_by_nc
"The following uses are always permitted to the author(s) and do not require further permission from provided the author does not alter the format or content of the articles, including the copyright notification:
Storage and back-up of the article on the author's computer(s) and digital media (e.g., diskettes, back-up servers, Zip disks, etc.), provided that the article stored on these computers and media is not readily accessible by persons other than the author(s);
Posting of the article on the author(s) personal website, provided that the website is non-commercial;
Posting of the article on the internet as part of a non-commercial open access institutional repository or other non-commercial open access publication site affiliated with the author(s)'s place of employment; and
 Posting of the article on a non-commercial course website for a course being taught by the author at the university or college employing the author.
People seeking an exception, or who have questions about use, should contact the ISBS VP Publications.",1,cc_by_nc
"The journal Issues in Ethnology and Anthropology allows authors to deposit Author's final, i.e. Publisher's version/PDF in an institutional repository and non-commercial subject-based repositories, or to publish it on Author's personal website and departmental website including social networking sites, such as SHERPA/RoMEO, ResearchGate, Academia.edu, etc., at any time after publication, and in accordance with Terms of Use of license Creative Commons Attribution 3.0. Serbia.",1,cc_by_nc
"The rabbit, the ermine and the gaze: An account of introduction, ramifications and the role art plays as a mechanism to create awareness of scientific issues, by Annabel Pretty and Hamish Foote, is licensed under a Creative Commons Attribution-NonCommercial 4.0 International License.",1,cc_by_nc
"The rise and fall and rise again of an environmental social enterprise. (With apologies to the makers of The Fall and
Rise of Reginald Perrin, one of my favourite British comedy series) is licensed under a Creative Commons AttributionNonCommercial 4.0 International License.",1,cc_by_nc
"The works are published in the online edition of the journal under a Creative Commons Attribution-NonCommercial 3.0 (legal text). You can copy, use, distribute, transmit and publicly display, provided that: i) you cite the author and the original source of publication (magazine, editorial and URL of the work), ii) are not used for commercial purposes, iii ) mentions the existence and specifications of this license.",1,cc_by_nc
"Thesis Review: Gender, Migration and Communication Networks: Mapping the communicative ecology of Latin American women in New Zealand/Aotearoa by Luciana Hoffmann Nunes by Irene Ayallo, is licensed under a Creative Commons Attribution-NonCommercial 4.0 International License.",1,cc_by_nc
"Thesis Review: The Manifestation of Race in Everyday Communication Interactions in New Zealand by E. Revell by Donna
Henson, is licensed under a Creative Commons Attribution-NonCommercial 4.0 International License.",1,cc_by_nc
"Thesis Review: The Role of SANZ, a Migrant Radio Programme, in Making Sense of Place for South African Migrants in New Zealand by Antoinette Wessels by Michael Meadows, is licensed under a Creative Commons Attribution-NonCommercial 4.0 International License",1,cc_by_nc
"Thesis Review: The storytellers :  Identity narratives by New Zealand African youth: A participatory visual methodological approach to situating identity, migration and representation by Makanaka Tuwe, by Adele Norris, is licensed under a Creative Commons
Attribution-NonCommercial 4.0 International License.",1,cc_by_nc
"Thesis review: Dis/identifications and dis/articulations :young women and feminism in Aotearoa/New Zealand by L. Ashton by Helene Connor, is licensed under a Creative Commons Attribution-NonCommercial 4.0 International License.",1,cc_by_nc
"Thinking while standing: An exploratory study on the effect of standing on cognitive performance by L. L. M. Patston, A. N. Henry, M. McEwen, J. Mannion, and L. A. Ewens-Volynkina is licensed under a Creative Commons AttributionNonCommercial
4.0 International License.",1,cc_by_nc
"This	work	is	licensed	under	a	Creative	Commons	Attribution-NonCommercial 4.0	
International	License.",1,cc_by_nc
"This article appeared in a journal published by Elsevier. The attached
copy is furnished to the author for internal non-commercial research
and education use, including for instruction at the authors institution
and sharing with colleagues.
Other uses, including reproduction and distribution, or selling or
licensing copies, or posting to personal, institutional or third party
websites are prohibited.
In most cases authors are permitted to post their version of the
article (e.g. in Word or Tex form) to their personal website or
institutional repository. Authors requiring further information
regarding Elsevier’s archiving and manuscript policies are
encouraged to visit:
http://www.elsevier.com/copyright",1,cc_by_nc
This article is 	licensed	under a	Creative	Commons Attribution-NonCommercial 4.0 International	License.,1,cc_by_nc
"This article is distributed under the terms of the
Creative Commons Attribution Noncommercial License which permits
any noncommercial use, distribution, and reproduction in any
medium, provided the original author(s) and source are credited.",1,cc_by_nc
"This article is distributed under the terms of the Creative
Commons Attribution Noncommercial License which permits any
noncommercial use, distribution, and reproduction in any medium,
provided the original author(s) and source are credited.",1,cc_by_nc
This article is distributed under the terms of the Creative Commons  Attribution-NonCommercial 4.0 International License,1,cc_by_nc
"This article is distributed under the terms of the Creative Commons Attribution-NonCommercial 3.0 License (http://www.creativecommons.org/licenses/by-nc/3.0/) which permits non-commercial use, reproduction and distribution of the work without further permission provided the original work is attributed as specified on the SAGE and Open Access page (https://us.sagepub.com/en-us/nam/open-access-at-sage).",1,cc_by_nc
"This article is distributed under the terms of the Creative Commons Attribution-NonCommercial 3.0 License (http://www.creativecommons.org/licenses/by-nc/3.0/) which permits non-commercial use, reproduction and distribution of the work without further permission provided the original work is attributed as specified on the SAGE and Open Access page(https://us.sagepub.com/en-us/nam/open-access-at-sage).",1,cc_by_nc
"This article is distributed under the terms of the Creative Commons Attribution-NonCommercial 4.0 License (http://www.creativecommons.org/licenses/by-nc/4.0/) which permits non-commercial use, reproduction and distribution of the work without further permission provided the original work is attributed as specified on the SAGE and Open Access page (https://us.sagepub.com/en-us/nam/open-access-at-sage).",1,cc_by_nc
"This article is distributed under the terms of the Creative Commons Attribution-NonCommercial 4.0 License (https://creativecommons.org/licenses/by-nc/4.0/) which permits non-commercial use, reproduction and distribution of the work without further permission provided the original work is attributed as specified on the SAGE and Open Access pages (https://us.sagepub.com/en-us/nam/open-access-at-sage).",1,cc_by_nc
This article is licensed under a Creative Commons Attribution-NonCommercial 4.0 International License.,1,cc_by_nc
This article is licensed under a Creative Commons – Attribution – Non-Commercial 4.0 International (CC BY-NC 4.0) licence.,1,cc_by_nc
"This article is published online with Open Access by IOS Press and distributed under the terms
of the Creative Commons Attribution Non-Commercial License",1,cc_by_nc
"This article is published under a Creative Commons
License CC-BY-NC (Attribution-NonCommercial). The
licence permits users to use, reproduce, disseminate
or display the article provided that the author is attributed as the
original creator and that the reuse is restricted to non-commercial
purposes i.e. research or educational use.",1,cc_by_nc
"This article is published under a Creative Commons (CC-BY-NC 4.0) internationally shareable licence, meaning that content may be shared worldwide but the source must be acknowledged appropriately. However, the licence excludes the right to create derivatives (for more details please see https://creativecommons.org/licenses/by-nc-nd/4.0/).",1,cc_by_nc
This article is published under a Creative Commons Attribution Non-Commercial License.,1,cc_by_nc
This article is published under a Creative Commons Attribution-NonCommercial NonDerivative 2.5 License (http://creativecommons.org/licenses/by-nc-nd/2.5/),1,cc_by_nc
This article is published under a Creative Commons Non-Commercial Attribution 4.0 International License.,1,cc_by_nc
This article is published under the terms of the Creative Commons Attribution Non-Commercial License.,1,cc_by_nc
"This author accepted manuscript is deposited under a Creative Commons Attribution Non-commercial 4.0 International (CC BY-NC) licence. This means that anyone may distribute, adapt, and build upon the work for non-commercial purposes, subject to full attribution. If you wish to use this manuscript for commercial purposes, please contact permissions@emerald.com",1,cc_by_nc
"This book is licensed under a Creative Commons Attribution-NonCommercial 4.0
International License. www.creativecommons.org",1,cc_by_nc
"This book is published online with Open Access and distributed under the terms of the Creative Commons Attribution
Non-Commercial License 4.0 (CC BY-NC 4.0).",1,cc_by_nc
"This is an Open Access article distributed in accordance with the Creative Commons Attribution Non Commercial (CC BY-NC 4.0) license, which permits others to distribute, remix, adapt, build upon this work non-commercially, and license their derivative works on different terms, provided the original work is properly cited and the use is non-commercial. See: http://creativecommons.org/licenses/by-nc/4.0/ (With the exceptions noted in http://researcharchive.lincoln.ac.nz/page/rights, this metadata is available under a Creative Commons Zero license.)",1,cc_by_nc
"This is an Open Access article distributed under the terms of the Creative Commons Attribution Non-Commercial License (http://creativecommons.org/licenses/by-nc/4.0/), which permits non-commercial re-use, distribution, and reproduction in any medium, provided the original work is properly cited. For commercial re-use, please contact journals.permissions@oup.com",1,cc_by_nc
"This is an Open Access article distributed under the terms of the Creative Commons Attribution Noncommercial License (http://creativecommons.org/licenses/by-nc/4.0/), which permits unrestricted use, distribution, and reproduction in any medium, provided the original work is properly cited. For commercial reuse, please contact the Journal of Forestry at journal@safnet.org.",1,cc_by_nc
This is an Open Access article distributed under the terms of the Creative Commons Attribution-Noncommercial 3.0 Unported (CC-BY-NX 3.0) License.,1,cc_by_nc
"This is an Open Access digital version of the article distributed under the terms of the Creative Commons Attribution 3.0 License (creativecommons.org/licenses/by/3.0/), which permits redistribution, commercial and non-commercial, provided that the article is properly cited. (With the exceptions noted in http://researcharchive.lincoln.ac.nz/page/rights, this metadata is available under a Creative Commons Zero license.)",1,cc_by_nc
This is an Open Access journal [...] All Open Access articles are published and distributed under the Creative Commons Attribution-Non Commercial 4.0 International (CC BY-NC 4.0).,1,cc_by_nc
"This is an open access article distributed in accordance with the Creative Commons Attribution Non Commercial (CC BY-NC 4.0) license, which permits others to distribute, remix, adapt, build upon this work non-commercially, and license their derivative works on different terms, provided the original work is properly cited, an indication of whether changes were made, and the use is non-commercial. See: http://creativecommons.org/ licenses/by-nc/4.0/.",1,cc_by_nc
"This is an open access article distributed in accordance with the Creative Commons Attribution Non Commercial (CC BY-NC 4.0) license, which permits others to distribute, remix, adapt, build upon this work non-commercially, and license their derivative works on different terms, provided the original work is properly cited, appropriate credit is given, any changes made indicated, and the use is non-commercial. See: http://creativecommons.org/licenses/by-nc/4.0/",1,cc_by_nc
"This is an open access article distributed under the terms of the Creative Commons Attribution Non-Commercial License (http://creativecommons.org/licences/
by-nc/3.0) which permits unrestricted non-commercial use, distribution, and reproduction in any medium, provided the original work is properly cited.",1,cc_by_nc
"This is an open access article distributed under the terms of the Creative Commons Attribution Non-commercial 4.0 License, which permits unrestricted use, distribution, and reproduction in any medium, provided the original author and source are credited.",1,cc_by_nc
"This is an open-access article distributed under the terms of the Creative Commons Attribution-NonCommercial 4.0 International License, which permits unrestricted use, distribution, and reproduction in any medium for non-commercial purposes, provided the original author and source are credited, a link to the CC License is provided, and changes – if any – are indicated.",1,cc_by_nc
"This is an open-access article distributed under the terms of the Creative Commons License (http://creativecommons.org/licenses/by-nc-nd/3.0/). Reproduction is permitted for personal, noncommercial use, provided that the article is in whole, unmodified, and properly cited.",1,cc_by_nc
This is the peer reviewed version of the article cited above which has been published at 10.1111/pce.12602. This article may be used for non-commercial purposes in accordance with Wiley Terms and Conditions for Self-Archiving.,1,cc_by_nc
"This is the peer reviewed version of the following article: Brabyn, L, Jackson, N. O. A new look at population change and regional development in Aotearoa New Zealand. N Z Geog. 2019; 75: 116– 129 which has been published in final form at https://doi.org/10.1111/nzg.12234. This article may be used for non-commercial purposes in accordance with Wiley Terms and Conditions for Use of Self-Archived Versions. © 2019 New Zealand Geographical Society",1,cc_by_nc
"This is the peer reviewed version of the following article: Chadee, D., & Raman, R. (2012). External knowledge and performance of offshore IT service providers in India: the mediating role of talent management. Asia pacific journal of human resources, 50(4), 459-482., which has been published in final form at http://dx.doi.org/10.1111/j.1744-7941.2012.00039.x. This article may be used for non-commercial purposes in accordance with Wiley Terms and Conditions for Self-Archiving.",1,cc_by_nc
"This is the peer reviewed version of the following article: Doyle, A. J., Dalbeth, N., McQueen, F., Boyer, L., Dong, J., Rome, K. and
Frecklington, M. (2016), Gout on CT of the feet: A symmetric arthropathy. Journal of Medical Imaging and Radiation Oncology, 60:
54–58., which has been published in final form at doi:10.1111/1754-9485.12419. This article may be used for non-commercial
purposes in accordance with Wiley Terms and Conditions for Self-Archiving.",1,cc_by_nc
"This is the peer reviewed version of the following article: Roemer, A., Sutton, A., Grimm, C., & Medvedev, O. N. (2020). Effectiveness of a low‐dose mindfulness‐based intervention for alleviating distress in young unemployed adults. Stress and Health. https://doi.org/10.1002/smi.2997, which has been published in final form at https://onlinelibrary.wiley.com/doi/10.1002/smi.2997. This article may be used for non-commercial purposes in accordance with Wiley Terms and Conditions for Use of Self-Archived Versions.",1,cc_by_nc
"This is the peer reviewed version of the following article: Worley, P., Couper, I., Strasser, R., Graves, L., Cummings, B.-A., Woodman, R., … Consortium of Longitudinal Integrated Clerkships (CLIC) Research Collaborative. (2016). A typology of longitudinal integrated clerkships. Medical Education, 50(9), 922–932, which has been published in final form at https://doi.org/10.1111/medu.13084 . This article may be used for non-commercial purposes in accordance with Wiley Terms and Conditions for Use of Self-Archived Versions.""",1,cc_by_nc
"This is the peer reviewed version of the following article: [European Journal of Neurology, doi: 10.1111/ene.13972], which has been published in final form at [10.1111/ene.13972]. This article may be used for non-commercial purposes in accordance with Wiley Terms and Conditions for Use of Self-Archived Versions.",1,cc_by_nc
"This is the peer reviewed version of the following article: [see SOURCE], which has been published in final form at [see DOI]. This article may be used for non-commercial purposes in accordance with Wiley Terms and Conditions for Use of Self-Archived Versions.",1,cc_by_nc
"This is the pre-peer reviewed version of the following article: Australian Accounting Review, 24(3), 262-275, which has been published in final form at [see DOI]. This article may be used for non-commercial purposes in accordance with Wiley Terms and Conditions for Use of Self-Archived Versions.",1,cc_by_nc
"This is the pre-peer reviewed version of the following article: [See Data source], which has been published in final form at [https://doi.org/10.1002/acr.23832]. This article may be used for non-commercial purposes in accordance with Wiley Terms and Conditions for Use of Self-Archived Versions.",1,cc_by_nc
"This is the pre-peer reviewed version of the following article: [read SOURCE], which has been published in final form at [read DOI]. This article may be used for non-commercial purposes in accordance with Wiley Terms and Conditions for Use of Self-Archived Versions.",1,cc_by_nc
"This is the pre-peer reviewed version of the following article: [view Source], which has been published in final form at [doi: 10.1111/ene.14113]. This article may be used for non-commercial purposes in accordance with Wiley Terms and Conditions for Use of Self-Archived Versions.",1,cc_by_nc
"This journal permits its authors to mount copies of their work on their personal websites, on
noncommercial discipline-specific servers of preprints or postprints, and within noncommercial
digital repositories of nonprofit institutions with which they are currently affiliated.",1,cc_by_nc
"This journal permits its authors to mount copies of their work on their personal websites, on
noncommercial discipline-specific servers of preprints or postprints, and within noncommercial
digital repositories of nonprofit institutions with which they are currently affiliated. When
posting published work authors must display the copyright notice exactly as it appears in the
original publication. A link to the URL of the published article on the journal’s website is required
in order to protect the integrity and authenticity of the scientific record, with the online
published version on the journal’s webpage clearly identified as the definitive version of record.
There is no fee for such use.",1,cc_by_nc
"This journal permits its authors to mount copies of their work on their personal websites, on noncommercial discipline-specific servers of preprints or postprints, and within noncommercial digital repositories of nonprofit institutions with which they are currently affiliated.",1,cc_by_nc
"This journal provides immediate open access to its content on the principle that making research freely available to the public supports a greater global exchange of knowledge. There is no embargo on the journal’s publications.

Authors of articles published transfer the copyright of their articles to the Journal of Business Studies. JBS grants third parties the right to use, reproduce, and share the article according to the Creative Commons Attribution-Non Commercial 4.0 International License which permits that articles may be read, downloaded, copied, distributed, printed, searched, linked to the full texts or used for any other lawful purpose which is noncommercial, as long as appropriate citation and/or acknowledgement is made.",1,cc_by_nc
"This open-access article is distributed under the terms of the Creative Commons Attribution Non-Commercial License (CC BY-NC) (http://creativecommons.org/licenses/by-nc/4.0/), which permits reuse, distribution and reproduction of the article, provided that the original work is properly cited and the reuse is restricted to noncommercial purposes. For commercial reuse, contact reprints@pulsus.com",1,cc_by_nc
This publication is licensed under a Creative Commons Attribution NonCommercial 4.0 International License.,1,cc_by_nc
"This publication is provided strictly subject to Auckland Council’s copyright and other intellectual property rights (if any) in the publication. Users of the publication may only access, reproduce and use the publication, in a secure digital medium or hard copy, for responsible genuine non-commercial purposes relating to personal, public service or educational purposes, provided that the publication is only ever accurately reproduced and proper attribution of its source, publication date and authorship is attached to any use or reproduction. This publication must not be used in any way for any commercial purpose without the prior written consent of Auckland Council. Auckland Council does not give any warranty whatsoever, including without limitation, as to the availability, accuracy, completeness, currency or reliability of the information or data (including third party data) made available via the publication and expressly disclaim (to the maximum extent permitted in law) all 
 liability for any damage or loss resulting from your use of, or reliance on the publication or the information and data provided via the publication. The publication, information, and data contained within it are provided on an ""as is"" basis.",1,cc_by_nc
"This publication is provided strictly subject to Auckland Council’s copyright and other intellectual property rights (if any) in the publication. Users of the publication may only access, reproduce and use the publication, in a secure digital medium or hard copy, for responsible genuine non-commercial purposes relating to personal, public service or educational purposes, provided that the publication is only ever accurately reproduced and proper attribution of its source, publication date and authorship is attached to any use or reproduction. This publication must not be used in any way for any commercial purpose without the prior written consent of Auckland Council. Auckland Council does not give any warranty whatsoever, including without limitation, as to the availability, accuracy, completeness, currency or reliability of the information or data (including third party data) made available via the publication and expressly disclaim (to the maximum extent permitted in law) all 
liability for any damage or loss resulting from your use of, or reliance on the publication or the information and data provided via the publication. The publication, information, and data contained within it are provided on an ""as is"" basis.",1,cc_by_nc
"This report is copyright to the Families Commission. The copyright-protected material may
be reproduced free of charge for non-commercial personal use without requiring specific
permission. This is subject to the material being reproduced and attributed accurately
and not being used in a misleading context. Requests and enquiries concerning the
reproduction of information for any purpose other than personal use, requires the
permission of the Families Commission.",1,cc_by_nc
"This work is licensed under a  Creative Commons Attribution-NonCommercial 3.0 Unported License, which allows users to read, copy, distribute and make derivative works for non-commercial purposes from the material, as long as the author of the original work is cited properly.",1,cc_by_nc
"This work is licensed under a Creative Commons Attribution 3.0 License. It may be reproduced for non-commercial purposes, provided that the original author is credited. Copyright for articles published in this journal is retained by the authors, with first publication rights granted to the journal. By virtue of their appearance in this open access journal, articles are free to use, with proper attribution, in educational and other non-commercial settings.",1,cc_by_nc
"This work is licensed under a Creative Commons Attribution 4.0 International Licence. As an open access journal, articles are free to use, with proper attribution, in educational and other non-commercial settings.",1,cc_by_nc
"This work is licensed under a Creative Commons Attribution-NonCommercial 3.0 Australia License.
To view a copy of this license, visit http://creativecommons.org/licenses/by-nc/3.0/au/

COPYRIGHT
DAVID PARSONS AND MALCOLM REES © 2014. The authors assign to ACIS and educational and nonprofit
institutions a non-exclusive licence to use this document for personal use and in courses of instruction
provided that the article is used in full and this copyright statement is reproduced. The authors also grant a nonexclusive
licence to ACIS to publish this document in full in the Conference Papers and Proceedings. Those
documents may be published on the World Wide Web, CD-ROM, in printed form, and on mirror sites on the
World Wide Web. Any other usage is prohibited without the express permission of the authors",1,cc_by_nc
"This work is licensed under a Creative Commons Attribution-NonCommercial 3.0 New Zealand Licence. In 
essence, you are free to copy, distribute and adapt the work, as long as you attribute the work, the new works 
are non-commercial, and abide by the other licence terms.",1,cc_by_nc
This work is licensed under a Creative Commons Attribution-NonCommercial 3.0 Unported License,1,cc_by_nc
"This work is licensed under a Creative Commons Attribution-NonCommercial 4.0
International License.",1,cc_by_nc
"This work is licensed under a Creative Commons Attribution-NonCommercial 4.0 International License
.",1,cc_by_nc
"This work is licensed under a Creative Commons Attribution-NonCommercial 4.0 International License. (With the exceptions noted in http://researcharchive.lincoln.ac.nz/page/rights, this metadata is available under a Creative Commons Zero license.)",1,cc_by_nc
"This work is licensed under a Creative Commons Attribution-NonCommercial 4.0 International License. By publishing in Pacific Journalism Review, the authors grant the Journal a Creative Commons nonexclusive worldwide license for electronic dissemination of the article via the internet, and, a nonexclusive right to license others to reproduce, republish, transmit, and distribute the content of the journal. The authors grant the Journal the right to transfer content (without changing it), to any medium or format necessary for the purpose of preservation.",1,cc_by_nc
This work is licensed under a Creative Commons Attribution-NonCommercial 4.0 International License. Please contact the contributing institution for permissions not covered by the Creative Commons License. https://creativecommons.org/licenses/by-nc/4.0/,1,cc_by_nc
This work is licensed under a Creative Commons Attribution-Noncommercial 3.0 United States License.,1,cc_by_nc
This work is licensed under a Creative Commons AttributionNonCommercial 4.0 International License,1,cc_by_nc
"This work is licensed under a Creative Commons License: Attribution – Non Commercial 4.0 International. 
This does not apply to quoted content from other authors.",1,cc_by_nc
"This work is licensed under the Creative
Commons Attribution-NonCommercial
4.0 International License (CC BY-NC 4.0).",1,cc_by_nc
"This work is licensed under the Creative Commons Attribution Non-commercial 4.0 International licence. In essence, you are free to copy, distribute and adapt the material, as long as you attribute it and abide by the other licence terms.

Please note the Creative Commons Attribution licence does not apply to any logos, emblems and trade marks in this report, the report’s design elements, or to any photography and imagery. Those specific items may not be re-used without express permission.

The permission to use licensed material does not extend to any material on this site that is identified as being the copyright of a third party. Authorisation to reproduce any such material must be obtained from the copyright holders concerned.",1,cc_by_nc
"This work is licensed under the Creative Commons Attribution-Non commercial Works 3.0 License. To view a copy of this license, visit http://creativecommons.org/licenses/by-nc-nd/3.0/ or send a letter to Creative Commons, 543 Howard Street, 5th Floor, San Francisco, California, 94105, USA.",1,cc_by_nc
"This work is licensed under the Creative Commons Attribution-NonCommercial 3.0 New
Zealand License. To view a copy of this license, visit http://creativecommons.org/licenses/by-nc/3.0/nz/ or
send a letter to Creative Commons, PO Box 1866, Mountain View, CA 94042, USA.",1,cc_by_nc
"This work is licensed under the Creative Commons Attribution-Noncommercial 3.0 New Zealand licence (Creative Commons Attribution-Noncommercial Licence). In essence, you are free to copy, distribute and adapt the work for non-commercial purposes, as long as you attribute the work to Manatū Taonga - Ministry
for Culture and Heritage and abide by the other licence terms. To view a copy of the Creative Commons Attribution-Noncommercial Licence, visit http://creativecommons.org/licenses/by-nc/3.0/nz/",1,cc_by_nc
"This work is published and licensed by Dove Medical Press Limited. The full terms of this license are available at https://www.dovepress.com/terms.php and incorporate the Creative Commons Attribution - Non Commercial (unported, v3.0) License. By accessing the work you hereby accept the Terms. Non-commercial uses of the work are permitted without any further permission from Dove Medical Press Limited, provided the work is properly attributed. For permission for commercial use of this work, please see paragraphs 4.2 and 5 of our Terms.",1,cc_by_nc
"Tmesipteris elongata: aerial stem growing from a tree fern trunk, bearing narrowly-ovate sterile leaves tapering to a short mucro, and sporophylls in the distal half. The frond at bottom right is T. lanceolata. 
© Leon Perrie 2013 CC BY-NC 3.0 NZ",1,cc_by_nc
"Todea barbara: plant with depauperate, sterile fronds.
© Te Papa 2012 CC BY-NC 3.0 NZ",1,cc_by_nc
Unfinished business / New Zealand-born dreams / Whakapapa / Some modern poetry from Western Samoa is licensed under a Creative Commons Attribution-NonCommercial 4.0 International License.,1,cc_by_nc
"Unless otherwise indicated, the material available on this website is protected by copyright owned by Victoria University of Wellington or its related entities.

You can reproduce such material free of charge for non-commercial purposes and without further permission from Victoria University of Wellington (Victoria), as long as you:

reproduce the material accurately and without modifications;
do not use the material in a derogatory manner or a misleading context; and
acknowledge cite the source and acknowledge the copyright owner of the material.",1,cc_by_nc
"Usage of BioOne content is strictly limited to personal, educational, and non-commercial use. Commercial inquiries or rights and permissions requests should be directed to the individual publisher as copyright holder. (With the exceptions noted in http://researcharchive.lincoln.ac.nz/page/rights, this metadata is available under a Creative Commons Zero license.)",1,cc_by_nc
"Users must comply with copyright laws when using this service all the relevant requirements, download or copy the website content or service is only available for personal, non-commercial purposes; purposes other than the personal use, without obtaining written permission from the author of the content is completely prohibited.",1,cc_by_nc
"VALA is providing information and services on the web in furtherance of its non-profit and tax-exempt status. Permission to use, copy and distribute documents delivered from this web site and related graphics is hereby granted for private, non-commercial and education purposes only, provided that the above copyright notice appears with the following notice: this document may be reprinted and distributed for non-commercial and educational purposes only, and not for resale. No resale use may be made of material on this web site at any time. All other rights reserved.",1,cc_by_nc
Videos are available for educational and research purposes and are covered by Creative Commons Attribution-NonCommercial 3.0 Unported license. This video may not be reproduced for commercial purposes without the express written consent of Bethel University Digital Library. Contact Bethel University Digital Library at 651-638-6937 or digital-library@bethel.edu,1,cc_by_nc
"We give permission to reproduce material from our site for non-commercial use, provided that the original source is acknowledged. We do not allow materials from this site to be included in a product that is sold for profit, but you can ask permission at econ-network@bristol.ac.uk .",1,cc_by_nc
Whanake: The Pacific Journal of Community Development is licensed under a Creative Commons Attribution-NonCommercial 4.0 International License,1,cc_by_nc
"Whanake: The Pacific Journal of Community Development is licensed under a Creative Commons Attribution-­‐NonCommercial 4.0
International License.",1,cc_by_nc
"Whanake: The Pacific Journal of Community Development is licensed under a Creative Commons AttributionNonCommercial
4.0 International License.",1,cc_by_nc
"When their manuscripts are under review prior to acceptance, Authors have every right to post manuscripts on their own Websites, or for non-commercial personal or classroom use. Once a paper is accepted for publication in PAJAIS, all authors must clearly note that PAJAIS owns the copyright and use for profit is not allowed. The article version must be identical to the final published version, and include a link to PAJAIS.",1,cc_by_nc
Whole building recycling as a waste reduction practice is licensed under a Creative Commons Attribution-NonCommercial 4.0 International License,1,cc_by_nc
Xala (1975): A close textual analysis is licensed under a Creative Commons Attribution-NonCommercial 4.0 International License.,1,cc_by_nc
You are granted permission for the non-commercial use of this paper. All rights are reserved by the author(s).,1,cc_by_nc
"You may not reproduce (in print or electronic format) these items without obtaining the permission of the copyright holder. For written permission to use these items for any purpose other than personal and non-commercial study, please contact the copyright holder.",1,cc_by_nc
"Young People and Leadership: Questions of Access in Secondary Schools by Sue Emerson, Lesley Ferkins, Gaye Bryham and Mieke Sieuw, is licensed under a Creative Commons Attribution-NonCommercial 4.0 International License.",1,cc_by_nc
"copyright unknown MP3 files of the cylinders available for download are copyrighted by the Regents of the University of California. They are licensed for non-commercial use under a Creative Commons Attribution-Noncommercial 2.5 License. Acknowledgments for reuse of the transfers should read ""University of California, Santa Barbara Library."" The original wav files (either unedited or restored) can be provided upon request for commercial or non-commercial use such as CD reissues, film/tv synchronization, use on websites or in exhibits. The University of California makes no claims or warranties as to the copyright status of the original recordings and charges a use fee for the use of the transfers. Please contact the University of California, Santa Barbara Library Department of Special Research Collections for information on licensing cylinder transfers. Full contact information can be found at: http://cylinders.library.ucsb.edu/licensing.php.",1,cc_by_nc
"© 2007 (individual papers), the author(s).Authors retain the right to place his/her publication version of the work on a personal website or institutional repository for non commercial purposes. The definitive version was published in (see Citation).",1,cc_by_nc
© 2011 New Zealand Coastal Society (http://www.coastalsociety.org.nz). All rights reserved. Authors retain the right to place his/her publication version of the work on a personal website or institutional repository for non commercial purposes. The definitive version was published in (see Citation). The original publication is available at (see Publisher’s Version).,1,cc_by_nc
"© 2011 The Editors, New Zealand Sociology (http://web.me.com/saanz/SAANZ/Journal.html). All Rights Reserved Authors retain the right to place his/her publication version of the work on a personal website or institutional repository for non commercial purposes. The definitive version was published in (see Citation). The original publication is available at (see Publisher’s Version).",1,cc_by_nc
"© 2011, American Marketing Association. All rights reserved. Authors retain the right to place his/her publication version of the work on a personal website or institutional repository for non commercial purposes. The definitive version was published in (see Citation). The original publication is available at (see Publisher’s Version).",1,cc_by_nc
"© 2013 The Authors. Asia and the Pacific Policy Studies published by Wiley Publishing Asia Pty Ltd and Crawford School of Public Policy at The Australian National University.
This is an open access article under the terms of the Creative Commons Attribution-Non Commercial License 3.0.",1,cc_by_nc
© 2013 The Authors. This is an open access article under the terms of the Creative Commons Attribution-NonCommercial License.,1,cc_by_nc
© 2013. The Authors retain the right to place his/her publication version of the work on a personal website or institutional repository for non commercial purposes. The definitive version was published in (see Citation). The original publication is available at (see Publisher’s Version).,1,cc_by_nc
"© 2014 John Wiley & Sons Ltd/CNRS. This is the peer reviewed version of the an article published in the journal Ecology Letters, which has been published in final form at 10.1111/ele.12288. This article may be used for non-commercial purposes in accordance with Wiley Terms and Conditions for Self-Archiving.",1,cc_by_nc
"© 2015 by Authors. All rights reserved. Readers may make verbatim copies of this
document for non-commercial purposes by any means, provided that this copyright notice
appears on all such copies. (With the exceptions noted in http://researcharchive.lincoln.ac.nz/page/rights, this metadata is available under a Creative Commons Zero license.)",1,cc_by_nc
"© 2015 – IOS Press and the authors.
This article is published with Open Access and distributed under the terms of the Creative Commons Attribution Non-Commercial License.",1,cc_by_nc
"© 2016   authors. This is an open-access article distributed under the terms of the Creative Commons  Attribution-NonCommercial  3.0  Australia  License,  which  permits  non-commercial  use,  distribution, and reproduction in any medium, provided the original authors and ACIS are credited.",1,cc_by_nc
"© 2016 Andrea LaMarre, Kate Bishop-Williams, Megan Racey, Lindsay Day, & Tylar Meeks. is
Open Access article is distributed under the terms of the Creative Commons Attribution Non-
Commercial License (http://creativecommons.org/licenses/by-nc-nd/2.5/ca), which permits
unrestricted non-commercial use, distribution, and reproduction in any medium, provided the
original work is properly cited.",1,cc_by_nc
© 2016 The Authors and IOS Press. This article is published online with Open Access by IOS Press and distributed under the terms of the Creative Commons Attribution Non-Commercial License 4.0 (CC BY-NC 4.0).,1,cc_by_nc
"© 2017 Analysis & Policy Observatory (APO), licensed under a Creative Commons Attribution-Non-Commercial 3.0 Australia (CC-BY-NC 3.0 AU) License [from http://apo.org.au/node/68801]",1,cc_by_nc
"© 2017 Datt,Senapathi  &  Mirza.  This  is  an  open-access  article  distributed  under  the terms  of  the Creative  Commons  Attribution-NonCommercial  3.0  Australia  License,  which  permits non-commercial use, distribution, and reproduction in any medium, provided the original author and ACIS are credited.",1,cc_by_nc
"© 2017 International Medical Informatics Association (IMIA) and IOS Press.
This article is published online with Open Access by IOS Press and distributed under the terms
of the Creative Commons Attribution Non-Commercial License 4.0 (CC BY-NC 4.0).",1,cc_by_nc
"© 2017 Talukder, Senapathi & Buchan. This is an open-access article distributed under the terms of the Creative Commons Attribution-NonCommercial 3.0 Australia License, which permits non-commercial use, distribution, and reproduction in any medium, provided the original author and ACIS are credited.",1,cc_by_nc
"© 2017 The Authors
This work is licensed under the Creative Commons Attribution-NonCommercial 4.0 International License (CC BY-NC 4.0). http://creativecommons.org/licenses/by-nc/4.0 (With the exceptions noted in http://researcharchive.lincoln.ac.nz/page/rights, this metadata is available under a Creative Commons Zero license.)",1,cc_by_nc
"© 2017 The Authors. Asia and the Pacific Policy Studies published by John Wiley & Sons Australia, Ltd and Crawford School of Public Policy at The Australian National University.

This is an open access article under the terms of the Creative Commons Attribution-NonCommercial License, which permits use, distribution and reproduction in any medium, provided the original work is properly cited and is not used for commercial purposes. (With the exceptions noted in http://researcharchive.lincoln.ac.nz/page/rights, this metadata is available under a Creative Commons Zero license.)",1,cc_by_nc
"© 2017 Wu et al. This work is published and licensed by Dove Medical Press Limited. The full terms of this license are available at https://www.dovepress.com/terms.php and incorporate the Creative Commons Attribution – Non Commercial (unported, v3.0) License (http://creativecommons.org/licenses/by-nc/3.0/).

By accessing the work you hereby accept the Terms. Non-commercial uses of the work are permitted without any further permission from Dove Medical Press Limited, provided the work is properly attributed. For permission for commercial use of this work, please see paragraphs 4.2 and 5 of our Terms (https://www.dovepress.com/terms.php)",1,cc_by_nc
"© 2017 by Melissa McMullan and Joanna Cobley (CC BY-NC [https://creativecommons.org/
licenses/by-nc/4.0/]).",1,cc_by_nc
"© 2017 by the author(s). Published here under license by the Resilience Alliance.
This article is under a Creative Commons Attribution-NonCommercial 4.0 International License. You may share and adapt the work for noncommercial purposes provided the original author and source are credited, you indicate whether any changes were made, and you include a link to the license. (With the exceptions noted in http://researcharchive.lincoln.ac.nz/page/rights, this metadata is available under a Creative Commons Zero license.)",1,cc_by_nc
"© 2018 Naturalis Biodiversity Center
You are free to share - to copy, distribute and transmit the work, under the following conditions:
Attribution: You must attribute the work in the manner specified by the author or licensor (but not in any way that suggests that they endorse you or your use of the work).
Non-commercial: You may not use this work for commercial purposes.
No derivative works: You may not alter, transform, or build upon this work.
For any reuse or distribution, you must make clear to others the license terms of this work, which can be found at http://creativecommons.org/licenses/by-nc-nd/3.0/legalcode. Any of the above conditions can be
waived if you get permission from the copyright holder. Nothing in this license impairs or restricts the author’s moral rights.",1,cc_by_nc
"© 2018 Neumann et al. This is an open access article distributed under the terms of the Creative Commons Attribution License, which permits unrestricted use, distribution, and build upon your work non-commercially.",1,cc_by_nc
"© 2018 O’Donnell et al. This work is published and licensed by Dove Medical Press Limited. The full terms of this license are available at https://www.dovepress.com/terms.php and incorporate the Creative Commons Attribution – Non Commercial (unported, v3.0) License (http://creativecommons.org/licenses/by-nc/3.0/). By accessing the work you hereby accept the Terms. Non-commercial uses of the work are permitted without any further permission from Dove Medical Press Limited, provided the work is properly attributed. For permission for commercial use of this work, please see paragraphs 4.2 and 5 of our Terms (https://www.dovepress.com/terms.php).",1,cc_by_nc
© 2018 The Authors. This is an open access article under the CC-By-NC license.,1,cc_by_nc
"© 2018 Xiaoshi Zhou, Wanglin Ma, Alan Renwick and Gucheng Li. All rights reserved. Readers may make verbatim copies of this document for non-commercial purposes by any means, provided that this copyright notice appears on all such copies. (With the exceptions noted in http://researcharchive.lincoln.ac.nz/page/rights, this metadata is available under a Creative Commons Zero license.)",1,cc_by_nc
"© 2019 Abu-Samah et al. This work is published and licensed by Dove Medical Press Limited. The full terms of this license are available at https://www.dovepress.com/
terms.php and incorporate the Creative Commons Attribution–Non Commercial (unported, v3.0) License (http://creativecommons.org/licenses/by-nc/3.0/). By accessing
the work you hereby accept the Terms. Non-commercial uses of the work are permitted without any further permission from Dove Medical Press Limited, provided the work is properly attributed.
For permission for commercial use of this work, please see paragraphs 4.2 and 5 of our Terms (https://www.dovepress.com/terms.php)",1,cc_by_nc
© 2019 International Medical Informatics Association (IMIA) and IOS Press. This article is published online with Open Access by IOS Press and distributed under the terms of the Creative Commons Attribution Non-Commercial License 4.0 (CC BY-NC 4.0).,1,cc_by_nc
"© 2019 Kusuma, Lal and Richter. This is an open-access article distributed under the terms of  the  Creative  Commons  Attribution-NonCommercial  3.0  Australia  License,  which  permits  non-commercial use, distribution, and reproduction in any medium, provided the original author and ACIS are credited.",1,cc_by_nc
"© 2019 Rohini Khareedi. This is an open access article distributed under the terms of the Creative Commons Attribution License , which permits unrestricted use, distribution, and build upon your work non-commercially.",1,cc_by_nc
"© 2019 The Author(s). Published by Informa UK Limited, trading as Taylor & Francis Group
This is an Open Access article distributed under the terms of the Creative Commons Attribution-NonCommercial License (http://
creativecommons.org/licenses/by-nc/4.0/), which permits unrestricted non-commercial use, distribution, and reproduction in any medium,
provided the original work is properly cited.",1,cc_by_nc
"© 2020 The Author. Global Networks published by Global Networks Partnership and John Wiley & Sons Ltd

This is an open access article under the terms of the Creative Commons Attribution‐NonCommercial License, which permits use, distribution and reproduction in any medium, provided the original work is properly cited and is not used for commercial purposes.",1,cc_by_nc
"© AJCS is an open access journal and applies Creative Commons Attribution for non-commercial purposes as long as the research work (publication) be acknowledged and cited properly. Authors who wish to use or reproduce from the journal contents should contact editor and enquire an email approval/permission. (With the exceptions noted in http://researcharchive.lincoln.ac.nz/page/rights, this metadata is available under a Creative Commons Zero license.)",1,cc_by_nc
"© Alexandra Brazinova et al. 2016; Published by Mary Ann Liebert, Inc. This Open Access article is distributed under the terms of the Creative
Commons Attribution Noncommercial License (http://creativecommons.org/licenses/by-nc/4.0/) which permits any noncommercial use, distribution, and
reproduction in any medium, provided the original author(s) and the source are credited.",1,cc_by_nc
"© All the material on this site has the protection of international copyright. All rights reserved. Permission is granted to view and print materials from ChildForum.com for personal use only that is non-commercial for the purpose of viewing, reading and retaining for reference. Any other copying, distribution or modification of information or materials on this site, whether in electronic or hard copy form, without the express prior written permission of ChildForum.com, is strictly prohibited. Read More: http://www.childforum.com/terms-conditions.html#ixzz2tXfxpCrZ",1,cc_by_nc
"© Article author(s) (or their employer(s) unless otherwise stated in the text of the article) 2016. All rights reserved. No commercial use is permitted unless otherwise expressly granted. This is an Open Access article distributed in accordance with the Creative Commons Attribution Non Commercial (CC BY-NC 4.0) license, which permits others to distribute, remix, adapt, build upon this work non-commercially, and license their derivative works on different terms, provided the original work is properly cited and the use is non-commercial. See: http://creativecommons.org/licenses/by-nc/4.0/",1,cc_by_nc
"© Article author(s) (or their employer(s) unless otherwise stated in the text of the article) 2018. All rights reserved. No commercial use is permitted unless otherwise expressly granted.
This is an open access article distributed in accordance with the Creative Commons Attribution Non Commercial (CC BY-NC 4.0) license, which permits others to distribute, remix, adapt, build upon this work non-commercially, and license their derivative works on different terms, provided the original work is properly cited and the use is non-commercial. See: http://creativecommons.org/licenses/by-nc/4.0/",1,cc_by_nc
"© Author(s) (or their employer(s)) 2019. Re-use permitted under CC BY-NC. No commercial re-use. See rights and permissions. Published by BMJ.
This is an open access article distributed in accordance with the Creative Commons Attribution Non Commercial (CC BY-NC 4.0) license, which permits others to distribute, remix, adapt, build upon this work non-commercially, and license their derivative works on different terms, provided the original work is properly cited, appropriate credit is given, any changes made indicated, and the use is non-commercial. See: http://creativecommons.org/licenses/by-nc/4.0/.",1,cc_by_nc
"© Author(s) (or their employer(s)) 2019. Re-use permitted under CC BY-NC. No commercial re-use. See rights and permissions. Published by BMJ. This is an open access article distributed in accordance with the Creative Commons Attribution Non Commercial (CC BY-NC 4.0) license, which permits others to distribute, remix, adapt, build upon this work non-commercially, and license their derivative works on different terms, provided the original work is properly cited, appropriate credit is given, any changes made indicated, and the use is non-commercial. See: http://creativecommons.org/licenses/by-nc/4.0/.",1,cc_by_nc
"© Authors & Te Pua Wānanga ki te Ao
This is an Open Access book distributed under the terms of the Creative Commons Attribution-NonCommercial 4.0 International License (http://creativecommons.org/licenses/by-nc/4.0/), permitting all non-commercial use, distribution, and reproduction in any medium, provided the original work is properly cited.",1,cc_by_nc
© BCAS. All rights reserved. For non-commercial use only. www.bcasnet.org,1,cc_by_nc
"© BMJ Publishing, 2006. Authors retain the right to place his/her publication version of the work on a personal website or institutional repository for non commercial purposes. The definitive version was published in (see Citation). The original publication is available at (see Publisher's Version)",1,cc_by_nc
"© BMJ Publishing., 2008. Authors retain the right to place his/her publication version of the work on a personal website or institutional repository for non commercial purposes. The definitive version was published in (see Citation). The original publication is available at (see Publisher's Version)",1,cc_by_nc
"© CITR, The University of Auckland. You are granted permission for the non-commercial reproduction, distribution, display, and performance of this technical report in any format, BUT this permission is only for a period of 45 (forty-five) days from the most recent time that you verified that this technical report is still available from the original CITR web site under terms that include this permission. All other rights are reserved by the author(s).",1,cc_by_nc
"© Copyright 2007 James McDowall, Nigel Goodhue, Karin Bryan, Daniel Hailstone, Michelle Peterson and Colin Monk. Please note: this application is strictly for non-commercial use only. For assistance in the use of this application, please email Colin Monk (c.monk@waikato.ac.nz).",1,cc_by_nc
"© Copyright 2013 by Saunders, C., Guenther, M., Tait, P. & Saunders, J. All rights reserved. Readers may make verbatim copies of this document for non-commercial purposes by any means, provided that this copyright notice appears on all such copies. (With the exceptions noted in http://researcharchive.lincoln.ac.nz/page/rights, this metadata is available under a Creative Commons Zero license.)",1,cc_by_nc
"© Copyright 2013 by Saunders, C., Guenther, M., Tait, P., Saunders, J. All rights reserved. Readers may make verbatim copies of this document for non-commercial purposes by any means, provided that this copyright notice appears on all such copies. (With the exceptions noted in http://researcharchive.lincoln.ac.nz/page/rights, this metadata is available under a Creative Commons Zero license.)",1,cc_by_nc
"© Copyright of practice reports is retained by authors. As an open access journal, articles are free to use, with proper attribution, in educational and other non-commercial settings.",1,cc_by_nc
"© Emerald Group Publishing Limited, 1998. Authors retain the right to place his/her publication version of the work on a personal website or institutional repository for non commercial purposes. The definitive version was published in (see Citation). The original publication is available at www.emeraldinsight.com (see Publisher’s Version).",1,cc_by_nc
"© Emerald Group Publishing Limited, 2007. Authors retain the right to place his/her publication version of the work on a personal website or institutional repository for non commercial purposes. The definitive version was published in (see Citation). The original publication is available at www.emeraldinsight.com (see Publisher’s Version).",1,cc_by_nc
"© Heike A. Schänzel and Ian Yeoman 2015
Published by Emerald Group Publishing Limited
This article is published under the Creative Commons Attribution (CC BY 4.0) licence. Anyone may reproduce, distribute, translate and create derivative works of this article (for both commercial & non-commercial purposes), subject to full attribution to the original publication and authors. The full terms of this licence may be seen at http://creativecommons.org/licences/by/4.0/legalcode",1,cc_by_nc
"© Ivyspring International Publisher. This is an open-access article distributed under the terms of the Creative Commons License (http://creativecommons.org/
licenses/by-nc-nd/3.0/). Reproduction is permitted for personal, noncommercial use, provided that the article is in whole, unmodified, and properly cited. (With the exceptions noted in http://researcharchive.lincoln.ac.nz/page/rights, this metadata is available under a Creative Commons Zero license.)",1,cc_by_nc
"© NZ Society of Physiotherapists, 2008. Authors retain the right to place his/her pre-publication version of the work on a personal website or institutional repository for non commercial purposes. The definitive version was published in (see Citation). ""The final publication is available at www.physiotherapy.org.nz”",1,cc_by_nc
"© Queensland University of Technology
This work is licensed under a Creative Commons Attribution - Non Commercial 4.0 International License https://creativecommons.org/licenses/by-nc/4.0/ (With the exceptions noted in http://researcharchive.lincoln.ac.nz/page/rights, this metadata is available under a Creative Commons Zero license.)",1,cc_by_nc
"© Sanjaya C. Kuruppu, Markus J. Milne and Carol A. Tilt. Published by Emerald Publishing Limited.
This article is published under the Creative Commons Attribution (CC BY 4.0) licence. Anyone may
reproduce, distribute, translate and create derivative works of this article (for both commercial and
non-commercial purposes), subject to full attribution to the original publication and authors. The full
terms of this licence may be seen at http://creativecommons.org/licences/by/4.0/legalcode",1,cc_by_nc
"© T. Vamerali et al., 2012. Licensee PAGEPress, Italy.
This article is distributed under the terms of the Creative Commons
Attribution Noncommercial License (by-nc 3.0) which permits any noncommercial use, distribution, and reproduction in any medium, provided the original author(s) and source are credited. (With the exceptions noted in http://researcharchive.lincoln.ac.nz/page/rights, this metadata is available under a Creative Commons Zero license.)",1,cc_by_nc
"© The Author (2015). Published by Oxford University Press on behalf of the Guarantors of Brain.
This is an Open Access article distributed under the terms of the Creative Commons Attribution Non-Commercial License (http://creativecommons.org/licenses/by-nc/4.0/), which permits non-commercial re-use, distribution, and reproduction in any medium, provided the original work is properly cited. For commercial re-use, please contact journals.permissions@oup.com (With the exceptions noted in http://researcharchive.lincoln.ac.nz/page/rights, this metadata is available under a Creative Commons Zero license.)",1,cc_by_nc
"© The Author(s) 2015
CC BY-NC",1,cc_by_nc
"© The Author(s) 2018. Published byOxford University Press on behalf of the European Society of Human Reproduction and Embryology.
This is an Open Access article distributed under the terms of the Creative Commons Attribution Non-Commercial License (http://creativecommons.org/licenses/by-nc/4.0/), which permits non-commercial re-use, distribution, and reproduction in any medium, provided the original work is properly cited.",1,cc_by_nc
"© The Author(s) 2020. Published by Oxford University Press on behalf of Nucleic Acids Research.
This is an Open Access article distributed under the terms of the Creative Commons Attribution Non-Commercial License (http://creativecommons.org/licenses/by-nc/4.0/), which permits non-commercial re-use, distribution, and reproduction in any medium, provided the original work is properly cited. For commercial re-use, please contact journals.permissions@oup.com",1,cc_by_nc
"© The Author(s) 2020. Published byOxford University Press on behalf of the European Society of Human Reproduction and Embryology. 
This is an Open Access article distributed under the terms of the Creative Commons Attribution Non-Commercial License (http://creativecommons.org/licenses/by-nc/4.0/), which permits non-commercial re-use, distribution, and reproduction in any medium, provided the original work is properly cited.",1,cc_by_nc
"© The Author(s). © Tarbiat Modares University. The contents of all TMU journals are under the Creative Commons Attribution-NonCommercial 4.0 International Public License. (With the exceptions noted in http://researcharchive.lincoln.ac.nz/page/rights, this metadata is available under a Creative Commons Zero license.)",1,cc_by_nc
"© The Authors. Readers may make copies of this document for non-commercial purposes only, provided that this copyright notice appears on all such copies. (With the exceptions noted in http://researcharchive.lincoln.ac.nz/page/rights, this metadata is available under a Creative Commons Zero license.)",1,cc_by_nc
© The British Computer Society (BCS) and contributors 2008. All Rights Reserved. The content is copyright of BCS and of contributors who have exclusively licensed such copyright to BC. Authors retain the right to place his/her publication version of the work on a personal website or institutional repository for non commercial purposes only. A definitive version was subsequently published in (see Citation) The original publication is available at (see Publisher's Version),1,cc_by_nc
"© The author(s), publisher and licensee Libertas Academica Ltd. This is an open access article. Unrestricted non-commercial use is permitted provided the original work is properly cited. (With the exceptions noted in http://researcharchive.lincoln.ac.nz/page/rights, this metadata is available under a Creative Commons Zero license.)",1,cc_by_nc
"© The author(s). Readers may make copies of this document for non-commercial purposes only, provided that this copyright notice appears on all such copies. (With the exceptions noted in http://researcharchive.lincoln.ac.nz/page/rights, this metadata is available under a Creative Commons Zero license.)",1,cc_by_nc
"© Victor Mueke Robinson and Heike A. Schänzel. Published in Journal of Tourism Futures. Published by Emerald Publishing Limited. This article is published under the Creative Commons Attribution (CC BY 4.0) licence. Anyone may reproduce, distribute, translate and create derivative works of this article (for both commercial and non-commercial purposes), subject to full attribution to the original publication and authors. The full terms of this licence may be seen at http://creativecommons.org/licences/by/4.0/legalcode",1,cc_by_nc
© by AP2 on Creative Commons 4.0 International License (CC BY-NC 4.0),1,cc_by_nc
"© by J. Connor Ferguson. This article is distributed under the terms of the Creative Commons Attribution Non-Commercial License, which permits unrestricted non-commercial use, distribution, and reproduction in any medium, provided the original work is properly cited. BY-NC-ND 3.0 (With the exceptions noted in http://researcharchive.lincoln.ac.nz/page/rights, this metadata is available under a Creative Commons Zero license.)",1,cc_by_nc
