rights_statement,record_count,rights_category
Creative Commons Attribution 4.0 International License,252933,cc_by_attribution_only
Crown copyright (All metadata for this record is available under the Creative Commons Attribution 3.0 New Zealand licence.),223448,cc_by_attribution_only
© Auckland Museum CC BY,103564,cc_by_attribution_only
Creative Commons Attribution 4.0 International,57421,cc_by_attribution_only
Attribution 4.0 International (CC BY 4.0),51475,cc_by_attribution_only
This work is licensed under a Creative Commons Attribution 3.0 New Zealand License,38573,cc_by_attribution_only
CC BY 4.0,31025,cc_by_attribution_only
Creative Commons Licence: Attribution CC BY,25110,cc_by_attribution_only
Creative Commons Attribution 3.0 New Zealand,24786,cc_by_attribution_only
"Photo: (c) Jon Sullivan, some rights reserved (CC BY);",21022,cc_by_attribution_only
"Photo: (c) Arnim Littek, some rights reserved (CC BY);",8806,cc_by_attribution_only
"Photo: (c) John Barkla, some rights reserved (CC BY);",8691,cc_by_attribution_only
CC-BY Attribution alone,7559,cc_by_attribution_only
Landcare Research ; CC BY 3.0 NZ,6606,cc_by_attribution_only
"Photo: (c) naturewatchwidow, some rights reserved (CC BY);",6141,cc_by_attribution_only
Creative Commons Attribution 2.0,6076,cc_by_attribution_only
"Photo: (c) Joe Potter Butler, some rights reserved (CC BY);",4479,cc_by_attribution_only
Restricted; Pictorial staff access only; © Auckland Museum CC BY,3949,cc_by_attribution_only
"Photo: (c) predomalpha, some rights reserved (CC BY);",3316,cc_by_attribution_only
"Photo: (c) Brett Sandford, some rights reserved (CC BY);",3070,cc_by_attribution_only
"Photo: (c) Bruce Calvert, some rights reserved (CC BY);",2552,cc_by_attribution_only
"Photo: (c) Steve Kerr, some rights reserved (CC BY);",2466,cc_by_attribution_only
"Photo: (c) johnsteel, some rights reserved (CC BY);",2390,cc_by_attribution_only
"Photo: (c) Andy McKay, some rights reserved (CC BY);",2241,cc_by_attribution_only
"Photo: (c) john_barkla, some rights reserved (CC BY);",2125,cc_by_attribution_only
Restricted; Auckland Museum CC BY; Pictorial staff access only,1970,cc_by_attribution_only
"Photo: (c) Javier, some rights reserved (CC BY);",1876,cc_by_attribution_only
"Photo: (c) William Brockelsby, some rights reserved (CC BY);",1876,cc_by_attribution_only
"Photo: (c) jon, some rights reserved (CC BY);",1717,cc_by_attribution_only
"Photo: (c) Leon Perrie, some rights reserved (CC BY);",1687,cc_by_attribution_only
"Photo: (c) steve_kerr, some rights reserved (CC BY);",1657,cc_by_attribution_only
CC:BY,1486,cc_by_attribution_only
"Photo: (c) Jerry, some rights reserved (CC BY);",1411,cc_by_attribution_only
Copyright Museums Victoria / CC BY,1337,cc_by_attribution_only
"Photo: (c) Shaun, some rights reserved (CC BY);",1316,cc_by_attribution_only
"Photo: (c) Murray NZ, some rights reserved (CC BY);",1245,cc_by_attribution_only
"Photo: (c) Possums' End, some rights reserved (CC BY);",1180,cc_by_attribution_only
"Photo: (c) Shaun Lee, some rights reserved (CC BY);",1100,cc_by_attribution_only
This item is licensed under a Creative Commons Attribution 3.0 New Zealand Licence,1015,cc_by_attribution_only
"Photo: (c) Joe Dillon, some rights reserved (CC BY);",948,cc_by_attribution_only
"Photo: (c) jeremy_rolfe, some rights reserved (CC BY);",923,cc_by_attribution_only
"Photo: (c) Penelope Noel Gillette, some rights reserved (CC BY);",913,cc_by_attribution_only
"Photo: (c) Katja Schulz, some rights reserved (CC BY);",896,cc_by_attribution_only
"NZDF Licence. This work is licensed under the Creative Commons Attribution Non Commerical No Derivatives 3.0 New Zealand licence. In essence, you are free to copy and distribute the work, as long as you attribute the work to the NZ Defence Force and abide by the other licence terms. Please note that some images may be subject to the Flags, Emblems, and Names Protection Act 1981 and as such cannot be used in any way which would infringe the provisions of that Act. Attribution should be in written form and not by reproduction of those emblems. Please email any enquiries to DCG@nzdf.mil.nz",887,cc_by_attribution_only
"Photo: (c) nick_goldwater, some rights reserved (CC BY);",861,cc_by_attribution_only
Licensed under Creative Commons Attribution 4.0 International CC BY 4.0 cc https://creativecommons.org/licenses/by/4.0/,821,cc_by_attribution_only
"Photo: (c) wild_wind, some rights reserved (CC BY);",805,cc_by_attribution_only
"Photo: (c) War Weeds, some rights reserved (CC BY);",772,cc_by_attribution_only
"Photo: (c) Ed Wilson, some rights reserved (CC BY);",662,cc_by_attribution_only
"Photo: (c) Ian Armitage, some rights reserved (CC BY);",661,cc_by_attribution_only
"Photo: (c) katiew, some rights reserved (CC BY);",642,cc_by_attribution_only
Closed - digital copy only available; Auckland Museum CC BY,604,cc_by_attribution_only
© Auckland Museum CC BY; Cultural Permissions Apply,573,cc_by_attribution_only
"Photo: (c) Kathy Warburton, some rights reserved (CC BY);",547,cc_by_attribution_only
Culture Waitaki Creative Commons Attribution 4.0 International licence,545,cc_by_attribution_only
"Photo: (c) Mike Dickison, some rights reserved (CC BY);",513,cc_by_attribution_only
"Photo: (c) Jerry Cooper, some rights reserved (CC BY);",502,cc_by_attribution_only
"Photo: (c) Tom, some rights reserved (CC BY);",482,cc_by_attribution_only
"Creative Commons BY 3.0 NZ. Creative Commons Attribution 3.0 New Zealand. You are free to share, copy and redistribute the material in any medium or format and adapt, remix, transform, and build upon the material for any purpose, even commercially, under the following terms: You must give appropriate credit, provide a link to the license, and indicate if changes were made. You may do so in any reasonable manner, but not in any way that suggests the licensor endorses you or your use. You may not apply legal terms or technological measures that legally restrict others from doing anything the license permits.",479,cc_by_attribution_only
Closed - digital copy only available; Digital copy available; © Auckland Museum CC BY,453,cc_by_attribution_only
"Photo: (c) J Christianson, some rights reserved (CC BY);",426,cc_by_attribution_only
Creative Commons Attribution: CC BY,415,cc_by_attribution_only
"Photo: (c) John Flower, some rights reserved (CC BY);",376,cc_by_attribution_only
"Photo: (c) M Rutherford, some rights reserved (CC BY);",365,cc_by_attribution_only
All Rights Reserved; © Auckland Museum CC BY,325,cc_by_attribution_only
"Photo: (c) darmozrac, some rights reserved (CC BY);",325,cc_by_attribution_only
"Photo: (c) Andrew Townsend, some rights reserved (CC BY);",323,cc_by_attribution_only
"Photo: (c) Paul, some rights reserved (CC BY);",313,cc_by_attribution_only
CC-BY 4.0 International,307,cc_by_attribution_only
"Townsend Telescope Visitors' Book Licence. Creative Commons Attribution 3.0 New Zealand. You are free to share, copy and redistribute the material in any medium or format and adapt, remix, transform, and build upon the material for any purpose, even commercially, under the following terms: You must give appropriate credit, provide a link to the license, and indicate if changes were made. You may do so in any reasonable manner, but not in any way that suggests the licensor endorses you or your use. You may not apply legal terms or technological measures that legally restrict others from doing anything the license permits. Note: UC CEISMIC has removed addresses, where present, in order to protect individuals' privacy. If you have any questions or concerns, please contact UC CEISMIC at ceismic@canterbury.ac.nz.",273,cc_by_attribution_only
"Photo: (c) Stephen Thorpe, some rights reserved (CC BY);",246,cc_by_attribution_only
"Photo: (c) rempson, some rights reserved (CC BY);",245,cc_by_attribution_only
Creative Commons Licence Attribution: CC BY,239,cc_by_attribution_only
"Photo: (c) Kelvin Perrie, some rights reserved (CC BY);",237,cc_by_attribution_only
Licensed under Creative Commons Attribution 3.0 New Zealand CC BY 3.0 NZ cc https://creativecommons.org/licenses/by/3.0/nz/,234,cc_by_attribution_only
CC:BY-ND,224,cc_by_attribution_only
"Creative Commons BY 4.0. Creative Commons Attribution 4.0. You are free to share, copy and redistribute the material in any medium or format and adapt, remix, transform, and build upon the material for any purpose, even commercially, under the following terms: You must give appropriate credit, provide a link to the license, and indicate if changes were made. You may do so in any reasonable manner, but not in any way that suggests the licensor endorses you or your use. You may not apply legal terms or technological measures that legally restrict others from doing anything the license permits.",223,cc_by_attribution_only
"Photo: (c) Ken-ichi Ueda, some rights reserved (CC BY);",222,cc_by_attribution_only
"Photo: (c) Tom Saunders, some rights reserved (CC BY);",221,cc_by_attribution_only
© Auckland Museum CC BY; Copyright undetermined - untraced rights owner,221,cc_by_attribution_only
"Photo: (c) Wouter Koch, some rights reserved (CC BY);",219,cc_by_attribution_only
"Photo: (c) Danielle, some rights reserved (CC BY);",215,cc_by_attribution_only
"Photo: (c) hjcjim, some rights reserved (CC BY);",210,cc_by_attribution_only
Copright undetermined - untraced rights owner; © Auckland Museum CC BY,206,cc_by_attribution_only
This work is licensed under a Creative Commons Attribution-No Derivative Works 3.0 New Zealand License,204,cc_by_attribution_only
This work is licensed under a Creative Commons Attribution 4.0 International License.,200,cc_by_attribution_only
"Photo: (c) Lisa Bennett, some rights reserved (CC BY);",195,cc_by_attribution_only
"Photo: (c) Milly S, some rights reserved (CC BY);",194,cc_by_attribution_only
Creative Commons Attribution 3.0 New Zealand License.,184,cc_by_attribution_only
"Photo: (c) Mark Roper, some rights reserved (CC BY);",177,cc_by_attribution_only
"Photo: (c) Nicholas Allen, some rights reserved (CC BY);",170,cc_by_attribution_only
"Photo: (c) Stephen Hartley, some rights reserved (CC BY);",168,cc_by_attribution_only
"Photo: (c) Barrie, some rights reserved (CC BY);",164,cc_by_attribution_only
"Photo: (c) eyrezer, some rights reserved (CC BY);",159,cc_by_attribution_only
"Photo: (c) ekojeo, some rights reserved (CC BY);",158,cc_by_attribution_only
Licensed under Creative Commons Attribution 3.0 Unported CC BY 3.0 cc https://creativecommons.org/licenses/by/3.0/,156,cc_by_attribution_only
"Photo: (c) Andrea Wiggins, some rights reserved (CC BY);",151,cc_by_attribution_only
"Photo: (c) wbnz, some rights reserved (CC BY);",146,cc_by_attribution_only
"Photo: (c) ecol202, some rights reserved (CC BY);",145,cc_by_attribution_only
"Photo: (c) Donald Hobern, some rights reserved (CC BY);",143,cc_by_attribution_only
CC BY,142,cc_by_attribution_only
"Photo: (c) thehowlingfantod, some rights reserved (CC BY);",142,cc_by_attribution_only
"Photo: (c) Dustin, some rights reserved (CC BY);",135,cc_by_attribution_only
"Photo: (c) Tim McNamara, some rights reserved (CC BY);",135,cc_by_attribution_only
"Photo: (c) Hannes Oberreiter, some rights reserved (CC BY);",133,cc_by_attribution_only
"Photo: (c) anna-mac, some rights reserved (CC BY);",132,cc_by_attribution_only
Auckland Museum CC BY,131,cc_by_attribution_only
"Photo: (c) Samuel Brown, some rights reserved (CC BY);",131,cc_by_attribution_only
Creative Commons Attribution 4.0 International License.,125,cc_by_attribution_only
"Photo: (c) zanejg, some rights reserved (CC BY);",117,cc_by_attribution_only
"Photo: (c) Julia Kasper, some rights reserved (CC BY);",114,cc_by_attribution_only
"Photo: (c) melianie_and_max, some rights reserved (CC BY);",111,cc_by_attribution_only
"Photo: (c) paloma, some rights reserved (CC BY);",109,cc_by_attribution_only
"Photo: (c) Pierre Tellier, some rights reserved (CC BY);",108,cc_by_attribution_only
Copright undetermined - untraced rights owner; © Auckland Museum CC BY; Copyright undetermined - untraced rights owner,107,cc_by_attribution_only
"Photo: (c) Aimee Macarthur, some rights reserved (CC BY);",99,cc_by_attribution_only
"Photo: (c) peter_kelly, some rights reserved (CC BY);",96,cc_by_attribution_only
© Auckland Museum CC BY; All rights reserved,96,cc_by_attribution_only
"Photo: (c) Bevan Weir, some rights reserved (CC BY);",93,cc_by_attribution_only
"Photo: (c) Wendy Bailey, some rights reserved (CC BY);",91,cc_by_attribution_only
"Photo: (c) David Orlovich, some rights reserved (CC BY);",90,cc_by_attribution_only
"Photo: (c) Sean Clifford, some rights reserved (CC BY);",89,cc_by_attribution_only
"Photo: (c) kane_fleury, some rights reserved (CC BY);",87,cc_by_attribution_only
"Photo: (c) Callan Bird, some rights reserved (CC BY);",86,cc_by_attribution_only
"Photo: (c) Johnathon Ridden, some rights reserved (CC BY);",81,cc_by_attribution_only
"Photo: (c) Nic Charlton, some rights reserved (CC BY);",81,cc_by_attribution_only
"Photocopying not permitted. This image may be used, copied, and re-distributed free of charge in any format or media. Where the image is redistributed to others the following acknowledgement note should be shown: ""Sourced from LINZ. Crown Copyright reserved"". 
Copyright: Crown copyright. All data and other material produced by Land Information New Zealand (LINZ) constitutes Crown copyright administered by LINZ. Unless otherwise specified, content produced by LINZ is licensed under the Creative Commons Attribution 4.0 International Licence.",80,cc_by_attribution_only
"Photo: (c) birdcall, some rights reserved (CC BY);",76,cc_by_attribution_only
"Photocopying not permitted. This image may be used, copied, and re-distributed free of charge in any format or media. Where the image is redistributed to others the following acknowledgement note should be shown: ""Sourced from LINZ. Crown Copyright reserved"". 
Copyright: Crown copyright. All data and other material produced by Land Information New Zealand (LINZ) constitutes Crown copyright administered by LINZ.  Unless otherwise specified, content produced by LINZ is licensed under the Creative Commons Attribution 4.0 International Licence.",76,cc_by_attribution_only
"The item is licensed for use under a Creative Commons Attribution (CC BY) license, which is Creative Commons Attribution 4.0 International. When using or sharing this material, attribution must be given to City of Sydney Archives. Full license details are available from Creative Commons.

In some cases copyright may be held by the City of Sydney. In other cases copyright may be held by a third party and the material is licensed to the City of Sydney.",76,cc_by_attribution_only
Closed - digital copy only available; Digital copy available; Auckland Museum CC BY,75,cc_by_attribution_only
"Photo: (c) Nadia Cooper, some rights reserved (CC BY-ND);",75,cc_by_attribution_only
"Photo: (c) strewick, some rights reserved (CC BY);",73,cc_by_attribution_only
"Photo: (c) Kimberley Collins, some rights reserved (CC BY);",68,cc_by_attribution_only
"Photo: (c) danrob, some rights reserved (CC BY);",66,cc_by_attribution_only
"Photo: (c) Natalie Blackstock, some rights reserved (CC BY);",64,cc_by_attribution_only
"Photo: (c) Rob Foster, some rights reserved (CC BY);",64,cc_by_attribution_only
"Photo: (c) leonlobo, some rights reserved (CC BY);",63,cc_by_attribution_only
"Photo: (c) pierre_t, some rights reserved (CC BY);",59,cc_by_attribution_only
"Photo: (c) Anna Burrows, some rights reserved (CC BY);",58,cc_by_attribution_only
"Photo: (c) BIHNZ, some rights reserved (CC BY);",56,cc_by_attribution_only
"Photo: (c) Kate Marshall, some rights reserved (CC BY);",56,cc_by_attribution_only
"Photo: (c) delautourt, some rights reserved (CC BY);",53,cc_by_attribution_only
"Creative Commons BY-ND 2.0. Creative Commons Attribution NoDerivatives 2.0. You are free to share, copy, distribute and transmit the work, or to make commercial use of the work, under the following conditions: you must attribute the work in the manner specified by the author or licensor (but not in any way that suggests that they endorse you or your use of the work). You may not alter, transform, or build upon this work.",52,cc_by_attribution_only
"Photo: (c) Taylor Davies-Colley, some rights reserved (CC BY);",52,cc_by_attribution_only
"Photo: (c) Adriana Nelly Correa Sandoval, some rights reserved (CC BY);",48,cc_by_attribution_only
"Photo: (c) Elise Smith, some rights reserved (CC BY);",48,cc_by_attribution_only
"Photo: (c) catchwords, some rights reserved (CC BY);",47,cc_by_attribution_only
Creative Commons Attribution-NoDerivative Works 3.0 New Zealand,45,cc_by_attribution_only
"Photo: (c) titine, some rights reserved (CC BY);",42,cc_by_attribution_only
"Photo: (c) marc-nz, some rights reserved (CC BY);",41,cc_by_attribution_only
"Photo: (c) noelw, some rights reserved (CC BY);",41,cc_by_attribution_only
"Photo: (c) Doug Miller, some rights reserved (CC BY);",40,cc_by_attribution_only
CC BY-ND 4.0,39,cc_by_attribution_only
Landcare Research / Bevan Weir; CC BY 3.0 NZ,39,cc_by_attribution_only
Creative Commons Licence: CC-BY,37,cc_by_attribution_only
"Photo: (c) Neil Birrell, some rights reserved (CC BY);",37,cc_by_attribution_only
Attribution International 4.0 (CC BY 4.0) Library & Archives NT https://creativecommons.org/licenses/by/4.0/ CC BY 4.0,36,cc_by_attribution_only
"Photo: (c) Murray Dawson, some rights reserved (CC BY);",36,cc_by_attribution_only
"Photo: (c) Ian Dickie, some rights reserved (CC BY);",35,cc_by_attribution_only
"Photo: (c) cparminter, some rights reserved (CC BY);",34,cc_by_attribution_only
"This is an open access article distributed under the Creative Commons Attribution License which permits unrestricted use, distribution, and reproduction in any medium, provided the original work is properly cited. (CC BY 4.0).",34,cc_by_attribution_only
"Photo: (c) Auckland War Memorial Museum, some rights reserved (CC BY);",33,cc_by_attribution_only
"Photo: (c) bevan, some rights reserved (CC BY);",32,cc_by_attribution_only
The Author(s) CC BY 4.0,31,cc_by_attribution_only
"Photo: (c) Basil Hooper, some rights reserved (CC BY);",30,cc_by_attribution_only
"Photo: (c) riddenecoler, some rights reserved (CC BY);",30,cc_by_attribution_only
"Photo: (c) Greg O’Beirne, some rights reserved (CC BY);",29,cc_by_attribution_only
"Photo: (c) Sonny Whitelaw, some rights reserved (CC BY);",29,cc_by_attribution_only
"Photo: (c) Sophie, some rights reserved (CC BY);",27,cc_by_attribution_only
CC-BY-3.0-NZ,26,cc_by_attribution_only
"Photo: (c) Robert Vennell, some rights reserved (CC BY);",26,cc_by_attribution_only
"Photo: (c) jerry, some rights reserved (CC BY);",26,cc_by_attribution_only
Crown Copyright - Creative Commons Licence: Attribution CC-BY,25,cc_by_attribution_only
"This is an open access article distributed under the Creative Commons Attribution License which permits unrestricted use, distribution, and reproduction in any medium, provided the original work is properly cited (CC BY 4.0).",25,cc_by_attribution_only
"Photo: (c) temanihera, some rights reserved (CC BY-ND);",24,cc_by_attribution_only
"Photo: (c) xurizaemon, some rights reserved (CC BY);",24,cc_by_attribution_only
Closed - digital copy only available; Digital copy available; © Auckland Museum CC BY; Cultural permissions apply,23,cc_by_attribution_only
"Photo: (c) Geoff Shuetrim, some rights reserved (CC BY);",23,cc_by_attribution_only
"Photo: (c) rdmpage, some rights reserved (CC BY);",23,cc_by_attribution_only
"Photo: (c) rosicrane, some rights reserved (CC BY);",23,cc_by_attribution_only
"Photo: (c) Cameron Ryan, some rights reserved (CC BY);",21,cc_by_attribution_only
"Photo: (c) Kerry Paul, some rights reserved (CC BY);",21,cc_by_attribution_only
"Photo: (c) brennamarie, some rights reserved (CC BY);",21,cc_by_attribution_only
"Photo: (c) Kathleen Martsch, some rights reserved (CC BY);",20,cc_by_attribution_only
"Photo: (c) ednotmed, some rights reserved (CC BY);",20,cc_by_attribution_only
"Photo: (c) Elle, some rights reserved (CC BY);",17,cc_by_attribution_only
"Photo: (c) Matthew Blissett, some rights reserved (CC BY);",17,cc_by_attribution_only
"Photo: (c) jsimons, some rights reserved (CC BY);",17,cc_by_attribution_only
"Photo: (c) shaun-lee, some rights reserved (CC BY);",17,cc_by_attribution_only
"This is an open access article distributed under the Creative Commons Attribution License which permits unrestricted use, distribution, and reproduction in any medium, provided the original work is properly cited.",17,cc_by_attribution_only
CC BY 4.0 International Licence,16,cc_by_attribution_only
"Photo: (c) Michael Lavery, some rights reserved (CC BY);",16,cc_by_attribution_only
"Photo: (c) hazelvalerie, some rights reserved (CC BY);",16,cc_by_attribution_only
"Photo: (c) murray_dawson, some rights reserved (CC BY);",16,cc_by_attribution_only
"Photo: (c) David, some rights reserved (CC BY);",15,cc_by_attribution_only
"Photo: (c) Heloíse Pavanato, some rights reserved (CC BY);",15,cc_by_attribution_only
"Photo: (c) Matt SP, some rights reserved (CC BY);",15,cc_by_attribution_only
"Photo: (c) SmileyNi, some rights reserved (CC BY);",15,cc_by_attribution_only
"© 2018 by the authors. Licensee MDPI, Basel, Switzerland. This article is an open access
article distributed under the terms and conditions of the Creative Commons Attribution
(CC BY) license (http://creativecommons.org/licenses/by/4.0/).",15,cc_by_attribution_only
"© 2020 by the authors. Licensee MDPI, Basel, Switzerland. This article is an open access article distributed under the terms and conditions of the Creative Commons Attribution (CC BY) license (http://creativecommons.org/licenses/by/4.0/).",15,cc_by_attribution_only
Closed - digital copy only available; Auckland Museum CC BY; Cultural permissions apply,14,cc_by_attribution_only
"Photo: (c) Genevieve Early, some rights reserved (CC BY);",14,cc_by_attribution_only
"Photo: (c) Patrick Lam, some rights reserved (CC BY);",14,cc_by_attribution_only
"Photo: (c) Peter Hancock, some rights reserved (CC BY);",14,cc_by_attribution_only
"Photo: (c) sandravanaalst, some rights reserved (CC BY);",14,cc_by_attribution_only
This work is licensed under a Creative Commons Attribution 3.0 License.,14,cc_by_attribution_only
Attribution International 4.0 (CC BY 4.0) Northern Territory Library https://creativecommons.org/licenses/by/4.0/ CC BY 4.0,13,cc_by_attribution_only
"Photo: (c) andrew-simpson, some rights reserved (CC BY);",13,cc_by_attribution_only
"Photo: (c) russelljsmith, some rights reserved (CC BY);",13,cc_by_attribution_only
"This article is licensed under a Creative Commons Attribution 4.0 International License, which permits use, sharing, adaptation, distribution and reproduction in any medium or format, as long as you give appropriate credit to the original author(s) and the source, provide a link to the Creative Commons license, and indicate if changes were made. The images or other third party material in this article are included in the article’s Creative Commons license, unless indicated otherwise in a credit line to the material. If material is not included in the article’s Creative Commons license and your intended use is not permitted by statutory regulation or exceeds the permitted use, you will need to obtain permission directly from the copyright holder. To view a copy of this license, visit http://creativecommons.org/licenses/by/4.0/.",13,cc_by_attribution_only
"This is an open access article distributed under the Creative Commons Attribution License which permits unrestricted use, distribution, and reproduction in any medium, provided the original work is properly cited",13,cc_by_attribution_only
"Copyright status: In copyright Copyright holder: SEARCH Foundation Rights and Restrictions Information: Reproduction and rights for the images are licensed under Creative Commons Attribution 4.0 BY International Licence. Under this licence you are free to copy, distribute, remix and build upon this content as long as you acknowledge the State Library of New South Wales and the SEARCH Foundation Please acknowledge:	 Mitchell Library, State Library of New South Wales and Courtesy SEARCH Foundation",12,cc_by_attribution_only
Creative Commons Attribution License 4.0,12,cc_by_attribution_only
"Photo: (c) Gavin Kingsley, some rights reserved (CC BY);",12,cc_by_attribution_only
"Photo: (c) Gavin White, some rights reserved (CC BY);",12,cc_by_attribution_only
"Photo: (c) Roderic Page, some rights reserved (CC BY);",12,cc_by_attribution_only
"Photo: (c) dr_robert, some rights reserved (CC BY);",12,cc_by_attribution_only
Auckland Museum is yet to establish the copyright status of this image; restrictions may apply; © Auckland Museum CC BY,11,cc_by_attribution_only
"Creative Commons BY-ND 3.0 NZ. Creative Commons Attribution NoDerivatives 3.0 New Zealand. You are free to share, copy, distribute and transmit the work, or to make commercial use of the work, under the following conditions: you must attribute the work in the manner specified by the author or licensor (but not in any way that suggests that they endorse you or your use of the work). You may not alter, transform, or build upon this work.",11,cc_by_attribution_only
"Photo: (c) Kane Fleury, some rights reserved (CC BY);",11,cc_by_attribution_only
"Photo: (c) keirsey, some rights reserved (CC BY);",11,cc_by_attribution_only
"Photo: (c) michæl, some rights reserved (CC BY);",11,cc_by_attribution_only
"Photo: (c) 施禮正, some rights reserved (CC BY);",11,cc_by_attribution_only
Restricted; Permission to reproduce this image should be sought from Auckland War Memorial Museum and the copyright holder where applicable.; Auckland Museum CC BY; Pictorial staff access only,11,cc_by_attribution_only
"This article is distributed under the terms of the Creative Commons Attribution 4.0 International License (http://creativecommons.org/licenses/by/4.0/), which permits unrestricted use, distribution, and reproduction in any medium, provided you give appropriate credit to the original author(s) and the source, provide a link to the Creative Commons license, and indicate if changes were made.",11,cc_by_attribution_only
"This is an Open Access article distributed under the terms of the Creative Commons Attribution License (http://creativecommons.org/licenses/by/2.0), which permits unrestricted use, distribution, and reproduction in any medium, provided the original work is properly cited.",11,cc_by_attribution_only
"© 2019 by the authors. Licensee MDPI, Basel, Switzerland. This article is an open access
article distributed under the terms and conditions of the Creative Commons Attribution
(CC BY) license (http://creativecommons.org/licenses/by/4.0/).",11,cc_by_attribution_only
"Photo: (c) Chris Burgess, some rights reserved (CC BY);",10,cc_by_attribution_only
"Photo: (c) Rodrigo Salvador, some rights reserved (CC BY);",10,cc_by_attribution_only
"Photo: (c) cheryl_bee_right, some rights reserved (CC BY);",10,cc_by_attribution_only
"Photo: (c) Joe Butler, some rights reserved (CC BY);",9,cc_by_attribution_only
"Photo: (c) Mark, some rights reserved (CC BY);",9,cc_by_attribution_only
"Photo: (c) Nelson Balcar, some rights reserved (CC BY);",9,cc_by_attribution_only
"Photo: (c) craigphillips, some rights reserved (CC BY);",9,cc_by_attribution_only
http://creativecommons.org/licenses/by/3.0/ All images in CSIRO ScienceImage are free to the public under a Creative Commons Attribution licence.  More information is at http://www.scienceimage.csiro.au/pages/about/,9,cc_by_attribution_only
© 2018 The Author(s). Published by Elsevier Ltd. This is an Open Access article under the CC BY 4.0 license.,9,cc_by_attribution_only
Closed - digital copy only available; Digital copy available; Auckland Museum CC BY; Cultural permissions apply,8,cc_by_attribution_only
Garment loan courtesy of Irene Sparks ; CC BY 4.0 International Licence,8,cc_by_attribution_only
"Open Access This article is licensed under a Creative Commons
Attribution 4.0 International License, which permits use, sharing,
adaptation, distribution and reproduction in any medium or format, as long as you give
appropriate credit to the original author(s) and the source, provide a link to the Creative
Commons license, and indicate if changes were made. The images or other third party
material in this article are included in the article’s Creative Commons license, unless
indicated otherwise in a credit line to the material. If material is not included in the
article’s Creative Commons license and your intended use is not permitted by statutory
regulation or exceeds the permitted use, you will need to obtain permission directly from
the copyright holder. To view a copy of this license, visit http://creativecommons.org/
licenses/by/4.0/.",8,cc_by_attribution_only
"Photo: (c) Ali Mackisack, some rights reserved (CC BY);",8,cc_by_attribution_only
"Photo: (c) Joe Murphdy, some rights reserved (CC BY);",8,cc_by_attribution_only
"Photo: (c) Lewis Crannitch, some rights reserved (CC BY);",8,cc_by_attribution_only
"Photo: (c) Linda Johnson, some rights reserved (CC BY);",8,cc_by_attribution_only
"Photo: (c) hominoidcreamhorn, some rights reserved (CC BY);",8,cc_by_attribution_only
"Photo: (c) spindrift11, some rights reserved (CC BY-ND);",8,cc_by_attribution_only
© 2019 The Author(s). Published by Elsevier Ltd. This is an Open Access article under the CC BY 4.0 license.,8,cc_by_attribution_only
"© Author(s) 2018. This work is distributed under
the Creative Commons Attribution 4.0 License.",8,cc_by_attribution_only
"Photo: (c) Ed Randal, some rights reserved (CC BY);",7,cc_by_attribution_only
"Photo: (c) MysteryFuzzy, some rights reserved (CC BY);",7,cc_by_attribution_only
"Photo: (c) William Kenneth Wayne Godsoe, some rights reserved (CC BY);",7,cc_by_attribution_only
"Photo: (c) foreverfungi, some rights reserved (CC BY);",7,cc_by_attribution_only
"Photo: (c) mattt394, some rights reserved (CC BY);",7,cc_by_attribution_only
"Photo: (c) stephen2, some rights reserved (CC BY);",7,cc_by_attribution_only
This work is licensed under a Creative Commons Attribution 4.0 International License,7,cc_by_attribution_only
This work is made available under a Creative Commons Attribution 4.0 International licence.,7,cc_by_attribution_only
"© 2019 by the authors. Licensee MDPI, Basel, Switzerland. This article is an open access article distributed under the terms and conditions of the Creative Commons Attribution (CC BY) license (http://creativecommons.org/licenses/by/4.0/).",7,cc_by_attribution_only
"Copyright: CC BY-ND This interview can be reused for any purpose, including commercial. However, it cannot be shared with others in adapted form, and credit must be given to the interviewee.",6,cc_by_attribution_only
Creative Commons Attribution.,6,cc_by_attribution_only
"Final manuscripts are published under a Creative Commons Attribution licence (CC BY 4.0). This licence allows anyone, including the author, to share, copy, distribute, transmit, adapt and make commercial use of the work without needing additional permission, provided appropriate attribution is made to the original author or source.",6,cc_by_attribution_only
Licensed under Creative Commons Licensed under Creative Commons Attribution 4.0 International CC BY 4.0 cc https://creativecommons.org/licenses/by/4.0/,6,cc_by_attribution_only
"Open Access This article is licensed under a Creative Commons Attribution 4.0 International License, which permits use, sharing, adaptation, distribution and reproduction in any medium or format, as long as you give appropriate credit to the original author(s) and the source, provide a link to the Creative Commons license, and indicate if changes were made. The images or other third party material in this article are included in the article’s Creative Commons license, unless indicated otherwise in a credit line to the material. If material is not included in the article’s Creative Commons license and your intended use is not permitted by statutory regulation or exceeds the permitted use, you will need to obtain permission directly from the copyright holder. To view a copy of this license, visit http://creativecommons.org/licenses/by/4.0/.",6,cc_by_attribution_only
"Photo: (c) Floyd A. Reed, some rights reserved (CC BY);",6,cc_by_attribution_only
"Photo: (c) Nigel McCarter, some rights reserved (CC BY);",6,cc_by_attribution_only
"Photo: (c) aucklandbotanicgardens, some rights reserved (CC BY);",6,cc_by_attribution_only
"Photo: (c) baronsamedi, some rights reserved (CC BY-ND);",6,cc_by_attribution_only
"Photo: (c) patrick, some rights reserved (CC BY);",6,cc_by_attribution_only
"© 2016 by the authors; licensee MDPI, Basel, Switzerland. This article is an open access
article distributed under the terms and conditions of the Creative Commons Attribution
(CC-BY) license (http://creativecommons.org/licenses/by/4.0/).",6,cc_by_attribution_only
"© 2017 by the authors. Licensee MDPI, Basel, Switzerland. This article is an open access
article distributed under the terms and conditions of the Creative Commons Attribution
(CC BY) license (http://creativecommons.org/licenses/by/4.0/).",6,cc_by_attribution_only
"© 2017 by the authors. Licensee MDPI, Basel, Switzerland. This article is an open access
article distributed under the terms and conditions of the Creative Commons Attribution
(CC BY) license (http://creativecommons.org/licenses/by/4.0/). (With the exceptions noted in http://researcharchive.lincoln.ac.nz/page/rights, this metadata is available under a Creative Commons Zero license.)",6,cc_by_attribution_only
"© 2017 by the authors. Licensee MDPI, Basel, Switzerland. This article is an open access article distributed under the terms and conditions of the Creative Commons Attribution (CC BY) license (http://creativecommons.org/licenses/by/4.0/).",6,cc_by_attribution_only
(The Authors) CC BY 4.0,5,cc_by_attribution_only
Auckland Museum is yet to establish the copyright status of this image; restrictions may apply; Copright undetermined - untraced rights owner; © Auckland Museum CC BY,5,cc_by_attribution_only
CC-BY-ND Attribution + NoDerivatives,5,cc_by_attribution_only
Creative Commons Attribution 4.0 License,5,cc_by_attribution_only
Licensed under Creative Commons Attribution 4.0 International |f CC BY 4.0 |2 cc |u https://creativecommons.org/licenses/by/4.0/,5,cc_by_attribution_only
Licensed under Creative Commons Attribution-NoDerivs 3.0 New Zealand CC BY-ND 3.0 NZ cc https://creativecommons.org/licenses/by-nd/3.0/nz/,5,cc_by_attribution_only
Licensed under Creative Commons Attribution-NoDerivs 3.0 Unported CC BY-ND 3.0 cc https://creativecommons.org/licenses/by-nd/3.0/,5,cc_by_attribution_only
"Photo: (c) David Hera, some rights reserved (CC BY);",5,cc_by_attribution_only
"Photo: (c) Felix Collins, some rights reserved (CC BY);",5,cc_by_attribution_only
"Photo: (c) Peter Cooper, some rights reserved (CC BY);",5,cc_by_attribution_only
"Photo: (c) casema, some rights reserved (CC BY);",5,cc_by_attribution_only
"Photo: (c) flossiepip, some rights reserved (CC BY);",5,cc_by_attribution_only
"Photo: (c) havukkala, some rights reserved (CC BY);",5,cc_by_attribution_only
"Photo: (c) janicelord, some rights reserved (CC BY);",5,cc_by_attribution_only
"Photo: (c) tim-mcnamara, some rights reserved (CC BY);",5,cc_by_attribution_only
This is an open access article distributed under the Creative Commons Attribution License (CC BY 3.0).,5,cc_by_attribution_only
"This is an open access article distributed under the Creative Commons Attribution License (CC BY) which permits unrestricted use, distribution, and reproduction in any medium, provided the original work is properly cited.",5,cc_by_attribution_only
"This work is licensed under the Creative Commons Attribution 4.0 International License. To view a copy of this license, visit https://creativecommons.org/licenses/by/4.0/legalcode",5,cc_by_attribution_only
cc-by,5,cc_by_attribution_only
"© 2018 The Author(s). Published by Informa UK Limited, trading as Taylor & Francis Group
This is an Open Access article distributed under the terms of the Creative Commons Attribution License (http://creativecommons.org/licenses/by/4.0/), which permits unrestricted use, distribution, and reproduction in any medium, provided the original work is properly cited.",5,cc_by_attribution_only
"© 2018 by the authors. Licensee MDPI, Basel, Switzerland. This article is an open access article distributed under the terms and conditions of the Creative Commons Attribution (CC BY) license (http://creativecommons.org/licenses/by/4.0/).",5,cc_by_attribution_only
Creative Commons Attribution License,4,cc_by_attribution_only
Garment loan courtesy of Dion and Kaye Coleman ; CC BY 4.0 International Licence,4,cc_by_attribution_only
Licensed under Creative Commons Attribution 4.0 International (CC BY 4.0) https://creativecommons.org/licenses/by/4.0/,4,cc_by_attribution_only
Licensed under Creative Commons Attribution-NoDerivatives 4.0 International CC BY-ND 4.0 cc https://creativecommons.org/licenses/by-nd/4.0/,4,cc_by_attribution_only
"Photo: (c) Alan Rockefeller, some rights reserved (CC BY);",4,cc_by_attribution_only
"Photo: (c) Auckland Botanic Gardens, some rights reserved (CC BY);",4,cc_by_attribution_only
"Photo: (c) Christopher Eliot, some rights reserved (CC BY);",4,cc_by_attribution_only
"Photo: (c) Double Farley Creative Partners, some rights reserved (CC BY);",4,cc_by_attribution_only
"Photo: (c) Hope Marshall, some rights reserved (CC BY);",4,cc_by_attribution_only
"Photo: (c) Louise P, some rights reserved (CC BY);",4,cc_by_attribution_only
"Photo: (c) Meg Barkla, some rights reserved (CC BY);",4,cc_by_attribution_only
"Photo: (c) Stewart Armstrong, some rights reserved (CC BY);",4,cc_by_attribution_only
"Photo: (c) Zane M, some rights reserved (CC BY);",4,cc_by_attribution_only
"Photo: (c) craftycarper, some rights reserved (CC BY);",4,cc_by_attribution_only
"Photo: (c) eringi, some rights reserved (CC BY);",4,cc_by_attribution_only
"Photo: (c) hanyiwang, some rights reserved (CC BY);",4,cc_by_attribution_only
"Photo: (c) theylooklikeus, some rights reserved (CC BY);",4,cc_by_attribution_only
The Author(s) CC BY,4,cc_by_attribution_only
"© The Author(s). 2018 Open Access This article is distributed under the terms of the Creative Commons Attribution 4.0 International License (http://creativecommons.org/licenses/by/4.0/), which permits unrestricted use, distribution, and reproduction in any medium, provided you give appropriate credit to the original author(s) and the source, provide a link to the Creative Commons license, and indicate if changes were made.",4,cc_by_attribution_only
© The Author(s). Published by Elsevier Ltd. This is an Open Access article under the CC BY license.,4,cc_by_attribution_only
CC-BY 4.0 (Attribution),3,cc_by_attribution_only
CC-BY-ND-3.0-NZ,3,cc_by_attribution_only
"Content from this work may be used under the terms of the Creative Commons Attribution 3.0 licence. Any further distribution of this work must maintain attribution to the author(s) and the title of the work, journal citation and DOI.",3,cc_by_attribution_only
Creative Commons Attribution-NoDerivatives 4.0 International,3,cc_by_attribution_only
"Creative Commons BY 2.0. Creative Commons Attribution 2.0. You are free to share, copy, distribute and transmit the work, to remix and adapt the work, or to make commercial use of the work, under the following conditions: you must attribute the work in the manner specified by the author or licensor (but not in any way that suggests that they endorse you or your use of the work).",3,cc_by_attribution_only
Creative Commons CC-BY https://creativecommons.org/licenses/by/4.0/,3,cc_by_attribution_only
"Crown Copyright; CC BY 4.0 International. Crown Copyright. Crown copyright protects work created or owned by the New Zealand government, including government forms, codes of practice, official press releases and public records. Creative Commons Attribution 4.0. You are free to share, copy and redistribute the material in any medium or format and adapt, remix, transform, and build upon the material for any purpose, even commercially, under the following terms: You must give appropriate credit, provide a link to the license, and indicate if changes were made. You may do so in any reasonable manner, but not in any way that suggests the licensor endorses you or your use. You may not apply legal terms or technological measures that legally restrict others from doing anything the license permits. http://creativecommons.org/licenses/by/4.0/",3,cc_by_attribution_only
Garment loan courtesy of Across the Board ; CC BY 4.0 International Licence,3,cc_by_attribution_only
Licensed under Creative Commons Attribution 3.0 Unported Attribution 3.0 Unported CC BY 3.0 cc https://creativecommons.org/licenses/by/3.0/ https://creativecommons.org/licenses/by/3.0/,3,cc_by_attribution_only
"Photo: (c) Austin 0201, some rights reserved (CC BY);",3,cc_by_attribution_only
"Photo: (c) Ben Christiansen, some rights reserved (CC BY);",3,cc_by_attribution_only
"Photo: (c) Bevan Adamson, some rights reserved (CC BY);",3,cc_by_attribution_only
"Photo: (c) Brooke Rattenbury, some rights reserved (CC BY);",3,cc_by_attribution_only
"Photo: (c) Connor McKenzie, some rights reserved (CC BY);",3,cc_by_attribution_only
"Photo: (c) Elizabeth Joy Buckley Bargh, some rights reserved (CC BY);",3,cc_by_attribution_only
"Photo: (c) Ellen Rykers, some rights reserved (CC BY);",3,cc_by_attribution_only
"Photo: (c) Janine and Gordon Thompson - Earthlore Wildlife Gardens, some rights reserved (CC BY);",3,cc_by_attribution_only
"Photo: (c) Judith, some rights reserved (CC BY);",3,cc_by_attribution_only
"Photo: (c) Kate McAlpine, some rights reserved (CC BY);",3,cc_by_attribution_only
"Photo: (c) Max Tweddell, some rights reserved (CC BY);",3,cc_by_attribution_only
"Photo: (c) Mike Peters, some rights reserved (CC BY);",3,cc_by_attribution_only
"Photo: (c) apteryx54, some rights reserved (CC BY);",3,cc_by_attribution_only
"Photo: (c) arktiv, some rights reserved (CC BY);",3,cc_by_attribution_only
"Photo: (c) creea1, some rights reserved (CC BY);",3,cc_by_attribution_only
"Photo: (c) lara_shepherd, some rights reserved (CC BY);",3,cc_by_attribution_only
"Photo: (c) macclass, some rights reserved (CC BY);",3,cc_by_attribution_only
"Photo: (c) malts, some rights reserved (CC BY);",3,cc_by_attribution_only
"Photo: (c) sally, some rights reserved (CC BY);",3,cc_by_attribution_only
"Research in Learning Technology - Print ISSN 2156-7069; Online ISSN: 2156-7077 - is an Open Access Journal published by the Association for Learning Technology. Author(s), their employer(s), or their funder(s) retain copyright, but license ALT to publish their work under a Creative Commons Attribution 4.0 International (CC-BY 4.0) License. Articles will be published online immediately after the final corrections of the master proof have been made. Articles are assigned a DOI number (Digital Object Identifier) for citation and other purposes.",3,cc_by_attribution_only
Restricted; Auckland Museum CC BY; Pictorial staff access only; © Auckland Museum CC BY,3,cc_by_attribution_only
"Restrictions: Bob Scott asserts copyright over all content that he is the creator of, and licenses that content with a CC-BY license. However some content, such as images, may be the copyright of other people or organisations.",3,cc_by_attribution_only
"The Author(s) CC BY 4.0
Published source must be acknowledged",3,cc_by_attribution_only
The Author(s) CC BY-ND,3,cc_by_attribution_only
The Authors (CC BY 4.0),3,cc_by_attribution_only
"This article is an open access article distributed under the terms and conditions of the Creative Commons Attribution
(CC BY) license (http://creativecommons.org/licenses/by/4.0/).",3,cc_by_attribution_only
This article is licensed under a Creative Commons Attribution 3.0 Unported Licence.,3,cc_by_attribution_only
"This article is licensed under a Creative Commons Attribution 4.0 International License, which permits use, sharing, adaptation, distribution and reproduction in any medium or format, as long as you give appropriate credit to the original author(s) and the source, provide a link to the Creative Commons licence, and indicate if changes were made. The images or other third party material in this article are included in the article's Creative Commons licence, unless indicated otherwise in a credit line to the material. If material is not included in the article's Creative Commons licence and your intended use is not permitted by statutory regulation or exceeds the permitted use, you will need to obtain permission directly from the copyright holder. To view a copy of this licence, visit http://creativecommons.org/licenses/by/4.0/.",3,cc_by_attribution_only
"This article is licensed under a Creative Commons Attribution 4.0 International License, which permits use, sharing, adaptation, distribution and reproduction in any medium or format, as long as you give appropriate credit to the original author(s) and the source, provide a link to the Creative Commons license, and indicate if changes were made. Te images or other third party material in this article are included in the article’s Creative Commons license, unless indicated otherwise in a credit line to the material. If material is not included in the article’s Creative Commons license and your intended use is not permitted by statutory regulation or exceeds the permitted use, you will need to obtain permission directly from the copyright holder. To view a copy of this license, visit http://creativecommons.org/licenses/by/4.0/.",3,cc_by_attribution_only
"This article is licensed under a Creative Commons Attribution 4.0 International License, which permits use, sharing, adaptation, distribution and reproduction in any medium or format, as long as you give appropriate credit to the original author(s) and the source, provide a link to the Creative Commons license, and indicate if changes were made. Te images or other third party material in this article are included in the article’s Creative Commons license, unless indicated otherwise in a credit line to the material. If material is not included in the article’s Creative Commons license and your intended use is not permitted by statutory regulation or exceeds the permitted use, you will need to obtain permission directly from the copyright holder. To view a copy of this license, visit http://creativecommons.org/licenses/by/4.0/.
© Te Author(s) 2020",3,cc_by_attribution_only
This article is published under a Creative Commons Attribution 4.0 International License.,3,cc_by_attribution_only
"This is an open access article distributed under the terms of the Creative Commons Attribution License, which permits unrestricted use, distribution, and reproduction in any medium, provided the original author and source are credited.",3,cc_by_attribution_only
"This is an open access article under the terms of the Creative Commons Attribution License, which permits use, distribution and reproduction in any medium, provided the original work is properly cited.",3,cc_by_attribution_only
"This is an open access article under the terms of the Creative Commons Attribution License, which permits use, distribution and reproduction in any medium, provided the original work is properly cited.
© 2018 The Authors. Ecology and Evolution published by John Wiley & Sons Ltd.",3,cc_by_attribution_only
"This is an open-access article distributed under the terms of the Creative Commons Attribution License (CC BY). The use, distribution or reproduction in other forums is permitted, provided the original author(s) and the copyright owner(s) are credited and that the original publication in this journal is cited, in accordance with accepted academic practice. No use, distribution or reproduction is permitted which does not comply with these terms.",3,cc_by_attribution_only
This item is licensed under a Creative Commons Attribution-NoDerivatives 3.0 New Zealand Licence,3,cc_by_attribution_only
"© 2013 by the authors; licensee MDPI, Basel, Switzerland. This article is an open access article distributed under the terms and conditions of the Creative Commons Attribution license (http://creativecommons.org/licenses/by/3.0/). (With the exceptions noted in http://researcharchive.lincoln.ac.nz/page/rights, this metadata is available under a Creative Commons Zero license.)",3,cc_by_attribution_only
"© 2015 by the authors; licensee MDPI, Basel, Switzerland. This article is an open access article distributed under the terms and conditions of the Creative Commons Attribution license (http://creativecommons.org/licenses/by/4.0/).",3,cc_by_attribution_only
"© 2015 by the authors; licensee MDPI, Basel, Switzerland. This article is an open access article distributed under the terms and conditions of the Creative Commons Attribution license (http://creativecommons.org/licenses/by/4.0/). (With the exceptions noted in http://researcharchive.lincoln.ac.nz/page/rights, this metadata is available under a Creative Commons Zero license.)",3,cc_by_attribution_only
"© 2016 by the authors; licensee MDPI, Basel, Switzerland. This article is an open access
article distributed under the terms and conditions of the Creative Commons Attribution
(CC-BY) license (http://creativecommons.org/licenses/by/4.0/). (With the exceptions noted in http://researcharchive.lincoln.ac.nz/page/rights, this metadata is available under a Creative Commons Zero license.)",3,cc_by_attribution_only
"© 2017 The Author(s). Published by Informa UK Limited, trading as Taylor & Francis Group. This is an Open Access article distributed under the terms of the Creative Commons Attribution License (http://creativecommons.org/licenses/by/4.0/), which permits unrestricted use, distribution, and reproduction in any medium, provided the original work is properly cited.",3,cc_by_attribution_only
"© 2017 by the authors. Licensee MDPI, Basel, Switzerland. This article is an open access article distributed under the terms and conditions of the Creative Commons Attribution (CC BY) license (http://creativecommons.org/licenses/by/4.0/). (With the exceptions noted in http://researcharchive.lincoln.ac.nz/page/rights, this metadata is available under a Creative Commons Zero license.)",3,cc_by_attribution_only
© Author(s) 2021. This work is distributed under the Creative Commons Attribution 4.0 License.,3,cc_by_attribution_only
"© The Author(s) 2018. This article is distributed under the terms of the Creative Commons Attribution 4.0 International License (http://creativecommons.org/licenses/by/4.0/), which permits unrestricted use, distribution, and reproduction in any medium, provided you give appropriate credit to the original author(s) and the source, provide a link to the Creative Commons license, and indicate if changes were made.",3,cc_by_attribution_only
© The Author(s). Published by Elsevier Ltd. This is an Open Access article under the CC BY 4.0 license.,3,cc_by_attribution_only
(C) Auckland Museum CC BY 4.0,2,cc_by_attribution_only
"(c) The Authors
CC BY 4.0",2,cc_by_attribution_only
"2014 Dickson M, Riddlebarger J, Stringer P, Tennant L, Kennetz K, licensee Bloomsbury Qatar Foundation
Journals. This is an open access article distributed under the terms of the Creative Commons Attribution license CC BY-4.0, which permits unrestricted use, distribution and reproduction in any medium, provided the original work is properly cited.",2,cc_by_attribution_only
2017/2018 Licensed under Creative Commons Attribution 4.0 International CC BY 4.0 cc https://creativecommons.org/licenses/by/4.0/,2,cc_by_attribution_only
"All articles published in this journal are licensed under the Creative Commons Attribution 4.0 International (CC BY 4.0) license, unless otherwise stated. 
Website design & content: ©2019 AOSIS (Pty) Ltd. All rights reserved. No unauthorised duplication allowed.",2,cc_by_attribution_only
All content is made freely available to access with a Creative Commons Attribution International licence.,2,cc_by_attribution_only
Auckland Museum is yet to establish the copyright status of this image; restrictions may apply; Copright undetermined - untraced rights owner; © Auckland Museum CC BY; Copyright undetermined - untraced rights owner,2,cc_by_attribution_only
"Authors contributing to Research in Learning Technology retain the copyright of their article and at the same time agree to publish their articles under the terms of the Creative Commons CC-BY 4.0 License (http://creativecommons.org/licenses/by/4.0/) allowing third parties to copy and redistribute the material in any medium or format, and to remix, transform, and build upon the material, for any purpose, even commercially, under the condition that appropriate credit is given, that a link to the license is provided, and that you indicate if changes were made. You may do so in any reasonable manner, but not in any way that suggests the licensor endorses you or your use.",2,cc_by_attribution_only
CC BY 3.0 NZ http://creativecommons.org/licenses/by/3.0/nz/,2,cc_by_attribution_only
CC-By Attribution 4.0 International,2,cc_by_attribution_only
"Copyright for this article is retained by the author(s), with first publication rights granted to the journal.
This is an open-access article distributed under the terms and conditions of the Creative Commons Attribution
license (http://creativecommons.org/licenses/by/4.0/).",2,cc_by_attribution_only
"Copyright for this article is retained by the author(s), with first publication rights granted to the journal.
This is an open-access article distributed under the terms and conditions of the Creative Commons Attribution license (http://creativecommons.org/licenses/by/4.0/). (With the exceptions noted in http://researcharchive.lincoln.ac.nz/page/rights, this metadata is available under a Creative Commons Zero license.)",2,cc_by_attribution_only
"Copyright © 2015 by authors
 and Scientific Research Publishing Inc.
This work is licensed under the Creative Commons Attribution International License (CC BY)",2,cc_by_attribution_only
Copyright © 2017 by authors and Scientific Research Publishing Inc.This work is licensed under the Creative Commons Attribution International License (CC BY 4.0).http://creativecommons.org/licenses/by/4.0/,2,cc_by_attribution_only
"Copyright © 2018 Reysenbach et al. This is an open-access article distributed under the terms
of the Creative Commons Attribution 4.0 International license.",2,cc_by_attribution_only
"Copyright © 2018 by author and Scientific Research Publishing Inc.

This work is licensed under the Creative Commons Attribution International License (CC BY 4.0).",2,cc_by_attribution_only
"Copyright © 2019 Melzer, Stark, Keenan, Myall, MacAskill, Pitcher, Livingston,
Grenfell, Horne, Young, Pascoe, Almuqbel, Wang, Marsh, Miller, Dalrymple-
Alford and Anderson. This is an open-access article distributed under the terms
of the Creative Commons Attribution License (CC BY). The use, distribution or
reproduction in other forums is permitted, provided the original author(s) and the
copyright owner(s) are credited and that the original publication in this journal
is cited, in accordance with accepted academic practice. No use, distribution or
reproduction is permitted which does not comply with these terms.",2,cc_by_attribution_only
"Copyright © 2019 by author(s) and Scientific Research Publishing Inc.

This work is licensed under the Creative Commons Attribution International License (CC BY 4.0).",2,cc_by_attribution_only
"Copyright © 2020 Perezgonzalez. This is an open-access article distributed under the
terms of the Creative Commons Attribution License (CC BY). The use, distribution
or reproduction in other forums is permitted, provided the original author(s) and
the copyright owner(s) are credited and that the original publication in this journal
is cited, in accordance with accepted academic practice. No use, distribution or
reproduction is permitted which does not comply with these terms.",2,cc_by_attribution_only
"Copyright © Macrothink Institute. This work is licensed under a Creative Commons Attribution 3.0 License. 
Copyrights for articles published in Macrothink’s journals are retained by the authors, with first publication rights granted to the journal. The journal/publisher is not responsible for subsequent uses of the work. It is the author's responsibility to bring an infringement action if so desired by the author.",2,cc_by_attribution_only
"Copyright © The Authors. Distributed under Creative Commons CC-BY 4.0 (With the exceptions noted in http://researcharchive.lincoln.ac.nz/page/rights, this metadata is available under a Creative Commons Zero license.)",2,cc_by_attribution_only
"Copyright: © Joshua A. Thia, Marie L. Hale and Hazel M. Chapman. This is an open access paper. We use the Creative Commons Attribution 4.0 license http://creativecommons.org/licenses/by/3.0/us/. The license permits any user to download, print out, extract, archive, and distribute the article, so long as appropriate credit is given to the authors and source of the work. The license ensures that the published article will be as widely available as possible and that your article can be included in any scientific archive. Open Access authors retain the copyrights of their papers. Open access is a property of individual works, not necessarily journals or publishers.",2,cc_by_attribution_only
Creative Commons CC-BY 4.0,2,cc_by_attribution_only
Crown Copyright/Creative Commons licensing (CC BY 3.0 NZ),2,cc_by_attribution_only
Distributed under Creative Commons CC-BY 4.0,2,cc_by_attribution_only
"For content covered under the Creative Commons Attribution 4.0 International Licence, you are free to:

share — copy and redistribute the material in any medium or format
adapt — remix, transform and build upon the material.
You must give appropriate credit, provide a link to the licence, and indicate if changes were made. You may do so in any reasonable manner, but not in any way that suggests the licensor endorses you or your use. 

You may not apply legal terms or technological measures that legally restrict others from doing anything the licence permits.",2,cc_by_attribution_only
Garment loan courtesy of Felicity Jill Barry ; CC BY 4.0 International Licence,2,cc_by_attribution_only
Garment loan courtesy of Rose Jackson ; CC BY 4.0 International Licence,2,cc_by_attribution_only
"Garment loan courtesy of Wendy Patterson ; CC BY 4.0 International Licence ; All Rights Reserved, image © Wendy Patterson",2,cc_by_attribution_only
Garment loan courtesy of Ziggurat ;  CC BY 4.0 International Licence,2,cc_by_attribution_only
Image courtesy of the Tauranga Heritage Collection ; CC BY 4.0 International Licence,2,cc_by_attribution_only
Licensed under Creative Commons CC BY 3.0,2,cc_by_attribution_only
Licensed under Creative Commons CC BY 3.0 cc https://creativecommons.org/licenses/by/3.0/,2,cc_by_attribution_only
"Open Access
This article is distributed under the terms of the Creative Commons Attribution 4.0 International License (http://creativecommons.org/licenses/by/4.0/), which permits unrestricted use, distribution, and reproduction in any medium, provided you give appropriate credit to the original author(s) and the source, provide a link to the Creative Commons license, and indicate if changes were made.",2,cc_by_attribution_only
"Open Access This article is licensed under a Creative Commons
Attribution 4.0 International License, which permits use, sharing,
adaptation, distribution and reproduction in any medium or format, as long as you give
appropriate credit to the original author(s) and the source, provide a link to the Creative
Commons license, and indicate if changes were made. The images or other third party
material in this article are included in the article’s Creative Commons license, unless
indicated otherwise in a credit line to the material. If material is not included in the
article’s Creative Commons license and your intended use is not permitted by statutory
regulation or exceeds the permitted use, you will need to obtain permission directly from
the copyright holder. To view a copy of this license, visit http://creativecommons.org/
licenses/by/4.0/.
© The Author(s) 2018",2,cc_by_attribution_only
"Open Access This article is licensed under a Creative Commons
Attribution 4.0 International License, which permits use, sharing,
adaptation, distribution and reproduction in any medium or format, as long as you give
appropriate credit to the original author(s) and the source, provide a link to the Creative
Commons license, and indicate if changes were made. The images or other third party
material in this article are included in the article’s Creative Commons license, unless
indicated otherwise in a credit line to the material. If material is not included in the
article’s Creative Commons license and your intended use is not permitted by statutory
regulation or exceeds the permitted use, you will need to obtain permission directly from
the copyright holder. To view a copy of this license, visit http://creativecommons.org/
licenses/by/4.0/. © The Author(s) 2018",2,cc_by_attribution_only
"Open Access This article is licensed under a Creative Commons Attribution 4.0 International
License, which permits use, sharing, adaptation, distribution and reproduction in any medium or
format, as long as you give appropriate credit to the original author(s) and the source, provide a link to the Creative
Commons license, and indicate if changes were made. The images or other third party material in this
article are included in the article’s Creative Commons license, unless indicated otherwise in a credit line to the
material. If material is not included in the article’s Creative Commons license and your intended use is not permitted
by statutory regulation or exceeds the permitted use, you will need to obtain permission directly from the
copyright holder. To view a copy of this license, visit http://creativecommons.org/licenses/by/4.0/.",2,cc_by_attribution_only
"Open Access This article is licensed under a Creative Commons Attribution 4.0 International License, which permits use, sharing, adaptation, distribution and reproduction in any medium or format, as long as you give appropriate credit to the original author(s) and the source, provide a link to the Creative Commons license, and indicate if changes were made.",2,cc_by_attribution_only
"Photo: (c) Andrew Harvey, some rights reserved (CC BY);",2,cc_by_attribution_only
"Photo: (c) Darren Gedye, some rights reserved (CC BY);",2,cc_by_attribution_only
"Photo: (c) Dhahara Ranatunga, some rights reserved (CC BY);",2,cc_by_attribution_only
"Photo: (c) Graham Canny, some rights reserved (CC BY);",2,cc_by_attribution_only
"Photo: (c) Grzegorz Grzejszczak, some rights reserved (CC BY);",2,cc_by_attribution_only
"Photo: (c) KCC, some rights reserved (CC BY);",2,cc_by_attribution_only
"Photo: (c) Kristi, some rights reserved (CC BY);",2,cc_by_attribution_only
"Photo: (c) Liam Townsend, some rights reserved (CC BY);",2,cc_by_attribution_only
"Photo: (c) Nick Kleinschmidt, some rights reserved (CC BY);",2,cc_by_attribution_only
"Photo: (c) On Lee Lau, some rights reserved (CC BY);",2,cc_by_attribution_only
"Photo: (c) Tim Reed, some rights reserved (CC BY);",2,cc_by_attribution_only
"Photo: (c) Trey Philips, some rights reserved (CC BY);",2,cc_by_attribution_only
"Photo: (c) edwilson, some rights reserved (CC BY);",2,cc_by_attribution_only
"Photo: (c) jhunt, some rights reserved (CC BY);",2,cc_by_attribution_only
"Photo: (c) lisa_bennett, some rights reserved (CC BY);",2,cc_by_attribution_only
"Photo: (c) podocarpediem, some rights reserved (CC BY);",2,cc_by_attribution_only
"Photo: (c) rasshamra, some rights reserved (CC BY);",2,cc_by_attribution_only
"Photo: (c) stephanie_sopow, some rights reserved (CC BY);",2,cc_by_attribution_only
"Photo: (c) wildliferpete, some rights reserved (CC BY);",2,cc_by_attribution_only
"The ANZASW will publish the final, accepted manuscript under a Creative Commons Attribution licence (CC BY 4.0). This licence allows anyone – including you – to share, copy, distribute, transmit, adapt and make commercial use of the work without needing additional permission, provided appropriate attribution is made to the original author or source.",2,cc_by_attribution_only
"The Author(s)
CC BY 4.0",2,cc_by_attribution_only
The full open-access agreement is identical to the Creative Commons Attribution (CC-BY) Licence,2,cc_by_attribution_only
"This article is an open access article
distributed under the terms and conditions of the Creative Commons Attribution license
(http://creativecommons.org/licenses/by/4.0/).",2,cc_by_attribution_only
"This article is licensed under a Creative Commons Attribution 4.0 International License, which permits use, sharing, adaptation, distribution and reproduction in any medium or format, as long as you give appropriate credit to the original author(s) and the source, provide a link to the Creative Commons license, and indicate if changes were made.",2,cc_by_attribution_only
"This article is published under license to BioMed Central Ltd. This is an Open Access article distributed under the terms of the Creative Commons Attribution License (http://creativecommons.org/licenses/by/2.0), which permits unrestricted use, distribution, and reproduction in any medium, provided the original work is properly cited.",2,cc_by_attribution_only
"This is an Open Access article distributed under the terms of the Creative Commons Attribution 4.0 International License (http://creativecommons.org/licenses/by/4.0/), allowing third parties to copy and redistribute the material in any medium or format and to remix, transform, and build upon the material for any purpose, even commercially, provided the original work is properly cited and states its license.",2,cc_by_attribution_only
"This is an Open Access article distributed under the terms of the Creative Commons Attribution License, which permits unrestricted use, distribution, and reproduction in any medium, provided the original work is properly cited.",2,cc_by_attribution_only
"This is an Open Access article under the terms of the Creative Commons Attribution License
(http://creativecommons.org/licenses/by/4.0), which permits unrestricted use, distribution, and reproduction in
any medium, provided the original work is properly cited.",2,cc_by_attribution_only
"This is an Open Access chapter distributed under the terms of the Creative Commons Attribution 4.0 license (unless stated otherwise), which permits unrestricted use, distribution and reproduction in any medium, provided the original work is properly cited. Copyright is retained by the author(s).",2,cc_by_attribution_only
"This is an open access article distributed under the Creative Commons Attribution License which permits unrestricted use, distribution, and reproduction in any medium, provided the original work is properly cited. (CC BY 4.0). (With the exceptions noted in http://researcharchive.lincoln.ac.nz/page/rights, this metadata is available under a Creative Commons Zero license.)",2,cc_by_attribution_only
"This is an open access article distributed under the terms of the Creative Commons Attribution License (CC BY 4.0), which permits unrestricted use, distribution, and reproduction in any medium, provided the original author and source are credited.",2,cc_by_attribution_only
"This is an open access article distributed under the terms of the Creative Commons Attribution License, which permits unrestricted use, distribution, reproduction and adaptation in any medium and for any purpose provided that it is properly attributed. For attribution, the original author(s), title, publication source (PeerJ) and either DOI or URL of the article must be cited.",2,cc_by_attribution_only
"This work is licensed under Creative Commons Attribution 4.0 License
Copyright © All rights are reserved by Ewald Neumann",2,cc_by_attribution_only
This work is licensed under Creative Commons CC-BY,2,cc_by_attribution_only
This work is licensed under a Creative Commons Attribution 3.0 Unported License.,2,cc_by_attribution_only
This work is licensed under a Creative Commons Attribution 4.0 International Licence,2,cc_by_attribution_only
"This work is licensed under a Creative Commons Attribution 4.0 International License.
Authors contributing to Research in Learning Technology retain the copyright of their article and at the same time agree to publish their articles under the terms of the Creative Commons CC-BY 4.0 License (http://creativecommons.org/licenses/by/4.0/) allowing third parties to copy and redistribute the material in any medium or format, and to remix, transform, and build upon the material, for any purpose, even commercially, under the condition that appropriate credit is given, that a link to the license is provided, and that you indicate if changes were made. You may do so in any reasonable manner, but not in any way that suggests the licensor endorses you or your use.",2,cc_by_attribution_only
"This work is licensed under a Creative Commons Attribution 4.0 International License. The images or other third party material in this article are included in the article’s Creative Commons license, unless indicated otherwise in the credit line; if the material is not included under the Creative Commons license, users will need to obtain permission from the license holder to reproduce the material. To view a copy of this license, visit http://creativecommons.org/licenses/by/4.0/",2,cc_by_attribution_only
This work is licensed under a Creative Commons Attribution-No Derivative Works 4.0 License.,2,cc_by_attribution_only
"This work is licensed under the Creative Commons Attribution 4.0 International License. To view a copy of this license, visit http://creativecommons.org/licenses/by/4.0/",2,cc_by_attribution_only
"This work is licensed under the Creative Commons Attribution 4.0 International licence. In essence, you
are free to: share ie, copy and redistribute the material in any medium or format; adapt ie, remix, transform and build
upon the material. You must give appropriate credit, provide a link to the licence and indicate if changes were made.",2,cc_by_attribution_only
"We (The Conversation) believe in the free flow of information and so publish under a Creative Commons — Attribution/No derivatives license. This means you can republish our articles online or in print for free, provided you follow these guidelines:",2,cc_by_attribution_only
"c 2019 by the authors. Licensee MDPI, Basel, Switzerland. This article is an open access
article distributed under the terms and conditions of the Creative Commons Attribution
(CC BY) license (http://creativecommons.org/licenses/by/4.0/).",2,cc_by_attribution_only
"© 2010 Kersten et al; licensee BioMed Central Ltd.
This is an Open Access article distributed under the terms of the Creative Commons Attribution License (http://creativecommons.org/licenses/by/2.0), which permits unrestricted use, distribution, and reproduction in any medium, provided the original work is properly cited.",2,cc_by_attribution_only
"© 2011. P. Muangphra and R. Gooneratne. This is an open access article distributed under the Creative Commons Attribution License, which permits unrestricted use, distribution, and reproduction in any medium, provided the original work is properly cited. (With the exceptions noted in http://researcharchive.lincoln.ac.nz/page/rights, this metadata is available under a Creative Commons Zero license.)",2,cc_by_attribution_only
© 2012 The authors. Creative Commons Attribution 2.0 Generic (CC BY 2.0),2,cc_by_attribution_only
"© 2015 Panda et al. This is an open-access article distributed under the terms of the Creative Commons Attribution 3.0 Unported license. (With the exceptions noted in http://researcharchive.lincoln.ac.nz/page/rights, this metadata is available under a Creative Commons Zero license.)",2,cc_by_attribution_only
"© 2016 by the authors; licensee MDPI, Basel, Switzerland. This article is an open access article distributed under the terms and conditions of the Creative Commons Attribution (CC-BY) license (http://creativecommons.org/licenses/by/4.0/).",2,cc_by_attribution_only
© 2017 Edwards et al. This is an open-access article distributed under the terms of the Creative Commons Attribution 4.0 International license.,2,cc_by_attribution_only
"© 2017 Jowitt L. This is an open-access article distributed under the terms of the Creative Commons Attribution License, which permits unrestricted use, distribution, and reproduction in any medium, provided the original author and source are credited.",2,cc_by_attribution_only
"© 2017 The Author(s). Published by Informa UK Limited, trading as Taylor & Francis Group
This is an Open Access article distributed under the terms of the Creative Commons Attribution License (http://creativecommons.org/licenses/by/4.0/), which permits unrestricted use, distribution, and reproduction in any medium, provided the original work is properly cited.",2,cc_by_attribution_only
© 2017 The Authors. Published by Elsevier Ltd. This is an open access article under the CC BY license (http://creativecommons.org/licenses/by/4.0/).,2,cc_by_attribution_only
"© 2018 by the author. Licensee MDPI, Basel, Switzerland. This article is an open access
article distributed under the terms and conditions of the Creative Commons Attribution
(CC BY) license (http://creativecommons.org/licenses/by/4.0/).",2,cc_by_attribution_only
"© 2018 by the authors. Licensee MDPI, Basel, Switzerland. This article is an open access article distributed under the terms and conditions of the Creative Commons Attribution (CC BY) license (http://creativecommons.org/licenses/by/4.0/). (With the exceptions noted in http://researcharchive.lincoln.ac.nz/page/rights, this metadata is available under a Creative Commons Zero license.)",2,cc_by_attribution_only
© 2018 copyright with the authors. This work is licensed under a Creative Commons Attribution 4.0 Unported License.,2,cc_by_attribution_only
"© 2019 The Author(s). Published by Elsevier Ltd. This is an Open Access article under the CC BY 4.0
license.",2,cc_by_attribution_only
"© 2019 The Author(s). Published by Informa UK Limited, trading as Taylor & Francis Group
This is an Open Access article distributed under the terms of the Creative Commons Attribution License (http://creativecommons.org/licenses/by/4.0/), which permits unrestricted use, distribution, and reproduction in any medium, provided the original work is properly cited.",2,cc_by_attribution_only
"© 2019, The Author(s). This article is licensed under a Creative Commons Attribution 4.0 International License, which permits use, sharing, adaptation, distribution and reproduction in any medium or format, as long as you give appropriate credit to the original author(s) and the source, provide a link to the Creative Commons license, and indicate if changes were made. The images or other third party material in this article are included in the article’s Creative Commons license, unless indicated otherwise in a credit line to the material. If material is not included in the article’s Creative Commons license and your intended use is not permitted by statutory regulation or exceeds the permitted use, you will need to obtain permission directly from the copyright holder. To view a copy of this license, visit http://creativecommons.org/licenses/by/4.0/.",2,cc_by_attribution_only
"© 2021 by the authors. Licensee MDPI, Basel, Switzerland.
This article is an open access article distributed under the terms and conditions of the Creative Commons Attribution (CC BY) license (https://creativecommons.org/licenses/by/4.0/).",2,cc_by_attribution_only
© Author(s) 2017. This work is distributed under the Creative Commons Attribution 3.0 License.,2,cc_by_attribution_only
© Author(s) 2018. Licensed under the Creative Commons License - Attribution 4.0 International (CC BY 4.0),2,cc_by_attribution_only
"© Copyright for this article is retained by the author(s), with first publication rights granted to the journal. This is an open-access article distributed under the terms and conditions of the Creative Commons Attribution license (http://creativecommons.org/licenses/by/4.0/). (With the exceptions noted in http://researcharchive.lincoln.ac.nz/page/rights, this metadata is available under a Creative Commons Zero license.)",2,cc_by_attribution_only
© Landcare Research 2014 CC BY 3.0 NZ,2,cc_by_attribution_only
"© The Author(s) 2016
This article is distributed under the terms of the Creative Commons Attribution 3.0 License (http://www.creativecommons.org/licenses/by/3.0/) which permits any use, reproduction and distribution of the work without further permission provided the original work is attributed as specified on the SAGE and Open Access page (https://us.sagepub.com/en-us/nam/open-access-at-sage).",2,cc_by_attribution_only
"© The Author(s) 2019
This article is distributed under the terms of the Creative Commons Attribution 4.0 International License (http://creativecommons.org/licenses/by/4.0/), which permits unrestricted use, distribution, and reproduction in any medium, provided you give appropriate credit to the original author(s) and the source, provide a link to the Creative Commons license, and indicate if changes were made.",2,cc_by_attribution_only
"© The Author(s). 2017 Open Access This article is distributed under the terms of the Creative Commons Attribution 4.0
International License (http://creativecommons.org/licenses/by/4.0/), which permits unrestricted use, distribution, and
reproduction in any medium, provided you give appropriate credit to the original author(s) and the source, provide a link to the Creative Commons license, and indicate if changes were made.",2,cc_by_attribution_only
"© The Author(s). 2017 Open Access This article is distributed under the terms of the Creative Commons Attribution 4.0 International License (http://creativecommons.org/licenses/by/4.0/), which permits unrestricted use, distribution, and reproduction in any medium, provided you give appropriate credit to the original author(s) and the source, provide a link to the Creative Commons license, and indicate if changes were made.",2,cc_by_attribution_only
"(C) 2016 The Authors.
Microbial Biotechnology published by John Wiley & Sons Ltd and Society for Applied Microbiology.
This is an open access article under the terms of the Creative Commons Attribution License, which permits use, distribution and reproduction in any medium, provided the original work is properly cited. (With the exceptions noted in http://researcharchive.lincoln.ac.nz/page/rights, this metadata is available under a Creative Commons Zero license.)",1,cc_by_attribution_only
(CC BY 4.0),1,cc_by_attribution_only
(The Author) CC BY 4.0,1,cc_by_attribution_only
(The Authors) CC BY,1,cc_by_attribution_only
"(c) 2020 by the authors. Licensee MDPI, Basel, Switzerland. This article is an open access
article distributed under the terms and conditions of the Creative Commons Attribution
(CC BY) license.",1,cc_by_attribution_only
(c) The Author - CC BY 4.0,1,cc_by_attribution_only
"(c) The Author(s)
(CC BY 4.0)",1,cc_by_attribution_only
"(c) The Author(s)
CC BY 4.0",1,cc_by_attribution_only
"(c) The Author(s) 
CC BY 4.0",1,cc_by_attribution_only
(c) The Author(s) CC BY 2.0,1,cc_by_attribution_only
(c) The Author(s) CC BY 4.0,1,cc_by_attribution_only
"(c) The Authors
CC BY",1,cc_by_attribution_only
(c)The Author(s) CC BY 4.0,1,cc_by_attribution_only
- Licensed under Creative Commons Attribution 3.0 Unported CC BY 3.0 cc https://creativecommons.org/licenses/by/3.0/,1,cc_by_attribution_only
- Licensed under Creative Commons Attribution 4.0 International CC BY 4.0 cc https://creativecommons.org/licenses/by/4.0/,1,cc_by_attribution_only
"-2015 Licensed under Creative Commons Attribution 3.0 New Zealand CC BY 3.0 NZ cc https://creativecommons.org/licenses/by/3.0/nz/ 
2016- Licensed under Creative Commons Attribution 4.0 International CC BY 4.0 cc https://creativecommons.org/licenses/by/4.0/",1,cc_by_attribution_only
"-November 2016 Licensed under Creative Commons Attribution 3.0 New Zealand CC BY 3.0 NZ cc https://creativecommons.org/licenses/by/3.0/nz/ 
December 2016- Licensed under Creative Commons Attribution 4.0 International CC BY 4.0 cc https://creativecommons.org/licenses/by/4.0/",1,cc_by_attribution_only
0277-9536/© 2016 The Authors. Published by Elsevier Ltd. This is an open access article under the CC BY license (http://creativecommons.org/licenses/by/4.0/).,1,cc_by_attribution_only
"2008 Cox et al; licensee BioMed Central Ltd.
This is an Open Access article distributed under the terms of the Creative Commons Attribution License (http://creativecommons.org/licenses/by/2.0),
which permits unrestricted use, distribution, and reproduction in any medium, provided the original work is properly cited.",1,cc_by_attribution_only
"2008 Holland et al; licensee BioMed Central Ltd.
This is an Open Access article distributed under the terms of the Creative Commons Attribution License (http://creativecommons.org/licenses/by/2.0),
which permits unrestricted use, distribution, and reproduction in any medium, provided the original work is properly cited.",1,cc_by_attribution_only
"2008 von Hurst et al; licensee BioMed Central Ltd.
This is an Open Access article distributed under the terms of the Creative Commons Attribution License (http://creativecommons.org/licenses/by/2.0),
which permits unrestricted use, distribution, and reproduction in any medium, provided the original work is properly cited.",1,cc_by_attribution_only
"2009 Badland et al; licensee BioMed Central Ltd.
This is an Open Access article distributed under the terms of the Creative Commons Attribution License (http://creativecommons.org/licenses/by/2.0),
which permits unrestricted use, distribution, and reproduction in any medium, provided the original work is properly cited.",1,cc_by_attribution_only
"2009 Grievink et al; licen
see BioMed Central Ltd. 
This is an Open Access article distributed under the terms of 
the Creative Commons Attribution 
License (http://creativecommons.
org/licenses/by/2.0
), 
which permits unrestricted use, distribution, and reproduction 
in any medium, provided the orig
inal work is properly cited.",1,cc_by_attribution_only
"2009 Lambert et al. This is an open-access article distributed under the terms of the Creative Commons Attribution License, which permits
unrestricted use, distribution, and reproduction in any medium, provided the original author and source are credited.",1,cc_by_attribution_only
"2009 Migliore et al; licensee BioMed Central Ltd.
This is an Open Access article distributed under the terms of the Creative Commons Attribution License (http://creativecommons.org/licenses/by/2.0),
which permits unrestricted use, distribution, and reproduction in any medium, provided the original work is properly cited.",1,cc_by_attribution_only
"2009 Tate et al; licensee BioMed Central Ltd.
This is an Open Access article distributed under the terms of the Creative Commons Attribution License (http://creativecommons.org/licenses/by/2.0),
which permits unrestricted use, distribution, and reproduction in any medium, provided the original work is properly cited.",1,cc_by_attribution_only
"2009 de Nooijer et al. This is an open-access article distributed under the terms of the Creative Commons Attribution License, which permits
unrestricted use, distribution, and reproduction in any medium, provided the original author and source are credited.",1,cc_by_attribution_only
"2009-2014 Licensed under Creative Commons Attribution 3.0 New Zealand CC BY 3.0 NZ cc https://creativecommons.org/licenses/by/3.0/nz/ 
2015- Licensed under Creative Commons Attribution 4.0 International CC BY 4.0 cc https://creativecommons.org/licenses/by/4.0/",1,cc_by_attribution_only
"2010 Beck et al; licensee BioMed Central Ltd. This is an Open Access article distributed under the terms of the Creative Commons
Attribution License (http://creativecommons.org/licenses/by/2.0), which permits unrestricted use, distribution, and reproduction in
any medium, provided the original work is properly cited.",1,cc_by_attribution_only
"2010 John et al. This is an open-access article distributed under the terms of the Creative Commons Attribution License, which permits
unrestricted use, distribution, and reproduction in any medium, provided the original author and source are credited.",1,cc_by_attribution_only
"2010 McGaughran, Holland. This is an open-access article distributed under the terms of the Creative Commons Attribution License, which permits
unrestricted use, distribution, and reproduction in any medium, provided the original author and source are credited.",1,cc_by_attribution_only
"2010 Voelckel et al. This is an open-access article distributed under the terms of the Creative Commons Attribution License, which permits
unrestricted use, distribution, and reproduction in any medium, provided the original author and source are credited.",1,cc_by_attribution_only
"2010 Zhang et al. This is an open-access article distributed under the terms of the Creative Commons Attribution License, which permits
unrestricted use, distribution, and reproduction in any medium, provided the original author and source are credited.",1,cc_by_attribution_only
"2010-2014 Licensed under Creative Commons Attribution 3.0 New Zealand CC BY 3.0 NZ cc https://creativecommons.org/licenses/by/3.0/nz/ 
2015- Licensed under Creative Commons Attribution 4.0 International CC BY 4.0 cc https://creativecommons.org/licenses/by/4.0/",1,cc_by_attribution_only
2010/2012 Licensed under Creative Commons Attribution 3.0 New Zealand CC BY 3.0 NZ cc https://creativecommons.org/licenses/by/3.0/nz/,1,cc_by_attribution_only
"2012 MacTavish et al. This is an open-access article distributed under the terms of the Creative Commons Attribution License, which permits unrestricted use, distribution, and reproduction in any medium, provided the original author and source are credited.",1,cc_by_attribution_only
"2012 Zintzen et al. This is an open-access article distributed under the terms of the Creative Commons Attribution License, which permits
unrestricted use, distribution, and reproduction in any medium, provided the original author and source are credited.",1,cc_by_attribution_only
"2013 Tommbe et al.; licensee BioMed Central Ltd. This is an open access article distributed under the terms of the Creative
Commons Attribution License (http://creativecommons.org/licenses/by/2.0), which permits unrestricted use, distribution, and
reproduction in any medium, provided the original work is properly cited.",1,cc_by_attribution_only
"2013-2014 Licensed under Creative Commons Attribution 3.0 New Zealand CC BY 3.0 NZ cc https://creativecommons.org/licenses/by/3.0/nz/ 
2015- Licensed under Creative Commons Attribution 4.0 International CC BY 4.0 cc https://creativecommons.org/licenses/by/4.0/",1,cc_by_attribution_only
"2014 Blackburn et al. This is an open-access article distributed under the terms of the Creative Commons Attribution License, which permits unrestricted use, distribution, and reproduction in any medium, provided the original author and source are credited. (With the exceptions noted in http://researcharchive.lincoln.ac.nz/page/rights, this metadata is available under a Creative Commons Zero license.)",1,cc_by_attribution_only
"2014 Palmer et al. This is an open-access article distributed under the terms of the Creative Commons Attribution License, which permits
unrestricted use, distribution, and reproduction in any medium, provided the original author and source are credited.",1,cc_by_attribution_only
"2014 Palmer et al. This is an open-access article distributed under the terms of the Creative Commons Attribution License, which permits unrestricted use, distribution, and reproduction in any medium, provided the original author and source are credited.",1,cc_by_attribution_only
"2014 Remigi et al. This is an open-access article distributed under the terms of the Creative Commons Attribution License, which permits
unrestricted use, distribution, and reproduction in any medium, provided the original author and source are credited.",1,cc_by_attribution_only
"2014 Sequeira et al. This is an open-access article distributed under the terms of the Creative Commons Attribution License, which permits
unrestricted use, distribution, and reproduction in any medium, provided the original author and source are credited.",1,cc_by_attribution_only
"2014 Winder et al. This is an open-access article distributed under the terms of the Creative Commons Attribution License, which permits unrestricted use, distribution, and reproduction in any medium, provided the original author and source are credited.",1,cc_by_attribution_only
2014-2017/2018 Licensed under Creative Commons Attribution 3.0 New Zealand CC BY 3.0 NZ cc https://creativecommons.org/licenses/by/3.0/nz/,1,cc_by_attribution_only
2014/2015- Licensed under Creative Commons Attribution 4.0 International CC BY 4.0 cc https://creativecommons.org/licenses/by/4.0/,1,cc_by_attribution_only
"2016 Gal et al. This is an open access
article distributed under the terms of the
Creative
Commons Attribution License
, which permits
unrestricted use, distribution, and reproduction in any
medium, provided the original author and source are
credited",1,cc_by_attribution_only
"2016 Suriadi et al. This is an open access article licensed under the Creative Commons Attribution License
(http://creativecommons.org/licenses/by/4.0).",1,cc_by_attribution_only
"2016 The Authors.  Published by Microbiology Society
This is an Open Access article distributed under the terms of the Creative Commons Attribution License (http://creativecommons.org/licenses/by/4.0/)",1,cc_by_attribution_only
2016/17- Licensed under Creative Commons Attribution 4.0 International CC BY 4.0 cc https://creativecommons.org/licenses/by/4.0/,1,cc_by_attribution_only
"2017 Olmos-Pérez, Roura, Pierce, Boyer and González. This is an open-access article distributed under the terms of the Creative Commons Attribution License (CC BY). The use, distribution or reproduction in other forums is permitted, provided the original author(s) or licensor are credited and that the original publication in this journal is cited, in accordance with accepted academic practice. No use, distribution or reproduction is permitted which does not comply with these terms.",1,cc_by_attribution_only
"2018 Open Access This article is distributed under the terms of the Creative Commons Attribution 4.0 International
License (http://creativecommons.org/licenses/by/4.0/), which permits unrestricted use, distribution, and reproduction in any medium,
provided you give appropriate credit to the original author(s) and the source, provide a link to the Creative Commons license, and
indicate if changes were made.",1,cc_by_attribution_only
2020/21- Licensed under Creative Commons Attribution 4.0 International CC BY 4.0 cc https://creativecommons.org/licenses/by/4.0/,1,cc_by_attribution_only
<2008>- Licensed under Creative Commons Attribution 4.0 International CC BY 4.0 cc https://creativecommons.org/licenses/by/4.0/,1,cc_by_attribution_only
<2019/2020-> : Licensed under Creative Commons Attribution 3.0 New Zealand CC BY 3.0 NZ cc https://creativecommons.org/licenses/by/3.0/nz/,1,cc_by_attribution_only
<2020>- Licensed under Creative Commons Attribution 4.0 International CC BY 4.0 cc https://creativecommons.org/licenses/by/4.0/,1,cc_by_attribution_only
"@ 2014 The Authors. Food Science & Nutrition published by Wiley Periodicals, Inc. This is an open access article under the terms of the Creative Commons Attribution License, which permits use, distribution and reproduction in any medium, provided the original work is properly cited.",1,cc_by_attribution_only
"ACS AuthorChoice - This is an open access article published under a Creative Commons Attribution (CC-BY) License, which permits unrestricted use, distribution and reproduction in any medium, provided the author and source are cited.",1,cc_by_attribution_only
"Alisma lanceolatum. Whole plant.
© Landcare Research 2020 CC BY 4.0",1,cc_by_attribution_only
All Rights Reserved; © Auckland Museum CC BY; All rights reserved,1,cc_by_attribution_only
"All article content, except where
otherwise noted, is licensed under a Creative Commons Attribution (CC BY) license
(http://creativecommons.org/licenses/by/4.0/).",1,cc_by_attribution_only
All articles are available under the Creative Commons Attribution 3.0 IGO licence (CC BY 3.0 IG0) and are freely available online:,1,cc_by_attribution_only
"All articles are published under the Creative CommonsAttribution Licence https://creativecommons.org/licenses/by/4.0/ which means they may be shared or adapted freely, so long as credit is given to the author and the Journal is    acknowledged as first publisher.",1,cc_by_attribution_only
"All articles are published under the Creative CommonsAttribution Licence https://creativecommons.org/licenses/by/4.0/ which means they may be shared or adapted freely, so long as credit is given to the author and the Journal is acknowledged as first publisher.",1,cc_by_attribution_only
"All articles published in this journal are licensed under the Creative Commons Attribution 4.0 International (CC BY 4.0) license, unless otherwise stated.",1,cc_by_attribution_only
All map images and data contained in the GeoDataHub repository of the University of Auckland are subject to a Creative Commons Attribution 3.0 New Zealand (CC BY 3.0 NZ) licence.,1,cc_by_attribution_only
"All open journal, conference and research summary content originally published on Tuwhera is Creative Commons licenced (CC-BY preferred) to facilitate reuse with attribution.",1,cc_by_attribution_only
All papers in IJTLHE are published under a Creative Commons Attribution-NoDerivs 3.0 Unported License.,1,cc_by_attribution_only
All papers published in Conservation Evidence are open access and licensed under a Creative Commons Attribution 4.0 International License. © 2013 The Authors.,1,cc_by_attribution_only
"All publications shall be published under the Creative Commons Attribution 4.0 Generic License (CC BY 4.0) or an equivalent license. This will permit all users of the publication to copy and redistribute the material in any medium or format and transform and build upon the material, including for any purpose (including commercial) without further permission or fees being required.",1,cc_by_attribution_only
"All the contents of this journal, except where otherwise noted, is licensed under a Creative Commons Attribution License",1,cc_by_attribution_only
"All works published by imedPub are under the terms of the Creative Commons Attribution License. This permits anyone to copy, distribute, transmit and adapt the work provided the original work and source is appropriately cited.",1,cc_by_attribution_only
"Aotearoa New Zealand Social Work is an international, open access, peer-reviewed journal that provides a platform for research, analysis and scholarly debate on social work theory, policy and practice. This work is licensed under a Creative Commons Attribution 4.0 International License.",1,cc_by_attribution_only
"Aporia is an open access journal, for which there are no submission, publication, or processing fees. Authors retain copyright, and are able to enter into separate contractual arrangements for the non-exclusive distribution of their published material. Articles are published under a Creative Commons Attribution 4.0 International License.",1,cc_by_attribution_only
"Asian Development Bank Institute. 2013. Asian Development Outlook. © Asian Development Bank Institute. http://hdl.handle.net/11540/6814.
Available under CC-BY 3.0 IGO license.",1,cc_by_attribution_only
Attribution 2.0 Generic (CC BY 2.0),1,cc_by_attribution_only
"Attribution 3.0 Unported (CC BY 3.0) 
https://creativecommons.org/licenses/by/3.0/",1,cc_by_attribution_only
"Attribution for music on Operation Demo video:
Flight Of The Swift by Shane Ivers is licensed under a Creative Commons Attribution 4.0 International License.",1,cc_by_attribution_only
Auckland Museum CC BY; All rights reserved,1,cc_by_attribution_only
Auckland Museum CC BY; Digital copy available; Fragile - issue surrogate,1,cc_by_attribution_only
"Author(s) 2017. This work is distributed under
the Creative Commons Attribution 3.0 License.",1,cc_by_attribution_only
"Authors retain copyright and grant the Journal of Human-Robot Interaction right of first publication with the work
simultaneously licensed under a Creative Commons Attribution License that allows others to share the work with an
acknowledgement of the work's authorship and initial publication in this journal.",1,cc_by_attribution_only
Authors retain copyright and grant the journal right of first publication with the work simultaneously licensed under a Creative Commons Attribution License that allows others to share and adapt the work with an acknowledgement of the work's authorship and initial publication in this journal.,1,cc_by_attribution_only
Authors retain copyright and grant the journal right of first publication with the work simultaneously licensed under a Creative Commons Attribution License that allows others to share the work with an acknowledgement of the work's authorship and initial publication in this journal.,1,cc_by_attribution_only
"Authors retain copyright over their work, while allowing the conference to place this publication under a Creative 
 Commons Attribution License, which allows others to freely access, use, and share the work, with an acknowledgement of the work’s authorship and its initial presentation at this conference.",1,cc_by_attribution_only
"Authors who publish in any IBIMA Publishing open access journal retain the copyright of their work under a Creative Commons Attribution 3.0 Unported License, which allows the unrestricted use, distribution, and reproduction of an article in any medium, provided that the original work is properly cited.  No permission is required from the authors or the publishers.  While authors retain copyright of their work with first publication rights granted to IBIMA Publishing, authors are required to transfer copyrights associated with commercial use to this Publisher. Revenues produced from commercial sales and distribution of published articles are used to maintain reduced publication fees and charges.",1,cc_by_attribution_only
"CAFR is an open access journal. All articles published open access will be immediately and permanently free for everyone to read, download, copy and distribute. Permitted reuse is defined by the terms under the Creative Commons Attribution License, which permits any use, distribution, and reproduction in any medium, provided the original author(s) and the source are credited. Authors will retain the copyright alongside scholarly usage rights and CAFR will be granted publishing and distribution rights.",1,cc_by_attribution_only
CC - BY - 4.0,1,cc_by_attribution_only
CC BY 2.0,1,cc_by_attribution_only
CC BY 3.0,1,cc_by_attribution_only
"CC BY 4.0 (Attribution 4.0 International) https://creativecommons.org/licenses/by/4.0/ Doheny Memorial Library, Los Angeles, CA 90089-0189 Send requests to address or e-mail given. Phone (213) 821-2366; fax (213) 740-2343. USC Libraries Special Collections specol@usc.edu",1,cc_by_attribution_only
CC BY***,1,cc_by_attribution_only
CC- BY,1,cc_by_attribution_only
CC-BY,1,cc_by_attribution_only
CC-BY 4.0,1,cc_by_attribution_only
CC-BY 4.0 Creative Commons Attribution 4.0 International,1,cc_by_attribution_only
CC-BY distribution license,1,cc_by_attribution_only
"COPYRIGHT © 2019 Pitman, Gallop and Brander. This is an open-access article
distributed under the terms of the Creative Commons Attribution License (CC BY).
The use, distribution or reproduction in other forums is permitted, provided the original
author(s) and the copyright owner(s) are credited and that the original publication
in this journal is cited, in accordance with accepted academic practice. No use,
distribution or reproduction is permitted which does not comply with these terms.",1,cc_by_attribution_only
"CROJFE is an Open Access journal and allows reuse and remixing of contents in accordance with a Creative Commons 4.0 licence (CC BY) permitting users to read, download, copy, distribute, print, search, or link to the full texts of its articles, crawl them for indexing, pass them as data to software, or use them for any other lawful purpose, without financial, legal, or technical barriers other than those inseparable from gaining access to the internet itself as long as they credit the Journal for the original creation.",1,cc_by_attribution_only
"Cardamine pratensis. Rosette leaves.
© Landcare Research 2019 CC-BY 3.0 NZ",1,cc_by_attribution_only
"Collection of Auckland Museum Tamaki Paenga Hira, 2001.42.4 ; This work is licensed under a Creative Commons Attribution 4.0 International License.",1,cc_by_attribution_only
"Construction Economics and Building 2015. © 2015 James Olabode Bamindele Rotimi and Chamila D D Ramanayaka. This is an Open Access article distributed under the terms of the Creative Commons Attribution 4.0 Unported (CC BY 4.0) License (https://creativecommons.org/licenses/by/4.0/), allowing third parties to copy and redistribute the material in any medium or format and to remix, transform, and build upon the material for any purpose, even commercially, provided the original work is properly cited and states its license.",1,cc_by_attribution_only
"Construction Economics and Building 2015. © 2015 Thanuja Ramachandra and James Olabode Bamidele Rotimi.
This is an Open Access article distributed under the terms of the Creative Commons Attribution 4.0 Unported (CC BY 4.0)
License (https://creativecommons.org/licenses/by/4.0/), allowing third parties to copy and redistribute the material in any
medium or format and to remix, transform, and build upon the material for any purpose, even commercially, provided the
original work is properly cited and states its license.",1,cc_by_attribution_only
"Construction Economics and Building 2015. © 2015 Thanuja Ramachandra and James Olabode Bamidele Rotimi. This is an Open Access article distributed under the terms of the Creative Commons Attribution 4.0 Unported (CC BY 4.0) License (https://creativecommons.org/licenses/by/4.0/), allowing third parties to copy and redistribute the material in any medium or format and to remix, transform, and build upon the material for any purpose, even commercially, provided the original work is properly cited and states its license.",1,cc_by_attribution_only
"Content from this work may be used under the terms of the Creative Commons Attribution 3.0 licence. Any further distribution
of this work must maintain attribution to the author(s) and the title of the work, journal citation and DOI.
Published under licence by IOP Publishing Ltd",1,cc_by_attribution_only
"Content from this work may be used under the terms of the CreativeCommonsAttribution 3.0 licence. Any further distribution of this work must maintain attribution to the author(s) and the title of the work, journal citation and DOI.",1,cc_by_attribution_only
"Content on this site and in the AsMA journal is copyrighted. You may print materials from the AsMA's web site for non-profit, educational purposes only, under the terms and conditions of the definition of ""fair use."" Proper attribution, including a notice of copyright, must be included on all copies.  Abiding by the principal factors of fair use, one can utilize a portion of a copyrighted work ""as is"" for purposes of non-profit research and education.  Appropriate credit of the source is required.  The use of embedded third party copyrighted works, or portions thereof, for any other purpose is not deemed fair use.   Please note that the journal, Aviation, Space, and Environmental Medicine, is registered with the Copyright Clearance Center (CCC) for academic classroom use.  Please submit your request to the Republication Department, CCC, by fax at 978-646-8700 or online at www.copyright.com.",1,cc_by_attribution_only
Copright undetermined - untraced rights owner; © Auckland Museum CC BY; Copyright undetermined - untraced rights owner; All rights reserved,1,cc_by_attribution_only
"Copyright  2017 TheAuthors. Published by Elsevier Inc.This is an open access article under the CCBY license 
(http://creativecommons.org/licenses/by/4.0/).",1,cc_by_attribution_only
"Copyright (c) 2016 Cat Pause, Deborah Russell. This work is licensed under a Creative Commons Attribution-NoDerivatives 4.0 International License.",1,cc_by_attribution_only
"Copyright (c) 2016 Michal Frainšic, Ivana Turčová, Andrew John Martin. This work is licensed under a Creative Commons Attribution 4.0 International License.",1,cc_by_attribution_only
"Copyright (c) 2018 Thinh Van Le, Una Cunningham, Kevin Watson
Creative Commons License. This work is licensed under a Creative Commons Attribution 4.0 International License.",1,cc_by_attribution_only
"Copyright (c) 2019 Revista Colombiana de Estadística
This work is licensed under a Creative Commons Attribution 4.0 International License.",1,cc_by_attribution_only
"Copyright 2015 by the article author(s). This work is made available under the terms of the Creative Commons Attribution3.0 license, http://creativecommons.org/licenses/by/3.0/",1,cc_by_attribution_only
"Copyright 2016 Sprague et al.
Distributed under Creative Commons CC-BY 4.0",1,cc_by_attribution_only
"Copyright 2018 Rosario et al.
Distributed under Creative Commons CC-BY 4.0",1,cc_by_attribution_only
"Copyright 2019 by the authors. Licensee MDPI, Basel, Switzerland. This article is an open access
article distributed under the terms and conditions of the Creative Commons Attribution
(CC BY) license (http://creativecommons.org/licenses/by/4.0/).",1,cc_by_attribution_only
"Copyright Bartlett et al. This
article is distributed under the
terms of the Creative Commons
Attribution License, which
permits unrestricted use and
redistribution provided that the
original author and source are
credited.",1,cc_by_attribution_only
"Copyright Clark et al. This article is distributed under the
terms of the Creative Commons Attribution License, which
permits unrestricted use and redistribution provided that the
original author and source are credited.",1,cc_by_attribution_only
"Copyright Emmanuele Farris et al. This is an open access article distributed under the terms of the Creative Commons Attribution License (CCBY 4.0), which permits unrestricted use, distribution, and reproduction in any medium, provided the original author and source are credited",1,cc_by_attribution_only
Copyright Mark Norman / CC BY,1,cc_by_attribution_only
"Copyright Peter J. de Lange. This is an open access article distributed under the terms of the Creative Commons Attribution License (CC BY 4.0), which permits unrestricted use, distribution, and reproduction in any medium, provided the original author and source are credited.",1,cc_by_attribution_only
"Copyright Sergei L. Mosyakin, Peter J. de Lange. This is an open access article distributed under the terms of the Creative Commons Attribution License (CC BY 4.0), which permits unrestricted use, distribution, and reproduction in any medium, provided the original author and source are credited.",1,cc_by_attribution_only
"Copyright The Author(s) 2018. Published by Oxford University Press on behalf of the Society for Molecular Biology and Evolution. This is an Open Access article distributed under the terms of the Creative Commons Attribution License (http://creativecommons.org/licenses/by/4.0/), which permits unrestricted reuse, distribution, and reproduction in any medium, provided the original work is properly cited.",1,cc_by_attribution_only
Copyright The authors. Released under the CC BY-ND license (International 4.0),1,cc_by_attribution_only
"Copyright for this article is retained by the author(s),  with first publication rights granted to the journal. 

This  is  an  open-access  article  distributed  under  the  terms  and  conditions  of  the  Creative  Commons  Attribution  
license (http://creativecommons.org/licenses/by/3.0/)",1,cc_by_attribution_only
"Copyright for this article is retained by the author(s), with first publication rights granted to the journal. 
This is an open-access article distributed under the terms and conditions of the Creative Commons Attribution license (http://creativecommons.org/licenses/by/3.0/) (With the exceptions noted in http://researcharchive.lincoln.ac.nz/page/rights, this metadata is available under a Creative Commons Zero license.)",1,cc_by_attribution_only
"Copyright for this article is retained by the author(s), with first publication rights granted to the journal. This is an open-access article distributed under the terms and conditions of the Creative Commons Attribution license (http://creativecommons.org/licenses/by/3.0/).",1,cc_by_attribution_only
"Copyright for this article is retained by the author(s), with first publication rights granted to the journal. This is an open-access article distributed under the terms and conditions of the Creative Commons Attribution license (http://creativecommons.org/licenses/by/3.0/). (With the exceptions noted in http://researcharchive.lincoln.ac.nz/page/rights, this metadata is available under a Creative Commons Zero license.)",1,cc_by_attribution_only
"Copyright may need to be checked 
Attribution 4.0 International (CC BY 4.0)",1,cc_by_attribution_only
"Copyright remains with the author(s) or their institution(s). This work is licensed under a Creative Commons Attribution 4.0 International License (CC BY 4.0), which permits unrestricted use, distribution, and reproduction in any medium, provided the original author(s) and source are credited.",1,cc_by_attribution_only
"Copyright ©  2012 Tek Tay et al. This is an open-access article distributed under the terms of the Creative Commons Attribution License, which permits
unrestricted use, distribution, and reproduction in any medium, provided the original author and source are credited. (With the exceptions noted in http://researcharchive.lincoln.ac.nz/page/rights, this metadata is available under a Creative Commons Zero license.)",1,cc_by_attribution_only
"Copyright © 1996 Hindawi Publishing Corporation. This is an open access article distributed under the Creative Commons Attribution License, which permits unrestricted use, distribution, and reproduction in any medium, provided the original work is properly cited.",1,cc_by_attribution_only
"Copyright © 2007 H. Gholam Hosseini et al. This is an open access article distributed under the Creative Commons Attribution License, which permits unrestricted use, distribution, and reproduction in any medium, provided the original work is properly cited.",1,cc_by_attribution_only
"Copyright © 2007 Martin et al. This is an open-access article distributed under the terms of the Creative Commons Attribution License, which permits unrestricted use, distribution, and reproduction in any medium, provided the original author and source are credited. (With the exceptions noted in http://researcharchive.lincoln.ac.nz/page/rights, this metadata is available under a Creative Commons Zero license.)",1,cc_by_attribution_only
"Copyright © 2009 Elaine C. Rush et al. This is an open access article distributed under the Creative Commons Attribution License,
which permits unrestricted use, distribution, and reproduction in any medium, provided the original work is properly cited.",1,cc_by_attribution_only
"Copyright © 201
5 by authors
 and Scientific Research Publishing Inc.
This work is licensed under the Creative Commons Attribution International License (CC BY)",1,cc_by_attribution_only
"Copyright © 2011 Canadian Center of Science and Education (http://www.ccsenet.org). All rights reserved. Copyrights for articles published in CCSE journals are retained by the authors, with first publication rights granted to the journal. The online version is free access and download. A definitive version was subsequently published in (see Citation). The original publication is available at (see Publisher's Version). The journal/publisher is not responsible for subsequent uses of the work. It is the author's responsibility to bring an infringement action if so desired by the author. This work is licensed under a Creative Commons Attribution 3.0 License.",1,cc_by_attribution_only
"Copyright © 2011 Hofmann, Jahufer. This is an open-access article distributed under the terms of the Creative Commons Attribution License, which permits unrestricted use, distribution, and reproduction in any medium, provided the original author and source are credited. (With the exceptions noted in http://researcharchive.lincoln.ac.nz/page/rights, this metadata is available under a Creative Commons Zero license.)",1,cc_by_attribution_only
"Copyright © 2011 Hurst et al. This is an open-access article distributed under the terms of the Creative Commons Attribution License, which permits unrestricted use, distribution, and reproduction in any medium, provided the original author and source are credited. (With the exceptions noted in http://researcharchive.lincoln.ac.nz/page/rights, this metadata is available under a Creative Commons Zero license.)",1,cc_by_attribution_only
"Copyright © 2011 Journal of Visualized Experiment. This is an open access article distributed under the terms of the Creative Commons Attribution License (http://creativecommons.org/licenses/by/2.0), which permits unrestricted use, distribution, and reproduction in any medium, provided the original work is properly cited. The electronic version of this article is the complete one and can be found online at: (see Publisher’s Version)",1,cc_by_attribution_only
"Copyright © 2011 Paula Kersten et al. This is an open access article distributed under the Creative Commons Attribution License, which permits unrestricted use, distribution, and reproduction in any medium, provided the original work is properly cited.",1,cc_by_attribution_only
"Copyright © 2011 Rebecca J. Sargisson et al. This is an open access article distributed under the Creative Commons Attribution License, which permits unrestricted use, distribution, and reproduction in any medium, provided the original work is properly cited.",1,cc_by_attribution_only
"Copyright © 2012 Alejandro Cataldo, Marcos Sepúlveda and Robert J. McQueen. This is an open access  article distributed under the Creative Commons Attribution License unported 3.0, which permits unrestricted use, distribution, and reproduction in any medium, provided that original work is properly cited.",1,cc_by_attribution_only
"Copyright © 2012 Collins et al. This is an open-access article distributed under the terms of the Creative Commons Attribution License, which permits
unrestricted use, distribution, and reproduction in any medium, provided the original author and source are credited. (With the exceptions noted in http://researcharchive.lincoln.ac.nz/page/rights, this metadata is available under a Creative Commons Zero license.)",1,cc_by_attribution_only
"Copyright © 2012 Hector M. Conesa et al. This is an open access article distributed under the Creative Commons Attribution License, which permits unrestricted use, distribution, and reproduction in any medium, provided the original work is properly cited. (With the exceptions noted in http://researcharchive.lincoln.ac.nz/page/rights, this metadata is available under a Creative Commons Zero license.)",1,cc_by_attribution_only
"Copyright © 2012 Luke V. Schneider et al. This is an open access article distributed under the Creative Commons Attribution License, which permits unrestricted use, distribution, and reproduction in any medium, provided the original work is properly
cited.",1,cc_by_attribution_only
"Copyright © 2012 Stephen D. Reay et al. This is an open access article distributed under the Creative Commons Attribution
License, which permits unrestricted use, distribution, and reproduction in any medium, provided the original work is properly
cited. (With the exceptions noted in http://researcharchive.lincoln.ac.nz/page/rights, this metadata is available under a Creative Commons Zero license.)",1,cc_by_attribution_only
"Copyright © 2012 The Authors; licensee BioMed Central Ltd. This is an open access article distributed under the terms of the Creative Commons Attribution License (http://creativecommons.org/licenses/by/2.0), which permits unrestricted use, distribution, and reproduction in any medium, provided the original work is properly cited. The electronic version of this article is the complete one and can be found online at: (see Publisher’s Version).",1,cc_by_attribution_only
"Copyright © 2013 Ajit Narayanan et al. This is an open access article distributed under the Creative Commons Attribution License, which permits unrestricted use, distribution, and reproduction in any medium, provided the original work is properly cited.",1,cc_by_attribution_only
"Copyright © 2013 Jaco Fourie et al. This is an open access article distributed under the Creative Commons Attribution License,which permits unrestricted use, distribution, and reproduction in any medium, provided the original work is properly cited. (With the exceptions noted in http://researcharchive.lincoln.ac.nz/page/rights, this metadata is available under a Creative Commons Zero license.)",1,cc_by_attribution_only
"Copyright © 2013 Latham, Patston and Tippett. This is an open-access article distributed under the terms of the Creative Commons Attribution License (CC BY). The use, distribution or reproduction in other forums is permitted, provided the original author(s) or licensor are credited and that the original publication in this journal is cited, in accordance with accepted academic practice. No use, distribution or reproduction is permitted which does not comply with these terms.",1,cc_by_attribution_only
"Copyright © 2013 The Authors; licensee BioMed Central Ltd. This is an open access article distributed under the terms of the Creative Commons Attribution License (http://creativecommons.org/licenses/by/2.0), which permits unrestricted use, distribution, and reproduction in any medium, provided the original work is properly cited. The electronic version of this article is the complete one and can be found online at: (see Publisher’s Version).",1,cc_by_attribution_only
"Copyright © 2013 Zhixiong Liao. This is an open access article distributed under the Creative Commons Attribution License, which permits unrestricted use, distribution, and reproduction in any medium, provided the original work is properly cited.",1,cc_by_attribution_only
"Copyright © 2014 Amphun Chaiboonchoe et al. This is an open access article distributed under the Creative Commons Attribution
License,which permits unrestricted use, distribution, and reproduction in any medium, provided the originalwork is properly cited. (With the exceptions noted in http://researcharchive.lincoln.ac.nz/page/rights, this metadata is available under a Creative Commons Zero license.)",1,cc_by_attribution_only
Copyright © 2014 Author(s) retain the copyright of this article. This article is published under the terms of the Creative Commons Attribution License 4.0,1,cc_by_attribution_only
"Copyright © 2014 Kathryn L. Beck et al. This is an open access article distributed under the Creative Commons Attribution License,
which permits unrestricted use, distribution, and reproductio
n in any medium, provided the original work is properly cited.",1,cc_by_attribution_only
"Copyright © 2014 Lunt et al. This is an open-access article distributed under the terms of the Creative Commons Attribution License, which permits unrestricted use, distribution, and reproduction in any medium, provided the original author and source are credited. (With the exceptions noted in http://researcharchive.lincoln.ac.nz/page/rights, this metadata is available under a Creative Commons Zero license.)",1,cc_by_attribution_only
"Copyright © 2014 The Authors. Journal of Quaternary Science published by John Wiley & Sons Ltd on behalf of Quaternary Research Association This is an open access article under the terms of the Creative Commons Attribution License, which permits use, distribution and reproduction in any medium, provided the original work is properly cited.",1,cc_by_attribution_only
"Copyright © 2014 Yan et al. This is an open-access article distributed under the terms of the Creative Commons Attribution License, which permits unrestricted
use, distribution, and reproduction in any medium, provided the original author and source are credited. (With the exceptions noted in http://researcharchive.lincoln.ac.nz/page/rights, this metadata is available under a Creative Commons Zero license.)",1,cc_by_attribution_only
Copyright © 2014 by author and Scientific Research Publishing Inc. This work is licensed under the Creative Commons Attribution International License (CC BY).,1,cc_by_attribution_only
"Copyright © 2014 by authors and Scientific Research Publishing Inc. This work is licensed under the Creative Commons Attribution International License (CC BY). (With the exceptions noted in http://researcharchive.lincoln.ac.nz/page/rights, this metadata is available under a Creative Commons Zero license.)",1,cc_by_attribution_only
"Copyright © 2015  by authors and Scientific Research Publishing Inc.

This work is licensed under the Creative Commons Attribution International License (CC BY).
http://creativecommons.org/licenses/by/4.0/",1,cc_by_attribution_only
"Copyright © 2015 A.M. Connor and J. Gavin, licensed to EAI. This is an open access article distributed under the terms of the Creative Commons Attribution licence (http://creativecommons.org/licenses/by/3.0/), which permits unlimited use, distribution and reproduction in any medium so long as the original work is properly cited.",1,cc_by_attribution_only
"Copyright © 2015 Author(s) retain the copyright of this article.
This article is published under the terms of the Creative Commons Attribution License 4.0 (With the exceptions noted in http://researcharchive.lincoln.ac.nz/page/rights, this metadata is available under a Creative Commons Zero license.)",1,cc_by_attribution_only
"Copyright © 2015 Ernest Nlandu Kamavuako et al. This is an open access article distributed under the Creative Commons Attribution License, which permits unrestricted use, distribution, and reproduction in any medium, provided the original work is properly cited.",1,cc_by_attribution_only
"Copyright © 2015 Fountain et al. Distributed under Creative Commons CC-BY 4.0 (With the exceptions noted in http://researcharchive.lincoln.ac.nz/page/rights, this metadata is available under a Creative Commons Zero license.)",1,cc_by_attribution_only
"Copyright © 2015 Frédéric Pecorari et al. This is an open access article distributed under the Creative Commons Attribution License, which permits unrestricted use, distribution, and reproduction in any medium, provided the original work is properly cited.",1,cc_by_attribution_only
"Copyright © 2015 J. Kruse and A.M. Connor, licensed to EAI. This is an open access article distributed under the terms of the Creative Commons Attribution licence (http://creativecommons.org/licenses/by/3.0/), which permits unlimited use, distribution and reproduction in any medium so long as the original work is properly cited.",1,cc_by_attribution_only
"Copyright © 2015 Ming Xiang et al. This is an open access article distributed under the Creative Commons Attribution License, which permits unrestricted use, distribution, and reproduction in any medium, provided the original work is properly cited.",1,cc_by_attribution_only
"Copyright © 2015 Nash,Gianotti  and Knoch.This is an open-access article distributed
 under the terms of the Creative Commons Attribution License (CCBY).",1,cc_by_attribution_only
"Copyright © 2015 by authors and Scientific Research Publishing Inc.
This work is licensed under the Creative Commons Attribution International License (CC BY) (With the exceptions noted in http://researcharchive.lincoln.ac.nz/page/rights, this metadata is available under a Creative Commons Zero license.)",1,cc_by_attribution_only
"Copyright © 2015 by the authors. This article is an open access article distributed under the terms and conditions of the Creative Commons Attribution License, which permits unrestricted use, distribution, and reproduction in any medium, provided the original work is properly cited.",1,cc_by_attribution_only
"Copyright © 2015. Except for the Education Council’s logo, this copyright work is licensed under
the Creative Commons Attribution 3.0 New Zealand licence. In essence, you are free to copy,
distribute and adapt the work, as long as you attribute the work to the Education Council and
abide by the other licence terms. In your attribution, use the wording ‘Education Council of
Aotearoa New Zealand’, not the Education Council logo.",1,cc_by_attribution_only
Copyright © 2016 Adults Learning Mathematics International Journal. This article is an open access article distributed under the terms and conditions of the Creative Commons Attribution license (http://creativecommons.org/licenses/by/4.0/).,1,cc_by_attribution_only
"Copyright © 2016 Brunton, Roper and Harmer. This is an open-access article distributed under the terms of the Creative Commons Attribution License (CC BY). The use, distribution or reproduction in other forums is permitted, provided the original author(s) or licensor are credited and that the original publication in this journal is cited, in accordance with accepted academic practice. No use, distribution or reproduction is permitted which does not comply with these terms.",1,cc_by_attribution_only
"Copyright © 2016 Dina Lelic et al. This is an open access article distributed under the Creative Commons Attribution License, which permits unrestricted use, distribution, and reproduction in any medium, provided the original work is properly cited.",1,cc_by_attribution_only
"Copyright © 2016 Jones et al. This is an open access article distributed under the terms of the Creative Commons Attribution License, which permits unrestricted use, distribution, and reproduction in any medium, provided the original author and source are credited. (With the exceptions noted in http://researcharchive.lincoln.ac.nz/page/rights, this metadata is available under a Creative Commons Zero license.)",1,cc_by_attribution_only
Copyright © 2016 Lee et al. This is an open-access article distributed under the terms of the Creative Commons Attribution 4.0 International license.,1,cc_by_attribution_only
"Copyright © 2016 Massimo Villari et al.This is an open access article distributed under the Creative Commons Attribution License,
which permits unrestricted use, distribution, and reproduction in any medium, provided the original work is properly cited.",1,cc_by_attribution_only
Copyright © 2016 Scientific & Academic Publishing. All Rights Reserved. This work is licensed under the Creative Commons Attribution International License (CC BY).,1,cc_by_attribution_only
"Copyright © 2016 Wilson and St George. This is an open-access article distributed under the terms of the Creative Commons Attribution License (CC BY). The use, distribution or reproduction in other forums is permitted, provided the original author(s) or licensor are credited and that the original publication in this journal is cited, in accordance with accepted academic practice. No use, distribution or reproduction is permitted which does not comply with these terms.",1,cc_by_attribution_only
"Copyright © 2016 by authors and
Scientific Research Publishing Inc.
This work is licensed under the Creative
Commons Attribution International
License (CC BY 4.0).
http://creativecommons.org/licenses/by/4.0/",1,cc_by_attribution_only
"Copyright © 2016 by authors and Scientific Research Publishing Inc.
This work is licensed under the Creative Commons Attribution International License (CC BY).
http://creativecommons.org/licenses/by/4.0/",1,cc_by_attribution_only
"Copyright © 2016 by authors and Scientific Research Publishing Inc.
This work is licensed under the Creative Commons Attribution International License (CC BY). (With the exceptions noted in http://researcharchive.lincoln.ac.nz/page/rights, this metadata is available under a Creative Commons Zero license.)",1,cc_by_attribution_only
"Copyright © 2017 AhmadWedyan et al. This is an open access article distributed under the Creative CommonsAttribution License,
which permits unrestricted use, distribution, and reproduction in any medium, provided the original work is properly cited.",1,cc_by_attribution_only
"Copyright © 2017 Bell, Colhoun, Frampton, Douglas, McIntosh, Carter, Jordan,
Carter, Smith, Marie, Loughlin and Porter. This is an open-access article distributed
under the terms of the Creative Commons Attribution License (CC BY). The use,
distribution or reproduction in other forums is permitted, provided the original
author(s) or licensor are credited and that the original publication in this journal
is cited, in accordance with accepted academic practice. No use, distribution or
reproduction is permitted which does not comply with these terms.",1,cc_by_attribution_only
"Copyright © 2017 Cook, Allsop and O'Beirne. This is an open-access article distributed under the terms of the Creative Commons Attribution License (CC BY). The use, distribution or reproduction in other forums is permitted, provided the original author(s) or licensor are credited and that the original publication in this journal is cited, in accordance with accepted academic practice. No use, distribution or reproduction is permitted which does not comply with these terms.",1,cc_by_attribution_only
"Copyright © 2017 Jonsson, Abbott, Sjöberg and Carlbring. This is an open-access article distributed under the terms of the Creative Commons Attribution License (CC BY). The use, distribution or reproduction in other forums is permitted, provided the original author(s) or licensor are credited and that the original publication in this journal is cited, in accordance with accepted academic practice. No use, distribution or reproduction is permitted which does not comply with these terms.",1,cc_by_attribution_only
"Copyright © 2017 Lydia Kiroff. This is an open access article distributed under the Creative Commons Attribution License, which
permits unrestricted use, distribution, and reproduction in any medium, provided the original work is properly cited.",1,cc_by_attribution_only
"Copyright © 2017 Ren et al. This is an openaccess
article distributed under the terms of
the Creative Commons Attribution 4.0
International license.",1,cc_by_attribution_only
"Copyright © 2017 The Authors, some rights reserved; exclusive licensee American Association
for the Advancement of Science. Distributed under a Creative Commons Attribution License 4.0 (CC BY).",1,cc_by_attribution_only
"Copyright © 2017 The Authors, some rights reserved; exclusive licensee American Association for the Advancement
of Science. Distributed under a Creative Commons Attribution License 4.0 (CC BY).",1,cc_by_attribution_only
"Copyright © 2017 Walters et al. This is an
open-access article distributed under the terms
of the Creative Commons Attribution 4.0
International license.",1,cc_by_attribution_only
Copyright © 2017 by authors and Scientific Research Publishing Inc. This work is licensed under the Creative Commons Attribution International License (CC BY 4.0).,1,cc_by_attribution_only
"Copyright © 2018 A.M. Connor and R. Sosa, licensed to EAI. This is an open access article distributed under the terms of the Creative Commons Attribution licence (http://creativecommons.org/licenses/by/3.0/), which permits unlimited use, distribution and reproduction in any medium so long as the original work is properly cited.",1,cc_by_attribution_only
"Copyright © 2018 A.M. Connor et al., licensed to EAI. This is an open access article distributed under the terms of the Creative Commons Attribution licence (http://creativecommons.org/licenses/by/3.0/), which permits unlimited use, distribution and reproduction in any medium so long as the original work is properly cited.",1,cc_by_attribution_only
"Copyright © 2018 Dey, Billinghurst, Lindeman and Swan. This is an open-access article distributed under the terms of the Creative Commons Attribution License (CC BY). The use, distribution or reproduction in other forums is permitted, provided the original author(s) and the copyright owner are credited and that the original publication in this journal is cited, in accordance with accepted academic practice. No use, distribution or reproduction is permitted which does not comply with these terms.",1,cc_by_attribution_only
"Copyright © 2018 Dowding, Zakkaroff, Moore and David. This is an open-access
article distributed under the terms of the Creative Commons Attribution License (CC
BY). The use, distribution or reproduction in other forums is permitted, provided
the original author(s) and the copyright owner(s) are credited and that the original
publication in this journal is cited, in accordance with accepted academic practice.
No use, distribution or reproduction is permitted which does not comply with these
terms.",1,cc_by_attribution_only
"Copyright © 2018 Helms, Byrnes, Cooke, Haischer, Carzoli, Johnson, Cross, Cronin,
Storey and Zourdos. This is an open-access article distributed under the terms
of the Creative Commons Attribution License (CC BY). The use, distribution or
reproduction in other forums is permitted, provided the original author(s) and the
copyright owner are credited and that the original publication in this journal is cited,
in accordance with accepted academic practice. No use, distribution or reproduction
is permitted which does not comply with these terms.",1,cc_by_attribution_only
"Copyright © 2018 Humphries, Chen and Neumann. This is an open-access article
distributed under the terms of the Creative Commons Attribution License (CC BY).
The use, distribution or reproduction in other forums is permitted, provided the
original author(s) or licensor are credited and that the original publication in this
journal is cited, in accordance with accepted academic practice. No use, distribution
or reproduction is permitted which does not comply with these terms.",1,cc_by_attribution_only
"Copyright © 2018 King D. This is an
open access article distributed under
the Creative Commons Attribution
License, which permits unrestricted
use, distribution, and reproduction in
any medium, provided the original work
is properly cited.",1,cc_by_attribution_only
"Copyright © 2018 Kraberger et al. This is an open-access article distributed under the terms
of the Creative Commons Attribution 4.0 International license.",1,cc_by_attribution_only
"Copyright © 2018 M. Irshad Khodabocus et al. This is an open access article distributed under the Creative Commons Attribution License, which permits unrestricted use, distribution, and reproduction in any medium, provided the original work is properly cited.",1,cc_by_attribution_only
"Copyright © 2018 Nicholson et al. This is an open-access article distributed under the terms
of the Creative Commons Attribution 4.0 International license.",1,cc_by_attribution_only
"Copyright © 2018 Rapley, Prickett, Dalrymple-Alford and Espiner. This is an open-access article distributed under the terms of the Creative Commons Attribution License (CC BY). The use, distribution or reproduction in other forums is permitted, provided the original author(s) and the copyright owner(s) are credited and that the original publication in this journal is cited, in accordance with accepted academic practice. No use, distribution or reproduction is permitted which does not comply with these terms.",1,cc_by_attribution_only
"Copyright © 2018 Schlechter, Jun, Bernach, Oso, Boyd, Muñoz-Lintz, Dobson, Remus
and Remus-Emsermann. This is an open-access article distributed under the terms
of the Creative Commons Attribution License (CC BY). The use, distribution or
reproduction in other forums is permitted, provided the original author(s) and the
copyright owner(s) are credited and that the original publication in this journal
is cited, in accordance with accepted academic practice. No use, distribution or
reproduction is permitted which does not comply with these terms.",1,cc_by_attribution_only
"Copyright © 2018 Schlechter, Jun, Bernach, Oso, Boyd, Muñoz-Lintz, Dobson, Remus and Remus-Emsermann. This is an open-access article distributed under the terms of the Creative Commons Attribution License (CC BY). The use, distribution or reproduction in other forums is permitted, provided the original author(s) and the copyright owner(s) are credited and that the original publication in this journal is cited, in accordance with accepted academic practice. No use, distribution or reproduction is permitted which does not comply with these terms.",1,cc_by_attribution_only
"Copyright © 2018 Sherman, Jovanovic, Stolnik, Baronian, Downard and Rawson.
This is an open-access article distributed under the terms of the Creative Commons
Attribution License (CC BY). The use, distribution or reproduction in other forums
is permitted, provided the original author(s) and the copyright owner(s) are credited
and that the original publication in this journal is cited, in accordance with accepted
academic practice. No use, distribution or reproduction is permitted which does not
comply with these terms.",1,cc_by_attribution_only
Copyright © 2018 The Author(s). Published by Elsevier Ltd. This is an Open Access article under the CC BY 4.0 license.,1,cc_by_attribution_only
"Copyright © 2018 by Asian-Australasian Journal of Animal Sciences This is an open-access article distributed under the terms of the Creative Commons Attribution License (http://creativecommons.org/licenses/by/4.0/), which permits unrestricted use, distribution, and reproduction in any medium, provided the original work is properly cited.",1,cc_by_attribution_only
"Copyright © 2018 by Author/s and Licensed by Lectito BV, Netherlands. This is an open access article distributed under the Creative Commons Attribution License which permits unrestricted use, distribution, and reproduction in any medium, provided the original work is properly cited.",1,cc_by_attribution_only
"Copyright © 2018 by authors and
Scientific Research Publishing Inc.
This work is licensed under the Creative
Commons Attribution International
License (CC BY 4.0).",1,cc_by_attribution_only
"Copyright © 2018 by authors and Scientific Research Publishing Inc.
This work is licensed under the Creative Commons Attribution International
License (CC BY 4.0). http://creativecommons.org/licenses/by/4.0/",1,cc_by_attribution_only
Copyright © 2018 by authors and Scientific Research Publishing Inc. Creative Commons License This work and the related PDF file are licensed under a Creative Commons Attribution 4.0 International License.,1,cc_by_attribution_only
"Copyright © 2019 A.N.A. Rameka et al., licensed to EAI. This is an open access article distributed under the terms of the Creative Commons Attribution licence (http://creativecommons.org/licenses/by/3.0/), which permits unlimited use, distribution and reproduction in any medium so long as the original work is properly cited.",1,cc_by_attribution_only
Copyright © 2019 Buckley et al. This is an open-access article distributed under the terms of the Creative Commons Attribution 4.0 International license.,1,cc_by_attribution_only
"Copyright © 2019 Hudson, Mead, Chagné, Roskruge, Morrison, Wilcox and Allan. This is an open-access article distributed under the terms of the Creative Commons Attribution License (CC BY). The use, distribution or reproduction in other forums is permitted, provided the original author(s) and the copyright owner(s) are credited and that the original publication in this journal is cited, in accordance with accepted academic practice. No use, distribution or reproduction is permitted which does not comply with these terms.",1,cc_by_attribution_only
"Copyright © 2019 Jianheng Zhou et al. This is an open access article distributed under the Creative Commons Attribution License, which permits unrestricted use, distribution, and reproduction in any medium, provided the original work is properly cited.",1,cc_by_attribution_only
"Copyright © 2019 Niederberger, Bottos, Sohm, Gunderson, Parker, Coyne, Capone, Carpenter and Cary. This is an open-access article distributed under the terms of the Creative Commons Attribution License (CC BY). The use, distribution or
reproduction in other forums is permitted, provided the original author(s) and the copyright owner(s) are credited and that the original publication in this journal is cited, in accordance with accepted academic practice. No use, distribution or reproduction is permitted which does not comply with these terms.",1,cc_by_attribution_only
"Copyright © 2019 Otte, Millar and Klatt. This is an open-access article distributedunder the terms of the Creative Commons Attribution License(CC BY). The use,distribution or reproduction in other forums is permitted, provided the originalauthor(s) and the copyright owner(s) are credited and that the original publicationin this journal is cited, in accordance with accepted academic practice. No use,distribution or reproduction is permitted which does not comply with these terms.",1,cc_by_attribution_only
"Copyright © 2019 Rego, Raio, Martins, Ribeiro, Sousa, Séneca, Baptista, Lee, Cary, Ramos, Carvalho, Leão and Magalhães. This is an open-access article distributed under the terms of the Creative Commons Attribution License (CC BY). The use, distribution or reproduction in other forums is permitted, provided the original author(s) and the copyright owner(s) are credited and that the original publication in this journal is cited, in accordance with accepted academic practice. No use, distribution or reproduction is permitted which does not comply with these terms.",1,cc_by_attribution_only
"Copyright © 2019 Tatenda D. Kavu et al. This is an open access article distributed under the Creative Commons Attribution License, which permits unrestricted use, distribution, and reproduction in any medium, provided the original work is properly cited.",1,cc_by_attribution_only
"Copyright © 2019 Warren-Rhodes, Lee, Archer, Cabrol, Ng-Boyle, Wettergreen,
Zacny, Pointing and the NASA Life in the Atacama Project Team. This is an openaccess article distributed under the terms of the Creative Commons Attribution
License (CC BY). The use, distribution or reproduction in other forums is permitted,
provided the original author(s) and the copyright owner(s) are credited and that the
original publication in this journal is cited, in accordance with accepted academic
practice. No use, distribution or reproduction is permitted which does not comply
with these terms.",1,cc_by_attribution_only
"Copyright © 2019 Xiaona Jia et al. This is an open access article distributed under the Creative Commons Attribution License, which permits unrestricted use, distribution, and reproduction in any medium, provided the original work is properly cited.",1,cc_by_attribution_only
"Copyright © 2019 by author(s) and Scientific Research Publishing Inc.
This work is licensed under the Creative Commons Attribution International
License (CC BY 4.0). http://creativecommons.org/licenses/by/4.0/",1,cc_by_attribution_only
"Copyright © 2019 by the
author(s). Licensee Hapres,
London, United Kingdom. This is
an open access article distributed
under the terms and conditions
of Creative Commons Attribution
4.0 International License.",1,cc_by_attribution_only
"Copyright © 2020 Aan Chu et al. This is an open access article distributed under the Creative Commons Attribution License, which permits unrestricted use, distribution, and reproduction in any medium, provided the original work is properly cited.",1,cc_by_attribution_only
"Copyright © 2020 Battley, Conklin, Parody-Merino, Langlands, Southey, Burns, Melville, Schuckard, Riegen and Potter. This is an open-access article distributed under the terms of the Creative Commons Attribution License (CC BY). The use, distribution or reproduction in other forums is permitted, provided the original author(s) and the copyright owner(s) are credited and that the original publication in this journal is cited, in accordance with accepted academic practice. No use, distribution or reproduction is permitted which does not comply with these terms.",1,cc_by_attribution_only
"Copyright © 2020 Diaz, Li, Michalski, Darrah, Adams, Wall, Hogg, Fierer, Welch, Gardner and Lyons. This is an open-access article distributed under the terms of the Creative Commons Attribution License (CC BY). The use, distribution or reproduction in other forums is permitted, provided the original author(s) and the copyright owner(s) are credited and that the original publication in this journal is cited, in accordance with accepted academic practice. No use, distribution or reproduction is permitted which does not comply with these terms.",1,cc_by_attribution_only
"Copyright © 2020 Donisha Shani Niharika Keembiya Liyanagamage and Ryan D. Martinus. This is an open access article distributed under the Creative Commons Attribution License, which permits unrestricted use, distribution, and reproduction in any medium, provided the original work is properly cited.",1,cc_by_attribution_only
"Copyright © 2020 Roberts, Gill and Sims. This is an open-access article distributed under the terms of the Creative Commons Attribution License (CC BY). The use, distribution or reproduction in other forums is permitted, provided the original author(s) and the copyright owner(s) are credited and that the original publication in this journal is cited, in accordance with accepted academic practice. No use, distribution or reproduction is permitted which does not comply with these terms.",1,cc_by_attribution_only
"Copyright © 2020 Trye, Calude, Bravo-Marquez and Keegan. This is an open-access article distributed under the terms of the Creative Commons Attribution License (CC BY). The use, distribution or reproduction in other forums is permitted, provided the original author(s) and the copyright owner(s) are credited and that the original publication in this journal is cited, in accordance with accepted academic practice. No use, distribution or reproduction is permitted which does not comply with these terms.",1,cc_by_attribution_only
"Copyright © 2020 by Author/s and Licensed by Veritas Publications Ltd., UK. This is an open access article distributed under the Creative Commons Attribution 
License which permits unrestricted use, distribution, and reproduction in any medium, provided the original work is properly cited.",1,cc_by_attribution_only
"Copyright © 2021 Majid Memarian Sorkhabi et al. )is is an open access article distributed under the Creative Commons Attribution License, which permits unrestricted use, distribution, and reproduction in any medium, provided the original work is properly cited.",1,cc_by_attribution_only
Copyright © The Author(s). Published by Elsevier Ltd. This is an Open Access article under the CC BY license,1,cc_by_attribution_only
"Copyright © The Author.
Licensed under Creative Commons Attribution License  (CC BY 3.0) (With the exceptions noted in http://researcharchive.lincoln.ac.nz/page/rights, this metadata is available under a Creative Commons Zero license.)",1,cc_by_attribution_only
Copyright © The Authors(s) 2020. Published by Inderscience Publishers Ltd. This is an Open Access Article distributed under the CC BY license.,1,cc_by_attribution_only
"Copyright © The Authors.
Distributed under
Creative Commons CC-BY 3.0 (With the exceptions noted in http://researcharchive.lincoln.ac.nz/page/rights, this metadata is available under a Creative Commons Zero license.)",1,cc_by_attribution_only
"Copyright © The Authors.
This work is licensed under a Creative Commons Attribution 4.0 International License. The images or other third party material in this article are included in the article’s Creative Commons license, unless indicated otherwise in the credit line; if the material is not included under the Creative Commons license, users will need to obtain permission from the license holder to reproduce the material. To view a copy of this license, visit http://creativecommons.org/licenses/by/4.0/ (With the exceptions noted in http://researcharchive.lincoln.ac.nz/page/rights, this metadata is available under a Creative Commons Zero license.)",1,cc_by_attribution_only
"Copyright © The Authors. Distributed under Creative Commons CC-BY 3.0 (With the exceptions noted in http://researcharchive.lincoln.ac.nz/page/rights, this metadata is available under a Creative Commons Zero license.)",1,cc_by_attribution_only
"Copyright © The Authors. Lincoln University and Landcare Research (New Zealand) Ltd., 2015.  This work is licensed under the Creative Commons Attribution 4.0 International License. (With the exceptions noted in http://researcharchive.lincoln.ac.nz/page/rights, this metadata is available under a Creative Commons Zero license.)",1,cc_by_attribution_only
"Copyright © The Authors. This is an open access article distributed under the Creative Commons Attribution License which permits unrestricted use, distribution, and reproduction in any medium, provided the original work is properly cited. (With the exceptions noted in http://researcharchive.lincoln.ac.nz/page/rights, this metadata is available under a Creative Commons Zero license.)",1,cc_by_attribution_only
"Copyright © The Authors. This work is licensed under a Creative Commons Attribution 4.0 International License. The images or other third party material in this article are included in the article’s Creative Commons license, unless indicated otherwise in the credit line; if the material is not included under the Creative Commons license, users will need to obtain permission from the license holder to reproduce the material. To view a copy of this license, visit http://creativecommons.org/licenses/by/4.0/ (With the exceptions noted in http://researcharchive.lincoln.ac.nz/page/rights, this metadata is available under a Creative Commons Zero license.)",1,cc_by_attribution_only
Copyright � 2018 Massachusetts Medical Society. This Author Final Manuscript is licensed for use under the CC BY license.,1,cc_by_attribution_only
"Copyright:   2013 Kruschitz et al. This is an open-access article distributed under the terms of the Creative Commons Attribution License, which permits unrestricted use, distribution, and reproduction in any medium, provided the original author and source are credited. (With the exceptions noted in http://researcharchive.lincoln.ac.nz/page/rights, this metadata is available under a Creative Commons Zero license.)",1,cc_by_attribution_only
"Copyright:   2013 Morley, Winder. This is an open-access article distributed under the terms of the Creative Commons Attribution License, which permits unrestricted use, distribution, and reproduction in any medium, provided the original author and source are credited.",1,cc_by_attribution_only
"Copyright:   2015 Jørgensen et al. This is an open-access article distributed under the terms of the Creative Commons Attribution License, which permits unrestricted use, distribution, and reproduction in any medium, provided the original author and source are credited. http://creativecommons.org/licenses/by/3.0/ (With the exceptions noted in http://researcharchive.lincoln.ac.nz/page/rights, this metadata is available under a Creative Commons Zero license.)",1,cc_by_attribution_only
"Copyright:  © 2013 Gau et al. This is an open-access article distributed under the terms of the Creative Commons Attribution License, which permits unrestricted use, distribution, and reproduction in any medium, provided the original author and source are credited. (With the exceptions noted in http://researcharchive.lincoln.ac.nz/page/rights, this metadata is available under a Creative Commons Zero license.)",1,cc_by_attribution_only
"Copyright:  © 2017 Perezgonzalez JD and Frías-Navarro MD. This is an open access article distributed under the terms of the Creative Commons Attribution Licence, which permits unrestricted use, distribution, and reproduction in any medium, provided the original work is properly cited.",1,cc_by_attribution_only
"Copyright: 2013 Nash et al. This is an open-access article distributed under the terms of the Creative Commons Attribution License, which permits unrestricted use, distribution, and reproduction in any medium, provided the original author and source are credited.",1,cc_by_attribution_only
"Copyright: Construction Economics and Building 2015. © 2015 Mostafa Babaeian Jelodar, Tak Wing Yiu and Suzanne
Wilkinson. This is an Open Access article distributed under the terms of the Creative Commons Attribution 4.0 Unported (CC
BY 4.0) License (https://creativecommons.org/licenses/by/4.0/), allowing third parties to copy and redistribute the material in
any medium or format and to remix, transform, and build upon the material for any purpose, even commercially, provided the
original work is properly cited and states its license.",1,cc_by_attribution_only
"Copyright: ©   2012 Burgess et al. This is an open-access article distributed under the terms of the Creative Commons Attribution License, which permits unrestricted use, distribution, and reproduction in any medium, provided the original author and source are credited. (With the exceptions noted in http://researcharchive.lincoln.ac.nz/page/rights, this metadata is available under a Creative Commons Zero license.)",1,cc_by_attribution_only
"Copyright: © 2012 Boyer et al. This is an open-access article distributed under the terms of the Creative Commons Attribution License, which permits unrestricted use, distribution, and reproduction in any medium, provided the original author and source are credited. (With the exceptions noted in http://researcharchive.lincoln.ac.nz/page/rights, this metadata is available under a Creative Commons Zero license.)",1,cc_by_attribution_only
"Copyright: © 2012 Tan et al. This is an open-access article distributed under the terms of the Creative Commons Attribution License, which permits unrestricted use, distribution, and reproduction in any medium, provided the original author and source are credited. (With the exceptions noted in http://researcharchive.lincoln.ac.nz/page/rights, this metadata is available under a Creative Commons Zero license.)",1,cc_by_attribution_only
"Copyright: © 2013 Boyer et al. This is an open-access article distributed under the terms of the Creative Commons Attribution License, which permits
unrestricted use, distribution, and reproduction in any medium, provided the original author and source are credited. (With the exceptions noted in http://researcharchive.lincoln.ac.nz/page/rights, this metadata is available under a Creative Commons Zero license.)",1,cc_by_attribution_only
"Copyright: © 2013 Latham et al. This is an open-access article distributed under the terms of the Creative Commons Attribution License, which permits unrestricted use, distribution, and reproduction in any medium, provided the original author and source are credited.",1,cc_by_attribution_only
"Copyright: © 2013 Sokol et al.

This is an open access article under the terms of the Creative Commons Attribution License, which permits use, distribution and reproduction in any medium, provided the original work is properly cited.",1,cc_by_attribution_only
"Copyright: © 2014
 First author et al. This is an open
-
access article dis
-
tributed under the terms of the 
Creative Commons Attribution License 3.0 
Unported
, which permits unrestricted use, distribution, and reproduction 
in any medium, provided the original author and source are credited.",1,cc_by_attribution_only
"Copyright: © 2014 Buckley et al. This is an open-access article distributed under the terms of the Creative Commons Attribution License, which permits unrestricted use, distribution, and reproduction in any medium, provided the original author and source are credited. (With the exceptions noted in http://researcharchive.lincoln.ac.nz/page/rights, this metadata is available under a Creative Commons Zero license.)",1,cc_by_attribution_only
"Copyright: © 2014 First author et al. This is an open-access article distributed
under the terms of the Creative Commons Attribution License 3.0
Unported, which permits unrestricted use, distribution, and reproduction
in any medium, provided the original author and source are credited .",1,cc_by_attribution_only
"Copyright: © 2014 Ian Whalley. This is an open-access article distributed under the terms of the Creative Commons Attribution License 3.0 Unported, which permits unrestricted use, distribution, and reproduction in any medium, provided the original author and source are credited.",1,cc_by_attribution_only
"Copyright: © 2014 Lefort et al. Distributed under Creative Commons CC-BY 4.0. (With the exceptions noted in http://researcharchive.lincoln.ac.nz/page/rights, this metadata is available under a Creative Commons Zero license.)",1,cc_by_attribution_only
"Copyright: © 2015 Bartneck et al. This is an open
access article distributed under the terms of the
Creative Commons Attribution License, which permits
unrestricted use, distribution, and reproduction in any
medium, provided the original author and source are
credited.",1,cc_by_attribution_only
"Copyright: © 2016 Boyer S. et al. This is an open access article distributed under the terms of the Creative Commons Attribution Licence, which permits unrestricted use, distribution, and reproduction in any medium, provided the original work is properly cited.",1,cc_by_attribution_only
"Copyright: © 2016 Hall et al. This is an open access article distributed under the terms of the Creative Commons Attribution License, which permits unrestricted use, distribution, and reproduction in any medium, provided the original author and source are credited.",1,cc_by_attribution_only
"Copyright: © 2016 MacDonald et al. This is an open access article distributed under the terms of the
Creative Commons Attribution License, which permits unrestricted use, distribution, and reproduction in any
medium, provided the original author and source are credited.",1,cc_by_attribution_only
"Copyright: © 2017 Ashrafzadeh, Leung. This is an
open access article distributed under the terms of
the Creative Commons Attribution License, which
permits unrestricted use, distribution, and
reproduction in any medium, provided the original
author and source are credited.",1,cc_by_attribution_only
"Copyright: © 2017 First author et al. This is an open-access article distributed
under the terms of the Creative Commons Attribution License 3.0
Unported, which permits unrestricted use, distribution, and reproduction
in any medium, provided the original author and source are credited.",1,cc_by_attribution_only
"Copyright: © 2017 Nsor et al. This is an open
access article distributed under the terms of the
Creative Commons Attribution License, which
permits unrestricted use, distribution, and
reproduction in any medium, provided the original
author and source are credited.",1,cc_by_attribution_only
"Copyright: © 2017 Nsor et al. This is an open access article distributed under the terms of the Creative Commons Attribution License, which permits unrestricted use, distribution, and
reproduction in any medium, provided the original author and source are credited. (With the exceptions noted in http://researcharchive.lincoln.ac.nz/page/rights, this metadata is available under a Creative Commons Zero license.)",1,cc_by_attribution_only
"Copyright: © 2017 White et al. This is an open
access article distributed under the terms of the
Creative Commons Attribution License, which
permits unrestricted use, distribution, and
reproduction in any medium, provided the original
author and source are credited.",1,cc_by_attribution_only
"Copyright: © 2018 Arindam Basu. This is an open access publication distributed under the terms of the CC BY 4.0 License, which permits unrestricted use, distribution, and reproduction in any medium, provided the original author and source are credited.",1,cc_by_attribution_only
"Copyright: © 2018 Bartneck, Moltchanova. This is
an open access article distributed under the terms
of the Creative Commons Attribution License,
which permits unrestricted use, distribution, and
reproduction in any medium, provided the original
author and source are credited.",1,cc_by_attribution_only
"Copyright: © 2018 Casanovas et al. This is an open
access article distributed under the terms of the
Creative Commons Attribution License, which
permits unrestricted use, distribution, and
reproduction in any medium, provided the original
author and source are credited.",1,cc_by_attribution_only
"Copyright: © 2018 Davies et al. This is an open access article distributed under the terms of the
Creative Commons Attribution License,  which permits  unrestricted use, distribution, and reproduction
in any medium, provided  the original author and source are credited.  (CC BY 4.0)",1,cc_by_attribution_only
"Copyright: © 2018 Firestone R, et al. This is an open-access article distributed under the terms of the Creative Commons Attribution License, which permits unrestricted use, distribution, and reproduction in any medium, provided the original author and source are credited.",1,cc_by_attribution_only
"Copyright: © 2018 Gillespie et al. This is an open
access article distributed under the terms of the
Creative Commons Attribution License, which
permits unrestricted use, distribution, and
reproduction in any medium, provided the original
author and source are credited.",1,cc_by_attribution_only
"Copyright: © 2018 Sherman et al. This is an open access article distributed under the terms of the Creative Commons Attribution License, which permits unrestricted use, distribution, and reproduction in any medium, provided the original author and source are credited",1,cc_by_attribution_only
"Copyright: © 2018 Wheeler et al. This is an open
access article distributed under the terms of the
Creative Commons Attribution License, which
permits unrestricted use, distribution, and
reproduction in any medium, provided the original
author and source are credited.",1,cc_by_attribution_only
"Copyright: © 2019 Li et al. This is an open access
article distributed under the terms of the Creative
Commons Attribution License, which permits
unrestricted use, distribution, and reproduction in
any medium, provided the original author and
source are credited.",1,cc_by_attribution_only
"Copyright: © 2021 Jermy et al. This is an open
access article distributed under the terms of the
Creative Commons Attribution License, which
permits unrestricted use, distribution, and
reproduction in any medium, provided the original
author and source are credited.",1,cc_by_attribution_only
"Copyright: © 2021 by the authors.
CC BY 4.0",1,cc_by_attribution_only
"Copyright: © 2021 by the authors. Licensee MDPI, Basel, Switzerland. 
This article is an open access article 
distributed under the terms and conditions of the Creative Commons Attribution (CC BY) license",1,cc_by_attribution_only
"Copyright: © 2021 by the authors. Licensee MDPI, Basel, Switzerland. This article is an open access article distributed under the terms and conditions of the Creative Commons
Attribution (CC BY) license (https://creativecommons.org/licenses/by/4.0/).",1,cc_by_attribution_only
"Copyright: © 2021 by the authors. Licensee MDPI, Basel, Switzerland. This article is an open access article distributed under the terms and conditions of the Creative Commons Attribution (CC BY) license (https://creativecommons.org/licenses/by/4.0/).",1,cc_by_attribution_only
"Copyright:© 2018
Arroyo-Lambaer et al. This is an open access article distributed
under the terms of the Creative Commons Attribution License,
which permits unrestricted use, distribution, and
reproduction in any medium, provided
the original author and source are credited.",1,cc_by_attribution_only
"Copyright@ Margaret Maclagan, This article is distributed under the terms of
the Creative Commons Attribution 4.0 International License, which permits
unrestricted use and redistribution provided that the original author and
source are credited.",1,cc_by_attribution_only
"CopyrightV2015 Lefort et al.
Distributed under Creative Commons CC-BY 4.",1,cc_by_attribution_only
"Copyright©2012 Yang G., et al. This is an open-access article distributed under the terms of the Creative Commons Attribution License, which permits unrestricted use, distribution, and reproduction in any medium, provided the original author and source are credited. (With the exceptions noted in http://researcharchive.lincoln.ac.nz/page/rights, this metadata is available under a Creative Commons Zero license.)",1,cc_by_attribution_only
"Copyright©2016 by authors, all rights reserved. Authors agree that this article remains permanently open access under the
terms of the Creative Commons Attribution License 4.0 international License.",1,cc_by_attribution_only
"Cotoneaster franchetii: Wild shrub.
© Landcare Research 2017 CC BY 3.0 NZ",1,cc_by_attribution_only
Creative Commons Attribution (CC-BY) 4.0 International,1,cc_by_attribution_only
Creative Commons Attribution (CC-BY) Licence,1,cc_by_attribution_only
Creative Commons Attribution 4.0  licence.,1,cc_by_attribution_only
Creative Commons Attribution 4.0 International (CC BY 4.0),1,cc_by_attribution_only
Creative Commons Attribution 4.0 International (CC BY 4.0) license.,1,cc_by_attribution_only
Creative Commons Attribution 4.0 International Public License,1,cc_by_attribution_only
Creative Commons Attribution 4.0.,1,cc_by_attribution_only
Creative Commons Attribution CC-BY,1,cc_by_attribution_only
"Creative Commons Attribution License (CC BY)

This article is available under the terms of the Creative Commons Attribution License (CC BY).
You may copy and distribute the article, create extracts, abstracts and new works from the article, alter and revise the article, text or data mine the article and otherwise reuse the article commercially (including reuse and/or resale of the article) without permission from Elsevier. You must give appropriate credit to the original work, together with a link to the formal publication through the relevant DOI and a link to the Creative Commons user license above. You must indicate if any changes are made but not in any way that suggests the licensor endorses you or your use of the work.",1,cc_by_attribution_only
Creative Commons Attribution License 3.0,1,cc_by_attribution_only
"Creative Commons CC BY: This article is distributed under the terms of the Creative Commons Attribution 4.0 License
(http://www.creativecommons.org/licenses/by/4.0/) which permits any use, reproduction and distribution of
the work without further permission provided the original work is attributed as specified on the SAGE and Open Access pages (https://us.sagepub.com/en-us/nam/open-access-at-sage).",1,cc_by_attribution_only
"Creative Commons CC BY: This article is distributed under the terms of the Creative Commons Attribution 4.0 License
(http://www.creativecommons.org/licenses/by/4.0/) which permits any use, reproduction and distribution of the work without further permission provided the original work is attributed as specified on the SAGE and Open Access pages
(https://us.sagepub.com/en-us/nam/open-access-at-sage).",1,cc_by_attribution_only
Creative Commons CC-BY,1,cc_by_attribution_only
Creative Commons CC-BY  https://creativecommons.org/licenses/by/4.0/,1,cc_by_attribution_only
"Creative Commons CC-BY: This article is distributed under the terms of the Creative Commons Attribution 4.0 License (http://www.creativecommons.org/licenses/by/4.0/) which permits any use, reproduction and distribution of the work without further permission provided the original work is attributed as specified on the SAGE and Open Access pages (https://us.sagepub.com/en-us/nam/open-access-at-sage).",1,cc_by_attribution_only
Creative Commons License  This work is licensed under a Creative Commons Attribution 3.0 License.,1,cc_by_attribution_only
Creative Commons license CC-BY 4.0,1,cc_by_attribution_only
Creative Commons — Attribution/No derivatives license,1,cc_by_attribution_only
"Crown copyright / Copyright. Copyright material on the Education Counts website is protected by copyright owned by Ministry of Education [on behalf of the Crown] or its licensors. Unless indicated otherwise for specific items or collections of content (either below or within specific items or collections), this copyright material is licensed for re-use under the Creative Commons Attribution 4.0 International licence. In essence, you are free to copy, distribute and adapt the material, as long as you attribute it to [name of agency/licensor] and abide by the other licence terms. Please note that this licence does not apply to any logos, emblems and trade marks on the website or to the website's design elements [or to any photography and imagery]. Those specific items may not be re-used without express permission.",1,cc_by_attribution_only
"Crown copyright ©.

Unless indicated otherwise for specific items or collections of content (either below or within specific items or collections), this copyright material is licensed for re-use under the Creative Commons Attribution 4.0 International licence.

In essence, you are free to copy, distribute and adapt the material, as long as you attribute it to the Ministry for the Environment and abide by the other licence terms.

Please note that this licence does not apply to any logos, emblems and trade marks on the website or to the website’s design elements or to any photography and imagery. Those specific items may not be re-used without express permission.

CC-BY 4.0 International license terms",1,cc_by_attribution_only
"Crown copyright ©. Copyright material on this website is protected by copyright owned by the Ministry of Social Development on behalf of the Crown. Unless indicated otherwise for specific items or collections of content (either below or within specific items or collections), this copyright material is licensed for re-use under Creative Commons Attribution (CC-BY) 4.0 International Licence. In essence, you are free to copy, distribute and adapt the material, as long as you attribute it to the Ministry of Social Development and abide by the other licence terms.",1,cc_by_attribution_only
"Crown copyright ©. Copyright material on this website is protected by copyright owned by the Ministry of Social Development on behalf of the Crown. Unless indicated otherwise for specific items or collections of content (either below or within specific items or collections), this copyright material is licensed for re-use under Creative Commons Attribution (CC-BY) 4.0 International Licence. In essence, you are free to copy, distribute and adapt the material, as long as you attribute it to the Ministry of Social Development and abide by the other licence terms. Please note that this licence does not apply to any logos, emblems, trademarks, photography or imagery on the website or to the website’s design elements. Those specific items may not be re-used without express permission.",1,cc_by_attribution_only
Distributed under  Creative-Commons CC-BY 3.0,1,cc_by_attribution_only
Distributed under Creative Commons Attribution 4.0 International CC-BY 4.0,1,cc_by_attribution_only
Distributed under Creative Commons CC-BY 4.,1,cc_by_attribution_only
"Distributed under the terms of the Creative Commons Attribution license, which permits unrestricted use, distribution and reproduction in any medium, provided that the original work is properly cited.",1,cc_by_attribution_only
"Diversity and Equality in Health and Care is an Open Access publication which ensures that, once a paper has been accepted and edited, there is no lengthy wait for publication and it is available to the widest possible readership with no pay-wall barrier. All Published work is licensed under a Creative Commons Attribution 4.0 International License.",1,cc_by_attribution_only
"Each article within this eBook, and the eBook itself, are published under the most recent version of the Creative Commons CC-BY licence. The version current at the date of publication of this eBook is CC-BY 4.0. If the CC-BY licence is updated, the licence granted by Frontiers is automatically updated to the new version.When exercising any right under the CC-BY licence, Frontiers must be attributed as the original publisher of the article or eBook, as applicable",1,cc_by_attribution_only
"Except where otherwise noted, copyright content on this site The Policy Observatory is licensed under a Creative Commons Attribution 3.0 New Zealand license",1,cc_by_attribution_only
"Except where otherwise noted, this item is published under a Creative Commons Attribution 3.0 Unported licence.",1,cc_by_attribution_only
"Frontiers is fully compliant with open access mandates, by publishing its articles under the Creative Commons Attribution licence (CC-BY). Funder mandates such as those by the Wellcome Trust (UK), National Institutes of Health (USA) and the Australian Research Council (Australia) are fully compatible with publishing in Frontiers. Authors retain copyright of their work and can deposit their publication in any repository. The work can be freely shared and adapted provided that appropriate credit is given and any changes specified.",1,cc_by_attribution_only
"Fuscospora cliffortioides: mature trees.
© Landcare Research 2015 CC BY 3.0 NZ",1,cc_by_attribution_only
"Fuscospora fusca: exposed mature trees from a closed canopy forest.
© Landcare Research 2015 CC BY 3.0 NZ",1,cc_by_attribution_only
"Fuscospora solandri: a mature tree on the edge of a remnant forest patch.
© Landcare Research 2015 CC-BY 3.0 NZ",1,cc_by_attribution_only
"Fuscospora truncata: tree base showing butresses.
© Landcare Research 2015 CC-BY 3.0 NZ",1,cc_by_attribution_only
"Garment gifted by Dame Sian Elias to Auckland Museum Tamaki Paenga Hira, 2016.75.1 ; Licensed under a Creative Commons Attribution 4.0 International License",1,cc_by_attribution_only
"Garment gifted by Emma Knuckey to Auckland Museum Tāmaki Paenga Hira, 1993.43, T1475 ; This work is licensed under a Creative Commons Attribution 4.0 International License.",1,cc_by_attribution_only
"Garment loan courtesy of Alison Weir ; CC BY 4.0 International Licence ; All Rights Reserved, image © Alison Wei",1,cc_by_attribution_only
Garment loan courtesy of Clare O'Brien ; CC BY 4.0 International Licence,1,cc_by_attribution_only
"Garment loan courtesy of Dee Hitchcock and Auckland Museum Tāmaki Paenga Hira, 2021.15.1 ; CC BY 4.0 International Licence",1,cc_by_attribution_only
Garment loan courtesy of Diane Comber ; CC BY 4.0 International Licence,1,cc_by_attribution_only
Garment loan courtesy of Elaine Day ; CC BY 4.0 International Licence,1,cc_by_attribution_only
Garment loan courtesy of Eleanor Leckie (nee Pritchett) ;  CC BY 4.0 International Licence,1,cc_by_attribution_only
Garment loan courtesy of Feilding Museum ; CC BY 4.0 International Licence,1,cc_by_attribution_only
Garment loan courtesy of Felicity Bell ; CC BY 4.0 International Licence,1,cc_by_attribution_only
Garment loan courtesy of Finn McCahon-Jones ; CC BY 4.0 International Licence,1,cc_by_attribution_only
Garment loan courtesy of Fiona Briggs and Shelley Jones ; CC BY 4.0 International Licence,1,cc_by_attribution_only
Garment loan courtesy of Gayle Cullwick ; CC BY 4.0 International Licence,1,cc_by_attribution_only
Garment loan courtesy of Geraldine Tait ; CC BY 4.0 International Licence,1,cc_by_attribution_only
Garment loan courtesy of Haley Parkyn ; CC BY 4.0 International Licence,1,cc_by_attribution_only
Garment loan courtesy of Hayley Smith ; CC BY 4.0 International Licence,1,cc_by_attribution_only
Garment loan courtesy of Helen Newfield ; CC BY 4.0 International Licence,1,cc_by_attribution_only
Garment loan courtesy of Ian Paterson ; CC BY 4.0 International Licence ; Image © Ian Paterson,1,cc_by_attribution_only
Garment loan courtesy of James Dobson. ; CC BY 4.0 International Licence,1,cc_by_attribution_only
Garment loan courtesy of Jan Pearce ; CC BY 4.0 International Licence,1,cc_by_attribution_only
Garment loan courtesy of Jenny Bennett ; CC BY 4.0 International Licence,1,cc_by_attribution_only
Garment loan courtesy of Joanna and Stella Bell ; CC BY 4.0 International Licence,1,cc_by_attribution_only
Garment loan courtesy of Joyce Taylor ; CC BY 4.0 International Licence,1,cc_by_attribution_only
Garment loan courtesy of Justine Neal ; CC BY 4.0 International Licence,1,cc_by_attribution_only
"Garment loan courtesy of Kathryn Wycherly ; CC BY 4.0 International Licence ; Photo courtesy of Kathryn Wycherly ; All rights reserved, image © Kathryn Wycherly",1,cc_by_attribution_only
Garment loan courtesy of Kelly Dix ; CC BY 4.0 International Licence,1,cc_by_attribution_only
Garment loan courtesy of Kim Smith ; CC BY 4.0 International Licence,1,cc_by_attribution_only
Garment loan courtesy of Liz Angelo ; CC BY 4.0 International Licence,1,cc_by_attribution_only
Garment loan courtesy of Lynette Morrison ; CC BY 4.0 International Licence,1,cc_by_attribution_only
Garment loan courtesy of Maree Mills ; CC BY 4.0 International Licence,1,cc_by_attribution_only
Garment loan courtesy of Margaret Setters ; CC BY 4.0 International Licence,1,cc_by_attribution_only
Garment loan courtesy of Margaret Waters ; CC BY 4.0 International Licence,1,cc_by_attribution_only
Garment loan courtesy of Marie and Maurice Mihotich ; CC BY 4.0 International Licence,1,cc_by_attribution_only
Garment loan courtesy of Mary Rutherford ;  CC BY 4.0 International Licence,1,cc_by_attribution_only
Garment loan courtesy of Nat Balfour ; CC BY 4.0 International Licence,1,cc_by_attribution_only
Garment loan courtesy of Pamela Reading-Windle ; CC BY 4.0 International Licence,1,cc_by_attribution_only
Garment loan courtesy of Pat Evans ; CC BY 4.0 International Licence,1,cc_by_attribution_only
Garment loan courtesy of Patrick Steel ; CC BY 4.0 International Licence,1,cc_by_attribution_only
Garment loan courtesy of Rachel Stace ; CC BY 4.0 International Licence,1,cc_by_attribution_only
Garment loan courtesy of Rosemary Osborne ; CC BY 4.0 International Licence,1,cc_by_attribution_only
Garment loan courtesy of Ruth Champion ; CC BY 4.0 International Licence,1,cc_by_attribution_only
Garment loan courtesy of Sara Jenkins ; CC BY 4.0 International Licence,1,cc_by_attribution_only
Garment loan courtesy of Selini Parkinson ; CC BY 4.0 International Licence,1,cc_by_attribution_only
Garment loan courtesy of Sherryn El Bakary ; CC BY 4.0 International Licence,1,cc_by_attribution_only
Garment loan courtesy of Shirley Brook ; CC BY 4.0 International Licence,1,cc_by_attribution_only
Garment loan courtesy of Vici Ashmore ; CC BY 4.0 International Licence,1,cc_by_attribution_only
"Garment loan courtesy of Ziggurat (blouse), Clare O'Brien (skirt) ; CC BY 4.0 International Licence",1,cc_by_attribution_only
Garment loan courtesy of Ziggurat ; CC BY 4.0 International Licence,1,cc_by_attribution_only
"Garment loans courtesy of Heather Speedy (dress) and Fay Jewell (jacket) ; CC BY 4.0 International Licence ; Image courtesy of Heather Speedy ; All Rights Reserved, image © Heather Speedy",1,cc_by_attribution_only
"Gift of Jennifer Lamm, 2016, collection of Auckland Museum Tamaki Paenga Hira, 2016.38.2 ; These images are licensed under the Creative Commons Attribution 4.0 International license.",1,cc_by_attribution_only
"Hanke et al. This is an open
access article distributed under the terms of the
Creative Commons Attribution License
, which permits
unrestricted use, distribution, and reproduction in any
medium, provided the original author and source are
credited",1,cc_by_attribution_only
Human Futures April 2019 Issue by WFSF is licensed under a Creative Commons Attribution 4.0 International License.,1,cc_by_attribution_only
"Image courtesy of Museum of New Zealand Te Papa Tongarewa, GH015742 ; CC BY 4.0 International Licence",1,cc_by_attribution_only
Image from Museums Victoria Collections https://collections.museumvictoria.com.au/items/247348 ; Image © Museums Victoria / CC BY,1,cc_by_attribution_only
"Images courtesy of Museum of New Zealand Te Papa Tongarewa, GH017528 ; CC BY 4.0 International Licence",1,cc_by_attribution_only
"Images courtesy of Museum of New Zealand Te Papa Tongarewa, PC002383 ; CC BY 4.0 International Licence",1,cc_by_attribution_only
"Images courtesy of Museum of New Zealand Te Papa Tongarewa, PC003279 ; CC BY 4.0 International Licence",1,cc_by_attribution_only
"Images courtesy of Te Papa Tongarewa Museum, GH017529 ; CC BY 4.0 International Licence",1,cc_by_attribution_only
"Images courtesy of Tāmaki Paenga Hira Auckland War Memorial Museum, 2000.93.144 ; This work is licensed under a Creative Commons Attribution 4.0 International License.",1,cc_by_attribution_only
Images courtesy of the Tauranga Heritage Collection ; CC BY 4.0 International Licence,1,cc_by_attribution_only
"International Journal of Advances in Science, Engineering and Technology (IJASEAT) is a scholarly online, open access, peer-reviewed, interdisciplinary, quarterly, and fully refereed journal focusing on theories, methods and applications different field of Engineering Science and Technology. This work is licensed under a Creative Commons Attribution 4.0 International License.",1,cc_by_attribution_only
International Review of Public Policy is licensed under a Creative Commons Attribution 4.0 International.,1,cc_by_attribution_only
Issue 45- Licensed under Creative Commons Attribution 4.0 International CC BY 4.0 cc https://creativecommons.org/licenses/by/4.0/,1,cc_by_attribution_only
"Items in ResearchSpace are protected by copyright, with all rights reserved, unless otherwise indicated. Previously published items are made available in accordance with the copyright policy of the publisher. Details obtained from http://pubs.acs.org/page/policy/authorchoice_ccby_termsofuse.html",1,cc_by_attribution_only
"Items in ResearchSpace are protected by copyright, with all rights reserved, unless otherwise indicated. Previously published items are made available in accordance with the copyright policy of the publisher. Details obtained from http://www.sherpa.ac.uk/romeo/issn/0002-7863/ 
http://pubs.acs.org/page/policy/authorchoice_ccby_termsofuse.html",1,cc_by_attribution_only
"JWP is an open access journal, using a Creative Commons license. Authors submitting an article for publication to JWP agree on the following terms:
The Author grants and assigns to the Press the full and exclusive rights during the term of copyright to publish or cause others to publish the said Contribution in all forms, in all media, and in all languages throughout the world.
In consideration of the rights granted above, the Press grants all users, without charge, the right to republish the Contribution in revised or unrevised form, in any language, and that it carries the appropriate copyright notice and standard form of scholarly acknowledgement as applicable under the CC-BY license.",1,cc_by_attribution_only
"JWP is an open access journal, using a Creative Commons license. This work is licensed under a Creative Commons Attribution 4.0 International License.",1,cc_by_attribution_only
"Journal of Medical Radiation Sciences published by John Wiley & Sons Australia, Ltd on behalf of Australian Society of Medical Imaging and Radiation Therapy and New Zealand Institute of Medical Radiation Technology. This is an open access article under the terms of the Creative Commons Attribution License, which permits use, distribution and reproduction in any medium, provided the original work is properly cited.",1,cc_by_attribution_only
Landcare Research / Bean Weir; CC BY 3.0 NZ,1,cc_by_attribution_only
Licensed under Attribution 4.0 International (CC BY 4.0).,1,cc_by_attribution_only
Licensed under Attribution-NoDerivatives 4.0 International (CC BY-ND 4.0).,1,cc_by_attribution_only
Licensed under Creative CC BY 4.0 cc https://creativecommons.org/licenses/by/4.0/,1,cc_by_attribution_only
Licensed under Creative Common CC BY 3.0 cc https://creativecommons.org/licenses/by/3.0/,1,cc_by_attribution_only
Licensed under Creative Commons Attribution 3.0 CC BY 3.0 NZ cc https://creativecommons.org/licenses/by/3.0/nz/,1,cc_by_attribution_only
Licensed under Creative Commons Attribution 3.0 IGO CC BY 3.0 IGO cc https://creativecommons.org/licenses/by/3.0/igo/,1,cc_by_attribution_only
Licensed under Creative Commons Attribution 3.0 International CC BY 3.0 cc https://creativecommons.org/licenses/by/3.0/,1,cc_by_attribution_only
Licensed under Creative Commons Attribution 3.0 New Zealand (CC BY 3.0 NZ) https://creativecommons.org/licenses/by/3.0/nz/,1,cc_by_attribution_only
Licensed under Creative Commons Attribution 3.0 New Zealand Attribution CC BY 3.0 NZ cc https://creativecommons.org/licenses/by/3.0/nz/,1,cc_by_attribution_only
Licensed under Creative Commons Attribution 4.0 International : CC BY 4.0 cc https://creativecommons.org/licenses/by/4.0/,1,cc_by_attribution_only
Licensed under Creative Commons Attribution 4.0 International CC BY 4.0 cc,1,cc_by_attribution_only
Licensed under Creative Commons Attribution 4.0 International CC BY 4.0 cc https://creativecmmons.org/licenses/by/4.0/,1,cc_by_attribution_only
Licensed under Creative Commons Attribution CC BY 4.0 cc https://creativecommons.org/licenses/by/4.0/,1,cc_by_attribution_only
Licensed under Creative Commons CC BY 3.0 NZ,1,cc_by_attribution_only
Licensed under Creative Commons CC BY 4.0,1,cc_by_attribution_only
Licensed under Creative Commons CC BY 4.0 cc https://creativecommons.org/licenses/by/4.0/,1,cc_by_attribution_only
Licensed under Creative Commons CC BY-ND 3.0,1,cc_by_attribution_only
"Licensed under a Creative Commons Attribution
4.0 International License (CC BY 4.0). Copyright
remains with the author(s).",1,cc_by_attribution_only
Licensed under a Creative Commons Attribution 4.0 International License,1,cc_by_attribution_only
Licensed under the CC BY Attribution license.,1,cc_by_attribution_only
"Licensee MDPI, Basel, Switzerland. This article is an open access  article distributed under the terms and conditions of the Creative Commons Attribution (CC BY) license (http://creativecommons.org/licenses/by/4.0/).",1,cc_by_attribution_only
Loan courtesy of Angela McKee ; CC BY 4.0 International Licence,1,cc_by_attribution_only
Loan courtesy of Sera Mitchinson ; CC BY 4.0 International Licence,1,cc_by_attribution_only
"Lophozonia menziesii: mature trees at forest edge.
© Landcare Research 2015 CC BY 3.0 NZ",1,cc_by_attribution_only
MDPI CC-BY,1,cc_by_attribution_only
Made available under the terms of the Creative Commons Attribution 3.0 license available from http://creativecommons.org/licenses/by/3.0/,1,cc_by_attribution_only
"Manuscript under review for journal Hydrol. Earth Syst. Sci.
This is just a preview and not the published paper.
c Author(s) 2019. CC BY 4.0 License.",1,cc_by_attribution_only
"Mar. 2011-Feb. 2017 Licensed under Creative Commons Attribution 3.0 New Zealand Attribution 3.0 New Zealand CC BY 3.0 NZ cc https://creativecommons.org/licenses/by/3.0/nz/ 
Mar. 2017- Licensed under Creative Commons Attribution 4.0 International CC BY 4.0 cc https://creativecommons.org/licenses/by/4.0/",1,cc_by_attribution_only
"New articles in this journal are licensed under a Creative Commons Attribution 4.0 License.This journal is published by the University Library System, University of Pittsburgh and is cosponsored by the University of Pittsburgh Press. The Journal of Youth Development is the official peer-reviewed publication of the National Association of Extension 4-H Agents and the National AfterSchool Association.",1,cc_by_attribution_only
"Nothofagus antarctica: small tree with leaves (early February).
© Landcare Research 2015 CC-BY 3.0 NZ",1,cc_by_attribution_only
"Notothlaspi australe in fruit.
© Landcare Research 2019 CC BY 3.0 NZ",1,cc_by_attribution_only
"Notothlaspi rosulatum brown-leaved form in flower.
© Landcare Research 2019 CC BY 3.0 NZ",1,cc_by_attribution_only
"Oncotarget applies the Creative Commons Attribution License (CC BY) to all works we publish (read the human-readable summary or the full license legal code). Under the CC BY, authors retain ownership of the copyright for their article, but authors allow anyone to download, reuse, reprint, modify, distribute, and/or copy articles in Oncotarget, so long as the original authors and source are cited.",1,cc_by_attribution_only
"Open Access
This article is licensed under a Creative Commons Attribution 4.0 International 
License, which permits use, sharing, adaptation, distribution and reproduction in any medium or 
format, as long as you give appropriate credit to the original author(s) and the source, provide a link to the Cre-
ative Commons license, and indicate if changes were made. The images or other third party material in this 
article are included in the article’s Creative Commons license, unless indicated otherwise in a credit line to the 
material. If material is not included in the article’s Creative Commons license and your intended use is not per-
mitted by statutory regulation or exceeds the permitted use, you will need to obtain permission directly from the 
copyright holder. To view a copy of this license, visit http://creativecommons.org/licenses/by/4.0/
.
© The Author(s) 2018",1,cc_by_attribution_only
"Open Access Publication by JSciMed CentralÂ® is licensed under a Creative Commons Attribution 4.0 International License.
Based on a work at https://jscimedcentral.com/. Permissions beyond the scope of this license may be available at https://creativecommons.org/.",1,cc_by_attribution_only
"Open Access This article is distributed under the terms of the Creative Commons Attribution 4.0
International License (http://creativecommons.org/licenses/by/4.0/), which permits unrestricted use, distribution, and
reproduction in any medium, provided you give appropriate credit to the original author(s) and the source, provide a link to the Creative Commons license, and indicate if changes were made.",1,cc_by_attribution_only
"Open Access This article is distributed under the terms of the Creative Commons Attribution 4.0 International
License (http://creativecommons.org/licenses/by/4.0/), which permits unrestricted use, distribution,
and reproduction in any medium, provided you give appropriate credit to the original author(s) and the
source, provide a link to the Creative Commons license, and indicate if changes were made.",1,cc_by_attribution_only
"Open Access This article is distributed under the terms of the Creative Commons Attribution 4.0 International License (http://creativecommons.org/licenses/by/4.0/), which permits unrestricted use, distribution, and reproduction in any medium, provided you give appropriate credit to the original author(s) and the source, provide a link to the Creative Commons license, and indicate if changes were made.",1,cc_by_attribution_only
"Open Access This article is licensed under a Creative Commons
Attribution 4.0 International License, which permits use, sharing,
adaptation, distribution and reproduction in any medium or format, as
long as you give appropriate credit to the original author(s) and the
source, provide a link to the Creative Commons license, and indicate if
changes were made. The images or other third party material in this
article are included in the article’s Creative Commons license, unless
indicated otherwise in a credit line to the material. If material is not
included in the article’s Creative Commons license and your intended
use is not permitted by statutory regulation or exceeds the permitted
use, you will need to obtain permission directly from the copyright
holder. To view a copy of this license, visit http://creativecommons.
org/licenses/by/4.0/.",1,cc_by_attribution_only
"Open Access This article is licensed under a Creative Commons
Attribution 4.0 International License, which permits use, sharing,
adaptation, distribution and reproduction in any medium or format, as long as you give
appropriate credit to the original author(s) and the source, provide a link to the Creative
Commons license, and indicate if changes were made. The images or other third party
material in this article are included in the article’s Creative Commons license, unless
indicated otherwise in a credit line to the material. If material is not included in the
article’s Creative Commons license and your intended use is not permitted by statutory
regulation or exceeds the permitted use, you will need to obtain permission directly from
the copyright holder. To view a copy of this license, visit http://creativecommons.org/
licenses/by/4.0/. © The Author(s) 2017",1,cc_by_attribution_only
"Open Access This article is licensed under a Creative Commons Attribution 4.0 International
License, which permits use, sharing, adaptation, distribution and reproduction in any
medium or format, as long as you give appropriate credit to the original author(s) and the source, provide a
link to the Creative Commons license, and indicate if changes were made. The images or other third party
material in this article are included in the article’s Creative Commons license, unless indicated otherwise in
a credit line to the material. If material is not included in the article’s Creative Commons license and your
intended use is not permitted by statutory regulation or exceeds the permitted use, you will need to obtain
permission directly from the copyright holder. To view a copy of this license, visit http://creativecommons.
org/licenses/by/4.0/",1,cc_by_attribution_only
"Open Access This article is licensed under a Creative Commons Attribution 4.0 International
License, which permits use, sharing, adaptation, distribution and reproduction in any medium or
format, as long as you give appropriate credit to the original author(s) and the source, provide a link to the Creative
Commons license, and indicate if changes were made. The images or other third party material in this
article are included in the article’s Creative Commons license, unless indicated otherwise in a credit line to the
material. If material is not included in the article’s Creative Commons license and your intended use is not permitted
by statutory regulation or exceeds the permitted use, you will need to obtain permission directly from the
copyright holder.",1,cc_by_attribution_only
"Open Access This article is licensed under a Creative Commons Attribution 4.0 International
License, which permits use, sharing, adaptation, distribution and reproduction in any medium or
format, as long as you give appropriate credit to the original author(s) and the source, provide a link to the Creative
Commons license, and indicate if changes were made. The images or other third party material in this
article are included in the article’s Creative Commons license, unless indicated otherwise in a credit line to the
material. If material is not included in the article’s Creative Commons license and your intended use is not permitted
by statutory regulation or exceeds the permitted use, you will need to obtain permission directly from the
copyright holder. To view a copy of this license, visit http://creativecommons.org/licenses/by/4.0/.
© The Author(s) 2017",1,cc_by_attribution_only
"Open Access This article is licensed under a Creative Commons Attribution 4.0 International 
License, which permits use, sharing, adaptation, distribution and reproduction in any medium or 
format, as long as you give appropriate credit to the original author(s) and the source, provide a link to the Creative Commons license, and indicate if changes were made.",1,cc_by_attribution_only
"Open Access This article is licensed under a Creative Commons Attribution 4.0 International License, which permits use, sharing, adaptation, distribution and reproduction in any medium or format, as long as you give appropriate credit to the original author(s) and the source, provide a link to the Creative Commons licence, and indicate if changes were made. The images or other third party material in this article are included in the article's Creative Commons licence, unless indicated otherwise in a credit line to the material. If material is not included in the article's Creative Commons licence and your intended use is not permitted by statutory regulation or exceeds the permitted use, you will need to obtain permission directly from the copyright holder.",1,cc_by_attribution_only
"Open Access This article is licensed under a Creative Commons Attribution 4.0 International License, which permits use, sharing, adaptation, distribution and reproduction in any medium or format, as long as you give appropriate credit to the original author(s) and the source, provide a link to the Creative Commons license, and indicate if changes were made",1,cc_by_attribution_only
"Open Access This article is licensed under a Creative Commons Attribution 4.0 International License, which permits use, sharing, adaptation, distribution and reproduction in any medium or format, as long as you give appropriate credit to the original author(s) and the source, provide a link to the Creative Commons license, and indicate if changes were made. Te images or other third party material in this article are included in the article’s Creative Commons license, unless indicated otherwise in a credit line to the material. If material is not included in the article’s Creative Commons license and your intended use is not permitted by statutory regulation or exceeds the permitted use, you will need to obtain permission directly from the copyright holder. To view a copy of this license, visit http://creativecommons.org/licenses/by/4.0/.",1,cc_by_attribution_only
"Open Access This chapter is distributed under the terms
of the Creative Commons Attribution 4.0 International
License (http://creativecommons.org/licenses/by/4.0/),
which permits use, duplication, adaptation, distribution
and reproduction in any medium or format, as long as you
give appropriate credit to the original author(s) and the
source, provide a link to the Creative Commons license
and indicate if changes were made.",1,cc_by_attribution_only
"Open Access. This article is distributed under the terms of the Creative Commons Attribution 4.0
International License (http://creativecommons.org/licenses/by/4.0/), which permits unrestricted use, distribution, and
reproduction in any medium, provided you give appropriate credit to the original author(s) and the source, provide a link to the Creative Commons license, and indicate if changes were made.",1,cc_by_attribution_only
"Open Access. This article is licensed under a Creative Commons
Attribution 4.0 International License, which permits use, sharing,
adaptation, distribution and reproduction in any medium or format, as long as you give
appropriate credit to the original author(s) and the source, provide a link to the Creative
Commons license, and indicate if changes were made. The images or other third party
material in this article are included in the article’s Creative Commons license, unless
indicated otherwise in a credit line to the material. If material is not included in the
article’s Creative Commons license and your intended use is not permitted by statutory
regulation or exceeds the permitted use, you will need to obtain permission directly from
the copyright holder. To view a copy of this license, visit http://creativecommons.org/
licenses/by/4.0/. © The Author(s) 2019",1,cc_by_attribution_only
"Original content from this work may be used under the terms of the
Creative Commons Attribution 3.0 licence. Any further distribution of this work must
maintain attribution to the author(s) and the title of the work, journal citation and DOI.",1,cc_by_attribution_only
"Original content from this work may be used under the terms of the Creative Original content from this
work may be used under the terms of the Creative Commons Attribution 3.0 licence.
Any further distribution of this work must maintain attribution to the author(s) and the title of
the work, journal citation and DOI.",1,cc_by_attribution_only
Owned by the Ministry of Health and licensed for reuse under a Creative Commons Attribution 4.0 International Licence.,1,cc_by_attribution_only
"Photo: (c) Barbara Tomotani, some rights reserved (CC BY);",1,cc_by_attribution_only
"Photo: (c) Bijmin Swart, some rights reserved (CC BY);",1,cc_by_attribution_only
"Photo: (c) Catherine Beard, some rights reserved (CC BY);",1,cc_by_attribution_only
"Photo: (c) Christina Staudigl, some rights reserved (CC BY);",1,cc_by_attribution_only
"Photo: (c) Dan and Sharon, some rights reserved (CC BY);",1,cc_by_attribution_only
"Photo: (c) Dao Nguyen and James Hardcastle, some rights reserved (CC BY);",1,cc_by_attribution_only
"Photo: (c) Ian Geary, some rights reserved (CC BY);",1,cc_by_attribution_only
"Photo: (c) José Belem Hernández Díaz, some rights reserved (CC BY);",1,cc_by_attribution_only
"Photo: (c) Kim, Hyun-tae, some rights reserved (CC BY);",1,cc_by_attribution_only
"Photo: (c) Lek Khauv, some rights reserved (CC BY);",1,cc_by_attribution_only
"Photo: (c) Maria Valkova, some rights reserved (CC BY-ND);",1,cc_by_attribution_only
"Photo: (c) Maureen Howard, some rights reserved (CC BY);",1,cc_by_attribution_only
"Photo: (c) Quentin McDonald, some rights reserved (CC BY);",1,cc_by_attribution_only
"Photo: (c) Ruth, some rights reserved (CC BY);",1,cc_by_attribution_only
"Photo: (c) Simon Waterfield, some rights reserved (CC BY);",1,cc_by_attribution_only
"Photo: (c) Timothy Gerla, some rights reserved (CC BY);",1,cc_by_attribution_only
"Photo: (c) Vince Smith, some rights reserved (CC BY);",1,cc_by_attribution_only
"Photo: (c) Will Cornwell, some rights reserved (CC BY);",1,cc_by_attribution_only
"Photo: (c) Wilma Blom, some rights reserved (CC BY);",1,cc_by_attribution_only
"Photo: (c) adriennef, some rights reserved (CC BY);",1,cc_by_attribution_only
"Photo: (c) bethmaree, some rights reserved (CC BY);",1,cc_by_attribution_only
"Photo: (c) bevanadamson, some rights reserved (CC BY);",1,cc_by_attribution_only
"Photo: (c) butterfly4, some rights reserved (CC BY);",1,cc_by_attribution_only
"Photo: (c) cooperj, some rights reserved (CC BY);",1,cc_by_attribution_only
"Photo: (c) curtisantonynixon, some rights reserved (CC BY);",1,cc_by_attribution_only
"Photo: (c) daojames, some rights reserved (CC BY);",1,cc_by_attribution_only
"Photo: (c) derpyslowpoke, some rights reserved (CC BY);",1,cc_by_attribution_only
"Photo: (c) doublefarleycreativepartners, some rights reserved (CC BY);",1,cc_by_attribution_only
"Photo: (c) elizabeth, some rights reserved (CC BY);",1,cc_by_attribution_only
"Photo: (c) iandickie, some rights reserved (CC BY);",1,cc_by_attribution_only
"Photo: (c) jeremytaylor, some rights reserved (CC BY);",1,cc_by_attribution_only
"Photo: (c) leah127, some rights reserved (CC BY);",1,cc_by_attribution_only
"Photo: (c) mhart52, some rights reserved (CC BY);",1,cc_by_attribution_only
"Photo: (c) nadiacooper1975, some rights reserved (CC BY-ND);",1,cc_by_attribution_only
"Photo: (c) p_cochrane, some rights reserved (CC BY);",1,cc_by_attribution_only
"Photo: (c) sarah-wilcox, some rights reserved (CC BY);",1,cc_by_attribution_only
"Photo: (c) shavenyak, some rights reserved (CC BY);",1,cc_by_attribution_only
"Photo: (c) tomass, some rights reserved (CC BY);",1,cc_by_attribution_only
"Photo: (c) zhangshen, some rights reserved (CC BY);",1,cc_by_attribution_only
"Published by Oxford University Press on behalf of the Annals of Botany Company.
This is an Open Access article distributed under the terms of the Creative Commons Attribution License (http://creativecommons.org/licenses/by/3.0/), which permits unrestricted use, distribution, and reproduction in any medium, provided the original work is properly cited. (With the exceptions noted in http://researcharchive.lincoln.ac.nz/page/rights, this metadata is available under a Creative Commons Zero license.)",1,cc_by_attribution_only
"Published by the American Physical Society under the terms of the Creative Commons Attribution 3.0 License. Further distribution of this work must maintain attribution to the author(s) and the published article’s title, journal citation, and DOI.",1,cc_by_attribution_only
"Published by the American Physical Society under the terms of the Creative Commons Attribution 4.0 International license. Further distribution of this work must maintain attribution to the author(s) and the published article’s title, journal citation, and DOI.",1,cc_by_attribution_only
"Published in the journal: Dance Research Aotearoa. © 2014 Faculty of Education, The University of Waikato. This work is licensed under a Creative Commons Attribution 3.0 License.",1,cc_by_attribution_only
"Published under the Creative
Commons Attribution license which allows
users to read, copy, distribute and make
derivative works, as long as the author of
the original work is cited.",1,cc_by_attribution_only
"Published under the Creative Commons Attribution License which allows anyone to copy, distribute or reuse the articles by properly citing the author and the original source.",1,cc_by_attribution_only
Published under the terms of the CC BY 4.0 license,1,cc_by_attribution_only
"RCC Perspectives: Transformations in Environment and Society is an open-access publication (CC-BY). It is available
online at www.environmentandsociety.org/perspectives. Articles may be downloaded, copied, and redistributed free of
charge and the text may be reprinted, provided that the author and source are attributed.",1,cc_by_attribution_only
"REAL adapts ""Creative commons Attribution 4.0 International"" licence (click here to read the full-text legal code http://creativecommons.org/licenses/by/4.0/legalcode) which permits unrestricted use, distribution, and reproduction in any medium, provided the original work is properly cited. -- http://dergipark.gov.tr/real/page/3958",1,cc_by_attribution_only
"Restrictions: Retrospective recording agreement obtained. Copyright: CC BY-ND This interview can be reused for any purpose, including commercial. However, it cannot be shared with others in adapted form, and credit must be given to the interviewee.",1,cc_by_attribution_only
Royal Chemistry Society (2014). This article is licensed under a Creative Commons Attribution 3.0 Unported licence.,1,cc_by_attribution_only
"Sagittaria platyphylla. Dense population.
© Landcare Research 2020 CC-BY 4.0",1,cc_by_attribution_only
Seven Tragedies of Sophocles - Ajax by Robin Bond (Trans) is licensed under a Creative Commons Attribution 4.0 International License.,1,cc_by_attribution_only
Seven Tragedies of Sophocles - Electra by Robin Bond (Trans) is licensed under a Creative Commons Attribution 4.0 International License.,1,cc_by_attribution_only
Seven Tragedies of Sophocles - Oedipus at Colonus by Robin Bond (Trans) is licensed under a Creative Commons Attribution 4.0 International License.,1,cc_by_attribution_only
Seven Tragedies of Sophocles - Oedipus the King by Robin Bond (Trans) is licensed under a Creative Commons Attribution 4.0 International License.,1,cc_by_attribution_only
Seven Tragedies of Sophocles - Philoctetes by Robin Bond (Trans) is licensed under a Creative Commons Attribution 4.0 International License.,1,cc_by_attribution_only
Seven Tragedies of Sophocles - Women of Trachis by Robin Bond (Trans) is licensed under a Creative Commons Attribution 4.0 International License.,1,cc_by_attribution_only
"Shirt loan courtesy of Liz Powell, pants loan courtesy of Kathie Figgins ; CC BY 4.0 International Licence",1,cc_by_attribution_only
"Since 2012, vol 5(1), this work is licensed under a Creative Commons Attribution-NoDerivs 3.0 Unported License.",1,cc_by_attribution_only
Sophocles' Antigone by Robin Bond (Trans) is licensed under a Creative Commons Attribution 4.0 International License.,1,cc_by_attribution_only
"Text by Air New Zealand ; Photo © Air New Zealand ; Text by Air New Zealand, photo from Archives NZ ;  Photo © CC BY 2.0",1,cc_by_attribution_only
"Text sourced from Air New Zealand ; Photo © Air New Zealand ; Text by Air New Zealand, photo from Archives NZ ; Photo © CC BY 2.0",1,cc_by_attribution_only
"Text © Lucy Hammonds, photo © Air New Zealand ; Photo from Archives NZ ; Text © Lucy Hammonds, photo © CC BY 2.0",1,cc_by_attribution_only
The Author (CC BY),1,cc_by_attribution_only
The Author - CC BY,1,cc_by_attribution_only
"The Author(s) 2018. Published by Oxford University Press on behalf of Nucleic Acids Research.
This is an Open Access article distributed under the terms of the Creative Commons Attribution License (http://creativecommons.org/licenses/by/4.0/), which
permits unrestricted reuse, distribution, and reproduction in any medium, provided the original work is properly cited.",1,cc_by_attribution_only
The Authors (CC BY),1,cc_by_attribution_only
The Authors - Creative Commons Attribution License 4.0,1,cc_by_attribution_only
The Authors(s). Published by Elsevier Ltd. This is an Open Access article under the CC BY license.,1,cc_by_attribution_only
The Authors. Published by Elsevier Ltd. This is an Open Access article published under the CC BY 4.0 license.,1,cc_by_attribution_only
The IOS Press initiative Open Library® offers authors and their funders the option to publish their articles with full Open Access in the IOS Press journals. This arrangement is subject only to the requirement of proper attribution when the articles are re-used and redistributed under the Creative Commons Attribution License.,1,cc_by_attribution_only
The Oresteia of Aeschylus - Agamemnon by Robin Bond (Trans) is licensed under a Creative Commons Attribution 4.0 International License.,1,cc_by_attribution_only
The Oresteia of Aeschylus - Eumenides by Robin Bond (Trans) is licensed under a Creative Commons Attribution 4.0 International License.,1,cc_by_attribution_only
The Oresteia of Aeschylus - The Libation Bearers by Robin Bond (Trans) is licensed under a Creative Commons Attribution 4.0 International License.,1,cc_by_attribution_only
"The Proceedings of the 7th International Congress on Environmental Modelling and Software by Ames, D.P., Quinn, N.W.T., Rizzoli, A.E. (Eds.) is licensed under a Creative Commons Attribution 4.0 International License see http://creativecommons.org/licenses/by/4.0/
This is a Free Culture License, http://creativecommons.org/freeworks",1,cc_by_attribution_only
The Royal Society of Chemistry. This Open Access Article is licensed under a Creative Commons Attribution 3.0 Unported Licence,1,cc_by_attribution_only
The article is distributed under the Creative Commons Attribution 4.0 License.,1,cc_by_attribution_only
The copyright holder for this preprint (which was not peer-reviewed) is the author/funder. It is made available under a CC-BY-ND 4.0 International license.,1,cc_by_attribution_only
"The copyright holder for this preprint is the author/funder, who has granted bioRxiv a license to display the preprint in perpetuity. It is made available under a CC-BY-ND 4.0 International license.",1,cc_by_attribution_only
The copyright holder for this preprint is the author/funder. It is made available under a CC-BY-ND 4.0 International license.,1,cc_by_attribution_only
"The licence granted to third parties over all contents of each article, including third-party elements, is a Creative Commons Attribution (""CC BY"") licence. The current version is CC-BY, version 4.0, and the licence will automatically be updated as and when updated by the Creative Commons organisation--https://www.frontiersin.org/legal/copyright-statement",1,cc_by_attribution_only
"These proceedings are copyright. This work is licensed under the Creative Commons Attribution 4.0 International License. To view a copy of this license, visit
http://creativecommons.org/licenses/by/4.0/",1,cc_by_attribution_only
This Open Access Article is licensed under a Creative Commons Attribution 3.0 Unported Licence,1,cc_by_attribution_only
"This article has been published in the journal: Future Internet. © 2011 copyright with the authors; licensee MDPI, Basel, Switzerland. It is an open access article distributed under the terms and conditions of the Creative Commons Attribution license (http://creativecommons.org/licenses/by/3.0/.)",1,cc_by_attribution_only
This article has been published in the journal: Hydrology and Earth System Sciences. © Author(s) 2012. This work is distributed under the Creative Commons Attribution 3.0 License.,1,cc_by_attribution_only
This article has been published in the journal: Marine drugs. It is published by MDPI under the Creative Commons Attribution License.,1,cc_by_attribution_only
"This article has been published in the journal: PLoS Genetics. © 2009 Campbell et al. This is an open-access article distributed under the terms of the Creative Commons Attribution License, which permits unrestricted use, distribution, and reproduction in any medium, provided the original author and source are credited.",1,cc_by_attribution_only
"This article has been published in the journal: PLoS One. © 2011 Hanson et al. This is an open-access article distributed under the terms of the Creative Commons Attribution License, which permits unrestricted use, distribution, and reproduction in any medium, provided the original author and source are credited.",1,cc_by_attribution_only
"This article has been published in the journal: PLoS One. © 2012 Summers et al. This is an open-access article distributed under the terms of the Creative Commons Attribution License, which permits unrestricted use, distribution, and reproduction in any medium, provided the original author and source are credited.",1,cc_by_attribution_only
This article has been published in the journal: Radiocarbon. © 2013 by the Arizona Board of Regents on behalf of the University of Arizona. This work is licensed under a Creative Commons Attribution 3.0 License.,1,cc_by_attribution_only
This article is distributed under the terms of the Creative Commons Attribution 3.0 International License,1,cc_by_attribution_only
This article is distributed under the terms of the Creative Commons Attribution 3.0 International License. © 2019 copyrights with the authors.,1,cc_by_attribution_only
This article is distributed under the terms of the Creative Commons Attribution 3.0 New Zealand Licence,1,cc_by_attribution_only
This article is distributed under the terms of the Creative Commons Attribution 4.0 International license.,1,cc_by_attribution_only
"This article is distributed under the terms of the Creative Commons Attribution 4.0 License (http://www.creativecommons.org/licenses/by/4.0/) which permits any use, reproduction and distribution of the work without further permission provided the original work is attributed as specified on the SAGE and Open Access pages (https://us.sagepub.com/en-us/nam/open-access-at-sage).",1,cc_by_attribution_only
"This article is distributed under the terms of the Creative Commons Attribution 4.0 License (http://www.creativecommons.org/licenses/by/4.0/) which permits any use, reproduction and distribution of the work without further permission provided the original work is attributed as specified on the SAGE and Open Access pages (https://us.sagepub.com/en-us/nam/open-access-at-sage)..",1,cc_by_attribution_only
"This article is licensed under a Creative Commons
Attribution 4.0 International License, which permits use, sharing, adaptation, distribution and reproduction in any medium or format, as long as you give appropriate credit to the original author(s) and the source, provide a link to the Creative Commons license, and indicate if changes were made. The images or other third party material in this article are included in the article’s Creative Commons license, unless indicated otherwise in a credit line to the material. If material is not included in the article’s Creative Commons license and your intended use is not permitted by statutory regulation or exceeds the permitted use, you will need to obtain permission directly from the copyright holder. To view a copy of this license, visit http://creativecommons.org/licenses/by/4.0/.
© The Author(s) 2019",1,cc_by_attribution_only
"This article is licensed under a Creative Commons Attri bution 4.0 International License, which permits use, sharing, adapta tion, distribution and reproduction in any medium or format, as long 
as you give appropriate credit to the original author(s) and the source, 
provide a link to the Creative Commons licence, and indicate if changes 
were made. The images or other third party material in this article are 
included in the article's Creative Commons licence, unless indicated 
otherwise in a credit line to the material. If material is not included in 
the article's Creative Commons licence and your intended use is not 
permitted by statutory regulation or exceeds the permitted use, you will 
need to obtain permission directly from the copyright holder. To view a 
copy of this licence, visit http://creativecommons.org/licenses/by/4.0/.",1,cc_by_attribution_only
"This article is licensed under a Creative Commons Attribution 4.0 International
License, which permits use, sharing, adaptation, distribution and reproduction in any medium or
format, as long as you give appropriate credit to the original author(s) and the source, provide a link to the Creative
Commons license, and indicate if changes were made. Te images or other third party material in this
article are included in the article’s Creative Commons license, unless indicated otherwise in a credit line to the
material. If material is not included in the article’s Creative Commons license and your intended use is not permitted
by statutory regulation or exceeds the permitted use, you will need to obtain permission directly from the
copyright holder. To view a copy of this license, visit http://creativecommons.org/licenses/by/4.0/.",1,cc_by_attribution_only
This article is licensed under a Creative Commons Attribution 4.0 International License,1,cc_by_attribution_only
"This article is licensed under a Creative Commons Attribution 4.0 International License, which permits use, sharing, adaptation, distribution and reproduction in any medium or format, as long as you give appropriate credit to the original author(s) and the source, provide a link to the Creative Commons licence, and indicate if changes were made. Te images or other third party material in this article are included in the article’s Creative Commons licence, unless indicated otherwise in a credit line to the material. If material is not included in the article’s Creative Commons licence and your intended use is not permitted by statutory regulation or exceeds the permitted use, you will need to obtain permission directly from the copyright holder. To view a copy of this licence, visit http://creativecommons.org/licenses/by/4.0/.",1,cc_by_attribution_only
"This article is licensed under a Creative Commons Attribution 4.0 International License, which permits use, sharing, adaptation, distribution and reproduction in any medium or format, as long as you give appropriate credit to the original author(s) and the source, provide a link to the Creative Commons licence, and indicate if changes were made. The images or other third party material in this article are included in the article's Creative Commons licence, unless indicated otherwise in a credit line to the material. If material is not included in the article's Creative Commons licence and your intended use is not permitted by statutory regulation or exceeds the permitted use, you will need to obtain permission directly from the copyright holder. To view a copy of this licence, visit http://creativecommons.org/licenses/by/4.0/.
© Te Author(s) 2021",1,cc_by_attribution_only
"This article is licensed under a Creative Commons Attribution 4.0 International License, which permits use, sharing, adaptation, distribution and reproduction in any medium or format, as long as you give appropriate credit to the original author(s) and the source, provide a link to the Creative Commons licence, and indicate if changes were made. The images or other third party material in this article are included in the article’s Creative Commons licence, unless indicated otherwise in a credit line to the material. If material is not included in the article’s Creative Commons licence and your intended use is not permitted by statutory regulation or exceeds the permitted use, you will need to obtain permission directly from the copyright holder. To view a copy of this licence, visit http://creativecommons.org/licenses/by/4.0/.",1,cc_by_attribution_only
"This article is licensed under a Creative Commons Attribution 4.0 International License, which permits use, sharing, adaptation, distribution and reproduction in any medium or format, as long as you give appropriate credit to the original author(s) and the source, provide a link to the Creative Commons license, and indicate if changes were made. Te images or other third party material in this article are included in the article’s Creative Commons license, unless indicated otherwise in a credit line to the material. If material is not included in the article’s Creative Commons license and your intended use is not permitted by statutory regulation or exceeds the permitted use, you will need to obtain permission directly from the copyright holder. To view a copy of this license, visit http://creativecommons.org/licenses/by/4.0/.
© Te Author(s) 2019",1,cc_by_attribution_only
"This article is licensed under a Creative Commons Attribution 4.0 International License, which permits use, sharing, adaptation, distribution and reproduction in any medium or format, as long as you give appropriate credit to the original author(s) and the source, provide a link to the Creative Commons license, and indicate if changes were made. The images or other third party material in this article are included in the article’s Creative Commons license, unless indicated otherwise in a credit line to the material. If material is not included in the article’s Creative Commons license and your intended use is not permitted by statutory regulation or exceeds the permitted use, you will need to obtain permission directly from the copyright holder. To view a copy of this license, visit http://creativecommons.org/licenses/by/4.0/.
© Te Author(s) 2020.",1,cc_by_attribution_only
"This article is licensed under a Creative Commons Attribution 4.0 International License, which permits use, sharing, adaptation, distribution and reproduction in any medium or format, as long as you give appropriate credit to the original author(s) and the source, provide a link to the Creative Commons license, and indicate if changes were made. The images or other third party material in this article are included in the article’s Creative Commons license, unless indicated otherwise in a credit line to the material. If material is not included in the article’s Creative Commons license and your intended use is not permitted by statutory regulation or exceeds the permitted use, you will need to obtain permission directly from the copyright holder. To view a copy of this license, visit http://creativecommons.org/licenses/by/4.0/.
© The Author(s) 2021",1,cc_by_attribution_only
This article is licensed under a Creative Commons Attribution 4.0 International License. © The Author(s) 2019,1,cc_by_attribution_only
This article is licensed under a Creative Commons Attribution 4.0 International license.,1,cc_by_attribution_only
This article is published under Creative Commons Attribution 3.0 License,1,cc_by_attribution_only
This article is published under Creative Commons Attribution 3.0 licence.,1,cc_by_attribution_only
This article is published under Creative Commons Attribution 4.0.,1,cc_by_attribution_only
This article is published under Creative Commons Attribution licenses.,1,cc_by_attribution_only
This article is published under Creative Commons CC-BY 4.0.,1,cc_by_attribution_only
This article is published under Creative Commons licence (CC BY).,1,cc_by_attribution_only
This article is published under a  CC BY license (Creative Commons Attribution 4.0 International License).,1,cc_by_attribution_only
This article is published under a Creative Commons Attribution 3.0 License.,1,cc_by_attribution_only
This article is published under a Creative Commons Attribution 4.0 International License. © 2014 E. J. White.,1,cc_by_attribution_only
This article is published under a Creative Commons Attribution 4.0 International licence.,1,cc_by_attribution_only
This article is published under a Creative Commons Attribution 4.0 licence.,1,cc_by_attribution_only
This article is published under a Creative Commons Attribution License.,1,cc_by_attribution_only
This article is published under a Creative Commons Attribution License. © 2015 Copyright with the author.,1,cc_by_attribution_only
This article is published under a Creative Commons Attribution License. © 2016 Copyright with the author.,1,cc_by_attribution_only
This article is published under a Creative Commons Attribution License. © 2018 Authors retain copyright.,1,cc_by_attribution_only
This article is published under a Creative Commons Attribution License. © 2018 Copyright with the author.,1,cc_by_attribution_only
This article is published under a Creative Commons Attribution-NonComercial-NonDerivs 3.0 Unported license (legal text).,1,cc_by_attribution_only
This article is published under a Creative Commons CC-BY license.,1,cc_by_attribution_only
This article is published under the  Creative Commons Attribution International 4.0.,1,cc_by_attribution_only
This article is published under the CC BY 4.0 license.,1,cc_by_attribution_only
This article is published under the Creative Commons Attribution 4.0 License. © 2020 American Society of Clinical Oncology,1,cc_by_attribution_only
This article is republished from The Conversation under a Creative Commons license. CC-BY-ND,1,cc_by_attribution_only
"This article of the Journal of Educational Technology & Society is available under Creative Commons CC-BY-ND NC
3.0 license.",1,cc_by_attribution_only
"This article of the Journal of Educational Technology & Society is available under Creative Commons CC-BY-ND-NC
3.0 license (https://creativecommons.org/licenses/by-nc-nd/3.0/)",1,cc_by_attribution_only
"This article of the Journal of Educational Technology & Society is available under Creative Commons CC-BY-ND-NC
3.0 license (https://creativecommons.org/licenses/by-nc-nd/3.0/).",1,cc_by_attribution_only
This article s licensed under a Creative Commons Attribution 4.0 International License.,1,cc_by_attribution_only
This article was published in the International Journal of Teaching in Higher Education under a Creative Commons Attribution-NoDerivs 3.0 Unported License. © 2010 IJTLHE,1,cc_by_attribution_only
"This copyright work is licensed under the Creative Commons Attribution 4.0 International license. Attribution if redistributing to the public without adaptation: ""Source: Landcare Research"" Attribution if making an adaptation or derivative work: ""Sourced from Landcare Research""",1,cc_by_attribution_only
"This is a free online copy. This work is licensed under the Creative Commons Attribution-NoDerivs 3.0 Unported License. To view a copy of this license, visit http://creativecommons.org/licenses/by-nd/3.0/",1,cc_by_attribution_only
"This is an Open Access article distributed under the terms of the Creative Commons Attribution 4.0 International license (http://creativecommons.org/ licenses/by/4.0/), which permits unrestricted use, distribution and reproduction in any medium, provided the original work is appropriately cited.",1,cc_by_attribution_only
"This is an Open Access article distributed under the terms of the Creative Commons Attribution 4.0 Unported (CC BY 4.0) License (https://creativecommons.org/licenses/by/4.0/), allowing third parties to copy and redistribute the material in any medium or format and to remix, transform, and build upon the material for any purpose, even commercially, provided the original work is properly cited and states its license.",1,cc_by_attribution_only
"This is an Open Access article distributed under the terms of the Creative Commons Attribution License ( http://creativecommons.org/licenses/by/2.0), which permits unrestricted use, distribution, and reproduction in any medium, provided the original work is properly cited.",1,cc_by_attribution_only
"This is an Open Access article distributed under the terms of the Creative Commons Attribution License (http://creativecommons.org/licenses/by/4.0/),
which permits unrestricted reuse, distribution, and reproduction in any medium, provided the original work is properly cited.",1,cc_by_attribution_only
"This is an Open Access article distributed under the terms of the Creative Commons Attribution License 4.0, which permits unrestricted use, distribution, and reproduction in any medium, provided the original work is properly cited.",1,cc_by_attribution_only
"This is an Open Access article, distributed under the terms of the Creative Commons Attribution licence (http://creativecommons.org/licenses/by/4.0/), which permits unrestricted re-use, distribution, and reproduction in any medium, provided the original work is properly cited.",1,cc_by_attribution_only
This is an article published in the journal: Emergent Australasian Philosophers. Creative Commons Attribution 3.0 License. http://creativecommons.org/licenses/by/3.0/,1,cc_by_attribution_only
"This is an open
access article distributed under the terms of the
Creative Commons Attribution License, which
permits unrestricted use, distribution, and
reproduction in any medium, provided the original
author and source are credited.",1,cc_by_attribution_only
This is an open access article distributed under the Creative Commons Attribution License,1,cc_by_attribution_only
"This is an open access article distributed under the Creative Commons Attribution License (CC BY) which permits unrestricted use, distribution, and reproduction in any medium, provided the original work is properly cited. (With the exceptions noted in http://researcharchive.lincoln.ac.nz/page/rights, this metadata is available under a Creative Commons Zero license.)",1,cc_by_attribution_only
"This is an open access article distributed under the Creative Commons Attribution License which permits unrestricted use, distribution, and reproduction in any medium, provided the original work is properly cited. (CC BY 4.0)",1,cc_by_attribution_only
"This is an open access article distributed under the Creative Commons Attribution License, which permits unrestricted use, distribution, and reproduction in any medium, provided the original work is properly cited.",1,cc_by_attribution_only
This is an open access article distributed under the Creative Commons Attribution License.,1,cc_by_attribution_only
"This is an open access article distributed under the terms of the
Creative Commons Attribution License, which permits
unrestricted use, distribution, and reproduction in any
medium, provided the original author and source are
credited.",1,cc_by_attribution_only
This is an open access article distributed under the terms of the CC-BY License. © 2018 Global Burden of Cardiovascular Diseases Collaboration. JAMA Cardiology.,1,cc_by_attribution_only
"This is an open access article distributed under the terms of the Creative
Commons Attribution licence (http://creativecommons.org/licenses/by/3.0/), which permits unlimited use, distribution and
reproduction in any medium so long as the original work is properly cited.",1,cc_by_attribution_only
"This is an open access article distributed under the terms of the Creative Commons Attribution 4.0 International
License (CC BY 4.0)",1,cc_by_attribution_only
"This is an open access article distributed under the terms of the Creative Commons Attribution 4.0 International (CC BY 4.0), which permits reproduction, adaptation, and distribution
provided the original author and source are credited.",1,cc_by_attribution_only
"This is an open access article distributed under the terms of the Creative Commons Attribution 4.0 International (https://creativecommons.org/licenses/by/4.0/), which permits unrestricted use, distribution, and reproduction in any medium, provided the original work is properly cited.",1,cc_by_attribution_only
"This is an open access article distributed under the terms of the Creative Commons Attribution 4.0 International https://creativecommons.org/licenses/by/4.0/), which permits unrestricted use, distribution, and reproduction in any medium, provided the original work is properly cited.",1,cc_by_attribution_only
This is an open access article published by the IET under the Creative Commons Attribution License (http://creativecommons.org/licenses/by/3.0/,1,cc_by_attribution_only
This is an open access article published by the IET under the Creative Commons Attribution License (http://creativecommons.org/licenses/by/3.0/),1,cc_by_attribution_only
This is an open access article under the CC BY license.,1,cc_by_attribution_only
This is an open access article under the CCBYlicense (http://creativecommons.org/licenses/by/4.0/).,1,cc_by_attribution_only
"This is an open access article under the terms of the Creative Commons Attribution License (http://creativecommons.org/licenses/by/4.0/), which permits use, distribution, and reproduction in any medium, provided the original work is properly cited",1,cc_by_attribution_only
"This is an open access article under the terms of the Creative Commons Attribution License, which permits use, distribution and reproduction in any medium,
provided the original work is properly cited.",1,cc_by_attribution_only
"This is an open access article under the terms of the Creative Commons Attribution License, which permits use, distribution and reproduction in any medium,
provided the original work is properly cited.
© 2018 The Authors. Evolutionary Applications published by John Wiley & Sons Ltd",1,cc_by_attribution_only
"This is an open access article under the terms of the Creative Commons Attribution License, which permits use, distribution and reproduction in any medium, provided the original work is properly cited.
© 2017 The Authors.",1,cc_by_attribution_only
"This is an open access article under the terms of the Creative Commons Attribution License, which permits use, distribution and reproduction in any medium, provided the original work is properly cited.
© 2018 MARS Bioimaging Ltd. Journal of Applied Clinical Medical Physics published by Wiley Periodicals, Inc. on behalf of American Association of Physicists in Medicine.",1,cc_by_attribution_only
"This is an open access article under the terms of the Creative Commons Attribution License, which permits use, distribution and reproduction in any medium, provided the original work is properly cited.
© 2018 The Authors. MicrobiologyOpen published by John Wiley & Sons Ltd.",1,cc_by_attribution_only
"This is an open access article under the terms of the Creative Commons Attribution License, which permits use, distribution and reproduction in any medium, provided the original work is properly cited.
© 2019 The Authors. Ecology and Evolution published by John Wiley & Sons Ltd.",1,cc_by_attribution_only
"This is an open access article under the terms of the Creative Commons Attribution License, which permits use, distribution and reproduction in any medium, provided the original work is properly cited. The information, practices and views in this article are those of the author(s) and do not necessarily reflect the opinion of the Royal Geographical Society (with IBG).
© 2017 The Authors. Transactions of the Institute of British Geographers published by John Wiley & Sons Ltd on behalf of Royal Geographical Society (with the Institute of British Geographers).",1,cc_by_attribution_only
"This is an open access article under the terms of the Creative Commons Attribution License, which permits use, distribution and reproduction in any medium, provided the original work is properly cited. © 2018 Canterbury District Health Board. Journal of Applied Clinical Medical Physics published by Wiley Periodicals, Inc. on behalf of American Association of Physicists in Medicine.",1,cc_by_attribution_only
"This is an open access article under the terms of the Creative Commons Attribution License, which permits use, distribution and reproduction in any medium,provided the original work is properly cited.",1,cc_by_attribution_only
"This is an open-access article distributed under the terms of the Creative Commons Attribution Licence, which permits unrestricted use, distribution, and reproduction in any medium, provided the original authors and source are cited.",1,cc_by_attribution_only
"This is an open-access article distributed under the terms of the Creative Commons Attribution License, which permits unrestricted use, distribution, and reproduction in any medium, provided the original work is properly cited",1,cc_by_attribution_only
"This journal provides immediate access to its content on the principle that making research freely available to the public supports a greater global exchange of knowledge.

Authors of articles published remain the copyright holders and grant third parties the right to use, reproduce, and share the article according to a Creative Commons Attribution license agreement.",1,cc_by_attribution_only
"This journal provides open access to all of its content on the principle that making research freely available to the public supports a greater global exchange of knowledge. Such access is associated with increased readership and increased citation of an author's work. All articles are made available using a Creative Commons nonexclusive worldwide license (Attribution 4.0 International CC BY 4.0) electronic dissemination of the article via the Internet, and, a nonexclusive right to license others to reproduce, republish, transmit, and distribute the content of the journal.",1,cc_by_attribution_only
"This paper is covered by the Creative Commons Attribution
License 4.0 International: When reproducing any part of this
report – including tables and graphs – full attribution must be
given to the report author.",1,cc_by_attribution_only
"This paper is covered by the Creative Commons Attribution License 4.0
International. When reproducing any part of this report, including tables,
full attribution must be given to the report author.",1,cc_by_attribution_only
This paper is covered by the Creative Commons Attribution License 4.0 International,1,cc_by_attribution_only
This paper is covered by the Creative Commons Attribution License 4.0 International.,1,cc_by_attribution_only
"This paper is covered by the Creative Commons Attribution License 4.0 International: When reproducing any part of this discussion paper, full attribution must be given to the author. Figure 1 (The Siloed World) and Figure 2 (The Interwoven World) are available on https://thepolicyobservatory.aut.ac.nz/ as separate files for easy reproduction.",1,cc_by_attribution_only
"This paper is covered by the Creative Commons Attribution License 4.0 International: When reproducing any part of this report – including tables, figures and pie charts – full attribution must be given to the report author.",1,cc_by_attribution_only
"This publication is licensed under a Creative Commons Attribution 3.0 Australia licence. The licence does not apply to any images, photographs, branding or logos.",1,cc_by_attribution_only
"This report is covered by the Creative Commons Attribution License 4.0 International: When reproducing any part of this report – including tables and graphs –
full attribution must be given to the report author(s)",1,cc_by_attribution_only
This report is licensed under a Creative Commons Attribution-NonCommerical 4.0 International License,1,cc_by_attribution_only
This report is licensed under a Creative Commons Attribution-NonCommerical 4.0 International License.,1,cc_by_attribution_only
This work and the related PDF file are licensed under a Creative Commons Attribution 4.0 International License,1,cc_by_attribution_only
This work is based on/includes LINZ?s data which are licensed by Land Information New Zealand (LINZ) for re-use under the Creative Commons Attribution 3.0 New Zealand licence.,1,cc_by_attribution_only
"This work is copyrighted under the Creative Commons Attribution-No Derivative Works 3.0

The JVWR is an academic journal. As such, it is dedicated to the open exchange of information. For this reason, JVWR is freely available to individuals and institutions. Copies of this journal or articles in this journal may be distributed for research or educational purposes only free of charge and without permission. However, the JVWR does not grant permission for use of any content in advertisements or advertising supplements or in any manner that would imply an endorsement of any product or service. All uses beyond research or educational purposes require the written permission of the JVWR. Authors who publish in the Journal of Virtual Worlds Research will release their articles under the Creative Commons Attribution No Derivative Works 3.0 United States (cc-by-nd) license.",1,cc_by_attribution_only
"This work is distributed under (CC BY: http://creativecommons.org/licenses/by/4.0/), which allows copying, distributing, displaying, performing,
and making derivates of the work under the condition of attribution.",1,cc_by_attribution_only
This work is distributed under the Creative Commons Attribution 4.0 License.,1,cc_by_attribution_only
This work is licensed under Creative Commons Attribution 4.0 License,1,cc_by_attribution_only
"This work is licensed under a Creative
Commons Attribution 4.0 International
License. The images or other third party material in
this article are included in the article’s Creative
Commons license, unless indicated otherwise in the
credit line; if the material is not included under the
Creative Commons license, users will need to obtain
permission from the license holder to reproduce the
material. To view a copy of this license, visit http://
creativecommons.org/licenses/by/4.0/",1,cc_by_attribution_only
"This work is licensed under a Creative Commons
Attribution International 4.0 License.",1,cc_by_attribution_only
This work is licensed under a Creative Commons Attribution 3.0 License (http://creativecommons.org/licenses/by/3.0/).,1,cc_by_attribution_only
"This work is licensed under a Creative Commons Attribution 3.0 License. For more information, see http://creativecommons.org/licenses/by/3.0/",1,cc_by_attribution_only
This work is licensed under a Creative Commons Attribution 3.0 License. http://creativecommons.org/licenses/by/3.0/,1,cc_by_attribution_only
This work is licensed under a Creative Commons Attribution 3.0 Unported License - See more at: http://ijctjournal.org/CurrentIssues.htm#sthash.HW2KjZcc.dpuf,1,cc_by_attribution_only
This work is licensed under a Creative Commons Attribution 3.0 unported (CC BY 3.0),1,cc_by_attribution_only
"This work is licensed under a Creative Commons Attribution 4.0
International License. The images or other third party material in this
article are included in the article’s Creative Commons license, unless indicated
otherwise in the credit line; if the material is not included under the Creative Commons
license, users will need to obtain permission from the license holder to reproduce the
material. To view a copy of this license, visit http://creativecommons.org/licenses/
by/4.0/",1,cc_by_attribution_only
This work is licensed under a Creative Commons Attribution 4.0 International  license (CC BY 4.0).,1,cc_by_attribution_only
This work is licensed under a Creative Commons Attribution 4.0 International (CC BY 4.0) licence.,1,cc_by_attribution_only
"This work is licensed under a Creative Commons Attribution 4.0 International (CC BY 4.0) licence. The images or other third party material in this article are included in the article’s Creative Commons licence, unless indicated otherwise in the credit line; if the material is not included under the Creative Commons licence, users will need to obtain permission from the licence holder to reproduce the material. To view a copy of this licence, visit http://creativecommons.org/licenses/by/4.0/.",1,cc_by_attribution_only
This work is licensed under a Creative Commons Attribution 4.0 International (CC BY 4.0).,1,cc_by_attribution_only
This work is licensed under a Creative Commons Attribution 4.0 International Licence.,1,cc_by_attribution_only
"This work is licensed under a Creative Commons Attribution 4.0 International Licence. As an open access journal,
articles are free to use with proper attribution.",1,cc_by_attribution_only
"This work is licensed under a Creative Commons Attribution 4.0 International License.

Authors of Knowledge Summaries submitted to RCVS Knowledge for publication will retain copyright in their work, and will be required to grant RCVS Knowledge a non-exclusive license of the rights of copyright in the materials including but not limited to the right to publish, republish, transmit, sell, distribute and otherwise use the materials in all languages and all media throughout the world, and to license or permit others to do so.",1,cc_by_attribution_only
"This work is licensed under a Creative Commons Attribution 4.0 International License.

The Copyright of this article is hereby assigned to JCHS effective upon acceptance by the Journal for publication. This assignment is for the exclusive right of reproduction and distribution of the article, including excerpts, translations, photographic reproduction, electronic formats (online and offline), or any other form of analogical reproduction. An author may make the article available on a personal website provided that the Journal’s name and date of publication are cited and the publisher is cited as the copyright owner.",1,cc_by_attribution_only
"This work is licensed under a Creative Commons Attribution 4.0 International License.
Forum Qualitative Sozialforschung / Forum: Qualitative Social Research",1,cc_by_attribution_only
"This work is licensed under a Creative Commons Attribution 4.0 International License. The 
images or other third party material in this article are included in the article’s Creative Com-
mons  license,  unless  indicated  otherwise  in  the  credit  line;  if  the  material  is  not  included  under  the  
Creative  Commons  license,  users  will  need  to  obtain  permission  from  the  license  holder  to  reproduce  
the material. To view a copy of this license, visit http://creativecommons.org/licenses/by/4.0/",1,cc_by_attribution_only
"This work is licensed under a Creative Commons Attribution 4.0 International License. The images
or other third party material in this article are included in the article’s Creative Commons license,
unless indicated otherwise in the credit line; if the material is not included under the Creative Commons license,
users will need to obtain permission from the license holder to reproduce the material. To view a copy of this
license, visit http://creativecommons.org/licenses/by/4.0/",1,cc_by_attribution_only
"This work is licensed under a Creative Commons Attribution 4.0 International License. The images or other third party material in this article are included in the article’s Creative Commons license, unless indicated otherwise in the credit line; if the material is not included under the Creative Commons license, users will need to obtain permission from the license holder to reproduce the material. To view a copy of this license, visit http://creativecommons.org/licenses/by/4.0/ (With the exceptions noted in http://researcharchive.lincoln.ac.nz/page/rights, this metadata is available under a Creative Commons Zero license.)",1,cc_by_attribution_only
"This work is licensed under a Creative Commons Attribution 4.0 License. For more information, see https://creativecommons.org/licenses/by/4.0/",1,cc_by_attribution_only
"This work is licensed under a Creative Commons Attribution license: http://creativecommons.org/licenses/by/2.0/
 The copyright is retained by the corresponding authors.",1,cc_by_attribution_only
"This work is licensed under a Creative Commons Attribution license: http://creativecommons.org/licenses/by/2.0/
The copyright is retained by the corresponding authors.",1,cc_by_attribution_only
This work is licensed under a Creative Commons Attribution-NoDerivatives 4.0 International License http://creativecommons.org/licenses/by-nd/4.0/,1,cc_by_attribution_only
This work is licensed under the Creative Commons Attribution  International License  (CC BY 4.0).,1,cc_by_attribution_only
This work is licensed under the Creative Commons Attribution 4.0 International License.,1,cc_by_attribution_only
"This work is licensed under the Creative Commons Attribution 4.0 International License. To view a copy of the license, visit https://creativecommons.org/licenses/by/4.0",1,cc_by_attribution_only
"This work is licensed under the Creative Commons Attribution 4.0 International License. To view a copy of this license, visit http s://creativecommons.org/licenses/by/4.0/legalcode",1,cc_by_attribution_only
"This work is licensed under the Creative Commons Attribution 4.0 License. To view a copy of this license, visit http://creativecommons.org/licenses/by/4.0/",1,cc_by_attribution_only
This work is licensed under the Creative Commons Attribution International License (CC BY 4.0).,1,cc_by_attribution_only
This work is licensed under the Creative Commons Attribution International License (CC BY 4.0). http://creativecommons.org/licenses/by/4.0/,1,cc_by_attribution_only
This work is licensed under the Creative Commons Attribution International License (CC BY 4.0).http://creativecommons.org/licenses/by/4.0/,1,cc_by_attribution_only
This work is licensed under the Creative Commons Attribution License.,1,cc_by_attribution_only
This work is published under the terms of the Creative Commons Attribution 3.0 licence.,1,cc_by_attribution_only
Under a Creative Commons license CC BY 4.0,1,cc_by_attribution_only
"c 2018 by the authors. Licensee MDPI, Basel, Switzerland. This article is an open access
article distributed under the terms and conditions of the Creative Commons Attribution
(CC BY) license (http://creativecommons.org/licenses/by/4.0/).",1,cc_by_attribution_only
"c2017 The Authors. Published by Wiley-VCH Verlag GmbH & Co. KGaA.
This is an open access article under the terms of the Creative Commons Attribution
License, which permits use, distribution and reproduction in any
medium, provided the original work is properly cited.",1,cc_by_attribution_only
"c2017 The Authors. Published by the Royal Society under the terms of the Creative Commons
Attribution License http://creativecommons.org/licenses/by/4.0/, which permits unrestricted
use, provided the original author and source are credited.",1,cc_by_attribution_only
"c2017 by the authors. Licensee MDPI, Basel, Switzerland. This article is an open access
article distributed under the terms and conditions of the Creative Commons Attribution
(CC BY) license (http://creativecommons.org/licenses/by/4.0/).",1,cc_by_attribution_only
c2018 Purdie and Kerr. This open access article is licensed under a Creative Commons Attribution 4.0 International License (http://creativecommons.org/licenses/by/4.0/). Please credit the authors and the full source.,1,cc_by_attribution_only
"c2018 The Authors. Journal  of  Medical  Radiation  Sciences
published by John Wiley & Sons Australia, Ltd on behalf of
Australian Society of Medical Imaging and Radiation Therapy and New Zealand Institute of Medical Radiation Technology. This is an open access article under the terms of the Creative Commons Attribution License,
which permits use, distribution and reproduction in any medium, provided the original work is properly cited.",1,cc_by_attribution_only
cc-by international 4.0,1,cc_by_attribution_only
"copyright 2018 The Author(s). Licensee IntechOpen. This chapter is distributed under the terms of the Creative
Commons Attribution License (http://creativecommons.org/licenses/by/3.0), which permits unrestricted use,
distribution, and reproduction in any medium, provided the original work is properly cited",1,cc_by_attribution_only
copyright 2018 The Author(s). Published by Elsevier B.V. This is an open access article under the CC BY license (http://creativecommons.org/licenses/by/4.0/).,1,cc_by_attribution_only
his article is an open access article distributed under the terms and conditions of the Creative Commons Attribution(CC BY) license (http://creativecommons.org/licenses/by/4.0/).,1,cc_by_attribution_only
"©  2016 by  the  author;  licensee 2050Science  Publishers,  Christchurch,  New Zealand.  This  is  an  open  access article distributed under the Creative Commons Attribution License, which permits unrestricted use, distribution, and reproduction in any medium, provided the original work is properly cited. (With the exceptions noted in http://researcharchive.lincoln.ac.nz/page/rights, this metadata is available under a Creative Commons Zero license.)",1,cc_by_attribution_only
"©  The Author(s) 2017. This article is distributed under the terms of the Creative Commons Attribution 4.0 International License
(http://creativecommons.org/licenses/by/4.0/), which permits unrestricted use, distribution, and reproduction in any medium,
provided you give appropriate credit to the original author(s) and the source, provide a link to the Creative Commons license,
and indicate if changes were made.",1,cc_by_attribution_only
"© 1996-2016 MDPI AG. This is an open access article distributed under the Creative Commons Attribution License (CC BY) which permits unrestricted use, distribution, and reproduction in any medium, provided the original work is properly cited. (With the exceptions noted in http://researcharchive.lincoln.ac.nz/page/rights, this metadata is available under a Creative Commons Zero license.)",1,cc_by_attribution_only
© 1997 The Royal Society of New Zealand. Creative Commons Attribution 3.0 New Zealand Licence.,1,cc_by_attribution_only
"© 2004 Laslett et al; licensee BioMed Central Ltd.
This is an Open Access article distributed under the terms of the Creative Commons Attribution License (http://creativecommons.org/licenses/by/2.0),
which permits unrestricted use, distribution, and reproduction in any medium, provided the original work is properly cited.",1,cc_by_attribution_only
"© 2005 Laslett et al; licensee BioMed Central Ltd.
This is an Open Access article distributed under the terms of the Creative Commons Attribution License (http://creativecommons.org/licenses/by/2.0),
which permits unrestricted use, distribution, and reproduction in any medium, provided the original work is properly cited.",1,cc_by_attribution_only
"© 2005 Visit Limsombunchai, Christopher Gan and Minsoo Lee. This is an open access article distributed under the terms of the Creative Commons Attribution License, which permits unrestricted use, distribution, and reproduction in any medium, provided the original author and source are credited. (With the exceptions noted in http://researcharchive.lincoln.ac.nz/page/rights, this metadata is available under a Creative Commons Zero license.)",1,cc_by_attribution_only
"© 2008 Cameron et al; licensee BioMed Central Ltd. 
This is an Open Access article distributed under the terms of the Creative Commons Attribution License (http://creativecommons.org/licenses/by/2.0), which permits unrestricted use, distribution, and reproduction in any medium, provided the original work is properly cited.",1,cc_by_attribution_only
"© 2008 Chase et al., licensee BioMed Central Ltd.
This is an open access article distributed under the terms of the Creative Commons Attribution License (http://creativecommons.org/licenses/by/2.0),
which permits unrestricted use, distribution, and reproduction in any medium, provided the original work is properly cited.",1,cc_by_attribution_only
"© 2008 Reeve et al; licensee BioMed Central Ltd.
This is an Open Access article distributed under the terms of the Creative Commons Attribution License (http://creativecommons.org/licenses/by/2.0),
which permits unrestricted use, distribution, and reproduction in any medium, provided the original work is properly cited. This article is available from: http://www.cardiothoracicsurgery.org/content/3/1/48",1,cc_by_attribution_only
"© 2008 The Authors; licensee University of Ottawa. This is an open access article distributed under the terms of the Creative Commons Attribution License (http://creativecommons.org/licenses/by/2.0), which permits unrestricted use, distribution, and reproduction in any medium, provided the original work is properly cited. The electronic version of this article is the complete one and can be found online at: (Please see Publisher’s Version)",1,cc_by_attribution_only
"© 2009 Hing et al; licensee BioMed Central Ltd. 
This is an Open Access article distributed under the terms of the Creative Commons Attribution License (http://creativecommons.org/licenses/by/2.0), 
which permits unrestricted use, distribution, and reproduction in any medium, provided the original work is properly cited.",1,cc_by_attribution_only
"© 2009 Kolt et al; licensee BioMed Central Ltd.
This is an Open Access article distributed under the terms of the Creative Commons Attribution License (http://creativecommons.org/licenses/by/2.0),
which permits unrestricted use, distribution, and reproduction in any medium, provided the original work is properly cited.",1,cc_by_attribution_only
"© 2009 Nguyen and Kulasiri; licensee BioMed Central Ltd. This is an Open Access article distributed under the terms of the Creative Commons Attribution License (http://creativecommons.org/licenses/by/2.0), which permits unrestricted use, distribution, and reproduction in any medium, provided the original work is properly cited. (With the exceptions noted in http://researcharchive.lincoln.ac.nz/page/rights, this metadata is available under a Creative Commons Zero license.)",1,cc_by_attribution_only
"© 2009 Rome et al; licensee BioMed Central Ltd. 
This is an Open Access article distributed under the terms of the Creative Commons Attribution License (http://creativecommons.org/licenses/by/2.0), 
which permits unrestricted use, distribution, and reproduction in any medium, provided the original work is properly cited.",1,cc_by_attribution_only
"© 2009 Silby et al.; licensee BioMed Central Ltd.
This is an open access article distributed under the terms of the Creative Commons Attribution License (http://creativecommons.org/licenses/by/2.0), which
permits unrestricted use, distribution, and reproduction in any medium, provided the original work is properly cited.",1,cc_by_attribution_only
"© 2010 Clinics Cardive Publishing. This is an open-access article distributed under the terms of the Creative Commons Attribution License, which permits unrestricted use, distribution, and reproduction in any medium, provided the original work is properly cited.",1,cc_by_attribution_only
"© 2010 Hayman et al. This is an open-access article distributed under the terms of the Creative Commons Attribution License, which permits
unrestricted use, distribution, and reproduction in any medium, provided the original author and source are credited",1,cc_by_attribution_only
"© 2010 McKenzie et al; licensee BioMed Central Ltd. This is an Open Access article distributed under the terms of the Creative
Commons Attribution License (http://creativecommons.org/licenses/by/2.0), which permits unrestricted use, distribution, and
reproduction in any medium, provided the original work is properly cited. (With the exceptions noted in http://researcharchive.lincoln.ac.nz/page/rights, this metadata is available under a Creative Commons Zero license.)",1,cc_by_attribution_only
"© 2010 Silvester et al; licensee BioMed Central Ltd. This is an Open Access article distributed under the terms of the Creative Commons
Attribution License (http://creativecommons.org/licenses/by/2.0), which permits unrestricted use, distribution, and reproduction in
any medium, provided the original work is properly cited.",1,cc_by_attribution_only
"© 2010 Thomas et al; licensee BioMed Central Ltd.
This is an Open Access article distributed under the terms of the Creative Commons Attribution License (http://creativecommons.org/licenses/by/2.0), which permits unrestricted use, distribution, and reproduction in any medium, provided the original work is properly cited.",1,cc_by_attribution_only
"© 2011 
Hayman
DTS
. This is an open-access article distributed under 
the terms of the Creative Commons Attribution License, which permits unrestricted 
use, distribution, and reproduction in any medium, provided the original author and 
source are credited",1,cc_by_attribution_only
"© 2011 Arnold et al; licensee BioMed Central Ltd. This is an open access article distributed under the terms of the Creative Commons
Attribution License (http://creativecommons.org/licenses/by/2.0), which permits unrestricted use, distribution, and reproduction in
any medium, provided the original work is properly cited.",1,cc_by_attribution_only
"© 2011 Carroll et al; licensee BioMed Central Ltd. This is an Open Access article distributed under the terms of the Creative Commons Attribution License (http://creativecommons.org/licenses/by/2.0), which permits unrestricted use, distribution, and reproduction in any medium, provided the original work is properly cited. The electronic version of this article is the complete one and can be found online at: (Please see Publisher’s Version)",1,cc_by_attribution_only
"© 2011 Clark and Verwoerd; licensee BioMed Central Ltd. This is an Open Access article distributed under the terms of the Creative
Commons Attribution License (http://creativecommons.org/licenses/by/2.0), which permits unrestricted use, distribution, and
reproduction in any medium, provided the original work is properly cited. (With the exceptions noted in http://researcharchive.lincoln.ac.nz/page/rights, this metadata is available under a Creative Commons Zero license.)",1,cc_by_attribution_only
"© 2011 Duncan et al; licensee BioMed Central Ltd. This is an Open Access article distributed under the terms of the Creative Commons
Attribution License (http://creativecommons.org/licenses/by/2.0), which permits unrestricted use, distribution, and reproduction in
any medium, provided the original work is properly cited",1,cc_by_attribution_only
"© 2011 P. Kehrli and S.D. Wratten. This is an open access article distributed under the Creative Commons Attribution License, which permits unrestricted use, distribution, and reproduction in any medium, provided the original work is properly cited. (With the exceptions noted in http://researcharchive.lincoln.ac.nz/page/rights, this metadata is available under a Creative Commons Zero license.)",1,cc_by_attribution_only
"© 2011 Rice et al.; licensee BioMed Central Ltd. This is an open access article distributed under the terms of the Creative Commons Attribution License (http://creativecommons.org/licenses/by/2.0), which permits unrestricted use, distribution, and reproduction in any medium, provided the original work is properly cited.",1,cc_by_attribution_only
"© 2011 Somaratne et al; licensee BioMed Central Ltd. This is an Open Access article distributed under the terms of the Creative Commons Attribution License (http://creativecommons.org/licenses/by/2.0), which permits unrestricted use, distribution, and reproduction in any medium, provided the original work is properly cited",1,cc_by_attribution_only
"© 2011 The Authors; licensee MDPI Publishing. This is an open access article distributed under the terms of the Creative Commons Attribution License (http://creativecommons.org/licenses/by/2.0), which permits unrestricted use, distribution, and reproduction in any medium, provided the original work is properly cited. The electronic version of this article is the complete one and can be found online at: (Please see Publisher’s Version)",1,cc_by_attribution_only
"© 2011 Vermeulen et al; licensee BioMed Central Ltd.
This is an open access article distributed under the terms of the Creative Commons Attribution License (http://creativecommons.org/licenses/by/2.0), which permits unrestricted use, distribution, and reproduction in any medium, provided the original work is properly cited. The electronic version of this article is the complete one and can be found online at: http://www.biomedcentral.com/1756-0500/4/283",1,cc_by_attribution_only
"© 2011 by the authors;  licensee MDPI,  Basel,  Switzerland. This article  is an open access article distributed  under  the  terms  and  conditions  of  the  Creative  Commons  Attribution  license (http://creativecommons.org/licenses/by/3.0/). (With the exceptions noted in http://researcharchive.lincoln.ac.nz/page/rights, this metadata is available under a Creative Commons Zero license.)",1,cc_by_attribution_only
"© 2012 Badiali et al.; licensee BioMed Central Ltd. This is an Open Access article distributed under the terms of the Creative Commons Attribution License , which permits unrestricted use, distribution, and reproduction in any medium, provided the original work is properly cited.",1,cc_by_attribution_only
"© 2012 Brenton-Rule et al.; licensee BioMed Central Ltd. This is an Open Access article distributed under the terms of the Creative Commons Attribution License (http://creativecommons.org/licenses/by/2.0), which permits unrestricted use, distribution, and reproduction in any medium, provided the original work is properly cited.",1,cc_by_attribution_only
"© 2012 Clark and Verwoerd. This is an Open Access article distributed under the terms of the Creative Commons Attribution License (http://creativecommons.org/licenses/by/2.0), which permits unrestricted use, distribution, and reproduction in any medium, provided the original work is properly cited. (With the exceptions noted in http://researcharchive.lincoln.ac.nz/page/rights, this metadata is available under a Creative Commons Zero license.)",1,cc_by_attribution_only
© 2012 Copyright with the authors. This article is published under a Creative Commons Attribution License.,1,cc_by_attribution_only
"© 2012 Lee et al. This is an open-access article distributed under the terms of the Creative Commons Attribution License, which permits unrestricted use, distribution, and reproduction in any medium, provided the original author and source are credited.",1,cc_by_attribution_only
"© 2012 Moore. This is an open-access article distributed under the terms of the Creative Commons Attribution License, which permits use, distribution and reproduction in other forums, provided the original authors and source are credited and subject to any copyright notices concerning any third-party graphics etc. This Document is Protected by copyright and was first published by Frontiers. All rights reserved. It is reproduced with permission. (With the exceptions noted in http://researcharchive.lincoln.ac.nz/page/rights, this metadata is available under a Creative Commons Zero license.)",1,cc_by_attribution_only
"© 2012 Olszewski et al. This is an open-access article distributed under the terms of the Creative Commons Attribution License, which permits unrestricted use, distribution, and reproduction in any medium, provided the original author and source are credited.",1,cc_by_attribution_only
"© 2012 Schutze et al.; licensee BioMed Central Ltd. This is an Open Access article distributed under the terms of the Creative Commons Attribution License (http://creativecommons.org/licenses/by/2.0), which permits unrestricted use, distribution, and reproduction in any medium, provided the original work is properly cited. (With the exceptions noted in http://researcharchive.lincoln.ac.nz/page/rights, this metadata is available under a Creative Commons Zero license.)",1,cc_by_attribution_only
"© 2012 Shanmuganathan et al., licensee InTech. This is an open access chapter distributed under the terms  of the Creative Commons Attribution License (http://creativecommons.org/licenses/by/3.0), which permits  unrestricted use, distribution, and reproduction in any medium, provided the original work is properly cited.",1,cc_by_attribution_only
"© 2012 Shen, Zhang, Di and He. This is an open-access article distributed under the terms of the Creative Commons Attribution License, which permits use, distribution and reproduction in other forums, provided the original authors and source are credited and subject to any copyright notices concerning any third-party graphics etc. (With the exceptions noted in http://researcharchive.lincoln.ac.nz/page/rights, this metadata is available under a Creative Commons Zero license.)",1,cc_by_attribution_only
"© 2012 Smith et al. This is an open-access article distributed under the terms of the Creative Commons Attribution License, which permits unrestricted use, distribution, and reproduction in any medium, provided the original author and source are credited.",1,cc_by_attribution_only
"© 2012 Stavric and McNair; licensee BioMed Central Ltd. This is an Open Access article distributed under the terms of the Creative Commons Attribution License (http://creativecommons.org/licenses/by/2.0), which permits unrestricted use, distribution, and reproduction in any medium, provided the original work is properly cited.",1,cc_by_attribution_only
"© 2012 Summers et al. This is an open-access article distributed under the terms of the Creative Commons Attribution License, which permits unrestricted use, distribution, and reproduction in any medium, provided the original author and source are credited.",1,cc_by_attribution_only
"© 2012 Verbeek et al. This is an open-access article distributed under the terms of the Creative Commons Attribution License, which permits unrestricted use, distribution, and reproduction in any medium, provided the original author and source are credited.",1,cc_by_attribution_only
"© 2012 Wilson et al. This is an open-access article distributed under the terms of the Creative Commons Attribution License, which permits unrestricted use, distribution, and reproduction in any medium, provided the original author and source are redited.",1,cc_by_attribution_only
"© 2012 Wood et al. This is an open-access article distributed under the terms of the Creative Commons Attribution License, which permits unrestricted use, distribution, and reproduction in any medium, provided the original author and source are credited.",1,cc_by_attribution_only
"© 2012 by the authors; licensee MDPI, Basel, Switzerland. This article is an open access article distributed under the terms and conditions of the Creative Commons Attribution license (http://creativecommons.org/licenses/by/3.0/). (With the exceptions noted in http://researcharchive.lincoln.ac.nz/page/rights, this metadata is available under a Creative Commons Zero license.)",1,cc_by_attribution_only
"© 2012 by the authors; licensee MDPI, Basel, Switzerland. This article is an open access article distributed under the terms and conditions of the Creative Commons Attribution license (http://creativecommons.org/licenses/by/3.0/.)",1,cc_by_attribution_only
"© 2013 Anderson et al. This is an open-access article distributed under the terms of the Creative Commons Attribution License, which permits unrestricted use, distribution, and reproduction in any medium, provided the original author and source are credited.",1,cc_by_attribution_only
"© 2013 Campbell, Polson, Zeigler Allen, Williamson, Lee, Wommack and Cary. This is an open-access article distributed under the terms of the Creative Commons Attribution License",1,cc_by_attribution_only
"© 2013 Gillis et al.; licensee BioMed Central Ltd. This is an Open Access article distributed under the terms of the Creative Commons Attribution License (http://creativecommons.org/licenses/by/2.0), which permits unrestricted use, distribution, and reproduction in any medium, provided the original work is properly cited. (With the exceptions noted in http://researcharchive.lincoln.ac.nz/page/rights, this metadata is available under a Creative Commons Zero license.)",1,cc_by_attribution_only
"© 2013 Hall and Martinus; licensee Springer. This is an Open Access article distributed under the terms of the Creative Commons Attribution License (http://creativecommons.org/licenses/by/2.0), which permits unrestricted use, distribution, and reproduction in any medium, provided the original work is properly cited.",1,cc_by_attribution_only
"© 2013 Hatier et al. This is an open-access article distributed under the terms of the Creative Commons Attribution License, which permits unrestricted use, distribution, and reproduction in any medium, provided the original author and source are credited.",1,cc_by_attribution_only
"© 2013 Hosseini HG. This is an open-access article distributed under the terms of the Creative Commons Attribution License, which permits unrestricted use, distribution, and reproduction in any medium, provided the original author and source are credited.",1,cc_by_attribution_only
"© 2013 Kanninen et al. This is an open-access article distributed under the terms of the Creative Commons Attribution License, which permits unrestricted use, distribution, and reproduction in any medium, provided the original author and source are credited. (With the exceptions noted in http://researcharchive.lincoln.ac.nz/page/rights, this metadata is available under a Creative Commons Zero license.)",1,cc_by_attribution_only
"© 2013 Kay and Palmer; licensee BioMed Central Ltd. This is an Open Access article distributed under the terms of the Creative Commons Attribution License (http://creativecommons.org/licenses/by/2.0), which permits unrestricted use, distribution, and reproduction in any medium, provided the original work is properly cited. (With the exceptions noted in http://researcharchive.lincoln.ac.nz/page/rights, this metadata is available under a Creative Commons Zero license.)",1,cc_by_attribution_only
"© 2013 Lu et al.; licensee BioMed Central Ltd. This is an Open Access article distributed under the terms of the Creative Commons Attribution License (http://creativecommons.org/licenses/by/2.0), which permits unrestricted use, distribution, and reproduction in any medium, provided the original work is properly cited.",1,cc_by_attribution_only
"© 2013 Mao and Verwoerd; licensee BioMed Central Ltd. This is an Open Access article distributed under the terms of the
Creative Commons Attribution License (http://creativecommons.org/licenses/by/2.0), which permits unrestricted use,
distribution, and reproduction in any medium, provided the original work is properly cited. (With the exceptions noted in http://researcharchive.lincoln.ac.nz/page/rights, this metadata is available under a Creative Commons Zero license.)",1,cc_by_attribution_only
"© 2013 Mudge et al.; licensee BioMed Central Ltd. This is an Open Access article distributed under the terms of the Creative Commons Attribution License (http://creativecommons.org/licenses/by/2.0), which permits unrestricted use, distribution, and reproduction in any medium, provided the original work is properly cited.",1,cc_by_attribution_only
"© 2013 Neave et al.; licensee BioMed Central Ltd. This is an Open Access article distributed under the terms of the Creative
Commons Attribution License (http://creativecommons.org/licenses/by/2.0), which permits unrestricted use, distribution, and
reproduction in any medium, provided the original work is properly cited.",1,cc_by_attribution_only
"© 2013 Rostás et al.; licensee BioMed Central Ltd. This is an Open Access article distributed under the terms of the Creative Commons Attribution License (http://creativecommons.org/licenses/by/2.0), which permits unrestricted use, distribution, and reproduction in any medium, provided the original work is properly cited. (With the exceptions noted in http://researcharchive.lincoln.ac.nz/page/rights, this metadata is available under a Creative Commons Zero license.)",1,cc_by_attribution_only
"© 2013 Senay et al. This is an open-access article distributed under the terms of the Creative Commons Attribution License, which permits
unrestricted use, distribution, and reproduction in any medium, provided the original author and source are credited. (With the exceptions noted in http://researcharchive.lincoln.ac.nz/page/rights, this metadata is available under a Creative Commons Zero license.)",1,cc_by_attribution_only
"© 2013 Stewart et al.; licensee BioMed Central Ltd. This is an Open Access article distributed under the terms of the Creative
Commons Attribution License (http://creativecommons.org/licenses/by/2.0), which permits unrestricted use, distribution, and
reproduction in any medium, provided the original work is properly cited.",1,cc_by_attribution_only
"© 2013 Wehi et al. This is an open-access article distributed under the terms of the Creative Commons Attribution License, which permits unrestricted use, distribution, and reproduction in any medium, provided the original author and source are credited.",1,cc_by_attribution_only
© 2013 World Scholars. This article is published under a Creative Commons Attribution 3.0 License.,1,cc_by_attribution_only
"© 2013 by the authors; licensee MDPI, Basel, Switzerland. This article is an open access article
distributed under the terms and conditions of the Creative Commons Attribution license
(http://creativecommons.org/licenses/by/3.0/).",1,cc_by_attribution_only
"© 2013 by the authors; licensee MDPI, Basel, Switzerland. This article is an open access article
distributed under the terms and conditions of the Creative Commons Attribution license
(http://creativecommons.org/licenses/by/3.0/). (With the exceptions noted in http://researcharchive.lincoln.ac.nz/page/rights, this metadata is available under a Creative Commons Zero license.)",1,cc_by_attribution_only
"© 2013 by the authors; licensee MDPI, Basel, Switzerland. This article is an open access article 
distributed under the terms and conditions of the Creative Commons Attribution license 
(http://creativecommons.org/licenses/by/3.0/).",1,cc_by_attribution_only
"© 2013 by the authors; licensee MDPI, Basel, Switzerland. This article is an open access article distributed under the terms and conditions of the Creative Commons Attribution license (http://creativecommons.org/licenses/by/3.0/) (With the exceptions noted in http://researcharchive.lincoln.ac.nz/page/rights, this metadata is available under a Creative Commons Zero license.)",1,cc_by_attribution_only
"© 2013 by the authors; licensee MDPI, Basel, Switzerland. This article is an open access article distributed under the terms and conditions of the Creative Commons Attribution license - See more at: http://www.mdpi.com/2079-9276/2/3/406/htm#sthash.DYWh8qar.dpuf",1,cc_by_attribution_only
© 2013 the authors. This work is licensed under a Creative Commons Attribution 3.0 License.,1,cc_by_attribution_only
"© 2013. The Authors. Licensee: AOSIS
OpenJournals. This work is licensed under the Creative Commons Attribution License. (With the exceptions noted in http://researcharchive.lincoln.ac.nz/page/rights, this metadata is available under a Creative Commons Zero license.)",1,cc_by_attribution_only
"© 2014 Bajardi et al. This is an open-access article distributed under the terms of the Creative Commons Attribution License, which permits unrestricted use, distribution, and reproduction in any medium, provided the original author and source are credited.",1,cc_by_attribution_only
"© 2014 C.R. Laing; licensee Springer. This is an Open Access article distributed under the terms of the
Creative Commons Attribution License (http://creativecommons.org/licenses/by/2.0), which permits
unrestricted use, distribution, and reproduction in any medium, provided the original work is properly
cited.",1,cc_by_attribution_only
"© 2014 Heaphy et al.; licensee Springer. This is an Open Access article distributed under the terms of the Creative Commons Attribution License (http://creativecommons.org/licenses/by/4.0), which permits unrestricted use, distribution, and reproduction in any medium, provided the original work is properly credited.",1,cc_by_attribution_only
"© 2014 Hinckson, McGrath, Hopkins, Oliver, Badland, Mavoa, Witten and Kearns. This is an open-access article distributed under the terms of the Creative Commons Attribution License (CC BY). The use, distribution or reproduction in other forums is permitted, provided the original author(s) or licensor are credited and that the original publication in this journal is cited, in accordance with accepted academic practice. No use, distribution or reproduction is permitted which does not comply with these terms.",1,cc_by_attribution_only
"© 2014 Holder et al.  This is an open-access article distributed under the terms of the Creative Commons Attribution License, which permits unrestricted use, distribution, and reproduction in any medium, provided the original author and source are credited. (With the exceptions noted in http://researcharchive.lincoln.ac.nz/page/rights, this metadata is available under a Creative Commons Zero license.)",1,cc_by_attribution_only
"© 2014 Jacobson GM, et al. This is an open-access article distributed under the terms of the Creative Commons Attribution License, which permits unrestricted use, distribution, and reproduction in any medium, provided the original author and source are credited.",1,cc_by_attribution_only
"© 2014 McKee et al.; licensee BioMed Central Ltd. This is an Open Access article distributed under the terms of the Creative
Commons Attribution License (http://creativecommons.org/licenses/by/4.0), which permits unrestricted use, distribution, and
reproduction in any medium, provided the original work is properly credited.",1,cc_by_attribution_only
"© 2014 Meiyalaghan et al.; licensee BioMed Central Ltd. This is an open access article distributed under the terms of the Creative Commons Attribution License (http://creativecommons.org/licenses/by/2.0), which permits unrestricted use,
distribution, and reproduction in any medium, provided the original work is properly cited. (With the exceptions noted in http://researcharchive.lincoln.ac.nz/page/rights, this metadata is available under a Creative Commons Zero license.)",1,cc_by_attribution_only
"© 2014 Morris et al.; licensee BioMed Central Ltd. This is an Open Access article distributed under the terms of the Creative
Commons Attribution License (http://creativecommons.org/licenses/by/4.0), which permits unrestricted use, distribution, and
reproduction in any medium, provided the original work is properly credited.",1,cc_by_attribution_only
"© 2014 Nargis A. Chowdhury et al. This is an open access article distributed under the Creative Commons Attribution License, which permits unrestricted use, distribution, and reproduction in any medium, provided the original work is properly cited.",1,cc_by_attribution_only
© 2014 New Zealand Department of Conservation.  Copyright material is licensed for re-use under a Creative Commons Attribution 3.0 New Zealand Licence.,1,cc_by_attribution_only
"© 2014 S. Shanmuganathan, This open access article is distributed under a Creative Commons Attribution
(CC-BY) 3.0 license.",1,cc_by_attribution_only
© 2014 Schmitt et al. This is an open-access article distributed under the terms of the Creative Commons Attribution License.,1,cc_by_attribution_only
"© 2014 Schoeppe et al.; licensee BioMed Central Ltd. This is an open access article distributed under the terms of the Creative
Commons Attribution License (http://creativecommons.org/licenses/by/2.0), which permits unrestricted use, distribution, and
reproduction in any medium, provided the original work is properly cited.",1,cc_by_attribution_only
"© 2014 The Author(s). Journal compilation © 2014 REABIC
Authors of articles published in Management of Biological Invasions retain the copyright of their articles and are free to reproduce and disseminate their work under the terms of the Creative Commons Attribution License (Attribution 2.0 Generic - CC BY 2.0), which permits unrestricted use, distribution, and reproduction in any medium, provided the original work is properly cited. (With the exceptions noted in http://researcharchive.lincoln.ac.nz/page/rights, this metadata is available under a Creative Commons Zero license.)",1,cc_by_attribution_only
© 2014 The Authors. Paper published under the terms of the Creative Commons Attribution License.,1,cc_by_attribution_only
"© 2014 Wang, Steyn-Ross, Steyn-Ross, Wilson and Sleigh. This is an open-access article distributed under the terms of the Creative Commons Attribution License (CC BY). The use, distribution or reproduction in other forums is permitted, provided the original author(s) or licensor are credited and that the original publication in this journal is cited, in accordance with accepted academic practice. No use, distribution or reproduction is permitted which does not comply with these terms.",1,cc_by_attribution_only
"© 2014 by the authors; licensee MDPI, Basel, Switzerland. This article is an open access article distributed under the terms and conditions of the Creative Commons Attribution license (http://creativecommons.org/licenses/by/3.0/)",1,cc_by_attribution_only
"© 2014 by the authors; licensee MDPI, Basel, Switzerland. This article is an open access article distributed under the terms and conditions of the Creative Commons Attribution license (http://creativecommons.org/licenses/by/3.0/).",1,cc_by_attribution_only
© 2014 the authors. Licensed under a Creative Commons Attribution 4.0 International License.,1,cc_by_attribution_only
© 2014 the authors. This is an open-access article distributed under the terms of the Creative Commons Attribution License,1,cc_by_attribution_only
"© 2015 Archer, McDonald, Herbold, Lee and Cary. This is an open-access article distributed under the terms of the Creative Commons Attribution License (CC BY).",1,cc_by_attribution_only
"© 2015 Bates et al. This is an open access article distributed under the terms of the Creative Commons Attribution License, which permits unrestricted use, distribution, and reproduction in any medium, provided the original author and source are credited.",1,cc_by_attribution_only
"© 2015 Booth et al.; licensee BioMed Central Ltd. This is an Open Access article distributed under the terms of the Creative
Commons Attribution License (http://creativecommons.org/licenses/by/4.0), which permits unrestricted use, distribution, and
reproduction in any medium, provided the original work is properly credited.",1,cc_by_attribution_only
"© 2015 Caruso et al. This is an open access article distributed under the terms of the Creative Commons Attribution License, which permits unrestricted use, distribution, and reproduction in any medium, provided the original author and source are credited.",1,cc_by_attribution_only
"© 2015 Cuong N, et al. This is an open-access article distributed under the terms of the Creative Commons Attribution License, which permits unrestricted use, distribution, and reproduction in any medium, provided the original author and source are credited. (With the exceptions noted in http://researcharchive.lincoln.ac.nz/page/rights, this metadata is available under a Creative Commons Zero license.)",1,cc_by_attribution_only
"© 2015 Davidson et al. This is an open access article distributed under the terms of the Creative Commons Attribution License, which permits unrestricted use, distribution, and reproduction in any medium, provided the original author and source are credited",1,cc_by_attribution_only
"© 2015 Desai et al. This is an open-access article distributed under the terms of the Creative Commons Attribution 3.0 Unported license. (With the exceptions noted in http://researcharchive.lincoln.ac.nz/page/rights, this metadata is available under a Creative Commons Zero license.)",1,cc_by_attribution_only
"© 2015 Evans et al. This is an open access article distributed under the terms of the Creative Commons Attribution License, which permits unrestricted use, distribution, and reproduction in any medium, provided the original author and source are credited.",1,cc_by_attribution_only
"© 2015 Feigin et al. This is an open
access article distributed under the terms of the
Creative Commons Attribution License, which permits
unrestricted use, distribution, and reproduction in any
medium, provided the original author and source are
credited.",1,cc_by_attribution_only
"© 2015 Feng et al. This is an open access article distributed under the terms of the Creative Commons Attribution License, which permits unrestricted use, distribution, and reproduction in any medium, provided the original author and source are credited. (With the exceptions noted in http://researcharchive.lincoln.ac.nz/page/rights, this metadata is available under a Creative Commons Zero license.)",1,cc_by_attribution_only
"© 2015 Hanif et al.; licensee Springer. This is an Open Access article distributed under the terms of the Creative Commons Attribution License (http://creativecommons.org/licenses/by/4.0), which permits unrestricted use, distribution, and reproduction in any medium, provided the original work is properly credited.",1,cc_by_attribution_only
"© 2015 Hu et al.; licensee Springer. This is an Open Access article distributed under the terms of the Creative Commons Attribution License http://creativecommons.org/licenses/by/4.0), which permits unrestricted use, distribution, and reproduction
in any medium, provided the original work is properly credited. (With the exceptions noted in http://researcharchive.lincoln.ac.nz/page/rights, this metadata is available under a Creative Commons Zero license.)",1,cc_by_attribution_only
"© 2015 Jochumsen, Signal, Nedergaard, Taylor, Haavik and Niazi. This is an open-access article distributed under the terms of the Creative Commons Attribution License (CC BY). The use, distribution or reproduction in other forums is permitted, provided the original author(s) or licensor are credited and that the original publication in this journal is cited, in accordance with accepted academic practice. No use, distribution or reproduction is permitted which does not comply with these terms.",1,cc_by_attribution_only
"© 2015 Kasonga et al. This is an open
access article distributed under the terms of the
Creative Commons Attribution License, which permits
unrestricted use, distribution, and reproduction in any
medium, provided the original author and source are
credited.",1,cc_by_attribution_only
"© 2015 Klockars, Levine and Olszewski. This is an open-access article distributed under the terms of the Creative Commons Attribution License (CC BY). The use, distribution or reproduction in other forums is permitted, provided the original author(s) or licensor are credited and that the original publication in this journal is cited, in accordance with accepted academic practice. No use, distribution or reproduction is permitted which does not comply with these terms.",1,cc_by_attribution_only
"© 2015 Kruger et al.; licensee Springer. This is an Open Access article distributed under the terms of the Creative Commons
Attribution License (http://creativecommons.org/licenses/by/4.0), which permits unrestricted use, distribution, and reproduction
in any medium, provided the original work is properly credited.",1,cc_by_attribution_only
"© 2015 Lau et al. This article is distributed under the terms of the Creative Commons Attribution 4.0 International License (http://creativecommons.org/licenses/by/4.0/), which permits unrestricted use, distribution, and reproduction in any medium, provided 
you give appropriate credit to the original author(s) and the source, provide a link to the Creative Commons license, and indicate if changes were made. (With the exceptions noted in http://researcharchive.lincoln.ac.nz/page/rights, this metadata is available under a Creative Commons Zero license.)",1,cc_by_attribution_only
"© 2015 Meissner et al. This is an open
access article distributed under the terms of the
Creative Commons Attribution License
, which permits
unrestricted use, distribution, and reproduction in any
medium, provided the original author and source are
credited",1,cc_by_attribution_only
"© 2015 Meissner et al. This is an open
access article distributed under the terms of the
Creative Commons Attribution License, which permits
unrestricted use, distribution, and reproduction in any
medium, provided the original author and source are
credited.",1,cc_by_attribution_only
"© 2015 Moens et al. This is an open
access article distributed under the terms of the
Creative Commons Attribution License, which permits
unrestricted use, distribution, and reproduction in any
medium, provided the original author and source are
credited.",1,cc_by_attribution_only
"© 2015 Myint et al. This is an open access article distributed under the terms of the Creative Commons Attribution License, which permits unrestricted use, distribution, and reproduction in any medium, provided the original author and source are credited.",1,cc_by_attribution_only
"© 2015 Niederberger, Sohm, Gunderson, Tirindelli, Capone, Carpenter and Cary. This is an open-access article distributed under the terms of the Creative Commons Attribution License (CC BY). The use, distribution or reproduction in other forums is permitted, provided the original author(s) or licensor are credited and that the original publication in this journal is cited, in accordance with accepted academic practice. No use, distribution or reproduction is permitted which does not comply with these terms.",1,cc_by_attribution_only
© 2015 Ojaveer et al. This is an open access article distributed under the terms of the Creative Commons Attribution License,1,cc_by_attribution_only
"© 2015 Paten et al.
Open Access
This article is distributed under the terms of the Creative Commons Attribution 4.0
International License (http://creativecommons.org/licenses/by/4.0/), which permits unrestricted use, distribution, and
reproduction in any medium, provided you give appropriate credit to the original author(s) and the source, provide a link to
the Creative Commons license, and indicate if changes were made.",1,cc_by_attribution_only
"© 2015 Pratt et al. This is an open access article distributed under the terms of the Creative Commons Attribution License, which permits unrestricted use, distribution, and reproduction in any medium, provided the original author and source are credited",1,cc_by_attribution_only
"© 2015 Rattray, Argus, Martin, Northey and Driller. This is an open-access article distributed under the terms of the Creative Commons Attribution License (CC BY).",1,cc_by_attribution_only
"© 2015 Seward et al. This is an open
access article distributed under the terms of the
Creative Commons Attribution License, which permits
unrestricted use, distribution, and reproduction in any
medium, provided the original author and source are
credited.",1,cc_by_attribution_only
"© 2015 The Author(s). Published by Taylor & Francis.
This is an open-access article distributed under the terms of the Creative Commons Attribution License http://creativecommons.org/licenses/by/3.0/, which permits unrestricted use, distribution, and reproduction in any medium, provided the original work is properly cited. The moral rights of the named author(s) have been asserted.",1,cc_by_attribution_only
"© 2015 The Author(s). Published by Taylor & Francis. This is an Open access article distributed under the terms of the Creative Commons Attribution License, (http://creativecommons.org/licenses/by/4.0/), which permits unrestricted use, distribution, and reproduction in any medium, provided the original work is properly cited.",1,cc_by_attribution_only
"© 2015 The Author(s). Published by Taylor & Francis. This is an open-access article distributed under the terms of the Creative Commons Attribution License (http://creativecommons.org/licenses/by/4.0/), which permits unrestricted use, distribution, and reproduction in any medium, provided the original work is properly cited.",1,cc_by_attribution_only
"© 2015 The Author(s). This is an Open Access article distributed under the terms of the Creative Commons Attribution License (http://creativecommons.org/licenses/by/4.0/), which permits unrestricted use, distribution, and reproduction in any medium, provided the original work is properly cited.",1,cc_by_attribution_only
"© 2015 The Authors. Physiological Reports published by Wiley Periodicals, Inc. on behalf of the American Physiological Society and The Physiological Society.
This is an open access article under the terms of the Creative Commons Attribution License, which permits use, distribution and reproduction in any medium, provided the original work is properly cited. (With the exceptions noted in http://researcharchive.lincoln.ac.nz/page/rights, this metadata is available under a Creative Commons Zero license.)",1,cc_by_attribution_only
© 2015 The Authors. Published by Elsevier B.V. This is an open access article under the CC BY license,1,cc_by_attribution_only
"© 2015 The Authors. Published by Elsevier B.V. This is an open access article under the CC BY license (http://creativecommons.org/licenses/by/4.0/) (With the exceptions noted in http://researcharchive.lincoln.ac.nz/page/rights, this metadata is available under a Creative Commons Zero license.)",1,cc_by_attribution_only
© 2015 The Authors. Published by Elsevier Ltd. This is an open access article under the CC BY license,1,cc_by_attribution_only
"© 2015 The Authors. Published by the Royal Society under the terms of the Creative Commons Attribution License http://creativecommons.org/licenses/by/4.0/, which permits unrestricted use, provided the original author and source are credited.",1,cc_by_attribution_only
"© 2015 Tian et al. This is an open access article distributed under the terms of the Creative Commons Attribution License, which permits unrestricted use, distribution, and reproduction in any medium, provided the original author and source are credited. (With the exceptions noted in http://researcharchive.lincoln.ac.nz/page/rights, this metadata is available under a Creative Commons Zero license.)",1,cc_by_attribution_only
"© 2015 Whiteford et al. This is an open
access article distributed under the terms of the
Creative Commons Attribution License, which permits
unrestricted use, distribution, and reproduction in any
medium, provided the original author and source are
credited.",1,cc_by_attribution_only
"© 2015 Wilson, Vopel. This is an open access article distributed under the terms of the Creative Commons Attribution License, which permits unrestricted use, distribution, and reproduction in any medium, provided the original author and source are credited.",1,cc_by_attribution_only
"© 2015 Yoon et al. This is an open access article distributed under the terms of the Creative Commons Attribution License, which permits unrestricted use, distribution, and reproduction in any medium, provided the original author and source are credited.",1,cc_by_attribution_only
"© 2015 Zhang KC
This is an open-access article distributed under the terms of the Creative Commons Attribution License, which permits unrestricted use, distribution, and reproduction in any medium, provided the original author and source are credited.",1,cc_by_attribution_only
"© 2015 Zhang KC. This is an open-access article distributed under the terms of the Creative Commons Attribution License, which permits unrestricted use, distribution, and reproduction in any medium, provided the original author and source are credited.",1,cc_by_attribution_only
"© 2015 by the authors; licensee MDPI, Basel, Switzerland.  This article is an open access article distributed under the terms and conditions of the Creative Commons Attribution License (http://creativecommons.org/licenses/by/4.0/). (With the exceptions noted in http://researcharchive.lincoln.ac.nz/page/rights, this metadata is available under a Creative Commons Zero license.)",1,cc_by_attribution_only
"© 2015 by the authors; licensee MDPI, Basel, Switzerland. This article is an open
access article distributed under the terms and conditions of the Creative Commons by
Attribution (CC-BY) license (http://creativecommons.org/licenses/by/4.0/).",1,cc_by_attribution_only
"© 2015 by the authors; licensee MDPI, Basel, Switzerland. This article is an open access article
distributed under the terms and conditions of the Creative Commons Attribution license (http://creativecommons.org/licenses/by/4.0/).",1,cc_by_attribution_only
"© 2015 the authors. This work is licensed under a Creative Commons Attribution 4.0 International License. The images or other third party material in this article are included in the article’s Creative Commons license, unless indicated otherwise in the credit line; if the material is not included under the Creative Commons license, users will need to obtain permission from the license holder to reproduce the material. To view a copy of this license, visit http://creativecommons.org/licenses/by/4.0",1,cc_by_attribution_only
"© 2015 the authors. This work is made available under the terms of the Creative
Commons Attribution3.0 license, http://creativecommons.org/licenses/by/3.0/",1,cc_by_attribution_only
"© 2015, Velram Balaji Mohan, et al., licensee AIMS Press. This is an open access article distributed under the terms of the Creative Commons Attribution Licese.",1,cc_by_attribution_only
"© 2016 Anand G, et al. This is an open-access article distributed under the terms of the Creative Commons Attribution License, which permits unrestricted use, distribution, and reproduction in any medium, provided the original author and source are credited.",1,cc_by_attribution_only
"© 2016 Cnossen et al. This is an open
access article distributed under the terms of the
Creative Commons Attribution License, which permits
unrestricted use, distribution, and reproduction in any
medium, provided the original author and source are
credited.",1,cc_by_attribution_only
"© 2016 Cripps, Jackman, Roquet, van Koten, Rostás, Bourdôt and Susanna. This is an open-access article distributed under the terms of the Creative Commons Attribution License (CC BY). The use, distribution or reproduction in other forums is permitted, provided the original author(s) or licensor are credited and that the original publication in this journal is cited, in accordance with accepted academic practice. No use, distribution or reproduction is permitted which does not comply with these terms. (With the exceptions noted in http://researcharchive.lincoln.ac.nz/page/rights, this metadata is available under a Creative Commons Zero license.)",1,cc_by_attribution_only
"© 2016 Donini, Dernini, Lairon, Serra-Majem, Amiot, del Balzo, Giusti, Burlingame, Belahsen, Maiani, Polito, Turrini, Intorre, Trichopoulou and Berry. This is an open-access article distributed under the terms of the Creative Commons Attribution License (CC BY). The use, distribution or reproduction in other forums is permitted, provided the original author(s) or licensor are credited and that the original publication in this journal is cited, in accordance with accepted academic practice. No use, distribution or reproduction is permitted which does not comply with these terms.",1,cc_by_attribution_only
"© 2016 Farnworth et al. This is an open access article distributed under the terms of the Creative Commons Attribution License, which permits unrestricted use, distribution, and reproduction in any medium, provided the original author and source are credited",1,cc_by_attribution_only
"© 2016 Gobbi et al. This is an open access article distributed under the terms of the Creative Commons Attribution License, which permits unrestricted use, distribution, and reproduction in any medium, provided the original author and source are credited. (With the exceptions noted in http://researcharchive.lincoln.ac.nz/page/rights, this metadata is available under a Creative Commons Zero license.)",1,cc_by_attribution_only
"© 2016 Goher. 
This open access article is distributed under a Creative Commons Attribution (CC-BY) 4.0 license. (With the exceptions noted in http://researcharchive.lincoln.ac.nz/page/rights, this metadata is available under a Creative Commons Zero license.)",1,cc_by_attribution_only
"© 2016 Goldson, Barratt and Armstrong. This is an open-access article
distributed under the terms of the Creative Commons Attribution License (CC BY).
The  use,  distribution  or  reproduction  in  other  forums  is  permitted,  provided  the
original author(s) or licensor are credited and that the original publication in this
journal is cited, in accordance with accepted academic practice. No use, distribution
or reproduction is permitted which does not comply with these terms. (With the exceptions noted in http://researcharchive.lincoln.ac.nz/page/rights, this metadata is available under a Creative Commons Zero license.)",1,cc_by_attribution_only
"© 2016 Gritcan, Duxbury, Leuzinger and Alfaro. This is an open-access article distributed under the terms of the Creative Commons Attribution License (CC BY). The use, distribution or reproduction in other forums is permitted, provided the original author(s) or licensor are credited and that the original publication in this journal is cited, in accordance with accepted academic practice. No use, distribution or reproduction is permitted which does not comply with these terms.",1,cc_by_attribution_only
"© 2016 Hennessy, Popay, Finch, Clearwater and Cave. This is an open-access article distributed under the terms of the Creative Commons Attribution License (CC BY). The use, distribution or reproduction in other forums is permitted, provided the original author(s) or licensor are credited and that the original publication in this journal is cited, in accordance with accepted academic practice. No use, distribution or reproduction is permitted which does not comply with these terms.",1,cc_by_attribution_only
"© 2016 Jochumsen, Niazi, Signal, Nedergaard, Holt, Haavik and Taylor. This is an open-access article distributed under the terms of the Creative Commons Attribution License (CC BY). The use, distribution or reproduction in other forums is permitted, provided the original author(s) or licensor are credited and that the original publication in this journal is cited, in accordance with accepted academic practice. No use, distribution or reproduction is permitted which does not comply with these terms.",1,cc_by_attribution_only
"© 2016 Krägeloh et al. This is an open access article distributed under the terms of the Creative Commons Attribution License, which permits unrestricted use, distribution, and reproduction in any medium, provided the original author and source are credited.",1,cc_by_attribution_only
"© 2016 Lee, Archer, Boyle, Lacap-Bugler, Belnap and Pointing. This is an open-access article distributed under the terms of the Creative Commons Attribution License (CC BY). The use, distribution or reproduction in other forums is permitted, provided the original author(s) or licensor are credited and that the original publication in this journal is cited, in accordance with accepted academic practice. No use, distribution or reproduction is permitted which does not comply with these terms.",1,cc_by_attribution_only
"© 2016 Lu LW et al. This is an open-access article distributed under the terms of the Creative Commons Attribution License, which permits unrestricted use, distribution, and reproduction in any medium, provided the original author and source are credited.",1,cc_by_attribution_only
"© 2016 Marnie L. Campbell. This is an open access article distributed under the terms of the Creative Commons Attribution License, which permits unrestricted use, distribution, and reproduction in any medium, provided the original author and source are credited.",1,cc_by_attribution_only
"© 2016 Merien. This is an open-access article distributed under the terms of the Creative Commons Attribution License (CC BY). The use, distribution or reproduction in other forums is permitted, provided the original author(s) or licensor are credited and that the original publication in this journal is cited, in accordance with accepted academic practice. No use, distribution or reproduction is permitted which does not comply with these terms.",1,cc_by_attribution_only
"© 2016 Morgan-Richards et al. This is an
open access article distributed under the terms of the
Creative Commons Attribution License
, which permits
unrestricted use, distribution, and reproduction in any
medium, provided the original author and source are
credited",1,cc_by_attribution_only
"© 2016 Panda, Vanga, Lu, Fiers, Fineran, Butler, Armstrong, Ronson and Pitman. This is an open-access article distributed under the terms of the Creative Commons Attribution License (CC BY). (With the exceptions noted in http://researcharchive.lincoln.ac.nz/page/rights, this metadata is available under a Creative Commons Zero license.)",1,cc_by_attribution_only
"© 2016 Pearce, Alekhina, Terauds, Wilmotte, Quesada, Edwards, Dommergue, Sattler, Adams, Magalhães, Chu, Lau, Cary, Smith, Wall, Eguren, Matcher, Bradley, de Vera, Elster, Hughes, Cuthbertson, Benning, Gunde-Cimerman, Convey, Hong, Pointing, Pellizari and Vincent. This is an open-access article distributed under the terms of the Creative Commons Attribution License (CC BY). The use, distribution or reproduction in other forums is permitted, provided the original author(s) or licensor are credited and that the original publication in this journal is cited, in accordance with accepted academic practice. No use, distribution or reproduction is permitted which does not comply with these terms.",1,cc_by_attribution_only
"© 2016 Rush, E.C. This is an Open access article distributed under the terms of Creative Commons Attribution 4.0 International License.",1,cc_by_attribution_only
"© 2016 S. Neville & J. Adams. This is an Open Access article distributed under the terms of the Creative Commons Attribution 4.0 International License
(http://creativecommons.org/licenses/by/4.0/), allowing third parties to copy and redistribute the material in any medium or format and to remix, transform,
and build upon the material for any purpose, even commercially, provided the original work is properly cited and states its license.",1,cc_by_attribution_only
"© 2016 Samad et al. This is an open access article distributed under the terms of the Creative Commons Attribution License, which permits unrestricted use, distribution, and reproduction in any medium, provided the original author and source are credited. (With the exceptions noted in http://researcharchive.lincoln.ac.nz/page/rights, this metadata is available under a Creative Commons Zero license.)",1,cc_by_attribution_only
"© 2016 Shields et al. Distributed under Creative Commons CC-BY 4.0 (With the exceptions noted in http://researcharchive.lincoln.ac.nz/page/rights, this metadata is available under a Creative Commons Zero license.)",1,cc_by_attribution_only
"© 2016 The Author(s)

This is an Open Access article distributed under the terms of the Creative Commons Attribution License http://creativecommons.org/ licenses/by/4.0/), which permits unrestricted use distribution, and reproduction in any medium, provided the original work is properly cited.",1,cc_by_attribution_only
"© 2016 The Author(s). Published by Informa UK Limited, trading as Taylor & Francis Group
This is an Open Access article distributed under the terms of the Creative Commons Attribution License (http://creativecommons.org/licenses/by/4.0/), which permits unrestricted use, distribution, and reproduction in any medium, provided the original work is properly cited.",1,cc_by_attribution_only
"© 2016 The Author(s). Published by informa UK Limited, trading as Taylor & Francis Group
This is an Open Access article distributed under the terms of the Creative Commons Attribution License (http://creativecommons.org/
licenses/by/4.0/), which permits unrestricted use, distribution, and reproduction in any medium, provided the original work is properly
cited.",1,cc_by_attribution_only
"© 2016 The Author(s). This article is distributed under the terms of the Creative Commons Attribution 4.0 International License (http://creativecommons.org/licenses/by/4.0/), which permits unrestricted use, distribution, and reproduction in any medium, provided you give appropriate credit to the original author(s) and the source, provide a link to the Creative Commons license, and indicate if changes were made.",1,cc_by_attribution_only
"© 2016 The Author(s). This article is distributed under the terms of the Creative Commons Attribution 4.0 International License (http://creativecommons.org/licenses/by/4.0/), which permits unrestricted use, distribution, and reproduction in any medium, provided you give appropriate credit to the original author(s) and the source, provide a link to the Creative Commons license, and indicate if changes were made. (With the exceptions noted in http://researcharchive.lincoln.ac.nz/page/rights, this metadata is available under a Creative Commons Zero license.)",1,cc_by_attribution_only
"© 2016 The Author(s). This is an open-access article distributed under the terms of the Creative Commons Attribution 4.0 International License (CC-BY 4.0), which permits unrestricted use, distribution, and reproduction in any medium, provided the original author and source are credited. See http://creativecommons.org/licenses/by/4.0/",1,cc_by_attribution_only
"© 2016 The Authors. Journal of Ecology published by John Wiley & Sons Ltd on behalf of British Ecological Society.
This is an open access article under the terms of the Creative Commons Attribution License, which permits use, distribution and reproduction in any medium, provided the original work is properly cited. (With the exceptions noted in http://researcharchive.lincoln.ac.nz/page/rights, this metadata is available under a Creative Commons Zero license.)",1,cc_by_attribution_only
"© 2016 The Authors. Published by Elsevier B.V. This is an open access article under the CC BY license
(http://creativecommons.org/licenses/by/4.0/).",1,cc_by_attribution_only
© 2016 The Authors. Published by Elsevier Ltd. This is an open access article under the CC BY license,1,cc_by_attribution_only
"© 2016 The Authors. Published by Elsevier Ltd. This is an open access article under the CC BY license (
http://creativecommons.org/licenses/by/4.0/).",1,cc_by_attribution_only
"© 2016 Webb, Brunton, Aguirre, Thomas, Valcu and Dale. This is an open-access article distributed under the terms of the Creative Commons Attribution License (CC BY). The use, distribution or reproduction in other forums is permitted, provided the original author(s) or licensor are credited and that the original publication in this journal is cited, in accordance with accepted academic practice. No use, distribution or reproduction is permitted which does not comply with these terms",1,cc_by_attribution_only
"© 2016 Wei, Lacap-Bugler, Lau, Caruso, Rao, de los Rios, Archer, Chiu, Higgins, Van Nostrand, Zhou, Hopkins and Pointing. This is an open-access article distributed under the terms of the Creative Commons Attribution License (CC BY). The use, distribution or reproduction in other forums is permitted, provided the original author(s) or licensor are credited and that the original publication in this journal is cited, in accordance with accepted academic practice. No use, distribution or reproduction is permitted which does not comply with these terms.",1,cc_by_attribution_only
"© 2016 Wicaksono et al. This is an open access article distributed under the terms of the Creative Commons Attribution License, which permits unrestricted use, distribution, and reproduction in any medium, provided the original author and source are credited. (With the exceptions noted in http://researcharchive.lincoln.ac.nz/page/rights, this metadata is available under a Creative Commons Zero license.)",1,cc_by_attribution_only
"© 2016 Woolway et al. This is an open access article distributed under the terms of the Creative Commons Attribution License, which permits unrestricted use, distribution, and reproduction in any medium, provided the original author and source are credited.",1,cc_by_attribution_only
"© 2016 Yoon et al. This is an open access article distributed under the terms of the Creative Commons Attribution License, which permits unrestricted use, distribution, and reproduction in any medium, provided the original author and source are credited.",1,cc_by_attribution_only
"© 2016 by the author; licensee Cogitatio (Lisbon, Portugal). This article is licensed under a Creative Commons Attribution 4.0 International License (CC BY).",1,cc_by_attribution_only
"© 2016 by the authors; licensee MDPI, Basel, Switzerland. This article is an open access
article distributed under the terms and conditions of the Creative Commons by Attribution
(CC-BY) license (http://creativecommons.org/licenses/by/4.0/).",1,cc_by_attribution_only
"© 2016 by the authors; licensee MDPI, Basel, Switzerland. This article is an open access
article distributed under the terms and conditions of the Creative Commons by Attribution
(CC-BY) license (http://creativecommons.org/licenses/by/4.0/). (With the exceptions noted in http://researcharchive.lincoln.ac.nz/page/rights, this metadata is available under a Creative Commons Zero license.)",1,cc_by_attribution_only
"© 2016 by the authors; licensee MDPI, Basel, Switzerland. This article is an open access article distributed under the terms and conditions of the Creative Commons Attribution (CC-BY) license (http://creativecommons.org/licenses/by/4.0/",1,cc_by_attribution_only
© 2016 copyright with the authors. This article is published under Creative Commons Attribution (CC by) license.,1,cc_by_attribution_only
"© 2017 Acuña-Marrero et al. This is an
open access article distributed under the terms of
the Creative Commons Attribution License, which
permits unrestricted use, distribution, and
reproduction in any medium, provided the original
author and source are credited.",1,cc_by_attribution_only
"© 2017 Anderson et al. This is an open access article distributed under the terms of the Creative Commons Attribution License, which permits unrestricted use, distribution, reproduction and adaptation in any medium and for any purpose provided that it is properly attributed. For attribution, the original author(s), title, publication source (PeerJ) and either DOI or URL of the article must be cited.",1,cc_by_attribution_only
"© 2017 Broussard et al. This is an open access article distributed under the terms of the Creative Commons Attribution License, which permits unrestricted use, distribution, and reproduction in any medium, provided the original author and source are credited.",1,cc_by_attribution_only
"© 2017 Campbell et al. This is an open access article distributed under the terms of the Creative Commons Attribution License, which permits unrestricted use, distribution, and reproduction in any medium, provided the original author and source are credited.",1,cc_by_attribution_only
"© 2017 Case et al. This is an open access article under the terms of the Creative Commons Attribution License, which permits use, distribution and reproduction in any medium, provided the original work is properly cited.",1,cc_by_attribution_only
"© 2017 Chan, Ho, Kennedy, Uy, Kang, Chernyshenko and Yu. This is an open-access article distributed under the terms of the Creative Commons Attribution License (CC BY). The use, distribution or reproduction in other forums is permitted, provided the original author(s) or licensor are credited and that the original publication in this journal is cited, in accordance with accepted academic practice. No use, distribution or reproduction is permitted which does not comply with these terms.",1,cc_by_attribution_only
"© 2017 Clayton et al. This is an open
access article distributed under the terms of the
Creative Commons Attribution License, which
permits unrestricted use, distribution, and
reproduction in any medium, provided the original
author and source are credited.",1,cc_by_attribution_only
"© 2017 Ellison-Loschmann et al. This is an open access article distributed under the terms of the Creative Commons Attribution License, which permits unrestricted use, distribution, and reproduction in any medium, provided the original author and source are credited.",1,cc_by_attribution_only
"© 2017 González-Chang et al. Distributed under Creative Commons CC-BY 4.0. Open Access (With the exceptions noted in http://researcharchive.lincoln.ac.nz/page/rights, this metadata is available under a Creative Commons Zero license.)",1,cc_by_attribution_only
"© 2017 Hamlin, Olsen, Marshall, Lizamore and Elliot. This is an open-access article distributed under the terms of the Creative Commons Attribution License (CC BY). The use, distribution or reproduction in other forums is permitted, provided the original author(s) or licensor are credited and that the original publication in this journal is cited, in accordance with accepted academic practice. No use, distribution or reproduction is permitted which does not comply with these terms. (With the exceptions noted in http://researcharchive.lincoln.ac.nz/page/rights, this metadata is available under a Creative Commons Zero license.)",1,cc_by_attribution_only
"© 2017 Hinchliffe, Bollard-Breen, Cowan, Doshi, Gillman, Maggs-Kolling, de Los Rios and Pointing. This is an open-access article distributed under the terms of the Creative Commons Attribution License (CC BY). The use, distribution or reproduction in other forums is permitted, provided the original author(s) or licensor are credited and that the original publication in this journal is cited, in accordance with accepted academic practice. No use, distribution or reproduction is permitted which does not comply with these terms.",1,cc_by_attribution_only
"© 2017 Holdaway et al. This is an open access article distributed under the terms of the Creative Commons Attribution License, which permits unrestricted use, distribution, and reproduction in any medium, provided the original author and source are credited.",1,cc_by_attribution_only
"© 2017 International World Wide Web Conference Committee (IW3C2), published under Creative Commons CC BY 4.0 License.",1,cc_by_attribution_only
"© 2017 Jaco Fourie. This is an open access article distributed under the Creative Commons Attribution License, which permits unrestricted use, distribution, and reproduction in any medium, provided the original work is properly cited. (With the exceptions noted in http://researcharchive.lincoln.ac.nz/page/rights, this metadata is available under a Creative Commons Zero license.)",1,cc_by_attribution_only
"© 2017 Jochumsen, Rovsing, Rovsing, Cremoux, Signal, Allen, Taylor and Niazi. This is an open-access article distributed under the terms of the Creative Commons Attribution License (CC BY). The use, distribution or reproduction in other forums is permitted, provided the original author(s) or licensor are credited and that the original publication in this journal is cited, in accordance with accepted academic practice. No use, distribution or reproduction is permitted which does not comply with these terms.",1,cc_by_attribution_only
"© 2017 Lacap-Bugler, Lee, Archer, Gillman, Lau, Leuzinger, Lee, Maki, McKay, Perrott, de los Rios-Murillo, Warren-Rhodes, Hopkins and Pointing. This is an open-access article distributed under the terms of the Creative Commons Attribution License (CC BY). The use, distribution or reproduction in other forums is permitted, provided the original author(s) or licensor are credited and that the original publication in this journal is cited, in accordance with accepted academic practice. No use, distribution or reproduction is permitted which does not comply with these terms.",1,cc_by_attribution_only
"© 2017 Lan Liu et al. This is an open access article distributed under the Creative Commons Attribution License, which permits unrestricted use, distribution, and reproduction in any medium, provided the original work is properly cited.",1,cc_by_attribution_only
"© 2017 Liang et al. This is an open access article distributed under the terms of the Creative Commons Attribution License, which permits unrestricted use, distribution, and reproduction in any medium, provided the original author and source are credited. (With the exceptions noted in http://researcharchive.lincoln.ac.nz/page/rights, this metadata is available under a Creative Commons Zero license.)",1,cc_by_attribution_only
"© 2017 McMaster, Beaven, Mayo, Gill and Hébert-Losier. This is an open-access article distributed under the terms of the Creative Commons Attribution License (CC BY). The use, distribution or reproduction in other forums is permitted, provided the original author(s) or licensor are credited and that the original publication in this journal is cited, in accordance with accepted academic practice. No use, distribution or reproduction is permitted which does not comply with these terms.",1,cc_by_attribution_only
"© 2017 Menger et al. This is an open
access article distributed under the terms of the
Creative Commons Attribution License, which
permits unrestricted use, distribution, and
reproduction in any medium, provided the original
author and source are credited.",1,cc_by_attribution_only
"© 2017 Nieto-Jacobo, Steyaert, Salazar-Badillo, Nguyen, Rostás, Braithwaite, De Souza, Jimenez-Bremont, Ohkura, Stewart and Mendoza-Mendoza.
This is an open-access article distributed under the terms of the Creative Commons
Attribution License (CC BY). The use, distribution or reproduction in other forums is permitted, provided the original author(s) or licensor are credited and that the original publication in this journal is cited, in accordance with accepted academic practice. No use, distribution or reproduction is permitted which does not comply with these terms. (With the exceptions noted in http://researcharchive.lincoln.ac.nz/page/rights, this metadata is available under a Creative Commons Zero license.)",1,cc_by_attribution_only
"© 2017 Perezgonzalez. This is an open-access article distributed under the terms of the Creative Commons Attribution License (CC BY). The use, distribution or reproduction in other forums is permitted, provided the original author(s) or licensor are credited and that the original publication in this journal is cited, in accordance with accepted academic practice. No use, distribution or reproduction is permitted which does not comply with these terms.",1,cc_by_attribution_only
"© 2017 Pochon et al. This is an open access article distributed under the terms of the Creative Commons Attribution License, which permits unrestricted use, distribution, and reproduction in any medium, provided the original author and source are credited.",1,cc_by_attribution_only
"© 2017 Rodger licensee JSC. This is an Open Access article distributed under the terms of the Creative Commons Attribution License (http://creativecommons.org/licenses/by/3.0/), which permits unrestricted use, distribution, and reproduction in any medium, provided the original work is properly cited.",1,cc_by_attribution_only
"© 2017 Shi et al. This is an open access article distributed under the terms of the Creative Commons Attribution License, which permits unrestricted use, distribution, and reproduction in any medium, provided the original author and source are credited. (With the exceptions noted in http://researcharchive.lincoln.ac.nz/page/rights, this metadata is available under a Creative Commons Zero license.)",1,cc_by_attribution_only
"© 2017 The Author(s). This is an open access article distributed under the terms of the Creative Commons Attribution License http://creativecommons.org/licenses/by/3.0/, which permits unrestricted use, distribution, and reproduction in any medium, provided the original work is properly cited. This permission does not cover any third party copyrighted material which may appear in the work requested. (With the exceptions noted in http://researcharchive.lincoln.ac.nz/page/rights, this metadata is available under a Creative Commons Zero license.)",1,cc_by_attribution_only
"© 2017 The Author(s). This is an open-access article distributed under the terms of the Creative Commons Attribution 4.0 International License (CC-BY 4.0), which permits unrestricted use, distribution, and reproduction in any medium, provided the original author and source are credited. See http://creativecommons.org/licenses/by/4.0/",1,cc_by_attribution_only
© 2017 The Author(s). This open access article is distributed under a Creative Commons Attribution (CC-BY) 4.0 license.,1,cc_by_attribution_only
"© 2017 The Authors. Australasian Journal on Ageing published by John Wiley & Sons Australia, Ltd on behalf of AJA Inc.

This is an open access article under the terms of the Creative Commons Attribution License, which permits use, distribution and reproduction in any medium, provided the original work is properly cited.",1,cc_by_attribution_only
"© 2017 The Authors. International Journal of Food Science & Technology published by John Wiley & Sons Ltd on behalf of Institute of Food, Science and Technology (IFSTTF)
This is an open access article under the terms of the Creative Commons Attribution License, which permits use, distribution and reproduction in any medium, provided the original work is properly cited. (With the exceptions noted in http://researcharchive.lincoln.ac.nz/page/rights, this metadata is available under a Creative Commons Zero license.)",1,cc_by_attribution_only
© 2017 The Authors. Published by Elsevier B.V. This is an open access article under the CC BY license (http://creativecommons.org/licenses/BY/4.0/).,1,cc_by_attribution_only
© 2017 The Authors. Published by Elsevier B.V. This is an open access article under the CC BY license (http://creativecommons.org/licenses/by/4.0/).,1,cc_by_attribution_only
"© 2017 The author(s). This is an open access article distributed under the terms of the Creative
Commons Attribution 4.0 International (http://creativecommons.org/licenses/by/4.0/),
which permits unrestricted use, distribution, and reproduction in any medium, provided
the original work is properly cited.",1,cc_by_attribution_only
"© 2017 Wojtus et al. This is an
open-access article distributed under the terms
of the Creative Commons Attribution 4.0
International license.",1,cc_by_attribution_only
"© 2017 Wood et al. This is an open access article under the terms of the Creative Commons Attribution
License, which permits use, distribution and reproduction in any medium, provided the original work is properly cited. (With the exceptions noted in http://researcharchive.lincoln.ac.nz/page/rights, this metadata is available under a Creative Commons Zero license.)",1,cc_by_attribution_only
"© 2017 Zhang et al. This is an open access article distributed under the terms of the Creative Commons Attribution License, which permits unrestricted use, distribution, and reproduction in any medium, provided the original author and source are credited. (With the exceptions noted in http://researcharchive.lincoln.ac.nz/page/rights, this metadata is available under a Creative Commons Zero license.)",1,cc_by_attribution_only
"© 2017 by authors and Scientific Research Publishing Inc.
This work is licensed under the Creative Commons Attribution International License (CC BY 4.0). http://creativecommons.org/licenses/by/4.0/ (With the exceptions noted in http://researcharchive.lincoln.ac.nz/page/rights, this metadata is available under a Creative Commons Zero license.)",1,cc_by_attribution_only
"© 2017 by the authors. Licensee MDPI, Basel, Switzerland. This article is an open access
article distributed under the terms and conditions of the Creative Commons Attribution
(CC BY) license (http://creativecommons.org/licenses/by/4.0 (With the exceptions noted in http://researcharchive.lincoln.ac.nz/page/rights, this metadata is available under a Creative Commons Zero license.)",1,cc_by_attribution_only
"© 2017 by the authors. Licensee MDPI, Basel, Switzerland. This article is an open access article distributed under the terms and conditions of the Creative Commons Attribution
(CC BY) license (http://creativecommons.org/licenses/by/4.0/). (With the exceptions noted in http://researcharchive.lincoln.ac.nz/page/rights, this metadata is available under a Creative Commons Zero license.)",1,cc_by_attribution_only
"© 2017 by the authors; licensee 2050Science Publishers, Christchurch, New Zealand. This is an open access article distributed under the Creative Commons Attribution License, which permits unrestricted use, distribution, and reproduction in any medium, provided the original work is properly cited. (With the exceptions noted in http://researcharchive.lincoln.ac.nz/page/rights, this metadata is available under a Creative Commons Zero license.)",1,cc_by_attribution_only
"© 2017 by the authors; licensee Cogitatio (Lisbon, Portugal). This article is licensed under a Creative Commons Attribution 4.0 International License (CC BY). (With the exceptions noted in http://researcharchive.lincoln.ac.nz/page/rights, this metadata is available under a Creative Commons Zero license.)",1,cc_by_attribution_only
"© 2017 by the authors; licensee MDPI, Basel, Switzerland. This article is an open access
article distributed under the terms and conditions of the Creative Commons Attribution
(CC-BY) license (http://creativecommons.org/licenses/by/4.0/). (With the exceptions noted in http://researcharchive.lincoln.ac.nz/page/rights, this metadata is available under a Creative Commons Zero license.)",1,cc_by_attribution_only
© 2017 copyright with the authors. This article is published under Creative Commons Attribution License.,1,cc_by_attribution_only
"© 2017 copyright with the authors. This is an open access article distributed under the terms of the Creative Commons Attribution License, which permits unrestricted use, distribution, and reproduction in any medium, provided the original author and source are credited.",1,cc_by_attribution_only
"© 2018 Authors. This is an open-access article distributed under the terms of the Creative Commons Attribution License, which permits unrestricted use, distribution, and reproduction in any medium, provided the original author and source are credited.",1,cc_by_attribution_only
"© 2018 Beaven, Kilduff and Cook. This is an open-access article distributed under the terms of the Creative Commons Attribution License (CC BY). The use, distribution or reproduction in other forums is permitted, provided the original author(s) and the copyright owner(s) are credited and that the original publication in this journal is cited, in accordance with accepted academic practice. No use, distribution or reproduction is permitted which does not comply with these terms.",1,cc_by_attribution_only
"© 2018 Burri et al. This is an open access article distributed under the terms of the Creative Commons Attribution License, which permits unrestricted use, distribution, and reproduction in any medium, provided the original author and source are credited.",1,cc_by_attribution_only
"© 2018 CERN. Published by IOP Publishing Ltd on behalf of Sissa Medialab. Original content from this work may be used under the terms of the Creative Commons Attribution 3.0 licence. Any further distribution of this work must maintain attribution to the author(s) and the title of the work, journal citation and DOI (With the exceptions noted in http://researcharchive.lincoln.ac.nz/page/rights, this metadata is available under a Creative Commons Zero license.)",1,cc_by_attribution_only
"© 2018 Cowie and Khoo. This is an open-access article distributed under the terms of the Creative Commons Attribution License (CC BY). The use, distribution or reproduction in other forums is permitted, provided the original author(s) and the copyright owner are credited and that the original publication in this journal is cited, in accordance with accepted academic practice. No use, distribution or reproduction is permitted which does not comply with these terms.",1,cc_by_attribution_only
"© 2018 Cyriac et al. This is an open access article distributed under the terms of the Creative Commons Attribution License, which permits unrestricted use, distribution, and reproduction in any medium, provided the original author and source are credited. (With the exceptions noted in http://researcharchive.lincoln.ac.nz/page/rights, this metadata is available under a Creative Commons Zero license.)",1,cc_by_attribution_only
"© 2018 Duncan et al. This is an open access article distributed under the terms of the Creative Commons Attribution License, which permits unrestricted use, distribution, and reproduction in any medium, provided the original author and source are credited.",1,cc_by_attribution_only
"© 2018 Farida Kachapova. This is an open access article distributed under the terms of the Creative Commons Attribution License, which permits unrestricted use, distribution, and reproduction in any medium, provided the original author and source are credited.",1,cc_by_attribution_only
"© 2018 Gao et al. This is an open access article distributed under the terms of the Creative Commons Attribution License, which permits unrestricted use, distribution, and reproduction in any medium, provided the original author and source are credited.",1,cc_by_attribution_only
"© 2018 Hendrickson et al. This is an open access article distributed under the terms of the Creative Commons Attribution License, which permits unrestricted use, distribution, and reproduction in any medium, provided the original author and source are credited.",1,cc_by_attribution_only
"© 2018 King D, et al. This is an open access article distributed under the Creative Commons Attribution License, which permits unrestricted use, distribution, and reproduction in any medium, provided the original work is properly cited.",1,cc_by_attribution_only
"© 2018 Lorimer et al.
Licence
This is an open access article distributed under the terms of the Creative Commons Attribution License, which permits unrestricted use, distribution, reproduction and adaptation in any medium and for any purpose provided that it is properly attributed. For attribution, the original author(s), title, publication source (PeerJ) and either DOI or URL of the article must be cited.",1,cc_by_attribution_only
"© 2018 McKinnon, Glare, Ridgway, Mendoza-Mendoza, Holyoake, Godsoe and Bufford. This is an open-access article distributed under the terms of the Creative Commons Attribution License (CC BY). The use, distribution or reproduction in other forums is permitted, provided the original author(s) and the copyright owner are credited and that the original publication in this journal is cited, in accordance with accepted academic practice. No use, distribution or reproduction is permitted which does not comply with these terms. (With the exceptions noted in http://researcharchive.lincoln.ac.nz/page/rights, this metadata is available under a Creative Commons Zero license.)",1,cc_by_attribution_only
"© 2018 Overmayer licensee JSC. This is an Open Access article distributed under the terms of the Creative Commons Attribution License (http://creativecommons.org/licenses/by/3.0/), which permits unrestricted use, distribution, and reproduction in any medium, provided the original work is properly cited.",1,cc_by_attribution_only
"© 2018 Perezgonzalez, Frías-Navarro and Pascual-Llobell. This is an open-access article distributed under the terms of the Creative Commons Attribution License (CC BY). The use, distribution or reproduction in other forums is permitted, provided the original author(s) and the copyright owner are credited and that the original publication in this journal is cited, in accordance with accepted academic practice. No use, distribution or reproduction is permitted which does not comply with these terms.",1,cc_by_attribution_only
© 2018 Published by Elsevier Inc. This is an open access article under the CC BY license.,1,cc_by_attribution_only
"© 2018 Rapley, Prickett, Dalrymple-Alford and Espiner. This is an open-access article distributed under the terms of the Creative Commons Attribution License (CC BY). The use, distribution or reproduction in other forums is permitted, provided the original author(s) and the copyright owner(s) are credited and that the original publication in this journal is cited, in accordance with accepted academic practice. No use, distribution or reproduction is permitted which does not comply with these terms.",1,cc_by_attribution_only
"© 2018 Riveros-Iregui et al. This is an open access article distributed under the terms of the Creative Commons Attribution License, which permits unrestricted use, distribution, and reproduction in any medium, provided the original author and source are credited.",1,cc_by_attribution_only
"© 2018 Rostás et al. Distributed under Creative Commons CC-BY 4.0 (With the exceptions noted in http://researcharchive.lincoln.ac.nz/page/rights, this metadata is available under a Creative Commons Zero license.)",1,cc_by_attribution_only
"© 2018 The Author(s). Licensee InTech. This chapter is distributed under the terms of the Creative Commons
Attribution License (http://creativecommons.org/licenses/by/3.0), which permits unrestricted use,
distribution, and reproduction in any medium, provided the original work is properly cited",1,cc_by_attribution_only
"© 2018 The Author(s). Published by Elsevier Ltd. This is an Open Access article under the CC BY 4.0
license.",1,cc_by_attribution_only
"© 2018 The Author(s). Published by Informa UK Limited, trading as Taylor & Francis Group
This is an Open Access article distributed under the terms of the Creative Commons Attribution License (http://creativecommons.org/
licenses/by/4.0/), which permits unrestricted use, distribution, and reproduction in any medium, provided the original work is properly cited.",1,cc_by_attribution_only
"© 2018 The Author(s). Published by Informa UK Limited, trading as Taylor & Francis Group.
This is an Open Access article distributed under the terms of the Creative Commons Attribution License (http://creativecommons.org/licenses/by/4.0/), which permits unrestricted use, distribution, and reproduction in any medium, provided the original work is properly cited.",1,cc_by_attribution_only
"© 2018 The Authors
CC BY 4.0",1,cc_by_attribution_only
"© 2018 The Authors. Ecology and Evolution published by John Wiley & Sons Ltd.

This is an open access article under the terms of the Creative Commons Attribution License, which permits use, distribution and reproduction in any medium, provided the original work is properly cited.",1,cc_by_attribution_only
"© 2018 The Authors. Journal of Medical Radiation Sciences published by John Wiley & Sons Australia, Ltd on behalf of Australian Society of Medical Imaging and Radiation Therapy and New Zealand Institute of Medical Radiation Technology

This is an open access article under the terms of the Creative Commons Attribution License, which permits use, distribution and reproduction in any medium, provided the original work is properly cited.",1,cc_by_attribution_only
"© 2018 The Authors. Limnology and Oceanography: Methods published by Wiley Periodicals, Inc. on behalf of Association for the Sciences of Limnology and Oceanography.

This is an open access article under the terms of the Creative Commons Attribution License, which permits use, distribution and reproduction in any medium, provided the original work is properly cited.",1,cc_by_attribution_only
© 2018 The Authors. Published by Elsevier B.V. This is an open access article under the CC BY license (http://creativecommons.org/licenses/BY/4.0/).,1,cc_by_attribution_only
© 2018 The Authors. Published by Elsevier B.V. This is an open access article under the CC BY license (http://creativecommons.org/licenses/BY/4.0/).T,1,cc_by_attribution_only
© 2018 The Authors. Published by Elsevier Ltd.This is an open access article under the CC BY license (http://creativecommons.org/licenses/by/4.0/),1,cc_by_attribution_only
"© 2018 The Authors. This is an open access article under the terms of the Creative Commons Attribution License, which permits use, distribution and reproduction in any medium, provided the original work is properly cited.",1,cc_by_attribution_only
"© 2018 The authors. Published with license by Taylor & Francis. This is an Open Access article distributed under the terms of the Creative Commons Attribution License (http://creativecommons.org/licenses/by/4.0/), which permits unrestricted use, distribution, and reproduction in any medium, provided the original work is properly cited.",1,cc_by_attribution_only
"© 2018 Warinporn Klunklin and Geoffrey Savage. This is an open access article distributed under the Creative
Commons Attribution License, which permits unrestricted use, distribution, and reproduction in any medium, provided the
original work is properly cited. (With the exceptions noted in http://researcharchive.lincoln.ac.nz/page/rights, this metadata is available under a Creative Commons Zero license.)",1,cc_by_attribution_only
"© 2018 Wormgoor, Dalleck, Zinn, Borotkanics and Harris. This is an open-access article distributed under the terms of the Creative Commons Attribution License (CC BY). The use, distribution or reproduction in other forums is permitted, provided the original author(s) and the copyright owner(s) are credited and that the original publication in this journal is cited, in accordance with accepted academic practice. No use, distribution or reproduction is permitted which does not comply with these terms.",1,cc_by_attribution_only
"© 2018 authors. Published by the American Physical Society. Published by the American Physical Society under the terms of the Creative Commons Attribution 4.0 International license. Further distribution of this work must maintain attribution to the author(s) and the published article's title, journal citation, and DOI.",1,cc_by_attribution_only
"© 2018 by the author(s). CC BY 4.0. (With the exceptions noted in http://researcharchive.lincoln.ac.nz/page/rights, this metadata is available under a Creative Commons Zero license.)",1,cc_by_attribution_only
"© 2018 by the authors. Licensee MDPI, Basel, Switzerland. This article is an open access 
article distributed under the terms and conditions of the Creative Commons Attribution 
(CC BY) license (http://creativecommons.org/licenses/by/4.0/).",1,cc_by_attribution_only
"© 2018 by the authors. Licensee MDPI, Basel, Switzerland. This article is an open access article distributed under the terms and conditions of the Creative Commons Attribution (CC BY) license (http://creativecommons.org/licenses/by/4.0/)",1,cc_by_attribution_only
© 2018 the authors. This work is licensed under a Creative Commons Attribution 4.0 Unported License,1,cc_by_attribution_only
© 2018 the authors. This work is licensed under a Creative Commons Attribution 4.0 Unported License.,1,cc_by_attribution_only
"© 2018, Vanderschantz, Timpany, & Feng. This work is licensed under a Creative Commons Attribution 4.0 Unported License. To view a copy of this license, visit http://creativecommons.org/licenses/by/4.0/",1,cc_by_attribution_only
"© 2018. The Authors.
Licensee: AOSIS. This work
is licensed under the
Creative Commons
Attribution License.",1,cc_by_attribution_only
"© 2019 Alder, Signal, Olsen and Taylor. This is an open-access article distributed under the terms of the Creative Commons Attribution License (CC BY). The use, distribution or reproduction in other forums is permitted, provided the original author(s) and the copyright owner(s) are credited and that the original publication in this journal is cited, in accordance with accepted academic practice. No use, distribution or reproduction is permitted which does not comply with these terms.",1,cc_by_attribution_only
"© 2019 Collins, Hogg, Convey, Barnes and McDonald. This is an open-access article distributed under the terms of the Creative Commons Attribution License (CC BY). The use, distribution or reproduction in other forums is permitted, provided the original author(s) and the copyright owner(s) are credited and that the original publication in this journal is cited, in accordance with accepted academic practice. No use, distribution or reproduction is permitted which does not comply with these terms.",1,cc_by_attribution_only
"© 2019 Dougherty et al. This is an open access article distributed under the terms of the Creative Commons Attribution License, which permits unrestricted use, distribution, and reproduction in any medium, provided the original author and source are credited.",1,cc_by_attribution_only
"© 2019 Felipe Bravo-Marquez, Eibe Frank, Bernhard Pfahringer, and Saif M. Mohammad. License: CC-BY 4.0, see https://creativecommons.org/licenses/by/4.0/. Attribution requirements are provided at http://jmlr.org/papers/v20/18-450.html.",1,cc_by_attribution_only
"© 2019 Gomez-Gallego et al. This is an open access article distributed under the terms of the Creative Commons Attribution License, which permits unrestricted use, distribution, and reproduction in any medium, provided the original author and source are credited.",1,cc_by_attribution_only
"© 2019 Harrison. This open access article is distributed under a Creative Commons Attribution 4.0 License (https://
creativecommons.org/licenses/by/4.0/)",1,cc_by_attribution_only
"© 2019 Head, Jewett, Gartner, Klockars, Levine and Olszewski. This is an open-access article distributed under the terms of the Creative Commons Attribution License (CC BY). The use, distribution or reproduction in other forums is permitted, provided the original author(s) and the copyright owner(s) are credited and that the original publication in this journal is cited, in accordance with accepted academic practice. No use, distribution or reproduction is permitted which does not comply with these terms.",1,cc_by_attribution_only
"© 2019 Joshanloo, Weijers. This is an open access article distributed under the terms of the Creative Commons Attribution License, which permits unrestricted use, distribution, and reproduction in any medium, provided the original author and source are credited.",1,cc_by_attribution_only
"© 2019 King DA, et al. This is an open access article distributed under the Creative Commons Attribution License, which permits unrestricted use, distribution, and reproduction in any medium, provided the original work is properly cited.",1,cc_by_attribution_only
"© 2019 Kumari, Taylor and Signal. This is an open-access article distributed under the terms of the Creative Commons Attribution License (CC BY). The use, distribution or reproduction in other forums is permitted, provided the original author(s) and the copyright owner(s) are credited and that the original publication in this journal is cited, in accordance with accepted academic practice. No use, distribution or reproduction is permitted which does not comply with these terms.",1,cc_by_attribution_only
"© 2019 Mayo et al. This is an open access article distributed under the terms of the Creative Commons Attribution License, which permits unrestricted use, distribution, and reproduction in any medium, provided the original author and source are credited.",1,cc_by_attribution_only
"© 2019 Pitman, Gallop and Brander. This is an open-access article distributed under the terms of the Creative Commons Attribution License (CC BY). The use, distribution or reproduction in other forums is permitted, provided the original author(s) and the copyright owner(s) are credited and that the original publication in this journal is cited, in accordance with accepted academic practice. No use, distribution or reproduction is permitted which does not comply with these terms.",1,cc_by_attribution_only
"© 2019 Rush, Savila, Jalili-Moghaddam and Amoah. This is an open-access article distributed under the terms of the Creative Commons Attribution License (CC BY). The use, distribution or reproduction in other forums is permitted, provided the original author(s) and the copyright owner(s) are credited and that the original publication in this journal is cited, in accordance with accepted academic practice. No use, distribution or reproduction is permitted which does not comply with these terms.",1,cc_by_attribution_only
"© 2019 Sargisson et al. This is an open-access article distributed under the terms of the Creative Commons Attribution License, which permits unrestricted use, distribution, and reproduction in any medium, provided the original author and source are credited.",1,cc_by_attribution_only
"© 2019 Scherman. This is an open-access article distributed under the terms of the Creative Commons Attribution License (CC BY). The use, distribution or reproduction in other forums is permitted, provided the original author(s) and the copyright owner(s) are credited and that the original publication in this journal is cited, in accordance with accepted academic practice. No use, distribution or reproduction is permitted which does not comply with these terms.",1,cc_by_attribution_only
"© 2019 Tehanet al. This is an open access article distributed under the terms of the Creative Commons Attribution License, which permits unrestricted use, distribution, and reproduction in any medium,provided the original author and source are credited.",1,cc_by_attribution_only
"© 2019 The Author(s). Licensee IntechOpen. This chapter is distributed under the terms of the Creative Commons Attribution 3.0 License, which permits unrestricted use, distribution, and reproduction in any medium, provided the original work is properly cited.",1,cc_by_attribution_only
"© 2019 The Author(s). Published by Informa UK Limited, trading as Taylor & Francis Group.
This is an Open Access article distributed under the terms of the Creative Commons Attribution License (http://creativecommons.org/licenses/by/4.0/), which permits
unrestricted use, distribution, and reproduction in any medium, provided the original work is properly cited.",1,cc_by_attribution_only
"© 2019 The Author(s). This is an open-access article distributed under the terms of the Creative
Commons Attribution 4.0 International License (CC-BY 4.0), which permits unrestricted use, distribution, and
reproduction in any medium, provided the original author and source are credited. See http://creativecommons.org/
licenses/by/4.0/",1,cc_by_attribution_only
"© 2019 The Authors. Learning Health Systems published by Wiley Periodicals, Inc. on behalf of the University of Michigan. 

This is an open access article under the terms of the Creative Commons Attribution License, which permits use, distribution and reproduction in any medium, provided the original work is properly cited.",1,cc_by_attribution_only
"© 2019 The Authors. Published by Elsevier Ltd. This is an open access article under the CC BY license
(http://creativecommons.org/licenses/BY/4.0/).",1,cc_by_attribution_only
"© 2019 Yongfei Li et al. This is an open access article distributed under the Creative Commons Attribution License, which permits unrestricted use, distribution, and reproduction in any medium, provided the original work is properly cited.",1,cc_by_attribution_only
"© 2019 Zhang et al. This is an open access article distributed under the terms of the Creative Commons Attribution License, which permits unrestricted use, distribution, and reproduction in any medium, provided the original author and source are credited.",1,cc_by_attribution_only
"© 2019 by the author. Licensee MDPI, Basel, Switzerland. This article is an open access article distributed under the terms and conditions of the Creative Commons Attribution (CC BY) license (http://creativecommons.org/licenses/by/4.0/).",1,cc_by_attribution_only
"© 2019 by the authors. Articles in this book are Open Access and distributed under the Creative Commons Attribution (CC BY) license, which allows users to download, copy and build upon published articles, as long as the author and publisher are properly credited, which ensures maximum dissemination and a wider impact of our publications. (With the exceptions noted in http://researcharchive.lincoln.ac.nz/page/rights, this metadata is available under a Creative Commons Zero license.)",1,cc_by_attribution_only
"© 2019 by the authors. Licensee MDPI, Basel, Switzerland. This article is an open access  article distributed under the terms and conditions of the Creative Commons Attribution (CC BY) license (http://creativecommons.org/licenses/by/4.0/).",1,cc_by_attribution_only
© 2019 the author. This article is published under a Creative Commons CC-BY 4.0 licence.,1,cc_by_attribution_only
"© 2020 Ajmol Ali. This is an open-access article distributed under the terms of the Creative Commons Attribution License, which permits unrestricted use, 
distribution, and reproduction in any medium, provided the original author and source are credited. Hosting by Science Repository. All rights reserved.",1,cc_by_attribution_only
"© 2020 Andrews et al. This is an open access article distributed under the terms of the Creative Commons Attribution License, which permits unrestricted use, distribution, and reproduction in any medium, provided the original author and source are credited.",1,cc_by_attribution_only
"© 2020 Biessy, Pearman, Smith, Hawes and Wood. This is an open-access article distributed under the terms of the Creative Commons Attribution License (CC BY). The use, distribution or reproduction in other forums is permitted, provided the original author(s) and the copyright owner(s) are credited and that the original publication in this journal is cited, in accordance with accepted academic practice. No use, distribution or reproduction is permitted which does not comply with these terms.",1,cc_by_attribution_only
"© 2020 Farida Kachapova. This is an open access article distributed under the terms of the Creative Commons Attribution License, which permits unrestricted use, distribution, and reproduction in any medium, provided the original author and source are credited.",1,cc_by_attribution_only
"© 2020 Hope, Hewitt, Pilditch, Savage and Thrush. This is an open-access article distributed under the terms of the Creative Commons Attribution License (CC BY). The use, distribution or reproduction in other forums is permitted, provided the original author(s) and the copyright owner(s) are credited and that the original publication in this journal is cited, in accordance with accepted academic practice. No use, distribution or reproduction is permitted which does not comply with these terms.",1,cc_by_attribution_only
"© 2020 Milfont et al. This is an open access article distributed under the terms of the Creative Commons Attribution License, which permits unrestricted use, distribution, and reproduction in any medium, provided the original author and source are credited.",1,cc_by_attribution_only
"© 2020 Noble et al. This is an open access article distributed under the terms of the Creative Commons Attribution License, which permits unrestricted use, distribution, and reproduction in any medium, provided the original author and source are credited.",1,cc_by_attribution_only
"© 2020 The Authors. Decision Sciences published by Decision Sciences Institute

This is an open access article under the terms of the Creative Commons Attribution License, which permits use, distribution and reproduction in any medium, provided the original work is properly cited.",1,cc_by_attribution_only
"© 2020 The Authors. Ecology and Evolution published by John Wiley & Sons Ltd.
This is an open access article under the terms of the Creative Commons Attribution License, which permits use, distribution and reproduction in any medium, provided the original work is properly cited",1,cc_by_attribution_only
"© 2020 The Authors. European Journal of Clinical Investigation published by John Wiley & Sons Ltd on behalf of Stichting European Society for Clinical Investigation Journal Foundation

This is an open access article under the terms of the Creative Commons Attribution License, which permits use, distribution and reproduction in any medium, provided the original work is properly cited.",1,cc_by_attribution_only
© 2020 The Authors. Published by Elsevier Ltd. This article is published under a Creative Commons Attribution 4.0 International license.,1,cc_by_attribution_only
© 2020 The Authors. Published by Elsevier Ltd. This is an open access article under the CC BY license (http://creativecommons.org/licenses/BY/4.0/).T,1,cc_by_attribution_only
"© 2020 Warrender and Kelton. This is an open-access article distributed under the terms of the Creative Commons Attribution License (CC BY). The use, distribution or reproduction in other forums is permitted, provided the original author(s) and the copyright owner(s) are credited and that the original publication in this journal is cited, in accordance with accepted academic practice. No use, distribution or reproduction is permitted which does not comply with these terms.",1,cc_by_attribution_only
"© 2020 by the Arizona Board of Regents on behalf of the University of Arizona
This is an Open Access article, distributed under the terms of the Creative Commons Attribution licence (http://creativecommons.org/licenses/by/4.0/), which permits unrestricted re-use, distribution, and reproduction in any medium, provided the original work is properly cited.",1,cc_by_attribution_only
"© 2020 by the authors. Licensee MDPI, Basel, Switzerland. This article is an open access
article distributed under the terms and conditions of the Creative Commons Attribution
(CC BY) license.",1,cc_by_attribution_only
"© 2020 by the authors; licensee Cogitatio (Lisbon, Portugal). This article is licensed under a Creative Commons Attribution 4.0 International License (CC BY).",1,cc_by_attribution_only
"© 2020, The Author(s). This article is licensed under a Creative Commons Attribution 4.0 International License, which permits use, sharing, adaptation, distribution and reproduction in any medium or format, as long as you give appropriate credit to the original author(s) and the source, provide a link to the Creative Commons licence, and indicate if changes were made. The images or other third party material in this article are included in the article’s Creative Commons licence, unless indicated otherwise in a credit line to the material. If material is not included in the article’s Creative Commons licence and your intended use is not permitted by statutory regulation or exceeds the permitted use, you will need to obtain permission directly from the copyright holder. To view a copy of this licence, visit http://creativecommons.org/licenses/by/4.0/.",1,cc_by_attribution_only
"© 2021 Jacob Montiel, Max Halford, Saulo Martiello Mastelini, Geoffrey Bolmier, Raphael Sourty, Robin Vaysse, Adil Zouitine, Heitor Murilo Gomes, Jesse Read, Talel Abdessalem, Albert Bifet.
License: CC-BY 4.0, see https://creativecommons.org/licenses/by/4.0/. Attribution requirements are provided at http://jmlr.org/papers/v22/20-1380.html.",1,cc_by_attribution_only
"© 2021 Jones, Starkey, Barker-Collo, Ameratunga, Theadom, Pocock, Borotkanics and Feigin. This is an open-access article distributed under the terms of the Creative Commons Attribution License (CC BY). The use, distribution or reproduction in other forums is permitted, provided the original author(s) and the copyright owner(s) are credited and that the original publication in this journal is cited, in accordance with accepted academic practice. No use, distribution or reproduction is permitted which does not comply with these terms.",1,cc_by_attribution_only
"© 2021 Lynne Chepulis et al. This is an open access article distributed under the Creative Commons Attribution License, which permits unrestricted use, distribution, and reproduction in any medium, provided the original work is properly cited.",1,cc_by_attribution_only
"© 2021 Plessas, Billot, Tamatea, Medvedev, McCormack and Anderson. This is an open-access article distributed under the terms of the Creative Commons Attribution License (CC BY). The use, distribution or reproduction in other forums is permitted, provided the original author(s) and the copyright owner(s) are credited and that the original publication in this journal is cited, in accordance with accepted academic practice. No use, distribution or reproduction is permitted which does not comply with these terms.",1,cc_by_attribution_only
"© 2021 Priestley et al. This is an open access article distributed under the terms of the Creative Commons Attribution License, which permits unrestricted use, distribution, and reproduction in any medium, provided the original author and source are credited.",1,cc_by_attribution_only
"© 2021 Sargisson and McLean. This is an open-access article distributed under the terms of the Creative Commons Attribution License (CC BY). The use, distribution or reproduction in other forums is permitted, provided the original author(s) and the copyright owner(s) are credited and that the original publication in this journal is cited, in accordance with accepted academic practice. No use, distribution or reproduction is permitted which does not comply with these terms.",1,cc_by_attribution_only
© 2021 The Author(s). Published by Elsevier Ltd. This is an open access article under the CC BY license (http://creativecommons.org/licenses/by/4.0/).,1,cc_by_attribution_only
© 2021 White et al. This article is published the Creative Commons CC-By 4.0 licence,1,cc_by_attribution_only
"© 2021 by the authors
CC BY 4.0",1,cc_by_attribution_only
"© 2021 by the authors.
(CC BY)",1,cc_by_attribution_only
"© 2021 by the authors.
CC BY 4.0",1,cc_by_attribution_only
"© 2021 by the authors. Licensee MDPI, Basel, Switzerland. This article is an open access article distributed under the terms and conditions of the Creative Commons Attribution (CC BY) license (http://creativecommons.org/licenses/by/4.0/).",1,cc_by_attribution_only
"© Agribusiness and Economics Research Unit. Lincoln University, New Zealand, 2016.
This work is licenced under the Creative Commons Attribution 3.0 New Zealand licence. (With the exceptions noted in http://researcharchive.lincoln.ac.nz/page/rights, this metadata is available under a Creative Commons Zero license.)",1,cc_by_attribution_only
"© Angela Curl, Catharine Ward Thompson, Susana Alves and Peter Aspinall
This is an Open Access article distributed under the terms of the Creative Commons Attribution License
(http://creativecommons.org/licenses/by/4.0), which permits unrestricted use, distribution, and reproduction in any
medium, provided the original work is properly cited. The moral rights of the named author(s) have been asserted.",1,cc_by_attribution_only
"© Angela Curl, CatharineWard Thompson, Susana Alves and Peter Aspinall
This is an Open Access article distributed under the terms of the Creative Commons Attribution License
(http://creativecommons.org/licenses/by/4.0), which permits unrestricted use, distribution, and reproduction in any
medium, provided the original work is properly cited. The moral rights of the named author(s) have been asserted.",1,cc_by_attribution_only
"© Antarctic Science 2014. This is an Open Access article, distributed under the terms of the Creative Commons Attribution licence (http://creativecommons.org/licenses/by/3.0/), which permits unrestricted re-use, distribution, and reproduction in any medium, provided the original work is properly cited.",1,cc_by_attribution_only
"© Antarctic Science Ltd 2019
This is an Open Access article, distributed under the terms of the Creative Commons Attribution licence (http://creativecommons.org/licenses/by/4.0/), which permits unrestricted re-use, distribution, and reproduction in any medium, provided the original work is properly cited.",1,cc_by_attribution_only
"© Asian Academy of Management and Penerbit Universiti Sains Malaysia, 2018. This work is
licensed under the terms of the Creative Commons Attribution (CC BY) (http://creativecommons.
org/licenses/by/4.0/).",1,cc_by_attribution_only
© Auckland Museum CC BY; Copyright undetermined - untraced rights owner; Cultural Permissions Apply,1,cc_by_attribution_only
© Author(s) 2014. This work is distributed under the Creative Commons Attribution 3.0 License.,1,cc_by_attribution_only
© Author(s) 2015. This work is distributed under the Creative Commons Attribution 3.0 License.,1,cc_by_attribution_only
"© Author(s) 2016. CC Attribution 3.0 License CC BY (With the exceptions noted in http://researcharchive.lincoln.ac.nz/page/rights, this metadata is available under a Creative Commons Zero license.)",1,cc_by_attribution_only
"© Author(s) 2016. This work is distributed
under the Creative Commons Attribution 3.0 License. (With the exceptions noted in http://researcharchive.lincoln.ac.nz/page/rights, this metadata is available under a Creative Commons Zero license.)",1,cc_by_attribution_only
© Author(s) 2016. This work is distributed under the Creative Commons Attribution 3.0 License.,1,cc_by_attribution_only
"© Author(s) 2017. This work is distributed under
the Creative Commons Attribution 4.0 License.",1,cc_by_attribution_only
"© Author(s) 2018. This work is distributed under
the Creative Commons Attribution 3.0 License.",1,cc_by_attribution_only
"© Author(s) 2019. This work is distributed under
the Creative Commons Attribution 4.0 License.",1,cc_by_attribution_only
© Author(s) 2020. This work is distributed under the Creative Commons Attribution 4.0 License.,1,cc_by_attribution_only
"© Cheong et al.; licensee Chemistry Central Ltd. 2014
This article is published under license to BioMed Central Ltd. This is an Open Access article distributed under the terms of the Creative Commons Attribution License (http://creativecommons.org/licenses/by/2.0), which permits unrestricted use, distribution, and reproduction in any medium, provided the original work is properly credited.",1,cc_by_attribution_only
"© Commonwealth of Australia 2012. The Department of Immigration and Citizenship (this department) encourages the dissemination and exchange of information provided on this website. The Commonwealth owns the copyright in all material produced by this department. All material presented on this website is provided under a Creative Commons Attribution 3.0 Australia licence,with the exception of:

- the Commonwealth Coat of Arms
- this department’s logo
- materials specifically not provided under a Creative Commons attribution 3.0 Australia licence content supplied by third parties.

The details of the relevant licence conditions are available on the Creative Commons website, as is the full legal code for the CC BY 3.0 AU licence.",1,cc_by_attribution_only
"© Copyright 2016 Sprague et al.
Distributed under Creative Commons CC-BY 4.0 (With the exceptions noted in http://researcharchive.lincoln.ac.nz/page/rights, this metadata is available under a Creative Commons Zero license.)",1,cc_by_attribution_only
"© Copyright for this article is retained by the author(s), with first publication rights granted to
the journal. This is an open-access article distributed under the terms and conditions of the Creative Commons Attribution license (http://creativecommons.org/licenses/by/3.0/). (With the exceptions noted in http://researcharchive.lincoln.ac.nz/page/rights, this metadata is available under a Creative Commons Zero license.)",1,cc_by_attribution_only
"© Copyright for this article is retained by the author(s), with first publication rights granted to the journal.
This is an open-access article distributed under the terms and conditions of the Creative Commons Attribution license (http://creativecommons.org/licenses/by/3.0/). (With the exceptions noted in http://researcharchive.lincoln.ac.nz/page/rights, this metadata is available under a Creative Commons Zero license.)",1,cc_by_attribution_only
"© Copyright reserved by the author(s).
This article is an open-access article distributed under the terms and conditions of the
Creative Commons Attribution license (http://creativecommons.org/licenses/by/3.0/). (With the exceptions noted in http://researcharchive.lincoln.ac.nz/page/rights, this metadata is available under a Creative Commons Zero license.)",1,cc_by_attribution_only
© Copyright with the author. This work is licensed under a Creative Commons Attribution 3.0 License.,1,cc_by_attribution_only
"© Dunlop et al.; licensee BioMed Central Ltd. 2013
This article is published under license to BioMed Central Ltd. This is an Open Access article distributed under the terms of the Creative Commons Attribution License (http://creativecommons.org/licenses/by/2.0), which permits unrestricted use, distribution, and reproduction in any medium, provided the original work is properly cited.",1,cc_by_attribution_only
© Grant McKenzie and Benjamin Adams; licensed under Creative Commons License CC-BY,1,cc_by_attribution_only
"© Helms et al.; licensee BioMed Central Ltd. 2014
This article is published under license to BioMed Central Ltd. This is an Open Access article distributed under the terms of the Creative Commons Attribution License (http://creativecommons.org/licenses/by/2.0), which permits unrestricted use, distribution, and reproduction in any medium, provided the original work is properly credited.",1,cc_by_attribution_only
"© INRA and Springer-Verlag France 2016 © The Author(s) 2015. This article is published with open access at Springerlink.com
Open Access
This article is distributed under the terms of the Creative Commons Attribution 4.0 International License (http://creativecommons.org/licenses/by/4.0/), which permits unrestricted use, distribution, and reproduction in any medium, provided you give appropriate credit to the original author(s) and the source, provide a link to the Creative Commons license, and indicate if changes were made. (With the exceptions noted in http://researcharchive.lincoln.ac.nz/page/rights, this metadata is available under a Creative Commons Zero license.)",1,cc_by_attribution_only
"© Jaimie F. Veale et al. 2017; Published by Mary Ann Liebert, Inc. This is an Open Access article distributed under the terms of the Creative Commons Attribution License, which permits unrestricted use, distribution, and reproduction in any medium, provided the original work is properly cited.",1,cc_by_attribution_only
"© Jens Dietrich, Kamil Jezek, Shawn Rasheed, Amjed Tahir, and Alex Potanin;
licensed under Creative Commons Attribution 3.0 Germany (CC BY 3.0 DE)",1,cc_by_attribution_only
"© John Enrique Mata. This work is licensed under the Creative Commons Attribution
4.0 License.",1,cc_by_attribution_only
© Landcare Research 2012 CC BY 3.0 NZ,1,cc_by_attribution_only
© Landcare Research CC BY 3.0 NZ,1,cc_by_attribution_only
"© Macrothink Institute & Edeigba, Gan & Amenkhienan.
Copyright for this article is retained by the author(s), with first publication rights granted to the journal. This is an open-access article distributed under the terms and conditions of Creative Commons Attribution license (http://creativecommons.org/licenses/by/4.0/)Commons Attribution license (http://creativecommons.org/licenses/by/4.0/) (With the exceptions noted in http://researcharchive.lincoln.ac.nz/page/rights, this metadata is available under a Creative Commons Zero license.)",1,cc_by_attribution_only
"© Mans et al.; licensee BioMed Central Ltd. This is an Open Access article distributed under the terms of the Creative Commons Attribution License (http://creativecommons.org/licenses/by/2.0), which permits unrestricted use, distribution, and reproduction in any medium, provided the original work is properly cited.",1,cc_by_attribution_only
"© Mark Dyer, Min-Hsien Weng, Shaoqun Wu, Tomas García Ferrari, Rachel Dyer. This is an open access article distributed under the terms of the Creative Commons Attribution 4.0 license (http://creativecommons.org/licenses/by/4.0), which permits any use, distribution, and reproduction of the work without further permission provided the original author(s) and source are credited.",1,cc_by_attribution_only
"© Noah Adams et al. 2017; Published by Mary Ann Liebert, Inc. This is an Open Access article distributed under the terms of the Creative Commons Attribution License, which permits unrestricted use, distribution, and reproduction in any medium, provided the original work is properly cited.",1,cc_by_attribution_only
© Ozgen et al.; licensee Springer. This is an Open Access article distributed under the terms of the Creative Commons Attribution License 2.0.,1,cc_by_attribution_only
"© Penerbit Universiti Sains Malaysia, 2017. This work is licensed under the terms of the Creative Commons Attribution (CC BY) (http://creativecommons.org/licenses/by/4.0/). For permission, please email:mjms.usm@gmail.com (With the exceptions noted in http://researcharchive.lincoln.ac.nz/page/rights, this metadata is available under a Creative Commons Zero license.)",1,cc_by_attribution_only
"© Polina Proutskova, Anja Volk, Peyman Heidarian, György Fazekas. Licensed under a Creative Commons Attribution 4.0 International License (CC BY 4.0). Attribution: Polina Proutskova, Anja Volk, Peyman Heidarian, György Fazekas. “From Music Ontology towards Ethno-Music-Ontology”, 21st International Society for Music Information Retrieval Conference, Montréal, Canada, 2020.",1,cc_by_attribution_only
"© S.J. Cunningham, D.M. Nichols, D. Bainbridge, H. Ali. Licensed under a Creative Commons Attribution 4.0 International License (CC BY 4.0).",1,cc_by_attribution_only
"© Stephane Boyer et al. This is an open access article distributed under the terms of the Creative Commons Attribution License (CC BY 4.0), which permits unrestricted use, distribution, and reproduction in any medium, provided the original author and source are credited (With the exceptions noted in http://researcharchive.lincoln.ac.nz/page/rights, this metadata is available under a Creative Commons Zero license.)",1,cc_by_attribution_only
"© Telfer A et al. This is an open access article distributed under the terms of the Creative Commons Attribution License (CC BY 4.0), which permits unrestricted use, distribution, and reproduction in any medium, provided the original author and source are credited.",1,cc_by_attribution_only
"© The Animal Consortium 2017. This is an Open Access article, distributed under the terms of the
Creative Commons Attribution licence (http://creativecommons.org/licenses/by/4.0/), which permits unrestricted re-use, distribution,
and reproduction in any medium, provided the original work is properly cited",1,cc_by_attribution_only
"© The Arizona Board of Regents on behalf of the University of Arizona 2020. This is an Open Access article, distributed under the terms of the Creative Commons Attribution licence (http://creativecommons.org/licenses/by/4.0/), which permits unrestricted re-use, distribution, and reproduction in any medium, provided the original work is properly cited.",1,cc_by_attribution_only
"© The Author 2013. Published by Oxford University Press on behalf of the Annals of Botany Company. This is an Open Access article distributed under the terms of the Creative Commons Attribution License (http://creativecommons.org/licenses/by/3.0/), which permits unrestricted reuse, distribution, and reproduction in any medium, provided the original work is properly cited. (With the exceptions noted in http://researcharchive.lincoln.ac.nz/page/rights, this metadata is available under a Creative Commons Zero license.)",1,cc_by_attribution_only
"© The Author 2017.
 Published by Oxford University Press on behalf of the Society for Molecular Biology and Evolution. This is an Open Access article distributed under the terms of the Creative Commons Attribution License (http://creativecommons.org/licenses/by/4.0/), which permits unrestricted reuse, distribution, and reproduction in any medium, provided the original work is properly cited.",1,cc_by_attribution_only
© The Author(s) / Attribution-NoDerivs CC BY-ND,1,cc_by_attribution_only
"© The Author(s) 2014
Open Access This article is distributed under the terms of the Creative Commons Attribution License which permits any use, distribution, and reproduction in any medium, provided the original author(s) and the source are credited",1,cc_by_attribution_only
"© The Author(s) 2015
Open AccessThis article is distributed under the terms of the Creative Commons Attribution 4.0 International License (http://creativecommons.org/licenses/by/4.0/), which permits unrestricted use, distribution, and reproduction in any medium, provided you give appropriate credit to the original author(s) and the source, provide a link to the Creative Commons license, and indicate if changes were made.",1,cc_by_attribution_only
"© The Author(s) 2016
Open Access
This article is distributed under the terms of the Creative Commons Attribution 4.0 International License (http://creativecommons.org/licenses/by/4.0/), which permits unrestricted use, distribution, and reproduction in any medium, provided you give appropriate credit to the original author(s) and the source, provide a link to the Creative Commons license, and indicate if changes were made.",1,cc_by_attribution_only
"© The Author(s) 2016
This is an Open Access article, distributed under the terms of the Creative Commons Attribution licence, which permits unrestricted re-use, distribution, and reproduction in any medium, provided the original work is properly cited.",1,cc_by_attribution_only
"© The Author(s) 2016. This article is distributed under the terms of the Creative Commons Attribution 4.0 International License (http://​creativecommons.​org/​licenses/​by/​4.​0/​), which permits unrestricted use, distribution, and reproduction in any medium, provided you give appropriate credit to the original author(s) and the source, provide a link to the Creative Commons license, and indicate if changes were made.",1,cc_by_attribution_only
© The Author(s) 2016. This article is distributed under the terms of the Creative Commons Attribution 4.0 International License.,1,cc_by_attribution_only
"© The Author(s) 2016. This work is licensed under a Creative Commons Attribution 4.0 International License. The images 
or other third party material in this article are included in the article’s Creative Commons license, 
unless indicated otherwise in the credit line; if the material is not included under the Creative Commons license, 
users will need to obtain permission from the license holder to reproduce the material. To view a copy of this 
license, visit http://creativecommons.org/licenses/by/4.0/ (With the exceptions noted in http://researcharchive.lincoln.ac.nz/page/rights, this metadata is available under a Creative Commons Zero license.)",1,cc_by_attribution_only
"© The Author(s) 2017

Open Access
This article is distributed under the terms of the Creative Commons Attribution 4.0 International License (http://creativecommons.org/licenses/by/4.0/), which permits unrestricted use, distribution, and reproduction in any medium, provided you give appropriate credit to the original author(s) and the source, provide a link to the Creative Commons license, and indicate if changes were made.",1,cc_by_attribution_only
"© The Author(s) 2017
Creative Commons CC BY: This article is distributed under the terms of the Creative Commons Attribution 3.0 License (http://www.creativecommons.org/licenses/by/3.0/) which permits any use, reproduction and distribution of the work without further permission provided the original work is attributed as specified on the SAGE and Open Access pages  (https://us.sagepub.com/en-us/nam/open-access-at-sage). (With the exceptions noted in http://researcharchive.lincoln.ac.nz/page/rights, this metadata is available under a Creative Commons Zero license.)",1,cc_by_attribution_only
"© The Author(s) 2017
Open Access. This article is licensed under a Creative Commons Attribution 4.0 International License, which permits use, sharing, adaptation, distribution and reproduction in any medium or format, as long as you give appropriate credit to the original author(s) and the source, provide a link to the Creative Commons license, and indicate if changes were made. The images or other third party material in this article are included in the article’s Creative Commons license, unless indicated otherwise in a credit line to the 
material. If material is not included in the article’s Creative Commons license and your intended use is not permitted by statutory regulation or exceeds the permitted use, you will need to obtain permission directly from the copyright holder. To view a copy of this license, visit http://creativecommons.org/licenses/by/4.0/
. (With the exceptions noted in http://researcharchive.lincoln.ac.nz/page/rights, this metadata is available under a Creative Commons Zero license.)",1,cc_by_attribution_only
"© The Author(s) 2017. Open Access Except where otherwise noted, this chapter is licensed under a Creative Commons Attribution 4.0 International License. To view a copy of this license, visit http://creativecommons.org/licenses/by/4.0/.",1,cc_by_attribution_only
"© The Author(s) 2017. Open Access. This article is licensed under a Creative Commons Attribution 4.0 International License, which permits use, sharing, adaptation, distribution and reproduction in any medium or format, as long as you give appropriate credit to the original author(s) and the source, provide a link to the Creative Commons license, and indicate if changes were made. The images or other third party material in this article are included in the article’s Creative Commons license, unless indicated otherwise in a credit line to the material. If material is not included in the article’s Creative Commons license and your intended use is not permitted by statutory regulation or exceeds the permitted use, you will need to obtain permission directly from the copyright holder. To view a copy of this license, visit http://creativecommons.org/licenses/by/4.0/. (With the exceptions noted in http://researcharchive.lincoln.ac.nz/page/rights, this metadata is available under a Creative Commons Zero license.)",1,cc_by_attribution_only
"© The Author(s) 2017. Published by ECS. This is an open access article distributed under the terms of the Creative Commons Attribution 4.0 License (CC BY, http://creativecommons.org/licenses/by/4.0/), which permits unrestricted reuse of the work in any medium, provided the original work is properly cited.",1,cc_by_attribution_only
"© The Author(s) 2017. This article is distributed under the terms of the Creative Commons Attribution 4.0 International License (http://creativecommons.org/licenses/by/4.0/), which permits unrestricted use, distribution, and reproduction in any medium, provided you give appropriate credit to the original author(s) and the source, provide a link to the Creative Commons license, and indicate if changes were made. (With the exceptions noted in http://researcharchive.lincoln.ac.nz/page/rights, this metadata is available under a Creative Commons Zero license.)",1,cc_by_attribution_only
"© The Author(s) 2017. This is an Open Access article, distributed under the terms of the Creative Commons Attribution licence (http://creativecommons.org/licenses/by/4.0/), which permits unrestricted re-use, distribution, and reproduction in any medium, provided the original work is properly cited.",1,cc_by_attribution_only
"© The Author(s) 2017. This work is licensed under a Creative Commons Attribution 4.0
International License. The images or other third party material in this
article are included in the article’s Creative Commons license, unless indicated otherwise
in the credit line; if the material is not included under the Creative Commons license,
users will need to obtain permission from the license holder to reproduce the material.
To view a copy of this license, visit http://creativecommons.org/licenses/by/4.0/ (With the exceptions noted in http://researcharchive.lincoln.ac.nz/page/rights, this metadata is available under a Creative Commons Zero license.)",1,cc_by_attribution_only
"© The Author(s) 2018
Open Access
This article is distributed under the terms of the Creative Commons Attribution 4.0 International License (http://creativecommons.org/licenses/by/4.0/), which permits unrestricted use, distribution, and reproduction in any medium, provided you give appropriate credit to the original author(s) and the source, provide a link to the Creative Commons license, and indicate if changes were made.",1,cc_by_attribution_only
"© The Author(s) 2018. Open Access. This article is licensed under a Creative Commons Attribution 4.0 International License. (With the exceptions noted in http://researcharchive.lincoln.ac.nz/page/rights, this metadata is available under a Creative Commons Zero license.)",1,cc_by_attribution_only
"© The Author(s) 2018. Published by Oxford University Press on behalf of the Annals of Botany Company.
This is an Open Access article distributed under the terms of the Creative Commons Attribution License (http://creativecommons.org/licenses/by/4.0/), which permits unrestricted reuse, distribution, and reproduction in any medium, provided the original work is properly cited.",1,cc_by_attribution_only
"© The Author(s) 2018. This article is distributed under the terms of the Creative Commons Attribution 4.0 International License (http://creat iveco mmons .org/licen ses/by/4.0/), which permits unrestricted use, distribution, and reproduction in any medium, provided you give appropriate credit to the original author(s) and the source, provide a link to the Creative Commons license, and indicate if changes were made.",1,cc_by_attribution_only
"© The Author(s) 2018. This article is licensed under a Creative Commons Attribution 4.0 International License, which permits use, sharing, adaptation, distribution and reproduction in any medium or format, as long as you give appropriate credit to the original author(s) and the source, provide a link to the Cre-ative Commons license, and indicate if changes were made. The images or other third party material in this article are included in the article’s Creative Commons license, unless indicated otherwise in a credit line to the material. If material is not included in the article’s Creative Commons license and your intended use is not per-mitted by statutory regulation or exceeds the permitted use, you will need to obtain permission directly from the copyright holder. To view a copy of this license, visit http://creativecommons.org/licenses/by/4.0/.",1,cc_by_attribution_only
"© The Author(s) 2019. This article is distributed under the terms of the Creative Commons Attribution 4.0 International License (http://creative commons.org/licenses/by/4.0/), which permits unrestricted use, distribution, and reproduction in any medium, provided you give appropriate credit to the original author(s) and the source, provide a link to the Creative Commons license, and indicate if changes were made.",1,cc_by_attribution_only
"© The Author(s) 2019. This article is licensed under a Creative Commons Attribution 4.0 International License, which permits use, sharing, adaptation, distribution and reproduction in any medium or format, as long as you give appropriate credit to the original author(s) and the source, provide a link to the Creative Commons licence, and indicate if changes were made",1,cc_by_attribution_only
"© The Author(s) 2020. Published by Oxford University Press. 
This is an Open Access article distributed under the terms of the Creative Commons Attribution License (http://creativecommons.org/licenses/by/4.0/), which permits unrestricted reuse, distribution, and reproduction in any medium, provided the original work is properly cited.",1,cc_by_attribution_only
"© The Author(s) 2021.

This chapter is distributed under the terms of the Creative Commons Attribution 4.0 International License (http://creativecommons.org/licenses/by/4.0/), which permits use, duplication, adaptation, distribution and reproduction in any medium or format, as long as you give appropriate credit to the original author(s) and the source, a link is provided to the Creative Commons license and any changes made are indicated.",1,cc_by_attribution_only
"© The Author(s) 2021. This article is licensed under a Creative Commons. 
Attribution 4.0 International License, which permits use, sharing, adaptation, distribution and reproduction in any medium or format, as long 
as you give appropriate credit to the original author(s) and the source, provide a link to 
the Creative Commons license, and indicate if changes were made. The images or other 
third party material in this article are included in the article’s Creative Commons license, 
unless indicated otherwise in a credit line to the material. If material is not included in 
the article’s Creative Commons license and your intended use is not permitted by statutory regulation or exceeds the permitted use, you will need to obtain permission directly 
from the copyright holder. To view a copy of this license, visit http://creativecommons.org/licenses/by/4.0/.",1,cc_by_attribution_only
"© The Author(s). 2017 Open Access This article is distributed under the terms of the Creative Commons Attribution 4.0 International License (http://creativecommons.org/licenses/by/4.0/), which permits unrestricted use, distribution, and reproduction in any medium, provided you give appropriate credit to the original author(s) and the source, provide a link to the Creative Commons license, and indicate if changes were made. (With the exceptions noted in http://researcharchive.lincoln.ac.nz/page/rights, this metadata is available under a Creative Commons Zero license.)",1,cc_by_attribution_only
"© The Author(s). 2018 Open Access This article is distributed under the terms of the Creative Commons Attribution 4.0
International License (http://creativecommons.org/licenses/by/4.0/), which permits unrestricted use, distribution, and
reproduction in any medium, provided you give appropriate credit to the original author(s) and the source, provide a link to the Creative Commons license, and indicate if changes were made.",1,cc_by_attribution_only
"© The Author(s). 2018 Open Access. This article is distributed under the terms of the Creative Commons Attribution 4.0
International License. (With the exceptions noted in http://researcharchive.lincoln.ac.nz/page/rights, this metadata is available under a Creative Commons Zero license.)",1,cc_by_attribution_only
"© The Author(s). 2019 Open Access This article is distributed under the terms of the Creative Commons Attribution 4.0 International License (http://creativecommons.org/licenses/by/4.0/), which permits unrestricted use, distribution, and reproduction in any medium, provided you give appropriate credit to the original author(s) and the source, provide a link to the Creative Commons license, and indicate if changes were made.",1,cc_by_attribution_only
"© The Author(s). 2020 Open Access This article is licensed under a Creative Commons Attribution 4.0 International License,
which permits use, sharing, adaptation, distribution and reproduction in any medium or format, as long as you give
appropriate credit to the original author(s) and the source, provide a link to the Creative Commons licence, and indicate if
changes were made. The images or other third party material in this article are included in the article's Creative Commons
licence, unless indicated otherwise in a credit line to the material. If material is not included in the article's Creative Commons
licence and your intended use is not permitted by statutory regulation or exceeds the permitted use, you will need to obtain
permission directly from the copyright holder. To view a copy of this licence, visit http://creativecommons.org/licenses/by/4.0/.",1,cc_by_attribution_only
"© The Author(s). 2020 Open Access This article is licensed under a Creative Commons Attribution 4.0 International License, which permits use, sharing, adaptation, distribution and reproduction in any medium or format, as long as you give appropriate credit to the original author(s) and the source, provide a link to the Creative Commons licence, and indicate if changes were made. The images or other third party material in this article are included in the article's Creative Commons licence, unless indicated otherwise in a credit line to the material. If material is not included in the article's Creative Commons licence and your intended use is not permitted by statutory regulation or exceeds the permitted use, you will need to obtain permission directly from the copyright holder. To view a copy of this licence, visit http://creativecommons.org/licenses/by/4.0/.",1,cc_by_attribution_only
© The Author(s). Published by Elsevier Ltd. This is an Open Access article under the CC-BY 4.0 license.,1,cc_by_attribution_only
"© The Authors
This work is licensed under a Creative Commons Attribution 4.0
International License. The images or other third party material in this
article are included in the article’s Creative Commons license, unless indicated otherwise
in the credit line; if the material is not included under the Creative Commons license,
users will need to obtain permission from the license holder to reproduce the material.
To view a copy of this license, visit http://creativecommons.org/licenses/by/4.0/ (With the exceptions noted in http://researcharchive.lincoln.ac.nz/page/rights, this metadata is available under a Creative Commons Zero license.)",1,cc_by_attribution_only
"© The Authors 2014
This is an Open Access article distributed under the terms of the Creative Commons Attribution License (http://creativecommons.org/licenses/by/4.0/), which permits unrestricted reuse, distribution, and reproduction in any medium, provided the original work is properly cited. (With the exceptions noted in http://researcharchive.lincoln.ac.nz/page/rights, this metadata is available under a Creative Commons Zero license.)",1,cc_by_attribution_only
"© The Authors 2016. Published by Oxford University Press on behalf of the Annals of Botany Company.
This is an Open Access article distributed under the terms of the Creative Commons Attribution License (http://creativecommons.org/licenses/by/4.0/), which permits unrestricted reuse, distribution, and reproduction in any medium, provided the original work is properly cited. (With the exceptions noted in http://researcharchive.lincoln.ac.nz/page/rights, this metadata is available under a Creative Commons Zero license.)",1,cc_by_attribution_only
"© The Authors 2016. This article is distributed under the terms of the Creative Commons Attribution 4.0 International License (http://creativecommons.org/licenses/by/4.0/), which permits unrestricted use, distribution, and reproduction in any medium, provided you give appropriate credit to the original author(s) and the source, provide a link to the Creative Commons license, and indicate if changes were made.",1,cc_by_attribution_only
© The Authors 2018. This article is distributed under the terms of the Creative Commons Attribution 3.0 International License.,1,cc_by_attribution_only
"© The Authors, 2018. CC BY. (With the exceptions noted in http://researcharchive.lincoln.ac.nz/page/rights, this metadata is available under a Creative Commons Zero license.)",1,cc_by_attribution_only
"© The Authors, published by EDP Sciences, 2021. This is an Open Access article distributed under the terms of the Creative Commons Attribution License 4.0, which permits unrestricted use, distribution, and reproduction in any medium, provided the original work is properly cited.",1,cc_by_attribution_only
"© The Authors. CC-BY (With the exceptions noted in http://researcharchive.lincoln.ac.nz/page/rights, this metadata is available under a Creative Commons Zero license.)",1,cc_by_attribution_only
"© The Editor(s) (if applicable) and The Author(s) 2021. This book is an open access publication.
Open Access This book is licensed under the terms of the Creative Commons Attribution 4.0
International License (http://creativecommons.org/licenses/by/4.0/), which permits use, sharing, adaptation, distribution and reproduction in any medium or format, as long as you give appropriate credit to the original author(s) and the source, provide a link to the Creative Commons license and indicate if changes were made.

The images or other third party material in this book are included in the book’s Creative Commons
license, unless indicated otherwise in a credit line to the material. If material is not included in the book’s Creative Commons license and your intended use is not permitted by statutory regulation or exceeds the permitted use, you will need to obtain permission directly from the copyright holder.
The use of general descriptive names, registered names, trademarks, service marks, etc. in this publication does not imply, even in the absence of a specific statement, that such names are exempt from the relevant protective laws and regulations and therefore free for general use.

The publisher, the authors and the editors are safe to assume that the advice and information in this
book are believed to be true and accurate at the date of publication. Neither the publisher nor the
authors or the editors give a warranty, expressed or implied, with respect to the material contained
herein or for any errors or omissions that may have been made. The publisher remains neutral with regard to jurisdictional claims in published maps and institutional affiliations.",1,cc_by_attribution_only
© The authors. Released under the CC BY-ND license (International 4.0).,1,cc_by_attribution_only
"© The authors. This is an Open Access article published by World Scientific Publishing Company. It is distributed under the terms of the Creative Commons Attribution 4.0 (CC BY) License which permits use, distribution and reproduction in any medium, provided the original work is properly cited.",1,cc_by_attribution_only
© This work is licensed under a Creative Commons Attribution - No Derivatives 4.0 International License.,1,cc_by_attribution_only
© Under License of Creative Commons Attribution 3.0 License,1,cc_by_attribution_only
"© Vanderschantz et al. This work is licensed under a Creative Commons Attribution 4.0 Unported License. To view a copy of this license, visit http://creativecommons.org/licenses/by/4.0/",1,cc_by_attribution_only
"© Xiao Hu, Kahyun Choi, Yun Hao, Sally Jo Cunningham, Jin Ha Lee, Audrey Laplante, David Bainbridge and J. Stephen Downie Licensed under a Creative Commons Attribution 4.0 International License (CC BY 4.0). Attribution: Xiao Hu, Kahyun Choi, Yun Hao, Sally Jo Cunningham, Jin Ha Lee, Audrey Laplante, David Bainbridge and J. Stephen Downie. “Exploring the Music Library Association Mailing List: A Text Mining Approach”, 18th International Society for Music Information Retrieval Conference, Suzhou, China, 2017.",1,cc_by_attribution_only
"©2010 CIAFEL. This is an Open Access article distributed under
the terms of the Creative Commons Attribution License
(http://creativecommons.org/licenses/by-nc-nd/3.0/deed.en). You
are free: to Share — to copy, distribute and transmit the work,
provided the original author and source are credited. (With the exceptions noted in http://researcharchive.lincoln.ac.nz/page/rights, this metadata is available under a Creative Commons Zero license.)",1,cc_by_attribution_only
"©2012 Magalhães et al. This is an open-access article distributed under the terms of the Creative Commons Attribution License, which permits unrestricted use, distribution, and reproduction in any medium, provided the original author and source are credited.",1,cc_by_attribution_only
©2013 MDPI. This article is published under the Creative Commons Attribution License 3.0.,1,cc_by_attribution_only
©2014 Colangeli et al. This is an open-access article distributed under the terms of the Creative Commons Attribution License.,1,cc_by_attribution_only
©2015 the authors.This is an open-access article distributed under Creative Commons Attribution License(CCBY).,1,cc_by_attribution_only
"©2016 Hussain MA. This is an open access article distributed under the Creative Commons Attribution 4.0 International License (CC BY 4.0), which permits unrestricted use, distribution, and reproduction in any medium, provided the original work is properly cited. (With the exceptions noted in http://researcharchive.lincoln.ac.nz/page/rights, this metadata is available under a Creative Commons Zero license.)",1,cc_by_attribution_only
"©2016 Jowitt LM.This is an open-access article distributed under the terms of the Creative Commons Attribution License, which permits unrestricted use, distribution, and reproduction in any medium, provided the original author and source are credited.",1,cc_by_attribution_only
"©2016 The Authors.Molecular Ecology Published by John Wiley & Sons Ltd.This is an open access article under the terms of the Creative Commons Attribution License,which permits use, distribution and reproduction in any medium, provided the original work is properly cited.",1,cc_by_attribution_only
"©2018 King DA, et al. This is an open-access article distributed under the terms of the Creative Commons Attribution License, which permits unrestricted use, distribution, and reproduction in any medium, provided the original author and source are credited.",1,cc_by_attribution_only
"©2018 Neumann E. This is an open-access article distributed under the terms of the Creative Commons Attribution License, which permits unrestricted use, distribution, and reproduction in any medium, provided the original author and source are credited.",1,cc_by_attribution_only
"©2018 by the authors. Licensee MDPI, Basel, Switzerland. This article is an open accessarticle distributed under the terms and conditions of the Creative Commons Attribution(CC BY) license (http://creativecommons.org/licenses/by/4.0/).",1,cc_by_attribution_only
©2021 by Academia Inc. - Open Access Distributed - under CC BY 4.0,1,cc_by_attribution_only
"©Elke Hacker, Caitlin Horsham, Martin Allen, Andrea Nathan, John Lowe, Monika Janda. Originally 
published in JMIR Research Protocols (http://www.researchprotocols.org), 17.04.2018. This is an 
open-access article distributed under the terms of the Creative Commons Attribution License 
(https://creativecommons.org/licenses/by/4.0/), which permits unrestricted use, distribution, and 
reproduction in any medium, provided the original work, first published in JMIR Research Protocols, 
is properly cited. The complete bibliographic information, a link to the original publication on 
http://www.researchprotocols.org, as well as this copyright and license information must be included.",1,cc_by_attribution_only
"©Gladys Lai Cheng Chia, Angelika Anderson, Louise Anne McLean. Originally published in JMIR Mhealth and Uhealth (http://mhealth.jmir.org), 14.07.2019. This is an open-access article distributed under the terms of the Creative Commons Attributionm License (https://creativecommons.org/licenses/by/4.0/), which permits unrestricted use, distribution, and reproduction in any medium, provided the original work, first published in JMIR mhealth and uhealth, is properly cited. The complete bibliographic information, a link to the original publication on http://mhealth.jmir.org/, as well as this copyright and license information must be included.",1,cc_by_attribution_only
"©Jacqueline Susan Feather, Moira Howson, Linda Ritchie, Philip D Carter, David Tudor Parry, Jane Koziol-McLain. Originally published in the Journal of Medical Internet Research (http://www.jmir.org), 30.06.2016.

This is an open-access article distributed under the terms of the Creative Commons Attribution License (http://creativecommons.org/licenses/by/2.0/), which permits unrestricted use, distribution, and reproduction in any medium, provided the original work, first published in the Journal of Medical Internet Research, is properly cited. The complete bibliographic information, a link to the original publication on http://www.jmir.org/, as well as this copyright and license information must be included.",1,cc_by_attribution_only
"ß
2008 Thomas et al. This is an open-access article distributed under the terms of the Creative Commons Attribution License, which permits
unrestricted use, distribution, and reproduction in any medium, provided the original author and source are credited.",1,cc_by_attribution_only
"ß
2009 Anderson et al. This is an open-access article distributed under the terms of the Creative Commons Attribution License, which permits
unrestricted use, distribution, and reproduction in any medium, provided the original author and source are credited.",1,cc_by_attribution_only
