rights_statement,record_count,rights_category
http://creativecommons.org/licenses/by-sa/3.0/nz/,28165,other_open_or_conditional
http://creativecommons.org/licences/by-nc/3.0/nz,18357,other_open_or_conditional
http://creativecommons.org/licenses/by-nc-nd/3.0/nz/,9704,other_open_or_conditional
"Except where otherwise noted, all content on this site provided by the Waimate Museum & Archives is licensed under a Creative Commons BY-NC-ND 3.0 Unported License.",8394,other_open_or_conditional
http://creativecommons.org/licenses/by-nc-sa/3.0/nz/,7972,other_open_or_conditional
Attribution License,6378,other_open_or_conditional
http://creativecommons.org/licenses/by/4.0/,4929,other_open_or_conditional
OpenAccess,4369,other_open_or_conditional
Attribution-NoDerivs License,2341,other_open_or_conditional
"(With the exceptions noted in http://researcharchive.lincoln.ac.nz/page/rights, this metadata is available under a Creative Commons Zero license.)",2123,other_open_or_conditional
Any requests to the Library for use or reuse of photographs for commercial purposes will be referred to The Press for the supply of copies.,1519,other_open_or_conditional
http://creativecommons.org/licenses/by-nc-sa/3.0/,1115,other_open_or_conditional
"https://researcharchive.lincoln.ac.nz/page/rights (With the exceptions noted in http://researcharchive.lincoln.ac.nz/page/rights, this metadata is available under a Creative Commons Zero license.)",1000,other_open_or_conditional
http://creativecommons.org/licenses/by/3.0/,955,other_open_or_conditional
Open,847,other_open_or_conditional
http://creativecommons.org/licenses/by-nc-sa/4.0/,687,other_open_or_conditional
http://creativecommons.org/licenses/by-sa/3.0/,669,other_open_or_conditional
http://creativecommons.org/licenses/by-sa/4.0/,510,other_open_or_conditional
Open. Digital copy available.; Open,423,other_open_or_conditional
http://creativecommons.org/licenses/by-nc-nd/4.0/,209,other_open_or_conditional
http://creativecommons.org/licenses/by-nc-sa/3.0/nz,209,other_open_or_conditional
http://creativecommons.org/licences/by/3.0/nz,158,other_open_or_conditional
http://creativecommons.org/licenses/by/3.0/nz/,132,other_open_or_conditional
Creative Commons BY-NC-ND 4.0 Licence,130,other_open_or_conditional
http://creativecommons.org/licenses/by-nc/4.0/,109,other_open_or_conditional
http://creativecommons.org/licenses/by-nd/3.0/nz/,91,other_open_or_conditional
Some rights reserved http://creativecommons.org/licenses/by/2.0/,71,other_open_or_conditional
Open.; Open,63,other_open_or_conditional
http://creativecommons.org/licenses/by-nc/3.0/nz/,48,other_open_or_conditional
"Digital dissertation can be viewed by current staff and students of Lincoln University only. (With the exceptions noted in http://researcharchive.lincoln.ac.nz/page/rights, this metadata is available under a Creative Commons Zero license.)",46,other_open_or_conditional
"This licence lets you distribute, remix, tweak, and build upon this work, even commercially, as long as you credit us for the original creation. This is the most accommodating of the licences offered, in terms of what you can do with our works licensed under Attribution.",45,other_open_or_conditional
"© The authors (With the exceptions noted in http://researcharchive.lincoln.ac.nz/page/rights, this metadata is available under a Creative Commons Zero license.)",45,other_open_or_conditional
"© The Authors (With the exceptions noted in http://researcharchive.lincoln.ac.nz/page/rights, this metadata is available under a Creative Commons Zero license.)",43,other_open_or_conditional
Some rights reserved http://creativecommons.org/licenses/by-nc-nd/2.0/,39,other_open_or_conditional
"http://creativecommons.org/licenses/by/4.0/ (With the exceptions noted in http://researcharchive.lincoln.ac.nz/page/rights, this metadata is available under a Creative Commons Zero license.)",34,other_open_or_conditional
http://creativecommons.org/licenses/by/2.0,30,other_open_or_conditional
This journal provides immediate open access to its content on the principle that making research freely available to the public supports a greater global exchange of knowledge.,29,other_open_or_conditional
"© 2020 by the authors. Licensee MDPI, Basel, Switzerland. (With the exceptions noted in http://researcharchive.lincoln.ac.nz/page/rights, this metadata is available under a Creative Commons Zero license.)",29,other_open_or_conditional
"© 2021 by the authors. Licensee MDPI, Basel, Switzerland. (With the exceptions noted in http://researcharchive.lincoln.ac.nz/page/rights, this metadata is available under a Creative Commons Zero license.)",29,other_open_or_conditional
"Attribution 4.0 International (With the exceptions noted in http://researcharchive.lincoln.ac.nz/page/rights, this metadata is available under a Creative Commons Zero license.)",25,other_open_or_conditional
http://creativecommons.org/licenses/by/4.0,24,other_open_or_conditional
http://creativecommons.org/licenses/by-nc-nd/3.0/,23,other_open_or_conditional
"Attribution-NoDerivatives 4.0 International (With the exceptions noted in http://researcharchive.lincoln.ac.nz/page/rights, this metadata is available under a Creative Commons Zero license.)",22,other_open_or_conditional
Some rights reserved http://creativecommons.org/licenses/by-nc-sa/2.0/,22,other_open_or_conditional
"© The Authors. (With the exceptions noted in http://researcharchive.lincoln.ac.nz/page/rights, this metadata is available under a Creative Commons Zero license.)",21,other_open_or_conditional
Garment loan courtesy of Hilaire Field ; Creative Commons BY-NC-ND 4.0 Licence,20,other_open_or_conditional
https://creativecommons.org/licenses/by-nc-nd/4.0/,19,other_open_or_conditional
Courtesy of Hilaire Field ; Creative Commons BY-NC-ND 4.0 Licence,18,other_open_or_conditional
http://creativecommons.org/licences/by-nd/3.0/nz,17,other_open_or_conditional
"© Alan Quartermain and Marion Rego, ANMM Collection reproduced courtesy of Alan Quartermain and Marion Rego and licenced for use by the Museum. If you would like to use this image please contact the Museum at images@sea.museum",17,other_open_or_conditional
Some rights reserved http://creativecommons.org/licenses/by-nc/2.0/,16,other_open_or_conditional
Some rights reserved http://creativecommons.org/licenses/by-sa/2.0/,16,other_open_or_conditional
Under a Creative Commons license,16,other_open_or_conditional
Garment loan courtesy of Ziggurat ; Creative Commons BY-NC-ND 4.0 Licence,15,other_open_or_conditional
https://creativecommons.org/licenses/by/4.0/,15,other_open_or_conditional
"© 2019 by the authors. Licensee MDPI, Basel, Switzerland. (With the exceptions noted in http://researcharchive.lincoln.ac.nz/page/rights, this metadata is available under a Creative Commons Zero license.)",15,other_open_or_conditional
"© The Authors and FLRC (With the exceptions noted in http://researcharchive.lincoln.ac.nz/page/rights, this metadata is available under a Creative Commons Zero license.)",15,other_open_or_conditional
Garment loan courtesy of Across the Board ; Creative Commons BY-NC-ND 4.0 Licence,14,other_open_or_conditional
"© The Author (With the exceptions noted in http://researcharchive.lincoln.ac.nz/page/rights, this metadata is available under a Creative Commons Zero license.)",14,other_open_or_conditional
Collection contains multiple items - rights applied at item level; Request in Library; Open,13,other_open_or_conditional
"Materials in this collection may be licensed for reproduction or publication, according to the policies of the UNT Libraries' Special Collections department. Restrictions may apply. NBC5/KXAS-TV http://rightsstatements.org/vocab/InC/1.0/",13,other_open_or_conditional
http://creativecommons.org/licenses/by/2.5/,13,other_open_or_conditional
"© The authors and NZGA (With the exceptions noted in http://researcharchive.lincoln.ac.nz/page/rights, this metadata is available under a Creative Commons Zero license.)",13,other_open_or_conditional
Collection contains multiple items - rights applied at item level; Digital copy available; Open,12,other_open_or_conditional
"Digital thesis can be viewed by current staff and students of Lincoln University only. Print copy available for reading in Lincoln University Library.  (With the exceptions noted in http://researcharchive.lincoln.ac.nz/page/rights, this metadata is available under a Creative Commons Zero license.)",12,other_open_or_conditional
Garment loan courtesy of Anneke Borren ; Creative Commons BY-NC-ND 4.0 Licence,12,other_open_or_conditional
"© New Zealand Ecological Society (With the exceptions noted in http://researcharchive.lincoln.ac.nz/page/rights, this metadata is available under a Creative Commons Zero license.)",12,other_open_or_conditional
"http://creativecommons.org/licenses/by-nc-nd/4.0/ (With the exceptions noted in http://researcharchive.lincoln.ac.nz/page/rights, this metadata is available under a Creative Commons Zero license.)",11,other_open_or_conditional
http://creativecommons.org/licenses/sampling+/1.0/,11,other_open_or_conditional
"© 2019 by the authors (With the exceptions noted in http://researcharchive.lincoln.ac.nz/page/rights, this metadata is available under a Creative Commons Zero license.)",11,other_open_or_conditional
Garment loan courtesy of Dianne Ludwig ; Creative Commons BY-NC-ND 4.0 Licence,10,other_open_or_conditional
Some rights reserved http://creativecommons.org/licenses/by-nd/2.0/,10,other_open_or_conditional
http://creativecommons.org/licenses/by-nc-sa/3.0/nz/deed.en,10,other_open_or_conditional
http://creativecommons.org/licenses/by-nc/3.0/,10,other_open_or_conditional
http://creativecommons.org/licenses/by-nd/3.0/,10,other_open_or_conditional
"© 2008 by South Island Dairy Event (SIDE) (With the exceptions noted in http://researcharchive.lincoln.ac.nz/page/rights, this metadata is available under a Creative Commons Zero license.)",10,other_open_or_conditional
Garment loan courtesy of Irene Sparks ; Creative Commons BY-NC-ND 4.0 Licence,9,other_open_or_conditional
Garment loan courtesy of Meegan Pollock ; Creative Commons BY-NC-ND 4.0 Licence,9,other_open_or_conditional
This article is distributed under the terms of the Creative commons license: https://creativecommons.org/licenses/by-nc-sa/3.0/,9,other_open_or_conditional
"© New Zealand Ecological Society Inc (NZES) (With the exceptions noted in http://researcharchive.lincoln.ac.nz/page/rights, this metadata is available under a Creative Commons Zero license.)",9,other_open_or_conditional
"© The author (With the exceptions noted in http://researcharchive.lincoln.ac.nz/page/rights, this metadata is available under a Creative Commons Zero license.)",9,other_open_or_conditional
Courtesy of Carolyn McCondach ; Creative Commons BY-NC-ND 4.0 Licence,8,other_open_or_conditional
"Time Capsule Licence. The Time Capsule material is licensed under Creative Commons BY-NC-ND, meaning you are free to share, to copy, distribute and transmit the work under the following conditions: you must attribute the work with ""Canterbury Time Capsule 2010 Project"" as well as the author (creator credit) of the letter (and not in any way that suggests that the project or author endorse you or your use of the work). You may not use this work for commercial purposes. You may not alter, transform, or build upon this work.",8,other_open_or_conditional
"© 2019 by the authors. (With the exceptions noted in http://researcharchive.lincoln.ac.nz/page/rights, this metadata is available under a Creative Commons Zero license.)",8,other_open_or_conditional
"© 2021 The Authors. (With the exceptions noted in http://researcharchive.lincoln.ac.nz/page/rights, this metadata is available under a Creative Commons Zero license.)",8,other_open_or_conditional
"© Agribusiness and Economics Research Unit. Lincoln University, New Zealand, 2020. (With the exceptions noted in http://researcharchive.lincoln.ac.nz/page/rights, this metadata is available under a Creative Commons Zero license.)",8,other_open_or_conditional
Courtesy of Fay Jewell ; Creative Commons BY-NC-ND 4.0 Licence,7,other_open_or_conditional
Digital copy available.; Open,7,other_open_or_conditional
Digital copy available; Open,7,other_open_or_conditional
"For authors of Bentham Open there is no restriction to authors for self-archiving of pre-refereeing preprints nor refereed postprints. The same applies for all authors who opt to publish their articles as open access for Bentham Science Publishers journals, in which case the publisher's version/PDF of the published article can be used for self-archiving.",7,other_open_or_conditional
Licensed under Creative Commons,7,other_open_or_conditional
http://creativecommons.org/licenses/by-nc-nd/2.5/,7,other_open_or_conditional
"http://creativecommons.org/licenses/by-nc-sa/4.0/ (With the exceptions noted in http://researcharchive.lincoln.ac.nz/page/rights, this metadata is available under a Creative Commons Zero license.)",7,other_open_or_conditional
https://eprints.utas.edu.au/licence.html/,7,other_open_or_conditional
https://us.sagepub.com/en-us/nam/journal-author-archiving-policies-and-re-use-1,7,other_open_or_conditional
"© 2016 New Zealand Institute of Primary Industry Management (NZIPIM) (With the exceptions noted in http://researcharchive.lincoln.ac.nz/page/rights, this metadata is available under a Creative Commons Zero license.)",7,other_open_or_conditional
"© 2019 The Author(s). (With the exceptions noted in http://researcharchive.lincoln.ac.nz/page/rights, this metadata is available under a Creative Commons Zero license.)",7,other_open_or_conditional
"© 2020 The Authors. (With the exceptions noted in http://researcharchive.lincoln.ac.nz/page/rights, this metadata is available under a Creative Commons Zero license.)",7,other_open_or_conditional
"© 2021 by the authors. Licensee MDPI, Basel, Switzerland (With the exceptions noted in http://researcharchive.lincoln.ac.nz/page/rights, this metadata is available under a Creative Commons Zero license.)",7,other_open_or_conditional
"© LEaP, Lincoln University, New Zealand 2020 (With the exceptions noted in http://researcharchive.lincoln.ac.nz/page/rights, this metadata is available under a Creative Commons Zero license.)",7,other_open_or_conditional
Courtesy of Alison Gracie ; Creative Commons BY-NC-ND 4.0 Licence,6,other_open_or_conditional
Courtesy of Sera Mitchinson ; Creative Commons BY-NC-ND 4.0 Licence,6,other_open_or_conditional
Garment loan courtesy of Auckland War Memorial Museum Tāmaki Paenga Hira ; Creative Commons BY-NC-ND 4.0 Licence,6,other_open_or_conditional
Garment loan courtesy of Jenny Bennett ; Creative Commons BY-NC-ND 4.0 Licence,6,other_open_or_conditional
Garment loan courtesy of Moyra Kyle ; Creative Commons BY-NC-ND 4.0 Licence,6,other_open_or_conditional
MAI Journal is an open access journal that publishes multidisciplinary peer-reviewed articles that critically analyse and address indigenous and Pacific issues in the context of Aotearoa New Zealand.,6,other_open_or_conditional
Publisher's own licence,6,other_open_or_conditional
"© 2020 by the authors. (With the exceptions noted in http://researcharchive.lincoln.ac.nz/page/rights, this metadata is available under a Creative Commons Zero license.)",6,other_open_or_conditional
"© 2021 The Author(s). (With the exceptions noted in http://researcharchive.lincoln.ac.nz/page/rights, this metadata is available under a Creative Commons Zero license.)",6,other_open_or_conditional
"© Agribusiness and Economics Research Unit. Lincoln University, New Zealand, 2016. (With the exceptions noted in http://researcharchive.lincoln.ac.nz/page/rights, this metadata is available under a Creative Commons Zero license.)",6,other_open_or_conditional
"© The Authors and NZGA (With the exceptions noted in http://researcharchive.lincoln.ac.nz/page/rights, this metadata is available under a Creative Commons Zero license.)",6,other_open_or_conditional
Collection contains multiple items - rights applied at item level; Open,5,other_open_or_conditional
Courtesy of Kathie Figgins ; Creative Commons BY-NC-ND 4.0 Licence,5,other_open_or_conditional
Courtesy of Vicki Mossong ; Creative Commons BY-NC-ND 4.0 Licence,5,other_open_or_conditional
Garment loan courtesy of Dion and Kaye Coleman ; Creative Commons BY-NC-ND 4.0 Licence,5,other_open_or_conditional
Garment loan courtesy of Helen Voss ; Creative Commons BY-NC-ND 4.0 Licence,5,other_open_or_conditional
Garment loan courtesy of Karen White ; Creative Commons BY-NC-ND 4.0 Licence,5,other_open_or_conditional
Garment loan courtesy of Rose Jackson ; Creative Commons BY-NC-ND 4.0 Licence,5,other_open_or_conditional
"JACIT is an Open Access Journal, and individual authors retain their intellectual property rights.",5,other_open_or_conditional
Loan courtesy of Dianne Ludwig. ; Creative Commons BY-NC-ND 4.0 Licence,5,other_open_or_conditional
Purchased 1972 Â© Colin Lanceley. Licensed by Viscopy,5,other_open_or_conditional
"© 2015 Lincoln Planning Review (With the exceptions noted in http://researcharchive.lincoln.ac.nz/page/rights, this metadata is available under a Creative Commons Zero license.)",5,other_open_or_conditional
"© 2020 by the authors (With the exceptions noted in http://researcharchive.lincoln.ac.nz/page/rights, this metadata is available under a Creative Commons Zero license.)",5,other_open_or_conditional
"© Agribusiness and Economics Research Unit. Lincoln University, New Zealand, 2018. (With the exceptions noted in http://researcharchive.lincoln.ac.nz/page/rights, this metadata is available under a Creative Commons Zero license.)",5,other_open_or_conditional
"© Agribusiness and Economics Research Unit. Lincoln University, New Zealand, 2019. (With the exceptions noted in http://researcharchive.lincoln.ac.nz/page/rights, this metadata is available under a Creative Commons Zero license.)",5,other_open_or_conditional
"© Australasian Quaternary Association (With the exceptions noted in http://researcharchive.lincoln.ac.nz/page/rights, this metadata is available under a Creative Commons Zero license.)",5,other_open_or_conditional
"© The Author(s) 2018 (With the exceptions noted in http://researcharchive.lincoln.ac.nz/page/rights, this metadata is available under a Creative Commons Zero license.)",5,other_open_or_conditional
"© The Author(s) 2019 (With the exceptions noted in http://researcharchive.lincoln.ac.nz/page/rights, this metadata is available under a Creative Commons Zero license.)",5,other_open_or_conditional
"© The Author(s) 2020 (With the exceptions noted in http://researcharchive.lincoln.ac.nz/page/rights, this metadata is available under a Creative Commons Zero license.)",5,other_open_or_conditional
"© The Author(s) 2021. (With the exceptions noted in http://researcharchive.lincoln.ac.nz/page/rights, this metadata is available under a Creative Commons Zero license.)",5,other_open_or_conditional
Courtesy of Dianne Ludwig ; Creative Commons BY-NC-ND 4.0 Licence,4,other_open_or_conditional
Courtesy of Tauranga Heritage Collection ; Creative Commons BY-NC-ND 4.0 Licence,4,other_open_or_conditional
Courtesy of Trelise Cooper ; Creative Commons BY-NC-ND 4.0 Licence,4,other_open_or_conditional
"Digital thesis can be viewed by current staff and students of Lincoln University only. (With the exceptions noted in http://researcharchive.lincoln.ac.nz/page/rights, this metadata is available under a Creative Commons Zero license.)",4,other_open_or_conditional
Garment loan courtesy of Carolyn McCondach ; Creative Commons BY-NC-ND 4.0 Licence,4,other_open_or_conditional
Garment loan courtesy of First Scene ; Creative Commons BY-NC-ND 4.0 Licence,4,other_open_or_conditional
Garment loan courtesy of Marilyne Campbell-Macdonald ; Creative Commons BY-NC-ND 4.0 Licence,4,other_open_or_conditional
Garment loan courtesy of Mary Poor ; Creative Commons BY-NC-ND 4.0 Licence,4,other_open_or_conditional
Garment loan courtesy of Paula Thompson ; Creative Commons BY-NC-ND 4.0 Licence,4,other_open_or_conditional
Journal of Community Positive Practices (JCPP) is an open access research journal.,4,other_open_or_conditional
Loan courtesy of Anita Arlov ; Creative Commons BY-NC-ND 4.0 Licence,4,other_open_or_conditional
Loan courtesy of Jennifer Yee Collinson. ; Creative Commons BY-NC-ND 4.0 Licence,4,other_open_or_conditional
Loan courtesy of Kathie Figgins ; Creative Commons BY-NC-ND 4.0 Licence,4,other_open_or_conditional
Loan courtesy of Linda Evans. ; Creative Commons BY-NC-ND 4.0 Licence,4,other_open_or_conditional
New Zealand Journal of Physiotherapy is available free of charge as an Open Access journal on the Internet.,4,other_open_or_conditional
Open Access funded by Biotechnology and Biological Sciences Research Council under a Creative Commons license,4,other_open_or_conditional
Under an Elsevier user license,4,other_open_or_conditional
http://creativecommons.org/licenses/by-nc-sa/2.0/fr/,4,other_open_or_conditional
"http://creativecommons.org/licenses/by-nd/4.0/ (With the exceptions noted in http://researcharchive.lincoln.ac.nz/page/rights, this metadata is available under a Creative Commons Zero license.)",4,other_open_or_conditional
https://creativecommons.org/licenses/by-nc-sa/4.0/,4,other_open_or_conditional
"© 2008 by South Island Dairy Event (SIDE). (With the exceptions noted in http://researcharchive.lincoln.ac.nz/page/rights, this metadata is available under a Creative Commons Zero license.)",4,other_open_or_conditional
"© 2018 The Authors. (With the exceptions noted in http://researcharchive.lincoln.ac.nz/page/rights, this metadata is available under a Creative Commons Zero license.)",4,other_open_or_conditional
"© 2018 by the authors. Licensee MDPI, Basel, Switzerland. (With the exceptions noted in http://researcharchive.lincoln.ac.nz/page/rights, this metadata is available under a Creative Commons Zero license.)",4,other_open_or_conditional
© Author(s) 2016. CC Attribution 3.0 License.,4,other_open_or_conditional
"© Emerald Group Publishing Limited (With the exceptions noted in http://researcharchive.lincoln.ac.nz/page/rights, this metadata is available under a Creative Commons Zero license.)",4,other_open_or_conditional
"© FLRC and the Authors (With the exceptions noted in http://researcharchive.lincoln.ac.nz/page/rights, this metadata is available under a Creative Commons Zero license.)",4,other_open_or_conditional
"© NZGA and the authors (With the exceptions noted in http://researcharchive.lincoln.ac.nz/page/rights, this metadata is available under a Creative Commons Zero license.)",4,other_open_or_conditional
"© The Author(s) 2017 (With the exceptions noted in http://researcharchive.lincoln.ac.nz/page/rights, this metadata is available under a Creative Commons Zero license.)",4,other_open_or_conditional
"© The Authors & FLRC. (With the exceptions noted in http://researcharchive.lincoln.ac.nz/page/rights, this metadata is available under a Creative Commons Zero license.)",4,other_open_or_conditional
"© The Authors, 2018 (With the exceptions noted in http://researcharchive.lincoln.ac.nz/page/rights, this metadata is available under a Creative Commons Zero license.)",4,other_open_or_conditional
"©2007 Modelling & Simulation Society of Australia & New Zealand Inc. (With the exceptions noted in http://researcharchive.lincoln.ac.nz/page/rights, this metadata is available under a Creative Commons Zero license.)",4,other_open_or_conditional
Courtesy of Allison Winterbottom ; Creative Commons BY-NC-ND 4.0 Licence,3,other_open_or_conditional
Courtesy of Doris de Pont ; Creative Commons BY-NC-ND 4.0 Licence,3,other_open_or_conditional
Courtesy of Emma Ford ; Creative Commons BY-NC-ND 4.0 Licence,3,other_open_or_conditional
Courtesy of Evelyn Ebrey ; Creative Commons BY-NC-ND 4.0 Licence,3,other_open_or_conditional
"Courtesy of Gus Fisher, Auckland ; Creative Commons BY-NC-ND 4.0 Licence",3,other_open_or_conditional
Courtesy of Lorraine Johnston. ; Creative Commons BY-NC-ND 4.0 Licence,3,other_open_or_conditional
Courtesy of Muriel Kett ; Creative Commons BY-NC-ND 4.0 Licence,3,other_open_or_conditional
"Digital dissertation can be viewed by the current staff and students of Lincoln University only. (With the exceptions noted in http://researcharchive.lincoln.ac.nz/page/rights, this metadata is available under a Creative Commons Zero license.)",3,other_open_or_conditional
Garment loan courtesy of Cybèle Wiren ; Creative Commons BY-NC-ND 4.0 Licence,3,other_open_or_conditional
Garment loan courtesy of Dolly DeStory ; Creative Commons BY-NC-ND 4.0 Licence,3,other_open_or_conditional
Garment loan courtesy of Doris de Pont ; Creative Commons BY-NC-ND 4.0 Licence,3,other_open_or_conditional
Garment loan courtesy of Emma Worthington ; Creative Commons BY-NC-ND 4.0 Licence,3,other_open_or_conditional
Garment loan courtesy of Evelyn Ebrey ; Creative Commons BY-NC-ND 4.0 Licence,3,other_open_or_conditional
Garment loan courtesy of Fiona Ralph ; Creative Commons BY-NC-ND 4.0 Licence,3,other_open_or_conditional
Garment loan courtesy of Harlow Brundell ; Creative Commons BY-NC-ND 4.0 Licence,3,other_open_or_conditional
Garment loan courtesy of Jean Betts ; Creative Commons BY-NC-ND 4.0 Licence,3,other_open_or_conditional
Garment loan courtesy of Jean Knight ; Creative Commons BY-NC-ND 4.0 Licence,3,other_open_or_conditional
Garment loan courtesy of Katerina Marinkovich ; Creative Commons BY-NC-ND 4.0 Licence,3,other_open_or_conditional
Garment loan courtesy of Linda Gordon ; Creative Commons BY-NC-ND 4.0 Licence,3,other_open_or_conditional
Garment loan courtesy of Mandy Scott ; Creative Commons BY-NC-ND 4.0 Licence,3,other_open_or_conditional
Garment loan courtesy of Margo Barton ; Creative Commons BY-NC-ND 4.0 Licence,3,other_open_or_conditional
Garment loan courtesy of Tauranga Heritage Collection ; Creative Commons BY-NC-ND 4.0 Licence,3,other_open_or_conditional
Garment loan courtesy of WORLD ; Creative Commons BY-NC-ND 4.0 Licence,3,other_open_or_conditional
Garment loan courtesy of Zambesi ; Creative Commons BY-NC-ND 4.0 Licence,3,other_open_or_conditional
Loan courtesy of Gil Hanly ; Creative Commons BY-NC-ND 4.0 Licence,3,other_open_or_conditional
Loan courtesy of Hilaire Field ; Creative Commons BY-NC-ND 4.0 Licence,3,other_open_or_conditional
Loan courtesy of Hilaire Field. ; Creative Commons BY-NC-ND 4.0 Licence,3,other_open_or_conditional
Loan courtesy of Jilly Thomas. ; Creative Commons BY-NC-ND 4.0 Licence,3,other_open_or_conditional
Loan courtesy of Kim Smith. ; Creative Commons BY-NC-ND 4.0 Licence,3,other_open_or_conditional
Loan courtesy of Rosalind Elliott ; Creative Commons BY-NC-ND 4.0 Licence,3,other_open_or_conditional
Loan courtesy of Sera Mitchinson ; Creative Commons BY-NC-ND 4.0 Licence,3,other_open_or_conditional
Loan courtesy of Tanya Carlson ; Creative Commons BY-NC-ND 4.0 Licence,3,other_open_or_conditional
Open Access,3,other_open_or_conditional
Purchased 1976 Â© Rosalie Gascoigne. Licensed by Viscopy,3,other_open_or_conditional
"The SciTePress Digital Library (Science and Technology Publications, Lda) is an open access repository, who specializes in publishing conference proceedings.",3,other_open_or_conditional
"http://creativecommons.org/licenses/by-nc/4.0/ (With the exceptions noted in http://researcharchive.lincoln.ac.nz/page/rights, this metadata is available under a Creative Commons Zero license.)",3,other_open_or_conditional
"http://rightsstatements.org/vocab/InC/1.0/ NBC5/KXAS-TV Materials in this collection may be licensed for reproduction or publication, according to the policies of the UNT Libraries' Special Collections department. Restrictions may apply.",3,other_open_or_conditional
"© 2007 Modelling & Simulation Society of Australia & New Zealand Inc. (With the exceptions noted in http://researcharchive.lincoln.ac.nz/page/rights, this metadata is available under a Creative Commons Zero license.)",3,other_open_or_conditional
"© 2012 MAI Journal is published by Ngā Pae o te Māramatanga (With the exceptions noted in http://researcharchive.lincoln.ac.nz/page/rights, this metadata is available under a Creative Commons Zero license.)",3,other_open_or_conditional
"© 2013 Proceedings of the 22nd International Grassland Congress (With the exceptions noted in http://researcharchive.lincoln.ac.nz/page/rights, this metadata is available under a Creative Commons Zero license.)",3,other_open_or_conditional
"© 2015 New Zealand Plant Protection Society (Inc.) (With the exceptions noted in http://researcharchive.lincoln.ac.nz/page/rights, this metadata is available under a Creative Commons Zero license.)",3,other_open_or_conditional
"© 2016 New Zealand Plant Protection Society (Inc.) www.nzpps.org Refer to http://www.nzpps.org/terms_of_use.html (With the exceptions noted in http://researcharchive.lincoln.ac.nz/page/rights, this metadata is available under a Creative Commons Zero license.)",3,other_open_or_conditional
"© 2016 The authors and NZGA. (With the exceptions noted in http://researcharchive.lincoln.ac.nz/page/rights, this metadata is available under a Creative Commons Zero license.)",3,other_open_or_conditional
"© 2017 Informa UK Limited, trading as Taylor & Francis Group (With the exceptions noted in http://researcharchive.lincoln.ac.nz/page/rights, this metadata is available under a Creative Commons Zero license.)",3,other_open_or_conditional
"© 2018 by the authors. (With the exceptions noted in http://researcharchive.lincoln.ac.nz/page/rights, this metadata is available under a Creative Commons Zero license.)",3,other_open_or_conditional
"© 2019 The Authors (With the exceptions noted in http://researcharchive.lincoln.ac.nz/page/rights, this metadata is available under a Creative Commons Zero license.)",3,other_open_or_conditional
"© 2019 The Authors. (With the exceptions noted in http://researcharchive.lincoln.ac.nz/page/rights, this metadata is available under a Creative Commons Zero license.)",3,other_open_or_conditional
"© 2020 The Author(s). (With the exceptions noted in http://researcharchive.lincoln.ac.nz/page/rights, this metadata is available under a Creative Commons Zero license.)",3,other_open_or_conditional
"© 2020 The Authors. Published by Elsevier B.V. (With the exceptions noted in http://researcharchive.lincoln.ac.nz/page/rights, this metadata is available under a Creative Commons Zero license.)",3,other_open_or_conditional
© Author(s) 2018. CC Attribution 4.0 license.,3,other_open_or_conditional
"© Author(s) 2019. (With the exceptions noted in http://researcharchive.lincoln.ac.nz/page/rights, this metadata is available under a Creative Commons Zero license.)",3,other_open_or_conditional
"© LEaP, Lincoln University, New Zealand 2021. (With the exceptions noted in http://researcharchive.lincoln.ac.nz/page/rights, this metadata is available under a Creative Commons Zero license.)",3,other_open_or_conditional
"© Lincoln Environmental. (With the exceptions noted in http://researcharchive.lincoln.ac.nz/page/rights, this metadata is available under a Creative Commons Zero license.)",3,other_open_or_conditional
"© NZIPIM (With the exceptions noted in http://researcharchive.lincoln.ac.nz/page/rights, this metadata is available under a Creative Commons Zero license.)",3,other_open_or_conditional
"© New Zealand Natural Sciences (With the exceptions noted in http://researcharchive.lincoln.ac.nz/page/rights, this metadata is available under a Creative Commons Zero license.)",3,other_open_or_conditional
"© The Author. (With the exceptions noted in http://researcharchive.lincoln.ac.nz/page/rights, this metadata is available under a Creative Commons Zero license.)",3,other_open_or_conditional
"© The Authors and Modelling and Simulation Society of Australia and New Zealand Inc. (MSSANZ) (With the exceptions noted in http://researcharchive.lincoln.ac.nz/page/rights, this metadata is available under a Creative Commons Zero license.)",3,other_open_or_conditional
"© The Authors and Modelling and Simulation Society of Australia and New Zealand Inc. (With the exceptions noted in http://researcharchive.lincoln.ac.nz/page/rights, this metadata is available under a Creative Commons Zero license.)",3,other_open_or_conditional
"© The Ornithological Society of New Zealand, Inc. (With the exceptions noted in http://researcharchive.lincoln.ac.nz/page/rights, this metadata is available under a Creative Commons Zero license.)",3,other_open_or_conditional
"© The authors. (With the exceptions noted in http://researcharchive.lincoln.ac.nz/page/rights, this metadata is available under a Creative Commons Zero license.)",3,other_open_or_conditional
"©LEaP, Lincoln University, New Zealand 2017 (With the exceptions noted in http://researcharchive.lincoln.ac.nz/page/rights, this metadata is available under a Creative Commons Zero license.)",3,other_open_or_conditional
"©New Zealand Ecological Society (With the exceptions noted in http://researcharchive.lincoln.ac.nz/page/rights, this metadata is available under a Creative Commons Zero license.)",3,other_open_or_conditional
Â© Colin Lanceley. Licensed by Viscopy,3,other_open_or_conditional
"Across the Board, costume rental collection, Auckland ; Creative Commons BY-NC-ND 4.0 Licence",2,other_open_or_conditional
All articles published by MDPI are made immediately available worldwide under an open access license.,2,other_open_or_conditional
All the journals published by Academy Publisher are ‘Open Access’ journals.,2,other_open_or_conditional
"Authors may post the final draft of their work on open, unrestricted Internet sites or deposit it in an institutional repository when the draft contains a link to the bibliographic record of the published version in the ASCE Civil Engineering Database. ""Final draft"" means the version submitted to ASCE after peer review and prior to copyediting or other ASCE production activities; it does not include the copyedited version, the page proof, or a PDF of the published version.",2,other_open_or_conditional
"Cochrane Protocols and Reviews (including updates) published in the CDSR, with the exception of gold open access articles (see above), will be made freely available in the CDSR 12 months after publication. This will happen automatically and there is no charge for this.",2,other_open_or_conditional
Collection contains multiple items - rights applied at item level; Access by appointment – contact Library; Open,2,other_open_or_conditional
"Compliance with the open-access policy, all content published by Science Publications offers unrestricted access, distribution, and reproduction in any medium; provided the original work is correctly cited.",2,other_open_or_conditional
Courtesy of Across the Board ; Creative Commons BY-NC-ND 4.0 Licence,2,other_open_or_conditional
Courtesy of Adrian Hailwood ; Creative Commons BY-NC-ND 4.0 Licence,2,other_open_or_conditional
Courtesy of Amy Wade (Vintage Mash) ; Creative Commons BY-NC-ND 4.0 Licence,2,other_open_or_conditional
Courtesy of Anita Lucas ; Creative Commons BY-NC-ND 4.0 Licence,2,other_open_or_conditional
Courtesy of Anja Packham ; Creative Commons BY-NC-ND 4.0 Licence,2,other_open_or_conditional
Courtesy of Bar Hoadley ; Creative Commons BY-NC-ND 4.0 Licence,2,other_open_or_conditional
Courtesy of Carolin Moore ; Creative Commons BY-NC-ND 4.0 Licence,2,other_open_or_conditional
Courtesy of Cybèle Wiren ; Creative Commons BY-NC-ND 4.0 Licence,2,other_open_or_conditional
Courtesy of Dianne Ludwig. ; Creative Commons BY-NC-ND 4.0 Licence,2,other_open_or_conditional
Courtesy of Hilaire Field. ; Creative Commons BY-NC-ND 4.0 Licence,2,other_open_or_conditional
Courtesy of Jenny Bennett ; Creative Commons BY-NC-ND 4.0 Licence,2,other_open_or_conditional
Courtesy of Jenny Francis ; Creative Commons BY-NC-ND 4.0 Licence,2,other_open_or_conditional
Courtesy of Jeong-Hee Shin-Newstead ; Creative Commons BY-NC-ND 4.0 Licence,2,other_open_or_conditional
Courtesy of Linda Gordon ; Creative Commons BY-NC-ND 4.0 Licence,2,other_open_or_conditional
Courtesy of Marilyn Corbishley ; Creative Commons BY-NC-ND 4.0 Licence,2,other_open_or_conditional
Courtesy of Rose Jackson ; Creative Commons BY-NC-ND 4.0 Licence,2,other_open_or_conditional
Courtesy of Tonya Dunn ; Creative Commons BY-NC-ND 4.0 Licence,2,other_open_or_conditional
Courtesy of Valerie Svendsen ; Creative Commons BY-NC-ND 4.0 Licence,2,other_open_or_conditional
Courtesy of Wendy Ganley ; Creative Commons BY-NC-ND 4.0 Licence,2,other_open_or_conditional
Courtesy of Zambesi ; Creative Commons BY-NC-ND 4.0 Licence,2,other_open_or_conditional
Creative commons license: https://creativecommons.org/licenses/by-nc-sa/3.0/,2,other_open_or_conditional
Garment loan courtesy of Adrian Hailwood ; Creative Commons BY-NC-ND 4.0 Licence,2,other_open_or_conditional
Garment loan courtesy of Andrew Clifford ; Creative Commons BY-NC-ND 4.0 Licence,2,other_open_or_conditional
Garment loan courtesy of Clare Cramond ; Creative Commons BY-NC-ND 4.0 Licence,2,other_open_or_conditional
Garment loan courtesy of Donna Tulloch ; Creative Commons BY-NC-ND 4.0 Licence,2,other_open_or_conditional
Garment loan courtesy of Dot Louie ; Creative Commons BY-NC-ND 4.0 Licence,2,other_open_or_conditional
Garment loan courtesy of Fay Jewell ; Creative Commons BY-NC-ND 4.0 Licence,2,other_open_or_conditional
Garment loan courtesy of Felicity Hazlett ; Creative Commons BY-NC-ND 4.0 Licence,2,other_open_or_conditional
Garment loan courtesy of Fredericka Dale Hackett-Himmel ; Creative Commons BY-NC-ND 4.0 Licence,2,other_open_or_conditional
Garment loan courtesy of Genevieve de Pont ; Creative Commons BY-NC-ND 4.0 Licence,2,other_open_or_conditional
Garment loan courtesy of Haley Parkin ; Creative Commons BY-NC-ND 4.0 Licence,2,other_open_or_conditional
Garment loan courtesy of Janice Corbishley ; Creative Commons BY-NC-ND 4.0 Licence,2,other_open_or_conditional
Garment loan courtesy of Jennifer Evans ; Creative Commons BY-NC-ND 4.0 Licence,2,other_open_or_conditional
Garment loan courtesy of Jo Page ; Creative Commons BY-NC-ND 4.0 Licence,2,other_open_or_conditional
Garment loan courtesy of Joanna and Stella Bell ; Creative Commons BY-NC-ND 4.0 Licence,2,other_open_or_conditional
Garment loan courtesy of Kate Tattersfield ; Creative Commons BY-NC-ND 4.0 Licence,2,other_open_or_conditional
Garment loan courtesy of Kathie Figgins ; Creative Commons BY-NC-ND 4.0 Licence,2,other_open_or_conditional
Garment loan courtesy of Kerry Yaw ; Creative Commons BY-NC-ND 4.0 Licence,2,other_open_or_conditional
Garment loan courtesy of Ladi6 ; Creative Commons BY-NC-ND 4.0 Licence,2,other_open_or_conditional
Garment loan courtesy of Lizzie Firth ; Creative Commons BY-NC-ND 4.0 Licence,2,other_open_or_conditional
Garment loan courtesy of Lynette Walsh ; Creative Commons BY-NC-ND 4.0 Licence,2,other_open_or_conditional
Garment loan courtesy of Maree Mills ; Creative Commons BY-NC-ND 4.0 Licence,2,other_open_or_conditional
Garment loan courtesy of NOM*d ; Creative Commons BY-NC-ND 4.0 Licence,2,other_open_or_conditional
Garment loan courtesy of Natalie Miskin ; Creative Commons BY-NC-ND 4.0 Licence,2,other_open_or_conditional
Garment loan courtesy of Niki Bezzant ; Creative Commons BY-NC-ND 4.0 Licence,2,other_open_or_conditional
Garment loan courtesy of Pam Nash ; Creative Commons BY-NC-ND 4.0 Licence,2,other_open_or_conditional
Garment loan courtesy of Rachel Stace ; Creative Commons BY-NC-ND 4.0 Licence,2,other_open_or_conditional
Garment loan courtesy of Raewyn Alexander ; Creative Commons BY-NC-ND 4.0 Licence,2,other_open_or_conditional
Garment loan courtesy of Robin Whitworth ; Creative Commons BY-NC-ND 4.0 Licence,2,other_open_or_conditional
Garment loan courtesy of Rosemary Osborne ; Creative Commons BY-NC-ND 4.0 Licence,2,other_open_or_conditional
Garment loan courtesy of Sam Smersh ; Creative Commons BY-NC-ND 4.0 Licence,2,other_open_or_conditional
Garment loan courtesy of Sera Mitchinson ; Creative Commons BY-NC-ND 4.0 Licence,2,other_open_or_conditional
Garment loan courtesy of Tami Neilson ; Creative Commons BY-NC-ND 4.0 Licence,2,other_open_or_conditional
Garment loan courtesy of Therese Rodger ; Creative Commons BY-NC-ND 4.0 Licence,2,other_open_or_conditional
Garment loan courtesy of Thérèse Regan ; Creative Commons BY-NC-ND 4.0 Licence,2,other_open_or_conditional
Garment loan courtesy of Tina Stephen ; Creative Commons BY-NC-ND 4.0 Licence,2,other_open_or_conditional
Garment loan courtesy of Zora Price ; Creative Commons BY-NC-ND 4.0 Licence,2,other_open_or_conditional
Garment loan courtesy of the McLeod family ; Creative Commons BY-NC-ND 4.0 Licence,2,other_open_or_conditional
In depositing material in Research Online you grant ECU a non-exclusive licence. This means you are free to deposit it in other institutional or subject-based repositories. You will need to refer to the policy of the institutional repository at the new university to check whether research work from previous institutions is accepted.,2,other_open_or_conditional
Loan courtesy of Abby Roldan. ; Creative Commons BY-NC-ND 4.0 Licence,2,other_open_or_conditional
Loan courtesy of Charmaine Reveley ; Creative Commons BY-NC-ND 4.0 Licence,2,other_open_or_conditional
Loan courtesy of Diana Fletcher ; Creative Commons BY-NC-ND 4.0 Licence,2,other_open_or_conditional
Loan courtesy of Eloise Watts ; Creative Commons BY-NC-ND 4.0 Licence,2,other_open_or_conditional
Loan courtesy of Fay Jewell ; Creative Commons BY-NC-ND 4.0 Licence,2,other_open_or_conditional
Loan courtesy of Geoffrey Bailey ; Creative Commons BY-NC-ND 4.0 Licence,2,other_open_or_conditional
Loan courtesy of Helen Voss ; Creative Commons BY-NC-ND 4.0 Licence,2,other_open_or_conditional
Loan courtesy of Jenni Waddell. ; Creative Commons BY-NC-ND 4.0 Licence,2,other_open_or_conditional
Loan courtesy of Karen White. ; Creative Commons BY-NC-ND 4.0 Licence,2,other_open_or_conditional
Loan courtesy of Katerina Marinkovich. ; Creative Commons BY-NC-ND 4.0 Licence,2,other_open_or_conditional
Loan courtesy of Lesley Murphy. ; Creative Commons BY-NC-ND 4.0 Licence,2,other_open_or_conditional
Loan courtesy of Liz Mitchell. ; Creative Commons BY-NC-ND 4.0 Licence,2,other_open_or_conditional
Loan courtesy of Mild Red ; Creative Commons BY-NC-ND 4.0 Licence,2,other_open_or_conditional
Loan courtesy of Ngaire Henstock. ; Creative Commons BY-NC-ND 4.0 Licence,2,other_open_or_conditional
Loan courtesy of Robin Whitworth. ; Creative Commons BY-NC-ND 4.0 Licence,2,other_open_or_conditional
Loan courtesy of Sue Joe ; Creative Commons BY-NC-ND 4.0 Licence,2,other_open_or_conditional
Loan courtesy of Vaughan Geeson ; Creative Commons BY-NC-ND 4.0 Licence,2,other_open_or_conditional
Martin Snedden ; Creative Commons BY-NC-ND 4.0 Licence,2,other_open_or_conditional
Open access,2,other_open_or_conditional
Open. The YWCA retains intellectual ownership.; Open,2,other_open_or_conditional
Please check any reuse or reproduction with the Library.,2,other_open_or_conditional
Purchased 1976 Â© Colin Lanceley. Licensed by Viscopy,2,other_open_or_conditional
Request in Library; Open,2,other_open_or_conditional
The Author(s) 2017. This article is an open access publication,2,other_open_or_conditional
"The PDF files of all NAUN Journals are open to everyone, without any username/password requirements.",2,other_open_or_conditional
"The author(s) assign a Creative Commons by attribution 3.0 licence enabling others to distribute, remix, tweak, and build upon their work, even commercially, as long as credit is given to the author(s) for the original creation.",2,other_open_or_conditional
"The author(s) assign a Creative Commons by attribution licence enabling others to distribute, remix, tweak, and build upon their work, even commercially, as long as credit is given to the author(s) for the original creation.",2,other_open_or_conditional
The contents of this journal will be available in an open access format 12 month(s) after an issue is published.,2,other_open_or_conditional
"The presentations that make up the current and archived conferences on the Eleventh International Conference on Recent Advances in Structural Dynamics have been made open access and are freely available for viewing, for the benefit of authors and interested readers.",2,other_open_or_conditional
This article is published under a Creative Commons license.,2,other_open_or_conditional
"This is an open access article under the terms of the http://creativecommons.org/licenses/by/4.0/, which permits unrestricted use, distribution and reproduction in any medium, provided the original
author and source are credited.",2,other_open_or_conditional
Zora Price ; Creative Commons BY-NC-ND 4.0 Licence,2,other_open_or_conditional
http://aom.org/Publications/AOM-Open-Access.aspx,2,other_open_or_conditional
http://creativecommons.org/license/cc-gpl,2,other_open_or_conditional
http://creativecommons.org/licenses/by-sa/3.0/nl/,2,other_open_or_conditional
"http://creativecommons.org/licenses/by-sa/4.0/ (With the exceptions noted in http://researcharchive.lincoln.ac.nz/page/rights, this metadata is available under a Creative Commons Zero license.)",2,other_open_or_conditional
©  Allen et al.; licensee BioMed Central Ltd. 2013,2,other_open_or_conditional
"© 2005 Modelling & Simulation Society of Australia & New Zealand Inc. (With the exceptions noted in http://researcharchive.lincoln.ac.nz/page/rights, this metadata is available under a Creative Commons Zero license.)",2,other_open_or_conditional
"© 2007 American Society of Agronomy, Crop Science Society of America, and Soil Science Society of America (With the exceptions noted in http://researcharchive.lincoln.ac.nz/page/rights, this metadata is available under a Creative Commons Zero license.)",2,other_open_or_conditional
"© 2011 International Union for Conservation of Nature and Natural Resources (With the exceptions noted in http://researcharchive.lincoln.ac.nz/page/rights, this metadata is available under a Creative Commons Zero license.)",2,other_open_or_conditional
"© 2014 New Zealand Plant Protection Society (Inc.) (With the exceptions noted in http://researcharchive.lincoln.ac.nz/page/rights, this metadata is available under a Creative Commons Zero license.)",2,other_open_or_conditional
"© 2016 New Zealand Plant Protection Society (Inc.) www.nzpps.org (With the exceptions noted in http://researcharchive.lincoln.ac.nz/page/rights, this metadata is available under a Creative Commons Zero license.)",2,other_open_or_conditional
"© 2017 The Authors. (With the exceptions noted in http://researcharchive.lincoln.ac.nz/page/rights, this metadata is available under a Creative Commons Zero license.)",2,other_open_or_conditional
"© 2018 New Zealand Plant Protection Society (Inc.) (With the exceptions noted in http://researcharchive.lincoln.ac.nz/page/rights, this metadata is available under a Creative Commons Zero license.)",2,other_open_or_conditional
"© 2019 New Zealand Plant Protection Society (Inc.) (With the exceptions noted in http://researcharchive.lincoln.ac.nz/page/rights, this metadata is available under a Creative Commons Zero license.)",2,other_open_or_conditional
"© 2019 The Author(s) (With the exceptions noted in http://researcharchive.lincoln.ac.nz/page/rights, this metadata is available under a Creative Commons Zero license.)",2,other_open_or_conditional
"© 2019 The Author(s). Published by IOP Publishing Ltd. (With the exceptions noted in http://researcharchive.lincoln.ac.nz/page/rights, this metadata is available under a Creative Commons Zero license.)",2,other_open_or_conditional
"© 2019 The Author(s). Published by Informa UK Limited, trading as Taylor & Francis Group (With the exceptions noted in http://researcharchive.lincoln.ac.nz/page/rights, this metadata is available under a Creative Commons Zero license.)",2,other_open_or_conditional
"© 2019 by the Ecological Society of America (With the exceptions noted in http://researcharchive.lincoln.ac.nz/page/rights, this metadata is available under a Creative Commons Zero license.)",2,other_open_or_conditional
"© 2020 The Author(s). Published by Informa UK Limited, trading as Taylor & Francis Group (With the exceptions noted in http://researcharchive.lincoln.ac.nz/page/rights, this metadata is available under a Creative Commons Zero license.)",2,other_open_or_conditional
"© 2020 The Authors (With the exceptions noted in http://researcharchive.lincoln.ac.nz/page/rights, this metadata is available under a Creative Commons Zero license.)",2,other_open_or_conditional
"© Agribusiness and Economics Research Unit. Lincoln University, New Zealand, 2017. (With the exceptions noted in http://researcharchive.lincoln.ac.nz/page/rights, this metadata is available under a Creative Commons Zero license.)",2,other_open_or_conditional
© Author(s) 2019. CC Attribution 4.0 license.,2,other_open_or_conditional
"© Author(s) 2020. (With the exceptions noted in http://researcharchive.lincoln.ac.nz/page/rights, this metadata is available under a Creative Commons Zero license.)",2,other_open_or_conditional
"© Canadian Center of Science and Education (With the exceptions noted in http://researcharchive.lincoln.ac.nz/page/rights, this metadata is available under a Creative Commons Zero license.)",2,other_open_or_conditional
"© Department of Pest-management & Conservation, Lincoln University (With the exceptions noted in http://researcharchive.lincoln.ac.nz/page/rights, this metadata is available under a Creative Commons Zero license.)",2,other_open_or_conditional
"© Donald Bastock, ANMM Collection reproduced courtesy of Donald Bastock and licenced for use by the Museum. If you would like to use this image please contact the Museum at images@sea.museum",2,other_open_or_conditional
"© Helen S Tiernan, ANMM Collection reproduced courtesy of Helen S Tiernan and licenced for use by the Museum. If you would like to use this image please contact the Museum at images@sea.museum",2,other_open_or_conditional
"© IOM (ICEM), ANMM Collection reproduced courtesy of IOM (ICEM) and licenced for use by the Museum. If you would like to use this image please contact the Museum at images@sea.museum",2,other_open_or_conditional
"© JNBIT (With the exceptions noted in http://researcharchive.lincoln.ac.nz/page/rights, this metadata is available under a Creative Commons Zero license.)",2,other_open_or_conditional
"© Lincoln Environmental (With the exceptions noted in http://researcharchive.lincoln.ac.nz/page/rights, this metadata is available under a Creative Commons Zero license.)",2,other_open_or_conditional
"© Medwell Journals, 2015 (With the exceptions noted in http://researcharchive.lincoln.ac.nz/page/rights, this metadata is available under a Creative Commons Zero license.)",2,other_open_or_conditional
"© NZSAP and the authors (With the exceptions noted in http://researcharchive.lincoln.ac.nz/page/rights, this metadata is available under a Creative Commons Zero license.)",2,other_open_or_conditional
"© New Zealand Ecological Society 2013 (With the exceptions noted in http://researcharchive.lincoln.ac.nz/page/rights, this metadata is available under a Creative Commons Zero license.)",2,other_open_or_conditional
"© New Zealand Ecological Society. (With the exceptions noted in http://researcharchive.lincoln.ac.nz/page/rights, this metadata is available under a Creative Commons Zero license.)",2,other_open_or_conditional
"© New Zealand Institute of Forestry (With the exceptions noted in http://researcharchive.lincoln.ac.nz/page/rights, this metadata is available under a Creative Commons Zero license.)",2,other_open_or_conditional
"© Published under licence by IOP Publishing Ltd. (With the exceptions noted in http://researcharchive.lincoln.ac.nz/page/rights, this metadata is available under a Creative Commons Zero license.)",2,other_open_or_conditional
"© Robert McRae, ANMM Collection reproduced courtesy of Robert McRae and licenced for use by the Museum. If you would like to use this image please contact the Museum at images@sea.museum",2,other_open_or_conditional
"© The Author(s) 2017. (With the exceptions noted in http://researcharchive.lincoln.ac.nz/page/rights, this metadata is available under a Creative Commons Zero license.)",2,other_open_or_conditional
"© The Author(s). 2020 (With the exceptions noted in http://researcharchive.lincoln.ac.nz/page/rights, this metadata is available under a Creative Commons Zero license.)",2,other_open_or_conditional
"© The Author(s). 2020. (With the exceptions noted in http://researcharchive.lincoln.ac.nz/page/rights, this metadata is available under a Creative Commons Zero license.)",2,other_open_or_conditional
"© The Authors & NZGA (With the exceptions noted in http://researcharchive.lincoln.ac.nz/page/rights, this metadata is available under a Creative Commons Zero license.)",2,other_open_or_conditional
"© The Authors 2016 (With the exceptions noted in http://researcharchive.lincoln.ac.nz/page/rights, this metadata is available under a Creative Commons Zero license.)",2,other_open_or_conditional
"© The Authors and Modelling and Simulation Society of Australia and New Zealand Inc. (MSSANZ). (With the exceptions noted in http://researcharchive.lincoln.ac.nz/page/rights, this metadata is available under a Creative Commons Zero license.)",2,other_open_or_conditional
"© The authors and FLRC (With the exceptions noted in http://researcharchive.lincoln.ac.nz/page/rights, this metadata is available under a Creative Commons Zero license.)",2,other_open_or_conditional
"© The authors © New Zealand Grassland Association (With the exceptions noted in http://researcharchive.lincoln.ac.nz/page/rights, this metadata is available under a Creative Commons Zero license.)",2,other_open_or_conditional
"©2019 New Zealand Plant Protection Society (Inc.). (With the exceptions noted in http://researcharchive.lincoln.ac.nz/page/rights, this metadata is available under a Creative Commons Zero license.)",2,other_open_or_conditional
"©LEaP, Lincoln University, New Zealand 2015 (With the exceptions noted in http://researcharchive.lincoln.ac.nz/page/rights, this metadata is available under a Creative Commons Zero license.)",2,other_open_or_conditional
"©LEaP, Lincoln University, New Zealand 2016 (With the exceptions noted in http://researcharchive.lincoln.ac.nz/page/rights, this metadata is available under a Creative Commons Zero license.)",2,other_open_or_conditional
"""Our publications are truly open access. As soon as a volume is ready, it is published and the articles are accessible to everybody at no cost""--https://easychair.org/publications/EPiC",1,other_open_or_conditional
"""Reconceptualizing Educational Research Methodology (RERM) is an open-access, net-based, peer reviewed and English-language journal for researchers and practitioners investigating, tracing and theorizing practices, experimenting and exploring a variety of research methodologies""--https://journals.hioa.no/index.php/rerm/about",1,other_open_or_conditional
"""This journal provides immediate open access to its content on the principle that making research freely available to the public supports a greater global exchange of knowledge""--http://journal.atlaanz.org",1,other_open_or_conditional
"(C) Nhung Nguyen, Christopher Gan, Baiding Hu, 2015 (With the exceptions noted in http://researcharchive.lincoln.ac.nz/page/rights, this metadata is available under a Creative Commons Zero license.)",1,other_open_or_conditional
"(c) The Royal Society of Chemistry 2012 (With the exceptions noted in http://researcharchive.lincoln.ac.nz/page/rights, this metadata is available under a Creative Commons Zero license.)",1,other_open_or_conditional
2014 The Authors; exclusive licensee Bio-protocol LLC.,1,other_open_or_conditional
"6 months restriction for Chapters 2, 3, 4 and, 5 only. (With the exceptions noted in http://researcharchive.lincoln.ac.nz/page/rights, this metadata is available under a Creative Commons Zero license.)",1,other_open_or_conditional
"@ The Authors (With the exceptions noted in http://researcharchive.lincoln.ac.nz/page/rights, this metadata is available under a Creative Commons Zero license.)",1,other_open_or_conditional
"@The Authors. (With the exceptions noted in http://researcharchive.lincoln.ac.nz/page/rights, this metadata is available under a Creative Commons Zero license.)",1,other_open_or_conditional
"AICIT journals are open access journal which do not sell published papers and offer all published papers free of cost to all members, researchers, libraries, organizations, companies and universities.",1,other_open_or_conditional
"AIRCC Publishing Corporation is an emerging peer-reviewed, academic open access publisher which strictly focuses in all areas of Computer Science and Engineering.",1,other_open_or_conditional
AIS has a green Open Access Policy. Authors may immediately self-archive their articles without an embargo period when publishing.,1,other_open_or_conditional
"ARPN Journal of Systems and Software is partly sponsored by some non-governmental organizations. Being part of open-access initiative, the published research papers are freely available to everyone and we don’t apply any subscription charges for our readers or libraries.",1,other_open_or_conditional
"ASME © 2019. 

ASME supports compliance with government and funder mandates for Open Access publication, including Plan S for European-funded research.

ASME currently offers authors the choice to publish their papers Open Access across all our technical journals with payment of an Article Publishing Charge (APC) or through traditional subscription access with no cost to the author.

ASME also participates in the CHORUS initiative whereby research papers of participating funders are made available after a one-year embargo.

Authors also have the option to archive their final post-refereed manuscripts in an approved repository.",1,other_open_or_conditional
Access by appointment - contact Library; Open,1,other_open_or_conditional
Access restricted to users affiliated with licensed institutions.,1,other_open_or_conditional
Access restricted. Please contact Mike Burtenshaw at The Open Polytechnic of New Zealand (0508 650 200).,1,other_open_or_conditional
Across the Board ; Creative Commons BY-NC-ND 4.0 Licence,1,other_open_or_conditional
Aeternum: The Journal of Contemporary Gothic Studies (ISSN2324-4895) is an open-access biannual on-line journal. It offers peer-reviewed academic articles.,1,other_open_or_conditional
"Ainslie Smaill, Auckland ; Creative Commons BY-NC-ND 4.0 Licence",1,other_open_or_conditional
"Alix Wiren, Auckland ; Creative Commons BY-NC-ND 4.0 Licence",1,other_open_or_conditional
All back issues of ARAS are available ‘open access’ on this website [ http://afsaap.org.au/publications/aras/],1,other_open_or_conditional
"Althea Whillans, Auckland ; Creative Commons BY-NC-ND 4.0 Licence",1,other_open_or_conditional
"Anna Adams, Wellington ; Creative Commons BY-NC-ND 4.0 Licence",1,other_open_or_conditional
"Anna Coffey-Noall, Auckland ; Creative Commons BY-NC-ND 4.0 Licence",1,other_open_or_conditional
Anne Garvey ; Creative Commons BY-NC-ND 4.0 Licence,1,other_open_or_conditional
Any reuse or reproduction must be cleared with the Green Party,1,other_open_or_conditional
"Aotearoa New Zealand Social Work is an international, open access, peer-reviewed journal that provides a platform for research, analysis and scholarly debate on social work theory, policy and practice.",1,other_open_or_conditional
Auckland War Memorial Museum ; Creative Commons BY-NC-ND 4.0 Licence,1,other_open_or_conditional
"Australia and New Zealand Marketing Academy. (With the exceptions noted in http://researcharchive.lincoln.ac.nz/page/rights, this metadata is available under a Creative Commons Zero license.)",1,other_open_or_conditional
Authors can make their articles Open Access by archiving their article at no charge via the Green route.,1,other_open_or_conditional
"Authors can make their articles Open Access by archiving their article at no charge via the Green route.
Authors who have published in a subscription journal can do this by depositing the version of the article accepted for publication (version 2) in their own institution’s repository.",1,other_open_or_conditional
Authors can post Green Open Access accepted manuscript after the 12-month embargo to an institutional repository and make this publicly available after the embargo period has expired.,1,other_open_or_conditional
"Authors may post the final draft of their work on open, unrestricted Internet sites or deposit it in an institutional repository when the draft contains a link to the bibliographic record of the published version in the ASCE Civil Engineering Database.",1,other_open_or_conditional
"Authors of Oxford Open articles are entitled to deposit their accepted manuscript or the version of record in institutional and/or centrally organized repositories and can make this publicly available immediately upon publication, provided that the journal and OUP are attributed as the original place of publication and that correct citation details are given. Authors should also deposit the URL of their published article, in addition to the PDF version.",1,other_open_or_conditional
"Barbara Brinsley, Dunedin ; Creative Commons BY-NC-ND 4.0 Licence ; Image © Barbara Brinsley",1,other_open_or_conditional
"Beverly Davidson, Lower Hutt ; Creative Commons BY-NC-ND 4.0 Licence",1,other_open_or_conditional
"Black Betty Vintage Clothing, Auckland ; Creative Commons BY-NC-ND 4.0 Licence",1,other_open_or_conditional
"Brazilian Journal of Research in Tourism - RBTur is a scientific journal, published by the National Association of Research and Graduate Studies in Tourism . Open access and quarterly basis, intended to researchers, teachers and professionals working in the field of Tourism. Publishes articles from scientific research in Turismologia and Hospitality, undergoing peer review (double blind peer review) ( ANPTUR ).",1,other_open_or_conditional
"CAUTHE grants to the Author a perpetual, royalty free license to post the final published version of the Works for free for scholarly / scientific purposes, in particular, the right to self-archive it publicly on the internet.",1,other_open_or_conditional
CBS Library provides research from CBS available in the full text archive OpenArchive@CBS. Here you can find and download publications written by CBS researchers.,1,other_open_or_conditional
"CIER is a widely cited, open access journal that is essential reading for academic education researchers and education professionals.",1,other_open_or_conditional
"Catherine L’Estrange, Auckland ; Creative Commons BY-NC-ND 4.0 Licence",1,other_open_or_conditional
Charmaine Reveley ; Creative Commons BY-NC-ND 4.0 Licence,1,other_open_or_conditional
Chris Knox ; Creative Commons BY-NC-ND 4.0 Licence,1,other_open_or_conditional
"CiteSeerx is compliant with the Open Archives Initiative Protocol for Metadata Harvesting, which is a standard proposed by The Open Archive Initiative in order to facilitate content dissemination. For data not mentioned here, please contact us through feedback.",1,other_open_or_conditional
"Clare Smith, Kaitaia ; Creative Commons BY-NC-ND 4.0 Licence",1,other_open_or_conditional
"Cochrane Reviews (including updates) published in the CDSR, with the exception of gold open access articles (see above), are free to view in the CDSR 12 months after publication. This applies only to those versions published with a new citation on or after 1 February 2013. If, for example, a Cochrane Review update was published on 1 February 2013, on 1 February 2014 the Cochrane Review will be free to view. However, earlier versions, including the Protocol and first version of the Cochrane Review will not be free to view.

Protocols for Cochrane Reviews published after 27 February 2016 are free to view immediately upon publication. Protocols published between 1 February 2013 to 26 February 2016 are free to view to view 12 months after publication.

Note that this applies to those versions published with a new citation on or after the given date.",1,other_open_or_conditional
Collection of Lucy Hammonds ; Creative Commons BY-NC-ND 4.0 Licence,1,other_open_or_conditional
Computer Science & Information Technology (CS & IT) is an open access-Computer Science Conference Proceedings (CSCP) series that welcomes conferences to publish their proceedings / post conference proceedings.,1,other_open_or_conditional
Computer Science & Information Technology (CS & IT) is an open access-Computer Science Conference Proceedings (CSCP) series welcomes conferences to publish their proceedings / post conference proceedings.,1,other_open_or_conditional
"Contributors must note the journal in which the work is published and provide the full publication citation. After 24 months from the date of publication, the final published version, including any editing, typesetting or LexisNexis pdf pages, may be made available on open access repositories including the contributors' personal websites and university websites.",1,other_open_or_conditional
Courtesy of Adele Mohi McGovern ; Creative Commons BY-NC-ND 4.0 Licence,1,other_open_or_conditional
Courtesy of Alan Farac ; Creative Commons BY-NC-ND 4.0 Licence,1,other_open_or_conditional
Courtesy of Alex Bartley Catt and Chlöe Swarbrick ; Creative Commons BY-NC-ND 4.0 Licence,1,other_open_or_conditional
Courtesy of Angela Te Wiata (top)  Across the Board (shorts) ; Creative Commons BY-NC-ND 4.0 Licence,1,other_open_or_conditional
Courtesy of Angela Te Wiata ; Creative Commons BY-NC-ND 4.0 Licence,1,other_open_or_conditional
Courtesy of Anita Arlov ; Creative Commons BY-NC-ND 4.0 Licence,1,other_open_or_conditional
Courtesy of Anne Knight ; Creative Commons BY-NC-ND 4.0 Licence,1,other_open_or_conditional
Courtesy of Annie Melchior ; Creative Commons BY-NC-ND 4.0 Licence,1,other_open_or_conditional
Courtesy of Anthea Tucker ; Creative Commons BY-NC-ND 4.0 Licence,1,other_open_or_conditional
Courtesy of Aorewa McLeod ; Creative Commons BY-NC-ND 4.0 Licence,1,other_open_or_conditional
Courtesy of Barbara Herrick ; Creative Commons BY-NC-ND 4.0 Licence,1,other_open_or_conditional
Courtesy of Barbara Robinson ; Creative Commons BY-NC-ND 4.0 Licence,1,other_open_or_conditional
Courtesy of Beryl Hindle ; Creative Commons BY-NC-ND 4.0 Licence,1,other_open_or_conditional
Courtesy of Beryl Olsen ; Creative Commons BY-NC-ND 4.0 Licence,1,other_open_or_conditional
Courtesy of Beth Ellery ; Creative Commons BY-NC-ND 4.0 Licence,1,other_open_or_conditional
Courtesy of Betsy Benjamin ; Creative Commons BY-NC-ND 4.0 Licence,1,other_open_or_conditional
Courtesy of Betty Rawlings ; Creative Commons BY-NC-ND 4.0 Licence,1,other_open_or_conditional
Courtesy of Caroline Noaro ; Creative Commons BY-NC-ND 4.0 Licence,1,other_open_or_conditional
Courtesy of Catherine Perry ; Creative Commons BY-NC-ND 4.0 Licence,1,other_open_or_conditional
Courtesy of Cathy Dunn (Penelope Tree Vintage) ; Creative Commons BY-NC-ND 4.0 Licence,1,other_open_or_conditional
Courtesy of Cathy Dunn ; Creative Commons BY-NC-ND 4.0 Licence,1,other_open_or_conditional
Courtesy of Cathy Dunn of Penelope Tree Vintage (dress and bolero jacket) and Dianne Ludwig (hat) ; Creative Commons BY-NC-ND 4.0 Licence,1,other_open_or_conditional
Courtesy of Cathy Glaister ; Creative Commons BY-NC-ND 4.0 Licence,1,other_open_or_conditional
Courtesy of Christine Bell ; Creative Commons BY-NC-ND 4.0 Licence,1,other_open_or_conditional
Courtesy of Dallas Sturtevant ; Creative Commons BY-NC-ND 4.0 Licence,1,other_open_or_conditional
Courtesy of Dan Ahwa (shorts)  Patrick Flannery (t-shirt) ; Creative Commons BY-NC-ND 4.0 Licence ; Courtesy of Dan Ahwa (shorts)  Patrick Flannery (tshirt),1,other_open_or_conditional
Courtesy of Darian Rowan ; Creative Commons BY-NC-ND 4.0 Licence,1,other_open_or_conditional
Courtesy of Diane Strevens ; Creative Commons BY-NC-ND 4.0 Licence,1,other_open_or_conditional
Courtesy of Dianne Ludwig (jacket)  Clare Glass (shorts) ; Creative Commons BY-NC-ND 4.0 Licence,1,other_open_or_conditional
Courtesy of Dianne Ludwig.  ; Creative Commons BY-NC-ND 4.0 Licence,1,other_open_or_conditional
Courtesy of Dion and Kaye Coleman ; Creative Commons BY-NC-ND 4.0 Licence,1,other_open_or_conditional
Courtesy of Donna Tulloch ; Creative Commons BY-NC-ND 4.0 Licence,1,other_open_or_conditional
Courtesy of Doreen Caulton ; Creative Commons BY-NC-ND 4.0 Licence,1,other_open_or_conditional
Courtesy of Doris de Pont  ; Creative Commons BY-NC-ND 4.0 Licence,1,other_open_or_conditional
Courtesy of Doris de Pont ; Creative Commons BY-NC-ND 4.0 Licence ; Image © DNA,1,other_open_or_conditional
"Courtesy of Doris de Pont, photo by Michael Ng, model Anna Fitzpatrick ; Image © Doris de Pont ; Courtesy of Doris de Pont ; Creative Commons BY-NC-ND 4.0 Licence",1,other_open_or_conditional
Courtesy of Eileen and Teresa Woodham ; Creative Commons BY-NC-ND 4.0 Licence,1,other_open_or_conditional
Courtesy of Elisabeth Kwan ; Creative Commons BY-NC-ND 4.0 Licence,1,other_open_or_conditional
Courtesy of Eloise Watts  ; Creative Commons BY-NC-ND 4.0 Licence,1,other_open_or_conditional
Courtesy of Erika Pearce ; Creative Commons BY-NC-ND 4.0 Licence,1,other_open_or_conditional
Courtesy of Faye Flegg ; Creative Commons BY-NC-ND 4.0 Licence,1,other_open_or_conditional
Courtesy of Felicity Bell ; Creative Commons BY-NC-ND 4.0 Licence,1,other_open_or_conditional
Courtesy of Felicity Hazlett ; Creative Commons BY-NC-ND 4.0 Licence,1,other_open_or_conditional
Courtesy of Finn McCahon-Jones ; Creative Commons BY-NC-ND 4.0 Licence,1,other_open_or_conditional
Courtesy of Fran Allison ; Creative Commons BY-NC-ND 4.0 Licence,1,other_open_or_conditional
Courtesy of Gay Williams  ; Creative Commons BY-NC-ND 4.0 Licence,1,other_open_or_conditional
Courtesy of Gay Williams (née Phelps) ; Photo © unknown. Please contact NZFM before reproducing this item. ; Creative Commons BY-NC-ND 4.0 Licence,1,other_open_or_conditional
Courtesy of Gay Williams ; Creative Commons BY-NC-ND 4.0 Licence,1,other_open_or_conditional
Courtesy of Genevieve de Pont ; Creative Commons BY-NC-ND 4.0 Licence,1,other_open_or_conditional
Courtesy of Gil Hanly ; Creative Commons BY-NC-ND 4.0 Licence,1,other_open_or_conditional
Courtesy of Gus Fisher ; Creative Commons BY-NC-ND 4.0 Licence ; Photo by Phil Fogle for Metro magazine,1,other_open_or_conditional
Courtesy of Gwen Hopwood ; Creative Commons BY-NC-ND 4.0 Licence,1,other_open_or_conditional
Courtesy of Gwenda Hansen ; Creative Commons BY-NC-ND 4.0 Licence ; Photo courtesy of Pam Brewer ; Image © Pam Brewer,1,other_open_or_conditional
Courtesy of Heather Speedy ; Creative Commons BY-NC-ND 4.0 Licence,1,other_open_or_conditional
Courtesy of Hilary Haylock ; Creative Commons BY-NC-ND 4.0 Licence,1,other_open_or_conditional
Courtesy of Jan Brooks ; Creative Commons BY-NC-ND 4.0 Licence,1,other_open_or_conditional
Courtesy of Jan Eggleton ; Creative Commons BY-NC-ND 4.0 Licence,1,other_open_or_conditional
Courtesy of Jan Kelly ; Creative Commons BY-NC-ND 4.0 Licence,1,other_open_or_conditional
Courtesy of Jane Callender ; Creative Commons BY-NC-ND 4.0 Licence,1,other_open_or_conditional
Courtesy of Janice Corbishley ; Creative Commons BY-NC-ND 4.0 Licence,1,other_open_or_conditional
Courtesy of Jeanette de Heer ; Creative Commons BY-NC-ND 4.0 Licence,1,other_open_or_conditional
Courtesy of Jennifer Dean and Beach Hut ; Creative Commons BY-NC-ND 4.0 Licence,1,other_open_or_conditional
Courtesy of Jessie Wong ; Creative Commons BY-NC-ND 4.0 Licence,1,other_open_or_conditional
Courtesy of Joanne Liddy ; Creative Commons BY-NC-ND 4.0 Licence,1,other_open_or_conditional
Courtesy of Jolene Bosanquet ; Creative Commons BY-NC-ND 4.0 Licence,1,other_open_or_conditional
Courtesy of Judith Martin (nee Lamont) ; Creative Commons BY-NC-ND 4.0 Licence,1,other_open_or_conditional
Courtesy of Judy York ; Creative Commons BY-NC-ND 4.0 Licence,1,other_open_or_conditional
Courtesy of Justine Tindley ; Creative Commons BY-NC-ND 4.0 Licence,1,other_open_or_conditional
Courtesy of Kelsi Bennett ; Creative Commons BY-NC-ND 4.0 Licence,1,other_open_or_conditional
Courtesy of Kevin Berkahn ; Creative Commons BY-NC-ND 4.0 Licence,1,other_open_or_conditional
Courtesy of Kim Smith ; Creative Commons BY-NC-ND 4.0 Licence,1,other_open_or_conditional
Courtesy of Lesley Mitchell ; Creative Commons BY-NC-ND 4.0 Licence,1,other_open_or_conditional
Courtesy of Linda Chalmers ; Creative Commons BY-NC-ND 4.0 Licence,1,other_open_or_conditional
Courtesy of Linda Evans ; Creative Commons BY-NC-ND 4.0 Licence,1,other_open_or_conditional
Courtesy of Linda Ritchie ; Creative Commons BY-NC-ND 4.0 Licence,1,other_open_or_conditional
Courtesy of Linda Ritchie ; Creative Commons BY-NC-ND 4.0 Licence ; Image courtesy of Rotorua Museum ; Image © Logan Publishing Co Ltd,1,other_open_or_conditional
Courtesy of Linden Hovard (swimsuit)  Dion and Kaye Coleman (jacket) ; Creative Commons BY-NC-ND 4.0 Licence,1,other_open_or_conditional
Courtesy of Lizzie Firth ; Creative Commons BY-NC-ND 4.0 Licence,1,other_open_or_conditional
Courtesy of Lonely ; Creative Commons BY-NC-ND 4.0 Licence,1,other_open_or_conditional
Courtesy of Lorna Black ; Creative Commons BY-NC-ND 4.0 Licence,1,other_open_or_conditional
Courtesy of Lynette Morrison ; Creative Commons BY-NC-ND 4.0 Licence,1,other_open_or_conditional
Courtesy of MTG Hawke's Bay ; Creative Commons BY-NC-ND 4.0 Licence,1,other_open_or_conditional
Courtesy of Mandy Robinson. ; Creative Commons BY-NC-ND 4.0 Licence,1,other_open_or_conditional
Courtesy of Margot Field ; Creative Commons BY-NC-ND 4.0 Licence,1,other_open_or_conditional
Courtesy of Mary Newman-Pound ; Image © Mary Newman-Pound ; Creative Commons BY-NC-ND 4.0 Licence,1,other_open_or_conditional
Courtesy of Mary Perwick ; Creative Commons BY-NC-ND 4.0 Licence,1,other_open_or_conditional
Courtesy of Maxine Anderson ; Creative Commons BY-NC-ND 4.0 Licence,1,other_open_or_conditional
Courtesy of Melanie Claridge ; Creative Commons BY-NC-ND 4.0 Licence,1,other_open_or_conditional
Courtesy of Miranda Brown ; Creative Commons BY-NC-ND 4.0 Licence,1,other_open_or_conditional
Courtesy of Mrs Lorna Black ; Creative Commons BY-NC-ND 4.0 Licence,1,other_open_or_conditional
"Courtesy of Museum of New Zealand Te Papa Tongarewa, PC003384 ; Creative Commons BY-NC-ND 4.0 Licence",1,other_open_or_conditional
Courtesy of Netball New Zealand ; Creative Commons BY-NC-ND 4.0 Licence,1,other_open_or_conditional
Courtesy of Nicky Gerard ; Creative Commons BY-NC-ND 4.0 Licence,1,other_open_or_conditional
Courtesy of Nomsa Mabuto Botshiwe ; Creative Commons BY-NC-ND 4.0 Licence ; Photo by Aperture House Photography,1,other_open_or_conditional
Courtesy of Pamela Reading-Windle ; Creative Commons BY-NC-ND 4.0 Licence,1,other_open_or_conditional
Courtesy of Peggie Wilson ; Creative Commons BY-NC-ND 4.0 Licence,1,other_open_or_conditional
Courtesy of Phillippa Freeman ; Creative Commons BY-NC-ND 4.0 Licence,1,other_open_or_conditional
Courtesy of Piha Swimwear ; Creative Commons BY-NC-ND 4.0 Licence,1,other_open_or_conditional
Courtesy of Robert McGregor ; Creative Commons BY-NC-ND 4.0 Licence,1,other_open_or_conditional
Courtesy of Robin Holmes ; Creative Commons BY-NC-ND 4.0 Licence,1,other_open_or_conditional
Courtesy of Robyn Higgins ; Creative Commons BY-NC-ND 4.0 Licence,1,other_open_or_conditional
Courtesy of Rose Thomas ; Creative Commons BY-NC-ND 4.0 Licence,1,other_open_or_conditional
Courtesy of Rosie Norwood (née Rassell) ; Creative Commons BY-NC-ND 4.0 Licence,1,other_open_or_conditional
Courtesy of Samara Pepperell ; Creative Commons BY-NC-ND 4.0 Licence,1,other_open_or_conditional
Courtesy of Samara Pepperell and Sandy Hall ; Creative Commons BY-NC-ND 4.0 Licence,1,other_open_or_conditional
Courtesy of Sara Munro ; Creative Commons BY-NC-ND 4.0 Licence,1,other_open_or_conditional
Courtesy of Sarah Ellis ; Creative Commons BY-NC-ND 4.0 Licence,1,other_open_or_conditional
Courtesy of Shari Cole ; Creative Commons BY-NC-ND 4.0 Licence,1,other_open_or_conditional
Courtesy of Shirley Welch ; Creative Commons BY-NC-ND 4.0 Licence,1,other_open_or_conditional
Courtesy of Tanya Carlson and Margo Barton ; Creative Commons BY-NC-ND 4.0 Licence,1,other_open_or_conditional
Courtesy of Tauranga Heritage Collection (swimsuit)  Felicity Bell (cape) ; Creative Commons BY-NC-ND 4.0 Licence,1,other_open_or_conditional
Courtesy of Teresa Woodham ; Creative Commons BY-NC-ND 4.0 Licence,1,other_open_or_conditional
Courtesy of Therese Rodger ; Creative Commons BY-NC-ND 4.0 Licence,1,other_open_or_conditional
Courtesy of Trish Robinson ; Creative Commons BY-NC-ND 4.0 Licence,1,other_open_or_conditional
Courtesy of Truda Chadwich ; Creative Commons BY-NC-ND 4.0 Licence,1,other_open_or_conditional
Courtesy of Valerie Perrett ; Creative Commons BY-NC-ND 4.0 Licence,1,other_open_or_conditional
Courtesy of Verna Collins ; Creative Commons BY-NC-ND 4.0 Licence,1,other_open_or_conditional
Courtesy of Violet Faigan ; Creative Commons BY-NC-ND 4.0 Licence,1,other_open_or_conditional
Courtesy of WORLD ; Creative Commons BY-NC-ND 4.0 Licence,1,other_open_or_conditional
Courtesy of Wendy Ganley (jacket) and Kathie Figgins (pants) ; Creative Commons BY-NC-ND 4.0 Licence,1,other_open_or_conditional
Courtesy of Zac Johnson ; Creative Commons BY-NC-ND 4.0 Licence,1,other_open_or_conditional
Creative Commons BY-NC-ND 4.0 Licence ; Courtesy of Te Uru Gallery,1,other_open_or_conditional
Creative Commons BY-NC-ND 4.0 Licence ; Image courtesy of Canterbury Museum,1,other_open_or_conditional
Creative Commons BY-NC-ND 4.0 Licence ; Image © Cecilie Geary,1,other_open_or_conditional
Creative Commons BY-NC-ND 4.0 Licence ; Image © Doris de Pont,1,other_open_or_conditional
Creative Commons BY-NC-ND 4.0 Licence ; Image © Loris Redstone Estate,1,other_open_or_conditional
Creative Commons BY-NC-ND 4.0 Licence ; Image © Taranaki Hardcore,1,other_open_or_conditional
Creative Commons BY-NC-ND 4.0 Licence ; Photo courtesy of Te Uru ; Photo courtesy of The Brand,1,other_open_or_conditional
Creative Commons BY-NC-SA 4.0 Licence,1,other_open_or_conditional
Creative Commons license. You are free to: Share — copy and redistribute the material in any medium or format.,1,other_open_or_conditional
Creative commons https://creativecommons.org/licenses/by-nc-nd/4.0/,1,other_open_or_conditional
David Fagan ; Creative Commons BY-NC-ND 4.0 Licence,1,other_open_or_conditional
Deborah Hoffman Rendle ; Creative Commons BY-NC-ND 4.0 Licence,1,other_open_or_conditional
Delayed Open Access. The contents of this journal will be available in an open access format 12 month(s) after an issue is published.,1,other_open_or_conditional
Diamond Open Access,1,other_open_or_conditional
"Diane Baker, Hamilton ; Creative Commons BY-NC-ND 4.0 Licence",1,other_open_or_conditional
Diane Comber ; Creative Commons BY-NC-ND 4.0 Licence,1,other_open_or_conditional
"Diane Spillane, Auckland ; Creative Commons BY-NC-ND 4.0 Licence",1,other_open_or_conditional
"Diane Stichbury, Auckland ; Creative Commons BY-NC-ND 4.0 Licence",1,other_open_or_conditional
Diann Waugh ; Creative Commons BY-NC-ND 4.0 Licence,1,other_open_or_conditional
Digital images courtesy of the Getty's Open Content Program.,1,other_open_or_conditional
"Doheny Memorial Library, Los Angeles, CA 90089-0189 Original archive is at the Boeckmann Center for Iberian and Latin American Studies. Send requests to address or e-mail given. Phone (213) 821-2366; fax (213) 740-2343. The University of Southern California has licensed the rights to this material from the Aluka initiative of Ithaka Harbors, Inc., a non-profit Delaware corporation whose address is 151 East 61st Street, New York, NY 10021 USC Libraries Special Collections specol@usc.edu",1,other_open_or_conditional
Doreen Percy ; Creative Commons BY-NC-ND 4.0 Licence,1,other_open_or_conditional
Dr B Joan Mackay ; Creative Commons BY-NC-ND 4.0 Licence,1,other_open_or_conditional
"Dr Joan Walton, Bulls ; Creative Commons BY-NC-ND 4.0 Licence",1,other_open_or_conditional
Dress gifted to Museum of New Zealand Te Papa Tongarewa by Mrs J Christensen ; Creative Commons BY-NC-ND 4.0 Licence,1,other_open_or_conditional
Each year ARCOM run a major conference in the UK to explore current advances in construction management research. The proceedings and papers from these conferences are provided open access in CM Abstracts.,1,other_open_or_conditional
"Education Sciences (ISSN 2227-7102) is an international, open access journal published quarterly online by MDPI.",1,other_open_or_conditional
"Elle and the Youthquake: The changing face of fashion (Auckland, October 2014) ; Creative Commons BY-NC-ND 4.0 Licence",1,other_open_or_conditional
Elsevier user license,1,other_open_or_conditional
"European Journal of Forest Engineering provides immediate open access to its content under open access policy, which guaranty the free and unlimited access, for anyone, to entire content of the all published articles for a greater global exchange of knowledge. The users are free to “read, copy, distribute, print, search or refers to the full text of these articles”, as long as proper attribution and stating EJFE as a source is included.",1,other_open_or_conditional
"Except for figures and the RSNZ logo, Emerging Issues papers are licensed under a Creative Commons 3.0 New Zealand Licence.",1,other_open_or_conditional
Film-Philosophy is an open access peer-reviewed academic journal dedicated to the engagement between film studies and philosophy.,1,other_open_or_conditional
"Fran Carter, Auckland ; Creative Commons BY-NC-ND 4.0 Licence",1,other_open_or_conditional
"Free to remix, reuse and alter.",1,other_open_or_conditional
"Frost Damage and Management in New Zealand Vineyards©
Trought, Howell and Cherry: Lincoln University. (With the exceptions noted in http://researcharchive.lincoln.ac.nz/page/rights, this metadata is available under a Creative Commons Zero license.)",1,other_open_or_conditional
"Full digital thesis cannot be viewed. Print copy available for reading in Lincoln University Library. May be available through inter-library loan. Open access version with some images removed can be viewed by all. (With the exceptions noted in http://researcharchive.lincoln.ac.nz/page/rights, this metadata is available under a Creative Commons Zero license.)",1,other_open_or_conditional
Garment courtesy of Andrew Clifford ; Creative Commons BY-NC-ND 4.0 Licence,1,other_open_or_conditional
Garment courtesy of Evelyn Ebrey ; Creative Commons BY-NC-ND 4.0 Licence,1,other_open_or_conditional
Garment loan courtesy of Abby van Schreven and Emilie Pullar ; Creative Commons BY-NC-ND 4.0 Licence,1,other_open_or_conditional
Garment loan courtesy of Adidas New Zealand ; Creative Commons BY-NC-ND 4.0 Licence,1,other_open_or_conditional
Garment loan courtesy of Alicia Hibbert ; Creative Commons BY-NC-ND 4.0 Licence,1,other_open_or_conditional
Garment loan courtesy of Alison Loughrey ; Creative Commons BY-NC-ND 4.0 Licence,1,other_open_or_conditional
Garment loan courtesy of Allison Winterbottom ; Creative Commons BY-NC-ND 4.0 Licence,1,other_open_or_conditional
Garment loan courtesy of Amalia O'Neil ; Creative Commons BY-NC-ND 4.0 Licence,1,other_open_or_conditional
Garment loan courtesy of Amber Smith ; Creative Commons BY-NC-ND 4.0 Licence,1,other_open_or_conditional
Garment loan courtesy of Andrew McLeod ; Creative Commons BY-NC-ND 4.0 Licence,1,other_open_or_conditional
Garment loan courtesy of Anita Arlov ; Creative Commons BY-NC-ND 4.0 Licence,1,other_open_or_conditional
Garment loan courtesy of Anja Packham ; Creative Commons BY-NC-ND 4.0 Licence,1,other_open_or_conditional
Garment loan courtesy of Anjali Stewart and Rachel Easting ; Creative Commons BY-NC-ND 4.0 Licence,1,other_open_or_conditional
Garment loan courtesy of Anna Driffill ; Creative Commons BY-NC-ND 4.0 Licence,1,other_open_or_conditional
Garment loan courtesy of Anna Macindoe ; Creative Commons BY-NC-ND 4.0 Licence,1,other_open_or_conditional
Garment loan courtesy of Anne Garvey ; Creative Commons BY-NC-ND 4.0 Licence,1,other_open_or_conditional
Garment loan courtesy of Annette Ashton ; Creative Commons BY-NC-ND 4.0 Licence,1,other_open_or_conditional
Garment loan courtesy of Aorewa McLeod ; Creative Commons BY-NC-ND 4.0 Licence,1,other_open_or_conditional
Garment loan courtesy of Auckland Museum Tāmaki Paenga Hira ; Creative Commons BY-NC-ND 4.0 Licence,1,other_open_or_conditional
"Garment loan courtesy of Auckland War Memorial Museum Tāmaki Paenga Hira, 2000.61.20 ; Creative Commons BY-NC-ND 4.0 Licence",1,other_open_or_conditional
"Garment loan courtesy of Auckland War Memorial Museum Tāmaki Paenga Hira, PD-1999-2-083 ; Creative Commons BY-NC-ND 4.0 Licence ; Garment loan courtesy of Meegan Pollock",1,other_open_or_conditional
Garment loan courtesy of Bar Hoadley ; Creative Commons BY-NC-ND 4.0 Licence,1,other_open_or_conditional
Garment loan courtesy of Barbara Brinsley ; Creative Commons BY-NC-ND 4.0 Licence,1,other_open_or_conditional
Garment loan courtesy of Barbara Holloway ; Creative Commons BY-NC-ND 4.0 Licence,1,other_open_or_conditional
Garment loan courtesy of Barbara Robinson ; Creative Commons BY-NC-ND 4.0 Licence,1,other_open_or_conditional
Garment loan courtesy of Belinda Piacun ; Creative Commons BY-NC-ND 4.0 Licence,1,other_open_or_conditional
Garment loan courtesy of Beth Ellery ; Creative Commons BY-NC-ND 4.0 Licence,1,other_open_or_conditional
Garment loan courtesy of Beth Greensmith and Lani Morris ; Creative Commons BY-NC-ND 4.0 Licence,1,other_open_or_conditional
Garment loan courtesy of Betty McCrostie ; Creative Commons BY-NC-ND 4.0 Licence,1,other_open_or_conditional
Garment loan courtesy of Bruce Mahalski ; Creative Commons BY-NC-ND 4.0 Licence,1,other_open_or_conditional
Garment loan courtesy of Bruce Papas ; Creative Commons BY-NC-ND 4.0 Licence,1,other_open_or_conditional
Garment loan courtesy of C P Moore ; Creative Commons BY-NC-ND 4.0 Licence,1,other_open_or_conditional
Garment loan courtesy of Cait MacLennan Whyte ; Creative Commons BY-NC-ND 4.0 Licence,1,other_open_or_conditional
Garment loan courtesy of Cara Pollock ; Creative Commons BY-NC-ND 4.0 Licence,1,other_open_or_conditional
Garment loan courtesy of Caroline Forsyth ; Creative Commons BY-NC-ND 4.0 Licence,1,other_open_or_conditional
Garment loan courtesy of Carolyn Forsyth ; Creative Commons BY-NC-ND 4.0 Licence,1,other_open_or_conditional
Garment loan courtesy of Cassandra Beaumont ; Creative Commons BY-NC-ND 4.0 Licence,1,other_open_or_conditional
Garment loan courtesy of Cassandra Miller ; Creative Commons BY-NC-ND 4.0 Licence,1,other_open_or_conditional
Garment loan courtesy of Cathy Dunn of Penelope Tree Vintage (swimsuit)  Fiona McGeough (cape) ; Creative Commons BY-NC-ND 4.0 Licence,1,other_open_or_conditional
"Garment loan courtesy of Cathy Dunn, Penelope Tree Vintage ; Creative Commons BY-NC-ND 4.0 Licence",1,other_open_or_conditional
Garment loan courtesy of Cecilie Geary ; Creative Commons BY-NC-ND 4.0 Licence,1,other_open_or_conditional
Garment loan courtesy of Cerys Dallaway Davidson ; Creative Commons BY-NC-ND 4.0 Licence,1,other_open_or_conditional
Garment loan courtesy of Cerys Dallaway-Davidson ; Creative Commons BY-NC-ND 4.0 Licence,1,other_open_or_conditional
Garment loan courtesy of Charmian Smith ; Creative Commons BY-NC-ND 4.0 Licence,1,other_open_or_conditional
Garment loan courtesy of Cheryle Carter ; Creative Commons BY-NC-ND 4.0 Licence,1,other_open_or_conditional
Garment loan courtesy of Christine Talbot ; Creative Commons BY-NC-ND 4.0 Licence,1,other_open_or_conditional
Garment loan courtesy of Cindy Lilburn ; Creative Commons BY-NC-ND 4.0 Licence,1,other_open_or_conditional
Garment loan courtesy of DMONIC INTENT  SYRE ; Creative Commons BY-NC-ND 4.0 Licence,1,other_open_or_conditional
Garment loan courtesy of Danielle Gardner ; Creative Commons BY-NC-ND 4.0 Licence,1,other_open_or_conditional
Garment loan courtesy of Di Ludwig ; Creative Commons BY-NC-ND 4.0 Licence,1,other_open_or_conditional
Garment loan courtesy of Diane Spillane ; Creative Commons BY-NC-ND 4.0 Licence,1,other_open_or_conditional
"Garment loan courtesy of Dianne Ludwig, Auckland ; Creative Commons BY-NC-ND 4.0 Licence",1,other_open_or_conditional
Garment loan courtesy of Dominique de Give ; Creative Commons BY-NC-ND 4.0 Licence,1,other_open_or_conditional
Garment loan courtesy of Doreen Caulton ; Creative Commons BY-NC-ND 4.0 Licence,1,other_open_or_conditional
Garment loan courtesy of Dudley Benson ; Creative Commons BY-NC-ND 4.0 Licence,1,other_open_or_conditional
Garment loan courtesy of Eden Potter ; Creative Commons BY-NC-ND 4.0 Licence,1,other_open_or_conditional
Garment loan courtesy of Elaine Day ; Creative Commons BY-NC-ND 4.0 Licence,1,other_open_or_conditional
Garment loan courtesy of Eleanor Leckie (nee Pritchett) ; Creative Commons BY-NC-ND 4.0 Licence,1,other_open_or_conditional
Garment loan courtesy of Elizabeth Lawn ; Creative Commons BY-NC-ND 4.0 Licence,1,other_open_or_conditional
Garment loan courtesy of Eloise Watts ; Creative Commons BY-NC-ND 4.0 Licence,1,other_open_or_conditional
"Garment loan courtesy of Eloise Watts, photo by Michael Baigent published in Apparel magazine, Autumn/Winter 1974 ; Creative Commons BY-NC-ND 4.0 Licence",1,other_open_or_conditional
Garment loan courtesy of Erika Chamberlain ; Creative Commons BY-NC-ND 4.0 Licence,1,other_open_or_conditional
Garment loan courtesy of Estelle Bennett ; Creative Commons BY-NC-ND 4.0 Licence,1,other_open_or_conditional
Garment loan courtesy of Evelyn Pritchett (nee Litolff) ; Creative Commons BY-NC-ND 4.0 Licence,1,other_open_or_conditional
Garment loan courtesy of Felicity Bell (swimsuit)  Kim Smith (cape) ; Creative Commons BY-NC-ND 4.0 Licence,1,other_open_or_conditional
Garment loan courtesy of Felicity Bell ; Creative Commons BY-NC-ND 4.0 Licence,1,other_open_or_conditional
Garment loan courtesy of Fiona Carter ; Creative Commons BY-NC-ND 4.0 Licence,1,other_open_or_conditional
Garment loan courtesy of Fiona Ralph ; Creative Commons BY-NC-ND 4.0 Licence ; Image courtesy of the Harrison family. ; Image © Marnella ; Image courtesy of Fiona Ralph ; Image © Fiona Ralph,1,other_open_or_conditional
Garment loan courtesy of Fiona Small ; Creative Commons BY-NC-ND 4.0 Licence,1,other_open_or_conditional
Garment loan courtesy of Francia Smeets ; Creative Commons BY-NC-ND 4.0 Licence,1,other_open_or_conditional
Garment loan courtesy of Gay Renwick ; Creative Commons BY-NC-ND 4.0 Licence,1,other_open_or_conditional
Garment loan courtesy of Gay Williams ; Creative Commons BY-NC-ND 4.0 Licence,1,other_open_or_conditional
Garment loan courtesy of Geoffrey Bailey ; Creative Commons BY-NC-ND 4.0 Licence,1,other_open_or_conditional
Garment loan courtesy of Glen Adams ; Creative Commons BY-NC-ND 4.0 Licence,1,other_open_or_conditional
Garment loan courtesy of Glenis Hollard ; Creative Commons BY-NC-ND 4.0 Licence,1,other_open_or_conditional
Garment loan courtesy of Glenise Robertson ; Creative Commons BY-NC-ND 4.0 Licence,1,other_open_or_conditional
Garment loan courtesy of Glenn Yungnickel ; Creative Commons BY-NC-ND 4.0 Licence,1,other_open_or_conditional
Garment loan courtesy of Gus Fisher ; Creative Commons BY-NC-ND 4.0 Licence,1,other_open_or_conditional
Garment loan courtesy of Hayley Smith ; Creative Commons BY-NC-ND 4.0 Licence,1,other_open_or_conditional
Garment loan courtesy of Helen Auld ; Creative Commons BY-NC-ND 4.0 Licence,1,other_open_or_conditional
Garment loan courtesy of Helen Clarke ; Creative Commons BY-NC-ND 4.0 Licence,1,other_open_or_conditional
Garment loan courtesy of Helen Edwards ; Creative Commons BY-NC-ND 4.0 Licence,1,other_open_or_conditional
Garment loan courtesy of Helen Holmes ; Creative Commons BY-NC-ND 4.0 Licence,1,other_open_or_conditional
Garment loan courtesy of Irene Fisher ; Creative Commons BY-NC-ND 4.0 Licence,1,other_open_or_conditional
Garment loan courtesy of J E Hart ; Creative Commons BY-NC-ND 4.0 Licence,1,other_open_or_conditional
Garment loan courtesy of J Kroll ; Creative Commons BY-NC-ND 4.0 Licence,1,other_open_or_conditional
Garment loan courtesy of Jack Ralston ; Creative Commons BY-NC-ND 4.0 Licence,1,other_open_or_conditional
Garment loan courtesy of Jan Eggleton ; Creative Commons BY-NC-ND 4.0 Licence,1,other_open_or_conditional
Garment loan courtesy of Jane Avery ; Creative Commons BY-NC-ND 4.0 Licence,1,other_open_or_conditional
Garment loan courtesy of Jane Mabee ; Creative Commons BY-NC-ND 4.0 Licence,1,other_open_or_conditional
Garment loan courtesy of Jane Norton ; Creative Commons BY-NC-ND 4.0 Licence ; Image courtesy of Jane Norton ; Image © Jane Norton,1,other_open_or_conditional
Garment loan courtesy of Janet Cuthbert ; Creative Commons BY-NC-ND 4.0 Licence,1,other_open_or_conditional
Garment loan courtesy of Jean Begg ; Creative Commons BY-NC-ND 4.0 Licence,1,other_open_or_conditional
Garment loan courtesy of Jed Town ; Creative Commons BY-NC-ND 4.0 Licence ; Image © Jonathan Ganley,1,other_open_or_conditional
Garment loan courtesy of Jeni Cartwright ; Creative Commons BY-NC-ND 4.0 Licence,1,other_open_or_conditional
Garment loan courtesy of Jenni Waddell ; Creative Commons BY-NC-ND 4.0 Licence,1,other_open_or_conditional
Garment loan courtesy of Jennifer Gill ; Creative Commons BY-NC-ND 4.0 Licence,1,other_open_or_conditional
Garment loan courtesy of Joanne Liddy ; Creative Commons BY-NC-ND 4.0 Licence,1,other_open_or_conditional
Garment loan courtesy of John Crompton ; Creative Commons BY-NC-ND 4.0 Licence,1,other_open_or_conditional
Garment loan courtesy of Joyce Taylor ; Creative Commons BY-NC-ND 4.0 Licence,1,other_open_or_conditional
Garment loan courtesy of Judy Sherriff ; Creative Commons BY-NC-ND 4.0 Licence,1,other_open_or_conditional
Garment loan courtesy of Julie Rowe ; Creative Commons BY-NC-ND 4.0 Licence,1,other_open_or_conditional
Garment loan courtesy of June Wild ; Creative Commons BY-NC-ND 4.0 Licence,1,other_open_or_conditional
Garment loan courtesy of Justin Jones. ; Creative Commons BY-NC-ND 4.0 Licence,1,other_open_or_conditional
Garment loan courtesy of Karen Merriman ; Creative Commons BY-NC-ND 4.0 Licence,1,other_open_or_conditional
Garment loan courtesy of Karen Roberts ; Creative Commons BY-NC-ND 4.0 Licence,1,other_open_or_conditional
"Garment loan courtesy of Kathleen Cooper, Auckland ; Creative Commons BY-NC-ND 4.0 Licence",1,other_open_or_conditional
Garment loan courtesy of Kathryn Wytchely ; Creative Commons BY-NC-ND 4.0 Licence,1,other_open_or_conditional
Garment loan courtesy of Kathy Hoskins ; Creative Commons BY-NC-ND 4.0 Licence,1,other_open_or_conditional
Garment loan courtesy of Kelly Dix ; Creative Commons BY-NC-ND 4.0 Licence,1,other_open_or_conditional
Garment loan courtesy of Kerry (McHattie) Yaw ; Creative Commons BY-NC-ND 4.0 Licence,1,other_open_or_conditional
Garment loan courtesy of Kerry Yaw and Milly McHattie ; Creative Commons BY-NC-ND 4.0 Licence,1,other_open_or_conditional
Garment loan courtesy of Kim Smith (shirt)  Cathy Dunn - Penelope Tree Vintage (shorts) ; Creative Commons BY-NC-ND 4.0 Licence,1,other_open_or_conditional
Garment loan courtesy of Kim Smith ; Creative Commons BY-NC-ND 4.0 Licence,1,other_open_or_conditional
Garment loan courtesy of Kim Thompson ; Creative Commons BY-NC-ND 4.0 Licence,1,other_open_or_conditional
Garment loan courtesy of Kirsty Cameron ; Creative Commons BY-NC-ND 4.0 Licence,1,other_open_or_conditional
Garment loan courtesy of Kohai Grace ; Creative Commons BY-NC-ND 4.0 Licence,1,other_open_or_conditional
Garment loan courtesy of Konstantina Moutos ; Creative Commons BY-NC-ND 4.0 Licence,1,other_open_or_conditional
Garment loan courtesy of Lesley Mitchell ; Creative Commons BY-NC-ND 4.0 Licence,1,other_open_or_conditional
Garment loan courtesy of Lesley Murphy ; Creative Commons BY-NC-ND 4.0 Licence,1,other_open_or_conditional
Garment loan courtesy of Lesley Murphy and Lorraine Pike ; Creative Commons BY-NC-ND 4.0 Licence,1,other_open_or_conditional
Garment loan courtesy of Lesley Wedge ; Creative Commons BY-NC-ND 4.0 Licence,1,other_open_or_conditional
Garment loan courtesy of Linda Evans ; Creative Commons BY-NC-ND 4.0 Licence,1,other_open_or_conditional
Garment loan courtesy of Linda Evans ; Creative Commons BY-NC-SA 4.0 Licence,1,other_open_or_conditional
Garment loan courtesy of Lindsey O'Brien ; Creative Commons BY-NC-ND 4.0 Licence,1,other_open_or_conditional
Garment loan courtesy of Liz Angelo ; Creative Commons BY-NC-ND 4.0 Licence,1,other_open_or_conditional
Garment loan courtesy of Lonely ; Creative Commons BY-NC-ND 4.0 Licence,1,other_open_or_conditional
Garment loan courtesy of Lynette Lord ; Creative Commons BY-NC-ND 4.0 Licence,1,other_open_or_conditional
Garment loan courtesy of Manawatu Knitting Mills ; Creative Commons BY-NC-ND 4.0 Licence,1,other_open_or_conditional
Garment loan courtesy of Marc Moore ; Creative Commons BY-NC-ND 4.0 Licence,1,other_open_or_conditional
Garment loan courtesy of Maree Harris ; Creative Commons BY-NC-ND 4.0 Licence,1,other_open_or_conditional
Garment loan courtesy of Margaret Dulcie Aitken ; Creative Commons BY-NC-ND 4.0 Licence,1,other_open_or_conditional
Garment loan courtesy of Margaret Hay ; Creative Commons BY-NC-ND 4.0 Licence,1,other_open_or_conditional
Garment loan courtesy of Margery Blackman ; Creative Commons BY-NC-ND 4.0 Licence,1,other_open_or_conditional
Garment loan courtesy of Margery Brook-Smith ; Creative Commons BY-NC-ND 4.0 Licence,1,other_open_or_conditional
Garment loan courtesy of Margot Field ; Creative Commons BY-NC-ND 4.0 Licence,1,other_open_or_conditional
Garment loan courtesy of Marguerite Durling ; Creative Commons BY-NC-ND 4.0 Licence,1,other_open_or_conditional
Garment loan courtesy of Marianne Lock ; Creative Commons BY-NC-ND 4.0 Licence,1,other_open_or_conditional
Garment loan courtesy of Martin Phillipps ; Creative Commons BY-NC-ND 4.0 Licence,1,other_open_or_conditional
Garment loan courtesy of Mary Jane O’Reilly ; Creative Commons BY-NC-ND 4.0 Licence,1,other_open_or_conditional
Garment loan courtesy of Mary McIldowie ; Creative Commons BY-NC-ND 4.0 Licence,1,other_open_or_conditional
Garment loan courtesy of Mary Mitchell ; Creative Commons BY-NC-ND 4.0 Licence,1,other_open_or_conditional
Garment loan courtesy of Mary Rutherford ; Creative Commons BY-NC-ND 4.0 Licence,1,other_open_or_conditional
Garment loan courtesy of Mary Smyth ; Creative Commons BY-NC-ND 4.0 Licence,1,other_open_or_conditional
Garment loan courtesy of Mattie Wall ; Creative Commons BY-NC-ND 4.0 Licence,1,other_open_or_conditional
Garment loan courtesy of Maxine Anderson ; Creative Commons BY-NC-ND 4.0 Licence,1,other_open_or_conditional
Garment loan courtesy of Mayford Dawson (née Cameron) ; Creative Commons BY-NC-ND 4.0 Licence,1,other_open_or_conditional
Garment loan courtesy of Megan Jeffries ; Creative Commons BY-NC-ND 4.0 Licence,1,other_open_or_conditional
Garment loan courtesy of Milly McHattie and Kerry Yaw ; Creative Commons BY-NC-ND 4.0 Licence,1,other_open_or_conditional
Garment loan courtesy of Mona Cheetham ; Creative Commons BY-NC-ND 4.0 Licence,1,other_open_or_conditional
Garment loan courtesy of Muriel Kett ; Creative Commons BY-NC-ND 4.0 Licence,1,other_open_or_conditional
Garment loan courtesy of Museum of Transport and Technology (MOTAT) ; Creative Commons BY-NC-ND 4.0 Licence,1,other_open_or_conditional
"Garment loan courtesy of Museum of Transport and Technology (MOTAT), 2011.185.1 and 2011.185.2. ; Creative Commons BY-NC-ND 4.0 Licence",1,other_open_or_conditional
Garment loan courtesy of Nardene Berry ; Creative Commons BY-NC-ND 4.0 Licence,1,other_open_or_conditional
Garment loan courtesy of Natalie Robinson-Tantin ; Creative Commons BY-NC-ND 4.0 Licence,1,other_open_or_conditional
Garment loan courtesy of Ngaire Henstock ; Creative Commons BY-NC-ND 4.0 Licence,1,other_open_or_conditional
Garment loan courtesy of Nici Wickes ; Creative Commons BY-NC-ND 4.0 Licence,1,other_open_or_conditional
Garment loan courtesy of Nicky Gerard ; Creative Commons BY-NC-ND 4.0 Licence,1,other_open_or_conditional
Garment loan courtesy of Nicky Williams ; Creative Commons BY-NC-ND 4.0 Licence,1,other_open_or_conditional
Garment loan courtesy of Nicole Wesseling ; Creative Commons BY-NC-ND 4.0 Licence,1,other_open_or_conditional
Garment loan courtesy of Otago Museum ; Creative Commons BY-NC-ND 4.0 Licence,1,other_open_or_conditional
"Garment loan courtesy of Otago Museum, Dunedin ; Creative Commons BY-NC-ND 4.0 Licence",1,other_open_or_conditional
Garment loan courtesy of Paddy Naismith ; Creative Commons BY-NC-ND 4.0 Licence,1,other_open_or_conditional
Garment loan courtesy of Pam Brewer ; Creative Commons BY-NC-ND 4.0 Licence,1,other_open_or_conditional
Garment loan courtesy of Pam Brewer ; Creative Commons BY-NC-ND 4.0 Licence ; Courtesy of Pam Brewer,1,other_open_or_conditional
Garment loan courtesy of Pamela Wells ; Creative Commons BY-NC-ND 4.0 Licence,1,other_open_or_conditional
Garment loan courtesy of Patricia Bosley ; Creative Commons BY-NC-ND 4.0 Licence,1,other_open_or_conditional
Garment loan courtesy of Patricia King ; Creative Commons BY-NC-ND 4.0 Licence,1,other_open_or_conditional
Garment loan courtesy of Paul Chaplin ; Creative Commons BY-NC-ND 4.0 Licence,1,other_open_or_conditional
Garment loan courtesy of Peter Millar ; Creative Commons BY-NC-ND 4.0 Licence,1,other_open_or_conditional
Garment loan courtesy of Rachel Pilcher ; Creative Commons BY-NC-ND 4.0 Licence,1,other_open_or_conditional
Garment loan courtesy of Rebekah Harman ; Creative Commons BY-NC-ND 4.0 Licence,1,other_open_or_conditional
Garment loan courtesy of Rena McIntyre ; Creative Commons BY-NC-ND 4.0 Licence,1,other_open_or_conditional
Garment loan courtesy of Robert Henry ; Creative Commons BY-NC-ND 4.0 Licence,1,other_open_or_conditional
Garment loan courtesy of Robin Whitworth on behalf of the Epsom Methodist Church Women's Fellowship ; Creative Commons BY-NC-ND 4.0 Licence,1,other_open_or_conditional
"Garment loan courtesy of Robin Whitworth, on behalf of the Epsom Methodist Church Women's Fellowship ; Creative Commons BY-NC-ND 4.0 Licence",1,other_open_or_conditional
Garment loan courtesy of Robyn Tate ; Creative Commons BY-NC-ND 4.0 Licence,1,other_open_or_conditional
Garment loan courtesy of Ruth Hart ; Creative Commons BY-NC-ND 4.0 Licence,1,other_open_or_conditional
Garment loan courtesy of Sally Fitzpatrick ; Creative Commons BY-NC-ND 4.0 Licence,1,other_open_or_conditional
Garment loan courtesy of Sam Hunt ; Creative Commons BY-NC-ND 4.0 Licence,1,other_open_or_conditional
Garment loan courtesy of Sandie and Davina Alexander ; Creative Commons BY-NC-ND 4.0 Licence,1,other_open_or_conditional
Garment loan courtesy of Sarah Tolley ; Creative Commons BY-NC-ND 4.0 Licence,1,other_open_or_conditional
Garment loan courtesy of Sarndra Forbes ; Creative Commons BY-NC-ND 4.0 Licence,1,other_open_or_conditional
Garment loan courtesy of Sean Hurst ; Creative Commons BY-NC-ND 4.0 Licence,1,other_open_or_conditional
Garment loan courtesy of Selina Woulfe ; Creative Commons BY-NC-ND 4.0 Licence,1,other_open_or_conditional
Garment loan courtesy of Shari Cole ; Creative Commons BY-NC-ND 4.0 Licence,1,other_open_or_conditional
Garment loan courtesy of Sharn Blackwell ; Creative Commons BY-NC-ND 4.0 Licence,1,other_open_or_conditional
Garment loan courtesy of Sharon Ng ; Creative Commons BY-NC-ND 4.0 Licence ; Image © Michael Ng,1,other_open_or_conditional
Garment loan courtesy of Sheena Mason and Joanne Davidson ; Creative Commons BY-NC-ND 4.0 Licence,1,other_open_or_conditional
Garment loan courtesy of Shona Tawhiao ; Creative Commons BY-NC-ND 4.0 Licence,1,other_open_or_conditional
"Garment loan courtesy of Stephanie King, Painted Bird NZ ; Creative Commons BY-NC-ND 4.0 Licence",1,other_open_or_conditional
"Garment loan courtesy of Stephanie King, Painted Bird Vintage ; Creative Commons BY-NC-ND 4.0 Licence",1,other_open_or_conditional
Garment loan courtesy of Stephanie Tattersfield ; Creative Commons BY-NC-ND 4.0 Licence,1,other_open_or_conditional
Garment loan courtesy of Steven Park ; Creative Commons BY-NC-ND 4.0 Licence,1,other_open_or_conditional
Garment loan courtesy of Tejo van Schie ; Creative Commons BY-NC-ND 4.0 Licence,1,other_open_or_conditional
Garment loan courtesy of Teri Shilton ; Creative Commons BY-NC-ND 4.0 Licence,1,other_open_or_conditional
Garment loan courtesy of Terry Rouse ; Creative Commons BY-NC-ND 4.0 Licence,1,other_open_or_conditional
Garment loan courtesy of Terry Rouse ; Creative Commons BY-NC-ND 4.0 Licence ; Image courtesy of AudioCulture ; Image © Playdate magazine,1,other_open_or_conditional
Garment loan courtesy of Tess Munro Pedreros. ; Creative Commons BY-NC-ND 4.0 Licence,1,other_open_or_conditional
Garment loan courtesy of Therese Rodgers ; Creative Commons BY-NC-ND 4.0 Licence,1,other_open_or_conditional
Garment loan courtesy of Trelise Cooper ; Creative Commons BY-NC-ND 4.0 Licence,1,other_open_or_conditional
Garment loan courtesy of Trish Bowden ; Creative Commons BY-NC-ND 4.0 Licence,1,other_open_or_conditional
Garment loan courtesy of Trish Wright ; Creative Commons BY-NC-ND 4.0 Licence,1,other_open_or_conditional
Garment loan courtesy of Truda Chadwick ; Creative Commons BY-NC-ND 4.0 Licence,1,other_open_or_conditional
Garment loan courtesy of Tāme Iti (Tūhoe) ; Creative Commons BY-NC-ND 4.0 Licence,1,other_open_or_conditional
Garment loan courtesy of Valerie Svendsen ; Creative Commons BY-NC-ND 4.0 Licence,1,other_open_or_conditional
Garment loan courtesy of Vici Ashmore ; Creative Commons BY-NC-ND 4.0 Licence,1,other_open_or_conditional
Garment loan courtesy of Vicki Mossong ; Creative Commons BY-NC-ND 4.0 Licence,1,other_open_or_conditional
Garment loan courtesy of Wendy Ganley ; Creative Commons BY-NC-ND 4.0 Licence,1,other_open_or_conditional
Garment loan courtesy of Wendy Hall (nee Ganley) ; Creative Commons BY-NC-ND 4.0 Licence,1,other_open_or_conditional
Garment loan courtesy of Wendy Hall (née Ganley) ; Creative Commons BY-NC-ND 4.0 Licence,1,other_open_or_conditional
Garment loan courtesy of Wendy Hall ; Creative Commons BY-NC-ND 4.0 Licence,1,other_open_or_conditional
Garment loan courtesy of Winnie Mitchell ; Creative Commons BY-NC-ND 4.0 Licence,1,other_open_or_conditional
Garment loan courtesy of Yanny Split ; Creative Commons BY-NC-ND 4.0 Licence,1,other_open_or_conditional
Garment loan courtesy of Yvette Corlett ; Creative Commons BY-NC-ND 4.0 Licence,1,other_open_or_conditional
Garment loan courtesy of the Brown family ; Creative Commons BY-NC-ND 4.0 Licence,1,other_open_or_conditional
Garment loan courtesy of the Smith Family. ; Creative Commons BY-NC-ND 4.0 Licence,1,other_open_or_conditional
Garment loan from Meegan Pollock ; Creative Commons BY-NC-ND 4.0 Licence,1,other_open_or_conditional
"Garment loans courtesy of Adele Mohi McGoverin (bathing suit), Jane Keenan (swim cap) and Cecilie Geary (sunglasses) ; Creative Commons BY-NC-ND 4.0 Licence",1,other_open_or_conditional
Garment loans courtesy of Dolly DeStory ; Creative Commons BY-NC-ND 4.0 Licence,1,other_open_or_conditional
Garment loans courtesy of Fredericka Dale Hackett-Himmel (blouse) and Megan Wildermoth (skirt) ; Creative Commons BY-NC-ND 4.0 Licence,1,other_open_or_conditional
Garment loans courtesy of Tauranga Heritage Collection (swimsuit)  Dion and Kaye Coleman (cape) ; Creative Commons BY-NC-ND 4.0 Licence,1,other_open_or_conditional
"Garment loans courtesy of Trish Bartleet (swimsuit), Hilaire Field (sunglasses) and  Dianne Ludwig (bag) ; Creative Commons BY-NC-ND 4.0 Licence ; Loans courtesy of Trish Bartleet (swimsuit), Hilaire Field (sunglasses) and  Dianne Ludwig (bag)",1,other_open_or_conditional
Garment loans courtesy of Trudi Stewart-Haverkort (jacket) and Kelly Dix (skirt) ; Creative Commons BY-NC-ND 4.0 Licence,1,other_open_or_conditional
Garment. loan courtesy of Emma Worthington ; Creative Commons BY-NC-ND 4.0 Licence,1,other_open_or_conditional
Garments courtesy of Hilaire Field (top)  Anna Macindoe (shorts) ; Creative Commons BY-NC-ND 4.0 Licence ; Photo © Anna Macindoe,1,other_open_or_conditional
Garments courtesy of Rose Jackson ; Creative Commons BY-NC-ND 4.0 Licence,1,other_open_or_conditional
"Gaye Sellers, Christchurch ; Creative Commons BY-NC-ND 4.0 Licence",1,other_open_or_conditional
Gift of Pauline Hunter 2005 Â© Rosalie Gascoigne. Licensed by Viscopy,1,other_open_or_conditional
Gift of Peter Fay 2002 Â© Rosalie Gascoigne. Licensed by Viscopy,1,other_open_or_conditional
Gift of Youth Music Australia 1994 Â© Colin Lanceley. Licensed by Viscopy,1,other_open_or_conditional
Gift of the National Heart Foundation (ACT Division) 1993 Â© Marie McMahon. Licensed by Viscopy,1,other_open_or_conditional
Gift of the Philip Morris Arts Grant 1982 Â© Rosalie Gascoigne. Licensed by Viscopy,1,other_open_or_conditional
Gift of the artist 1994 Â© Rosalie Gascoigne. Licensed by Viscopy,1,other_open_or_conditional
"Global Media Journal © 2012. The Australian Edition is a member of the innovative and original Global Media Journal: an online-only, open access, global resource for communication and media studies scholarship, with independent editions around the world.",1,other_open_or_conditional
Gordon Darling Australasian Print Fund 1992. Â© Gela Nga-Mirraitja Fordham. Licensed by Viscopy,1,other_open_or_conditional
"Heather Rich, Christchurch ; Creative Commons BY-NC-ND 4.0 Licence",1,other_open_or_conditional
"Helen Auld, New Plymouth ; Creative Commons BY-NC-ND 4.0 Licence",1,other_open_or_conditional
Hilaire Field ; Creative Commons BY-NC-ND 4.0 Licence,1,other_open_or_conditional
IACSIT Press adheres to the principles the Creative Commons and favors Open Access publishing.,1,other_open_or_conditional
"IEEE Access® is a multidisciplinary, open access (OA), applications-oriented, all-electronic archival journal that continuously presents the results of original research or development across all of IEEE's fields of interest.",1,other_open_or_conditional
IJAET is an Open Access journal.,1,other_open_or_conditional
"IJGTT is an open access peer -reviewed journal that helps bridge together both the research and development aspects of games theory and technology. Game theory is an inter-disciplinary field that focuses on studying games, creating innovative architectures and explores new ideas to develop games which can be used for learning purposes. This journal provides a platform for exchanging ideas in new emerging trends that needs more focus and exposure and will attempt to publish proposals that strengthen our goals.",1,other_open_or_conditional
IJSPS is an Open Access journal and all full texts of published articles are available online free of charge for everyone.,1,other_open_or_conditional
"IRED is committed to Open Access as a successful method of publishing important scholarly work that serves the needs and ambitions of researchers, institutions and general society.",1,other_open_or_conditional
"Image courtesy of Auckland War Memorial Museum Tāmaki Paenga Hira, 1995-133-1 ; Creative Commons BY-NC-ND 4.0 Licence",1,other_open_or_conditional
"Image courtesy of Auckland War Memorial Museum Tāmaki Paenga Hira, 1999.2, PD-1999-2-112 ; Image © Bruce Papas ; Garment loan courtesy of Meegan Pollock ; Creative Commons BY-NC-ND 4.0 Licence",1,other_open_or_conditional
"Image courtesy of Auckland War Memorial Museum Tāmaki Paenga Hira, PD-1999-2-083 ; Image © Bruce Papas ; Garment loan courtesy of Meegan Pollock ; Creative Commons BY-NC-ND 4.0 Licence",1,other_open_or_conditional
"Image courtesy of Auckland War Memorial Museum Tāmaki Paenga Hira, PD-1999-2-95 ; Image © Bruce Papas ; Garment loan courtesy of Meegan Pollock ; Creative Commons BY-NC-ND 4.0 Licence",1,other_open_or_conditional
"Image courtesy of Museum of New Zealand Te Papa Tongarewa,  GH015340 ; Creative Commons BY-NC-ND 4.0 Licence",1,other_open_or_conditional
"Image courtesy of Museum of New Zealand Te Papa Tongarewa, GH007318 ; Creative Commons BY-NC-ND 4.0 Licence",1,other_open_or_conditional
"Image courtesy of Museum of New Zealand Te Papa Tongarewa, GH009639 ; Creative Commons BY-NC-ND 4.0 Licence",1,other_open_or_conditional
"Image courtesy of Museum of New Zealand Te Papa Tongarewa, GH015902 ; Creative Commons BY-NC-ND 4.0 Licence",1,other_open_or_conditional
"Image courtesy of Museum of New Zealand Te Papa Tongarewa, GH015913 ; Creative Commons BY-NC-ND 4.0 Licence",1,other_open_or_conditional
"Image courtesy of Museum of New Zealand Te Papa Tongarewa, GH016393 ; Creative Commons BY-NC-ND 4.0 Licence",1,other_open_or_conditional
"Image courtesy of Museum of New Zealand Te Papa Tongarewa, GH016686/1 ; Creative Commons BY-NC-ND 4.0 Licence",1,other_open_or_conditional
"Image courtesy of Museum of New Zealand Te Papa Tongarewa, GH016841 ; Creative Commons BY-NC-ND 4.0 Licence",1,other_open_or_conditional
"Image courtesy of Museum of New Zealand Te Papa Tongarewa, GH016960 ; Creative Commons BY-NC-ND 4.0 Licence",1,other_open_or_conditional
"Image courtesy of Museum of New Zealand Te Papa Tongarewa, GH017228 ; Creative Commons BY-NC-ND 4.0 Licence",1,other_open_or_conditional
"Image courtesy of Museum of New Zealand Te Papa Tongarewa, GH017796 ; Creative Commons BY-NC-ND 4.0 Licence",1,other_open_or_conditional
"Image courtesy of Museum of New Zealand Te Papa Tongarewa, PC002471 ; Creative Commons BY-NC-ND 4.0 Licence",1,other_open_or_conditional
"Image courtesy of Museum of New Zealand Te Papa Tongarewa, PC003486 ; Creative Commons BY-NC-ND 4.0 Licence",1,other_open_or_conditional
"Image courtesy of Museum of New Zealand Te Papa Tongarewa, Wellington, PC003437 ; Creative Commons BY-NC-ND 4.0 Licence",1,other_open_or_conditional
"Image courtesy of Te Papa (GH007567). Woman's shoes, 1950-1970, maker Andrea Biani Shoes Limited; circa 1970. ; This work is licensed under Creative Commons BY–NC–ND License.",1,other_open_or_conditional
"Image from Museum of New Zealand Te Papa Tongarewa, Wellington, GH015891. 
 ; Creative Commons BY-NC-ND 4.0 Licence",1,other_open_or_conditional
Image © Anita Lucas ; Garment loan courtesy of Anita Lucas ; Creative Commons BY-NC-ND 4.0 Licence,1,other_open_or_conditional
Image © Heather Dickie ; Courtesy of Heather Dickie ; Creative Commons BY-NC-ND 4.0 Licence,1,other_open_or_conditional
Image © Sara Orme ; Creative Commons BY-NC-ND 4.0 Licence,1,other_open_or_conditional
In open archive under an Elsevier user license,1,other_open_or_conditional
In principle all ever produced CIB publications are (or are being) included in the open access CIB library section of the ICONDA database as free downloadable PDF documents.,1,other_open_or_conditional
"InTech's publications are open access, which ensures their widest possible visibility. All journal articles and book chapters are free to read and share by anyone, anywhere in the world.",1,other_open_or_conditional
"International Journal Engineering Research and Science abbreviated as ""Engineering Journal: IJOER"" is an open access online peer reviewed international journal of Engineering Science & Research fields.",1,other_open_or_conditional
International Journal of Advances in Engineering & Technology - IJAET is an Open Access journal.,1,other_open_or_conditional
"International Journal of Computer and Information Technology (IJCIT) is an international scholarly open access, peer reviewed bi-monthly journal.",1,other_open_or_conditional
"International Journal of Education and Research (IJER) is a high quality open access peer reviewed research journal that is published by Contemporary Research Center (CRC), Australia",1,other_open_or_conditional
"International Journal of Information and Communication Technology Research is partly sponsored by some non-governmental organizations. Being part of open-access initiative, the published research papers are freely available to everyone and we don’t apply any subscription charges for our readers or libraries.",1,other_open_or_conditional
"International Journal of Management and Applied Science (IJMAS) is a scholarly online, open access, peer-reviewed, interdisciplinary and fully refereed journal focusing on theories, methods and Management and Applied Science and Technology.",1,other_open_or_conditional
"Irene Fisher, Auckland ; Creative Commons BY-NC-ND 4.0 Licence",1,other_open_or_conditional
J Sports Sci & Med is published using the open access model. All content are available free of charge without restrictions from the journal's Website at: http://www.jssm.org.,1,other_open_or_conditional
"JDMGP, an open access journal",1,other_open_or_conditional
JRS is already an open-access journal.,1,other_open_or_conditional
"Jacket and pants courtesy of Geoffrey Bailey, shirt courtesy of Eloise Watts ; Creative Commons BY-NC-ND 4.0 Licence",1,other_open_or_conditional
Jacquie Storm (née Swift) ; Creative Commons BY-NC-ND 4.0 Licence,1,other_open_or_conditional
Jane Malthus ; Creative Commons BY-NC-ND 4.0 Licence,1,other_open_or_conditional
Jennifer Yee Collinson ; Creative Commons BY-NC-ND 4.0 Licence,1,other_open_or_conditional
"John and Sue Coutts from Edna Coutts Estate, Auckland ; Creative Commons BY-NC-ND 4.0 Licence",1,other_open_or_conditional
"Journal Compilation © CSIRO 2020 (With the exceptions noted in http://researcharchive.lincoln.ac.nz/page/rights, this metadata is available under a Creative Commons Zero license.)",1,other_open_or_conditional
Journal for New Generation Sciences is listed as one of Sabinet's Full Open Access Journal Collection. (http://www.sabinet.co.za/?page=open-access-journals),1,other_open_or_conditional
Journal of Electronic Commerce Research is listed under the Directory of Open Access Journals (DOAJ).,1,other_open_or_conditional
Journal of Gambling Issues is in the Directory of Open Access Journals (DOAJ) as an open access journal,1,other_open_or_conditional
"Journal of Numerical Analysis, Industrial and Applied Mathematics is
available free of charge as an Open Access journal on the Internet.",1,other_open_or_conditional
Journal of Rehabilitation Medicine is a member of an international network on open access.,1,other_open_or_conditional
Journal of Social and Development Sciences is available free of charge as an Open Access journal on the Internet.,1,other_open_or_conditional
"Journal of Sustainable Development (JSD) is an open access, peer-reviewed and refereed international journal published by Canadian Center of Science and Education.",1,other_open_or_conditional
Judith Baragwanath ; Creative Commons BY-NC-ND 4.0 Licence,1,other_open_or_conditional
"Judy Malone, Wellington ; Creative Commons BY-NC-ND 4.0 Licence",1,other_open_or_conditional
"June Herman, Auckland ; Creative Commons BY-NC-ND 4.0 Licence",1,other_open_or_conditional
"Karen Senior, Auckland ; Creative Commons BY-NC-ND 4.0 Licence",1,other_open_or_conditional
"Karla Knuefermann, Hamilton and Turet Knuefermann, TK label, Auckland ; Creative Commons BY-NC-ND 4.0 Licence",1,other_open_or_conditional
"Kay Morris, Masterton ; Creative Commons BY-NC-ND 4.0 Licence",1,other_open_or_conditional
"Kay Putt, Auckland ; Creative Commons BY-NC-ND 4.0 Licence",1,other_open_or_conditional
"Kenosha County Historical Society For more details, including information about reuse, please contact the Curator of Collections/Archivist at the Kenosha History Center.",1,other_open_or_conditional
"Kōtuitui : New Zealand Journal of Social Sciences Online is an international, open-access journal of the social sciences in an international, open-access journal of the social sciences.",1,other_open_or_conditional
Kōtuitui is a Taylor & Francis Open title,1,other_open_or_conditional
Lan Yu ; Creative Commons BY-NC-ND 4.0 Licence,1,other_open_or_conditional
"Lela Jacobs, Auckland ; Creative Commons BY-NC-ND 4.0 Licence",1,other_open_or_conditional
License restrictions may limit access.,1,other_open_or_conditional
Licensed under a Creative Commons 4.0 license,1,other_open_or_conditional
"Like all Thieme subscription journals, SYNLETT also offers you the possibility to publish your work open access. Open access articles are available freely to read, download, print out and share, immediately and permanently: readers have access to your research independently of their libraries' journal collection.",1,other_open_or_conditional
"Lincoln College. New Zealand Agricultural Engineering Institute. (With the exceptions noted in http://researcharchive.lincoln.ac.nz/page/rights, this metadata is available under a Creative Commons Zero license.)",1,other_open_or_conditional
Loan courtesy  of Shona Lee ; Creative Commons BY-NC-ND 4.0 Licence,1,other_open_or_conditional
Loan courtesy of Abby van Schreven and Emilie Pullar ; Creative Commons BY-NC-ND 4.0 Licence,1,other_open_or_conditional
Loan courtesy of Adele Dallimore ; Creative Commons BY-NC-ND 4.0 Licence,1,other_open_or_conditional
Loan courtesy of Adrienne Harrison ; Creative Commons BY-NC-ND 4.0 Licence,1,other_open_or_conditional
Loan courtesy of Anjali Stewart and Rachel Easting ; Creative Commons BY-NC-ND 4.0 Licence,1,other_open_or_conditional
Loan courtesy of Anna Comrie-Thomson  ; Creative Commons BY-NC-ND 4.0 Licence,1,other_open_or_conditional
Loan courtesy of Aorewa McLeod ; Creative Commons BY-NC-ND 4.0 Licence,1,other_open_or_conditional
Loan courtesy of Barbara Herrick.  ; Creative Commons BY-NC-ND 4.0 Licence,1,other_open_or_conditional
Loan courtesy of Barbara Keesing ; Creative Commons BY-NC-ND 4.0 Licence,1,other_open_or_conditional
Loan courtesy of Bill O'Brien. ; Creative Commons BY-NC-ND 4.0 Licence,1,other_open_or_conditional
Loan courtesy of Brian and Janine Wright. ; Creative Commons BY-NC-ND 4.0 Licence,1,other_open_or_conditional
Loan courtesy of Bryan Williams. ; Creative Commons BY-NC-ND 4.0 Licence,1,other_open_or_conditional
Loan courtesy of Carol Mosedale. ; Creative Commons BY-NC-ND 4.0 Licence,1,other_open_or_conditional
Loan courtesy of Carolyn McCondach. ; Creative Commons BY-NC-ND 4.0 Licence,1,other_open_or_conditional
Loan courtesy of Christine Bell ; Creative Commons BY-NC-ND 4.0 Licence,1,other_open_or_conditional
Loan courtesy of Christine Ludbrook ; Creative Commons BY-NC-ND 4.0 Licence,1,other_open_or_conditional
Loan courtesy of Cybèle Wiren ; Creative Commons BY-NC-ND 4.0 Licence,1,other_open_or_conditional
Loan courtesy of DMONIC INTENT  SYRE ; Creative Commons BY-NC-ND 4.0 Licence,1,other_open_or_conditional
Loan courtesy of Dale Rook. ; Creative Commons BY-NC-ND 4.0 Licence,1,other_open_or_conditional
Loan courtesy of Deborah Wilson ; Creative Commons BY-NC-ND 4.0 Licence,1,other_open_or_conditional
Loan courtesy of Dianne Ludwig ; Creative Commons BY-NC-ND 4.0 Licence,1,other_open_or_conditional
Loan courtesy of Dianne Smith. ; Creative Commons BY-NC-ND 4.0 Licence,1,other_open_or_conditional
Loan courtesy of Doris de Pont. ; Creative Commons BY-NC-ND 4.0 Licence,1,other_open_or_conditional
Loan courtesy of Eloise Watts. ; Creative Commons BY-NC-ND 4.0 Licence,1,other_open_or_conditional
Loan courtesy of Emma Steven ; Creative Commons BY-NC-ND 4.0 Licence,1,other_open_or_conditional
Loan courtesy of Estelle Pemberton ; Creative Commons BY-NC-ND 4.0 Licence,1,other_open_or_conditional
Loan courtesy of Faye Flegg ; Creative Commons BY-NC-ND 4.0 Licence,1,other_open_or_conditional
Loan courtesy of Fiona Carter ; Creative Commons BY-NC-ND 4.0 Licence,1,other_open_or_conditional
Loan courtesy of Gayle Cullwick ; Creative Commons BY-NC-ND 4.0 Licence,1,other_open_or_conditional
Loan courtesy of Gina Cheung. ; Creative Commons BY-NC-ND 4.0 Licence,1,other_open_or_conditional
Loan courtesy of Glen Wilkin Holland ; Creative Commons BY-NC-ND 4.0 Licence,1,other_open_or_conditional
Loan courtesy of Gwen Hopwood. ; Creative Commons BY-NC-ND 4.0 Licence,1,other_open_or_conditional
Loan courtesy of Jack Ralston. ; Creative Commons BY-NC-ND 4.0 Licence,1,other_open_or_conditional
Loan courtesy of Jane Fawcett. ; Creative Commons BY-NC-ND 4.0 Licence,1,other_open_or_conditional
Loan courtesy of Janice Corbishley. ; Creative Commons BY-NC-ND 4.0 Licence,1,other_open_or_conditional
Loan courtesy of Janine Cushing ; Creative Commons BY-NC-ND 4.0 Licence,1,other_open_or_conditional
Loan courtesy of Jennifer Anne Matheson. ; Creative Commons BY-NC-ND 4.0 Licence,1,other_open_or_conditional
Loan courtesy of Jo Morgan. ; Creative Commons BY-NC-ND 4.0 Licence,1,other_open_or_conditional
Loan courtesy of Joan Martin. ; Creative Commons BY-NC-ND 4.0 Licence,1,other_open_or_conditional
Loan courtesy of Joanne Liddy ; Creative Commons BY-NC-ND 4.0 Licence,1,other_open_or_conditional
Loan courtesy of Joanne Liddy. ; Creative Commons BY-NC-ND 4.0 Licence,1,other_open_or_conditional
Loan courtesy of John Martin. ; Creative Commons BY-NC-ND 4.0 Licence,1,other_open_or_conditional
Loan courtesy of Jojo Ross ; Creative Commons BY-NC-ND 4.0 Licence,1,other_open_or_conditional
Loan courtesy of Joy Mathers ; Creative Commons BY-NC-ND 4.0 Licence,1,other_open_or_conditional
Loan courtesy of Julie Collis ; Creative Commons BY-NC-ND 4.0 Licence,1,other_open_or_conditional
Loan courtesy of Karen Thompson. ; Creative Commons BY-NC-ND 4.0 Licence,1,other_open_or_conditional
Loan courtesy of Kim Smith ; Creative Commons BY-NC-ND 4.0 Licence,1,other_open_or_conditional
Loan courtesy of Lane Francis Worrall. ; Creative Commons BY-NC-ND 4.0 Licence,1,other_open_or_conditional
Loan courtesy of Laurel Judd ; Creative Commons BY-NC-ND 4.0 Licence,1,other_open_or_conditional
Loan courtesy of Lesley Nelson ; Creative Commons BY-NC-ND 4.0 Licence,1,other_open_or_conditional
Loan courtesy of Linda Chapman ; Creative Commons BY-NC-ND 4.0 Licence,1,other_open_or_conditional
Loan courtesy of Linda Evans ; Creative Commons BY-NC-ND 4.0 Licence,1,other_open_or_conditional
Loan courtesy of Lindsay O'Brien. ; Creative Commons BY-NC-ND 4.0 Licence,1,other_open_or_conditional
Loan courtesy of Lindsey O'Brien. ; Creative Commons BY-NC-ND 4.0 Licence,1,other_open_or_conditional
Loan courtesy of Lyn Buckley ; Creative Commons BY-NC-ND 4.0 Licence,1,other_open_or_conditional
Loan courtesy of Lyndy Sainsbury ; Creative Commons BY-NC-ND 4.0 Licence,1,other_open_or_conditional
Loan courtesy of Lyndy Sainsbury. ; Creative Commons BY-NC-ND 4.0 Licence,1,other_open_or_conditional
Loan courtesy of Margaret Cropp (nee Wells) ; Creative Commons BY-NC-ND 4.0 Licence,1,other_open_or_conditional
Loan courtesy of Margot Leigh ; Creative Commons BY-NC-ND 4.0 Licence,1,other_open_or_conditional
Loan courtesy of Mary Newman-Pound ; Creative Commons BY-NC-ND 4.0 Licence,1,other_open_or_conditional
Loan courtesy of Mary Reid ; Creative Commons BY-NC-ND 4.0 Licence,1,other_open_or_conditional
Loan courtesy of MaryJane and Phil O'Reilly ; Creative Commons BY-NC-ND 4.0 Licence,1,other_open_or_conditional
Loan courtesy of Merren Cushing ; Creative Commons BY-NC-ND 4.0 Licence,1,other_open_or_conditional
Loan courtesy of Mrs Helen Bull ; Creative Commons BY-NC-ND 4.0 Licence,1,other_open_or_conditional
Loan courtesy of Myra Hogan. ; Creative Commons BY-NC-ND 4.0 Licence,1,other_open_or_conditional
Loan courtesy of NOM*d ; Creative Commons BY-NC-ND 4.0 Licence,1,other_open_or_conditional
Loan courtesy of Netball New Zealand Archive. ; Creative Commons BY-NC-ND 4.0 Licence,1,other_open_or_conditional
Loan courtesy of Nicola Zaaiman ; Creative Commons BY-NC-ND 4.0 Licence,1,other_open_or_conditional
Loan courtesy of Penny Bieder ; Creative Commons BY-NC-ND 4.0 Licence,1,other_open_or_conditional
Loan courtesy of Rachel Stace ; Creative Commons BY-NC-ND 4.0 Licence,1,other_open_or_conditional
Loan courtesy of Rakel Blom ; Creative Commons BY-NC-ND 4.0 Licence,1,other_open_or_conditional
Loan courtesy of Robert McGregor ; Creative Commons BY-NC-ND 4.0 Licence,1,other_open_or_conditional
Loan courtesy of Rosalind Elliott. ; Creative Commons BY-NC-ND 4.0 Licence,1,other_open_or_conditional
Loan courtesy of Rose Jackson ; Creative Commons BY-NC-ND 4.0 Licence,1,other_open_or_conditional
Loan courtesy of Sandra Yee ; Creative Commons BY-NC-ND 4.0 Licence,1,other_open_or_conditional
Loan courtesy of Sandra Yee. ; Creative Commons BY-NC-ND 4.0 Licence,1,other_open_or_conditional
Loan courtesy of Sean Hurst ; Creative Commons BY-NC-ND 4.0 Licence,1,other_open_or_conditional
Loan courtesy of Sera Mitchinson. ; Creative Commons BY-NC-ND 4.0 Licence,1,other_open_or_conditional
Loan courtesy of Skellerup ; Creative Commons BY-NC-ND 4.0 Licence,1,other_open_or_conditional
Loan courtesy of Therese Rodger. ; Creative Commons BY-NC-ND 4.0 Licence,1,other_open_or_conditional
Loan courtesy of Tina Stephen. ; Creative Commons BY-NC-ND 4.0 Licence,1,other_open_or_conditional
Loan courtesy of Vicki Beavis. ; Creative Commons BY-NC-ND 4.0 Licence,1,other_open_or_conditional
Loan courtesy of Victoria Carr ; Creative Commons BY-NC-ND 4.0 Licence,1,other_open_or_conditional
Loan courtesy of the Hope-Ede family. ; Creative Commons BY-NC-ND 4.0 Licence,1,other_open_or_conditional
Loaned by Annie Coney ; Creative Commons BY-NC-ND 4.0 Licence,1,other_open_or_conditional
"Lorraine Robertson and Margaret Haworth, Auckland ; Creative Commons BY-NC-ND 4.0 Licence",1,other_open_or_conditional
"MAI Journal is an open access journal that publishes multidisciplinary peer-reviewed articles that critically analyse and address indigenous and Pacific issues in the context of Aotearoa New Zealand. MAI Journal publishes two issues per year, the first in May and the second in December. MAI Journal is only published online. We aim to publish scholarly articles that substantively engage with intellectual indigenous scholarship.",1,other_open_or_conditional
MDPI - Open Access Publishing,1,other_open_or_conditional
"Many authors in today's publishing environment want to make their research freely available to all reader communities. To enable exposure for their groundbreaking research and applications-oriented articles, IEEE has created IEEE OPEN, an approach to publishing designed to meet the author's varied needs throughout their careers. The IEEE OPEN publishing program offers three options Hybrid Journals, Fully Open Topical Journals and a Multidisciplinary Mega Journal (IEEE Access).

Any article marked withOpenAccessin search results that reflects Open Access upon hover is free for all users.",1,other_open_or_conditional
"Margarita Robertson, NOM*d archives ; Creative Commons BY-NC-ND 4.0 Licence",1,other_open_or_conditional
"Margarita Robertson, NOM*d label, Dunedin ; Creative Commons BY-NC-ND 4.0 Licence",1,other_open_or_conditional
Marie Strauss ; Creative Commons BY-NC-ND 4.0 Licence,1,other_open_or_conditional
"Marilyn Maycombe, Auckland ; Creative Commons BY-NC-ND 4.0 Licence",1,other_open_or_conditional
"Mary Burden, Rotorua ; Creative Commons BY-NC-ND 4.0 Licence",1,other_open_or_conditional
"Material in the NZMJ is available only to subscribers/NZMA members for 6 months after publication. Articles may, however, be made open access upon payment of $1000, once an article has been accepted for publication.

This means the article will immediately be available to all readers online and in the pdf of the Journal. NB: All articles must first go through the review process and be accepted for publication before becoming eligible for open access.",1,other_open_or_conditional
Modelled by Merrin McCreadie ; Creative Commons BY-NC-ND 4.0 Licence,1,other_open_or_conditional
"Mrs Joyce Taylor, Auckland ; Creative Commons BY-NC-ND 4.0 Licence",1,other_open_or_conditional
Netball New Zealand ; Creative Commons BY-NC-ND 4.0 Licence,1,other_open_or_conditional
"Ngaire Henstock, Auckland ; Creative Commons BY-NC-ND 4.0 Licence",1,other_open_or_conditional
Nick Atkinson ; Creative Commons BY-NC-ND 4.0 Licence,1,other_open_or_conditional
"Nour Hassan, photograph of model by Hannah Richards ; Creative Commons BY-NC-ND 4.0 Licence",1,other_open_or_conditional
OPEN DATA.  data released under the ODC-BY 1.0 license,1,other_open_or_conditional
"Olivia Dunston, Dunedin ; Creative Commons BY-NC-ND 4.0 Licence",1,other_open_or_conditional
"Ommega Internationals is an open access publishing house of peer reviewed journals in the fields of science, technology and medicine with a sole intention of promulgation of research articles throughout the globe.",1,other_open_or_conditional
"Open - with the exception of Series 8.1 and 8.9 - 8.13, by application to Library Manager.; Open",1,other_open_or_conditional
Open Access funded by Biotechnology and Biological Sciences Research Council nder a Creative Commons license,1,other_open_or_conditional
Open Access funded by Biotechnology and Biological Sciences Research Council under a Creative Commons license.,1,other_open_or_conditional
Open Access funded by Engineering and Physical Sciences Research Council under a Creative Commons license,1,other_open_or_conditional
Open Access funded by Medical Research Council under a Creative Commons license,1,other_open_or_conditional
Open Access funded by Wellcome Trust under a Creative Commons license,1,other_open_or_conditional
"Open Access, Google-digitized.",1,other_open_or_conditional
"Open Access: Following the principle that knowledge is a public good, the journal adheres to the BOAI definition of open access: that users have the right to ""read, download, copy, distribute, print, search, or link to the full texts of these articles"".",1,other_open_or_conditional
Open access content Open access content star,1,other_open_or_conditional
Open access under a Creative Commons license,1,other_open_or_conditional
"Open access. High resolution files held by City of Melbourne Libraries and available on request. Unrestricted User must acknowledge: Image by Graeme Butler, made available through funding from the Public Record Office of Victoria and City of Melbourne.",1,other_open_or_conditional
Open except for audio tapes. These are restricted until master copies can be made.; Open,1,other_open_or_conditional
Open for educational purposes.,1,other_open_or_conditional
Open. Digital copy available.; Outsized material - two retrievers required,1,other_open_or_conditional
Open. Digital copy of Items 1-5 is available.; Open,1,other_open_or_conditional
Open. Exception is item MS-2010-20-1 which is currently on display in the Pou Maumahara Memorial Discovery Centre.; Open,1,other_open_or_conditional
Open. Handle with care. Do not remove from protective enclosure.; Open,1,other_open_or_conditional
Open. See collection inventory (PDF) attached to this record for further details.; Open,1,other_open_or_conditional
Open; Collection is generally open access. Some items are restricted due to fragility.,1,other_open_or_conditional
Open; Open. Issue typescripts in Box 2.,1,other_open_or_conditional
Otago Museum ; Creative Commons BY-NC-ND 4.0 Licence,1,other_open_or_conditional
Pacifica is already open access.,1,other_open_or_conditional
Paid open access,1,other_open_or_conditional
"Pamela J. Nash, Hamilton ; Creative Commons BY-NC-ND 4.0 Licence",1,other_open_or_conditional
Photo by Fraser Chatham ; Creative Commons BY-NC-ND 4.0 Licence,1,other_open_or_conditional
Photo courtesy of Gay Williams. ; Photo © unknown. Please contact NZFM before reproducing this item. ; Loan courtesy of Gay Williams. ; Creative Commons BY-NC-ND 4.0 Licence,1,other_open_or_conditional
"Photo from 1am Magazine, June/July 2008 ; Image © Kate Sylvester and Karen Inderbitzen-Waller ; Courtesy of Cathy Dunn ; Creative Commons BY-NC-ND 4.0 Licence",1,other_open_or_conditional
Photos courtesy of MTG Hawke's Bay ; Creative Commons BY-NC-ND 4.0 Licence,1,other_open_or_conditional
"Platform: Journal of Media and Communication is an open-access online graduate publication. Founded and published by the Media and Communications Program, School of Culture and Communication, at The University of Melbourne, Platform was launched in November 2008.",1,other_open_or_conditional
Please check with the Library before any reuse or reproduction.,1,other_open_or_conditional
Please contact Library for reuse or reproduction of this image.,1,other_open_or_conditional
"Presentation to the Business & Sustainability Symposium, The Open Polytechnic of New Zealand, Lower Hutt, New Zealand (May 2009).",1,other_open_or_conditional
"Private collection, Plimmerton ; Creative Commons BY-NC-ND 4.0 Licence",1,other_open_or_conditional
"Progress In Electromagnetics Research (PIER) publishes peer-reviewed original and comprehensive articles on all aspects of electromagnetic theory and applications. This is an open access, on-line journal PIER (E-ISSN 1559-8985). It has been first published as a monograph series on Electromagnetic Waves (ISSN 1070-4698) in 1989. It is freely available to all readers via the Internet.",1,other_open_or_conditional
Publisher has granted UC a non-exclusive license to make this article available in the open access repository,1,other_open_or_conditional
Purchased 1965 Â© Colin Lanceley. Licensed by Viscopy,1,other_open_or_conditional
Purchased 1982 Â© Marie McMahon. Licensed by ViscopyÂ© Jan Fieldsend,1,other_open_or_conditional
Purchased 1988 Â© Colin Lanceley. Licensed by ViscopyÂ© Estate of Mike Brown,1,other_open_or_conditional
Purchased 1995 Â© Rosalie Gascoigne. Licensed by Viscopy,1,other_open_or_conditional
"Research Online is an open access digital archive promoting the scholarly output of the University of Wollongong, Australia.",1,other_open_or_conditional
"Research Online is the open access institutional repository for the
University of Wollongong. For further information contact Manager
Repository Services: morgan@uow.edu.au.",1,other_open_or_conditional
"Research Online is the open access institutional repository for the
University of Wollongong. For further information contact the UOW
Library: research-pubs@uow.edu.au",1,other_open_or_conditional
"Restricted item - embargoed until 10 February 2021 (With the exceptions noted in http://researcharchive.lincoln.ac.nz/page/rights, this metadata is available under a Creative Commons Zero license.)",1,other_open_or_conditional
"Richelle Williams, Dunedin ; Creative Commons BY-NC-ND 4.0 Licence",1,other_open_or_conditional
"Robyn Hall, Auckland ; Creative Commons BY-NC-ND 4.0 Licence",1,other_open_or_conditional
"Rose Thomas, Nymphets label, Auckland ; Creative Commons BY-NC-ND 4.0 Licence",1,other_open_or_conditional
"Ruth Shepherd, Omarama ; Creative Commons BY-NC-ND 4.0 Licence",1,other_open_or_conditional
SAP publishes peer-reviewed scholarly journals involving a wide range of academic disciplines. All articles published in SAP are open access and distributed worldwidely.,1,other_open_or_conditional
"SM Open Access Journals support second way of Open Access, by publishing scientific literature from the author and immediately available to readers with free of cost through online.",1,other_open_or_conditional
"SSRN supports the Open Access movement. All scholars may submit papers for free, and author-submitted content is downloadable at no charge by users world-wide.",1,other_open_or_conditional
"Sachie Granberg née Hasegawa, Auckland ; Creative Commons BY-NC-ND 4.0 Licence",1,other_open_or_conditional
"Scholars Research Library publishes all its journals in full open access format which are easily accessible for scientific community. Researchers have free and unlimited access to the full-text of articles published in Scholars Research Library Journals ie Readers can access the published articles freely without login and password. It gives the author’s research high visibility, availability and more citations.",1,other_open_or_conditional
"Science Publications publishes a collection of peer-reviewed, open access scientific journals covering all areas of science, technology and medicine. All articles published with Science Publications publishes follow the open access policy which permits unrestricted use, distribution, and reproduction in any medium, provided the original work is properly cited.",1,other_open_or_conditional
"Section 8 of the Freedom of Information Act 2014, requires Freedom of Information FOI bodies to prepare and publish as much information as possible in an open and accessible manner on a routine basis outside of FOI, having regard to the principles of openness, transparency, and accountability.",1,other_open_or_conditional
"Sharlee Ghent, Dunedin and Joy Pointon, Whanganui ; Creative Commons BY-NC-ND 4.0 Licence",1,other_open_or_conditional
"Shirt loan courtesy of Brian Connell, trunks courtesy of Dion and Kaye Coleman ; Creative Commons BY-NC-ND 4.0 Licence",1,other_open_or_conditional
Shoe loan courtesy of Cecilie Geary ; Creative Commons BY-NC-ND 4.0 Licence,1,other_open_or_conditional
"Shona Caughey, Auckland ; Creative Commons BY-NC-ND 4.0 Licence",1,other_open_or_conditional
"Shona Tawhiao, photo of model by Russ Flatt ; Creative Commons BY-NC-ND 4.0 Licence",1,other_open_or_conditional
"SiSAL Journal is an open access, peer-reviewed, quarterly publication for those interested in the field of self-access language learning.  The articles reflect the ongoing contributions to the field and are aimed at international researchers and practitioners.  The scope of the journal incorporates self-access learning and skills support centers which aim to promote learner autonomy.",1,other_open_or_conditional
"Skirt courtesy of Liz Powell, top courtesy of Anita Arlov ; Creative Commons BY-NC-ND 4.0 Licence",1,other_open_or_conditional
Spandidos Publications automatically provides open access to articles 12 months after their publication online.,1,other_open_or_conditional
"Springer, subject to Terms of Use https://www.springer.com/gp/open-access/publication-policies/aam-terms-of-use",1,other_open_or_conditional
"Suit courtesy of Geoffrey Bailey, shirt courtesy of Kim Smith  ; Creative Commons BY-NC-ND 4.0 Licence",1,other_open_or_conditional
"Supporting original research, and providing appropriate platforms for its dissemination. IAFOR will archive all research produced in association with its conferences and seminars and make it publicly and available on the IAFOR website through a variety of open-access publications.",1,other_open_or_conditional
"Swimsuit courtesy of Dianne Ludwig, visor courtesy of Anna Macindoe ; Creative Commons BY-NC-ND 4.0 Licence",1,other_open_or_conditional
"Swimsuit courtesy of Tauranga Heritage Collection, sunglasses courtesy of Hilaire Field, petal swimcap courtesy of Aquaswimming Supplies ; Creative Commons BY-NC-ND 4.0 Licence",1,other_open_or_conditional
"Swimsuit loan courtesy of Felicity Bell, hat courtesy of Dianne Ludwig, towel courtesy of Helen Newfield ; Creative Commons BY-NC-ND 4.0 Licence",1,other_open_or_conditional
"Taiwan Journal of Linguistics (TJL) is entirely open access, with no charges to authors or readers.",1,other_open_or_conditional
Tanya Carlson ; Creative Commons BY-NC-ND 4.0 Licence,1,other_open_or_conditional
Teresa Woodham ; Creative Commons BY-NC-ND 4.0 Licence,1,other_open_or_conditional
Text courtesy of Historic Places Manawatu-Horowhenua.  ; Creative Commons BY-NC-ND 4.0 Licence,1,other_open_or_conditional
"The  Journal of Universal Computer Science is a publication of the Graz University of Technology, which supports the Open Access Initiative for scientific literature. The document is available online",1,other_open_or_conditional
"The ""International Journal of Transportation Systems"" is an open access journal. The goal of this journal is to provide a platform for academicians, researchers and practitioners all over the world to promote, share, and discuss various new issues and developments in all areas of Transportation Systems.",1,other_open_or_conditional
"The Asia Pacific Scholar (ISSN 24249270 online; 24249335 print) is a peer reviewed, open-access, biannual online educational journal which addresses the needs of health professionals involved in the education of future practitioners.",1,other_open_or_conditional
"The Australasian Journal of Construction Economics and Building is a peer reviewed, open access publication, free to both readers and authors, for original research into all aspects of the economics and management of building and construction, quantity surveying and property management.",1,other_open_or_conditional
"The Australian Edition is a member of the innovative and original Global Media Journal: an online-only, open access, global resource for communication and media studies scholarship, with independent editions around the world.",1,other_open_or_conditional
The Author(s) 2014. This article is published with open access at Springerlink.com,1,other_open_or_conditional
The Author(s) 2016. This article is published with open access at Springerlink.com,1,other_open_or_conditional
The Author(s). This article is published under a Creative Commons License.,1,other_open_or_conditional
"The Author. (With the exceptions noted in http://researcharchive.lincoln.ac.nz/page/rights, this metadata is available under a Creative Commons Zero license.)",1,other_open_or_conditional
The IJEE is an open-access journal and it is free of charge for both readers and authors.,1,other_open_or_conditional
The International Journal of Wireless & Mobile Networks (IJWMN) is a bi monthly open access peer-reviewed journal.,1,other_open_or_conditional
The Journal of Human Kinetics is an open access interdisciplinary periodical offering the latest research in the science of human movement studies.,1,other_open_or_conditional
"The Journal of International Women's Studies is an on-line, open-access, peer reviewed journal that provides a forum for scholars, activists, and students to explore the relationship between feminist theory and various forms of organizing.",1,other_open_or_conditional
The Karen Walker archive ; Creative Commons BY-NC-ND 4.0 Licence,1,other_open_or_conditional
"The Kelaniya Journal of Management is included in DOAJ.
Open Access Policy
This journal provides immediate open access to its content on the principle that making research freely available to the public supports a greater global exchange of knowledge.",1,other_open_or_conditional
"The SciTePress Digital Library (Science and Technology Publications, Lda) is an open access repository, who specializes in publishing conference proceedings. Access to the SciTePress Digital Library is free for members and allows visitors to browse through papers, conference proceedings and books.",1,other_open_or_conditional
"The TIIS Journal has been published since Dec., 2007 The Transactions is published every month.This is an Open-Access journal. The Transactions is designed to allow readers to obtain the most state of the art in a number of focusing areas related to wired & wireless internet and information systems.",1,other_open_or_conditional
"The WSEAS Transactions (http://www.wseas.org) are the only open access journals in the world where the Authors do not pay any kind of registration fees or publication fees or ""donation"" (the full PDF files of the papers are permanently open for everybody, without any restrictions, while the authors are not charged with any kind of fees). 
The WSEAS Journals are available both on the web (free for all) and hard-copy for our customers, libraries and indexes.
(Please see Citation and Publisher’s Version)",1,other_open_or_conditional
"The WSEAS Transactions are the only open access journals in the world where the Authors do not pay any kind of registration fees or publication fees or ""donation"" (the full PDF files of the papers are permanently open for everybody, without any restrictions, while the authors are not charged with any kind of fees). 
The WSEAS Journals are available both on the web (free for all) and hard-copy for our customers, libraries and indexes.
(Please see Citation and Publisher’s Version)",1,other_open_or_conditional
"The Women's Studies Journal is a biannual, open access, peer reviewed academic journal established by the Women's Studies Association.",1,other_open_or_conditional
"The author(s) assign a Creative Commons by attribution licence enabling
others to distribute, remix, tweak, and build upon their work, even
commercially, as long as credit is given to the author(s) for the original
creation.",1,other_open_or_conditional
"The author(s) assign a Creative Commons by attribution licence enabling others
to distribute, remix, tweak, and build upon their work, even commercially, as
long as credit is given to the author(s) for the original creation.",1,other_open_or_conditional
"The author(s) assign a Creative Commons by attribution licence enabling others to
distribute, remix, tweak, and build upon their work, even commercially, as long as
credit is given to the author(s) for the original creation.",1,other_open_or_conditional
"The author(s) grant arXiv.org a non-exclusive and irrevocable license to distribute the article, and certify that he/she has the right to grant this license.",1,other_open_or_conditional
The contents of this journal will be available in an open access format 18 month(s) after an issue is published.,1,other_open_or_conditional
"The data provided by dblp on its webpages as well as the XML files available at our website are released under the Open Data Commons Attribution License (ODC-BY 1.0). You are free to copy, distribute, use, modify, transform, build upon, and produce derived works from our data as long as you attribute any public use of the data, or works produced from the data, in the manner specified in the license.",1,other_open_or_conditional
"The daughters of the late Pauline Boyd, Dargaville ; Creative Commons BY-NC-ND 4.0 Licence",1,other_open_or_conditional
The electronic version of NECSUS_European Journal of Media Studies is published in Open Access and is therefore free and accessible to the public.,1,other_open_or_conditional
"The family of the late Mrs Kay Prebble, Wellington ; Creative Commons BY-NC-ND 4.0 Licence",1,other_open_or_conditional
"The individual chapter files are open access.
The low resolution file of the entire thesis can only be viewed by current staff and students of Lincoln University. (With the exceptions noted in http://researcharchive.lincoln.ac.nz/page/rights, this metadata is available under a Creative Commons Zero license.)",1,other_open_or_conditional
"The journal is freely available online. Authors are required to agree with this open access policy, which enables unrestricted access and reuse of all published articles.",1,other_open_or_conditional
"The journal is open access. The final published version of every article (or Version of Record) is permanently and freely available online for anyone, anywhere, to read. The journal uses a Creative Commons Licence, which must be respected at all times. There are no charges for submitting or processing any manuscript.",1,other_open_or_conditional
"The open access option provides authors with a means to comply with open access mandates and meet applicable license requirements. For more information on pricing, the Creative Commons licenses and compliance with the public access and open access policies visit: http://wkauthorservices.editage.com/open-access/",1,other_open_or_conditional
The open access research journals aim to maintain a rapid editorial procedure and a rigorous peer-review system. The submitted original articles are reviewed within approximately three months of submission and the accepted articles are published on the internet immediately upon receiving the final versions. All accepted articles are published free of charge.,1,other_open_or_conditional
There is a restriction only on Item (i) in Box 1 - not to be issued. Issue bound typescript copy (Item iii) instead.; Open,1,other_open_or_conditional
"This Event is brought to you for free and open access by ScholarWorks@UMass Amherst. It has been accepted for inclusion in Travel and Tourism Research Association: Advancing Tourism Research Globally by an authorized administrator of ScholarWorks@UMass Amherst. For more information, please contact scholarworks@library.umass.edu.",1,other_open_or_conditional
"This article has been published in the British Journal of Nutrition, https://doi.org/10.1017/S0007114515001452. This version is free to view and download for private research and study only. Not for re-distribution, re-sale or use in derivative works. © The Authors. (With the exceptions noted in http://researcharchive.lincoln.ac.nz/page/rights, this metadata is available under a Creative Commons Zero license.)",1,other_open_or_conditional
"This article has been published in the journal: Journal of Open, Flexible, and Distance Learning.",1,other_open_or_conditional
This article is distributed under the terms of the Creative commons license.,1,other_open_or_conditional
This article is part of the WIT OpenView scheme and you can download the full text Adobe PDF article for FREE by clicking the 'Openview' icon to the right [Publisher's Version]..,1,other_open_or_conditional
This article is published under Creative Commons license 4.0,1,other_open_or_conditional
This article is published under a Creative commons license: https://creativecommons.org/licenses/by-nc-sa/3.0/,1,other_open_or_conditional
This article is published under the Creative Commons by Attribution license,1,other_open_or_conditional
This article is published under the terms of the Creative Commons license.,1,other_open_or_conditional
"This collection is generally open access, but does have some restrictions. See inventory for details. Electronic copies of many items are available.; Open",1,other_open_or_conditional
"This digital dissertation can be viewed by current staff and students of Lincoln University only. (With the exceptions noted in http://researcharchive.lincoln.ac.nz/page/rights, this metadata is available under a Creative Commons Zero license.)",1,other_open_or_conditional
"This is a post print version of an article published in in the Journal of Adventure Education and Outdoor Learning c2001, 1(2), pp. 11-20. The Journal of Adventure Education and Outdoor Learning is available online with the open URL of your article which would be the following address: http://www.informaworld.com/openurl?genre=article&issn=1472-9679&volume=1&issue=2&spage=1120",1,other_open_or_conditional
"This is a post print version of an article published in in the Museum Management and Curatorship c2006, 21(1), pp. 20-31.  The Museum Management and Curatorship is available online with the open URL of your article which would be the following address: http://www.informaworld.com/openurl?genre=article&issn=0964-7775&volume=21&issue=1&spage=2031",1,other_open_or_conditional
"This is a post print version of an article published in in the Tourism Geographies c2002, 4(1), pp. 44-61. The Tourism Geographies is available online with the open URL of your article which would be the following address: http://www.informaworld.com/openurl?genre=article&issn=1470-1340&volume=4&issue=1&spage=4461",1,other_open_or_conditional
This is a preprint of an article submitted for consideration in the Journal of Educational Administration and History. © Taylor & Francis 2005. Journal of Educational Administration and History which is available online at: http://www.informaworld.com/openurl?genre=article&issn=0022-0620&issue=2&spage=127&volume=37,1,other_open_or_conditional
This is a preprint of an article whose final and definitive form has been published in the The International Journal of Human Resource Management - iFirst Content © 2011 Taylor & Francis; The International Journal of Human Resource Management is available online at: www.tandfonline.com with the open URL of your article http://www.tandfonline.com/doi/full/10.1080/09585192.2011.561221 (please see citation and Publisher's Version),1,other_open_or_conditional
"This is an electronic version of an article published in Action Learning: Research and Practice, 7(1), 41-57. Action Learning: Research and Practice is available at http://www. tandfonline.com/openurl?genre=article&issn=1476-7333&date=2010&volume=7&issue=1&spage=41",1,other_open_or_conditional
"This is an electronic version of an article published in Community Development, 41(3)), 340-353. Action Learning: Research and Practice is available at http://www. tandfonline.com/openurl?genre=article&issn=1557-5330&date=2010&volume=41&issue=3&spage=340",1,other_open_or_conditional
"This is an electronic version of an article published in Early Education and Development, 22(5), 795-817. Early Education and Development is available online at: http://www.tandfonline.com/openurl?genre=article&issn=1040-9289&volume=22&issue=5&spage=795",1,other_open_or_conditional
"This is an electronic version of an article published in the Journal of Educational Administration and History, 40(2), 113-128. doi: 10.1080/00220620802210871. The Journal of Educational Administration and History is available online at http://www.tandfonline.com/openurl?genre=article&issn=0022-0620&volume=40&issue=2&spage=113",1,other_open_or_conditional
"This is an electronic version of an article published in the Journal of Peace Education 8(3), 333-352. The Journal of Peace Education  is available online at: 
http://www.tandfonline.com/openurl?genre=article&issn=1740-0201&volume=8&issue=3&spage=333",1,other_open_or_conditional
This is from Business Education & Accreditation Open Access past issues.,1,other_open_or_conditional
This is the post-print version (ie final draft post-refereeing). some corrections pending. final published copy will be available in 2017 both through cambridge u journals and open access platforms.  on-line versions includes film clips.,1,other_open_or_conditional
"This journal provides immediate open access to its content on the principle that making research freely available to the public supports a greater global exchange of knowledge.
This journal uses Open Journal Systems 2.4.2.0, which is open source journal management and publishing software developed, supported, and freely distributed by the Public Knowledge Project under the GNU General Public License.",1,other_open_or_conditional
"This journal provides immediate open access to its content on the principle that making research freely available to the public supports a greater global exchange of knowledge. Authors also receive a link to the pdf of their article, which they are encouraged to disseminate as widely as possible.",1,other_open_or_conditional
"This journal provides immediate open access to its content thereby sharing capability in research and education effectively with global partners and stakeholders. By facilitating exposure, sharing, comparison and critique of research, Open Access supports the generation of new knowledge applied to solve complex problems and deliver social benefits.",1,other_open_or_conditional
"This journal uses Open Journal Systems 2.1.1.0, which is open source journal management and publishing software developed, supported, and freely distributed by the Public Knowledge Project under the GNU General Public License.",1,other_open_or_conditional
"This work is licensed under the Creative Commons | © Piers Locke.
ISSN 2049-1115 (Online). DOI: http://dx.doi.org/10.14318/hau7.1.024",1,other_open_or_conditional
To ensure the widest possible dissemination Making Futures is published as open-access academic resource and the full articles are all available for free download to not-for-profit users for reading.,1,other_open_or_conditional
Tony Hopkins ; Creative Commons BY-NC-ND 4.0 Licence,1,other_open_or_conditional
Top courtesy of Evelyn Ebrey ; Creative Commons BY-NC-ND 4.0 Licence,1,other_open_or_conditional
"Trish Murphy, Matata ; Creative Commons BY-NC-ND 4.0 Licence",1,other_open_or_conditional
"UTS ePRESS is the digital, open access scholarly publishing arm of the University of Technology Sydney (UTS). We publish high quality scholarly titles across a wide range of academic disciplines, including cultural studies, governance, history, law, literacy, international studies, society and social justice and indigenous studies.",1,other_open_or_conditional
"Under SAGE's Green Open Access policy, upon the article being accepted for publication, the Accepted Version of the article may be posted in the author's institutional repository.",1,other_open_or_conditional
"Use, reproduction, modification, and other intellectual property rights to content posted on isca-speech.org shall be subject to the terms of any applicable approved license. With respect to content posted on isca-speech.org the submitting user / member retains ownership of such content.",1,other_open_or_conditional
"Whigham PA, Spencer HG. 2021 Graph-structured populations and the Hill–Robertson effect. R. Soc. Open Sci. 8: 201831.",1,other_open_or_conditional
"Winifred McGreal, Auckland ; Creative Commons BY-NC-ND 4.0 Licence",1,other_open_or_conditional
"World Academy of Science, Engineering and Technology is a  scholarly open access, peer reviewed,  interdisciplinary, monthly and fully refereed international journal focusing on theories, methods and  applications in Science, Engineering and Technology.",1,other_open_or_conditional
Zambesi ; Creative Commons BY-NC-ND 4.0 Licence,1,other_open_or_conditional
"_blank"">A Darker Eden; Creative Commons BY-NC-ND 4.0 Licence",1,other_open_or_conditional
"_blank"">Upper Hutt Recollect; Creative Commons BY-NC-ND 4.0 Licence",1,other_open_or_conditional
"arXiv.org Open access to 1,111,552 e-prints in Physics, Mathematics, Computer Science, Quantitative Biology, Quantitative Finance and Statistics",1,other_open_or_conditional
"arXiv.org Open access to 1,111,552 e-prints in Physics, Mathematics, Computer Science, Quantitative Biology, Quantitative Finance and Statistics.",1,other_open_or_conditional
"arXiv.org Open access to e-prints in Physics, Mathematics, Computer Science, Quantitative Biology, Quantitative Finance, Statistics, Electrical Engineering and Systems Science, and Economics",1,other_open_or_conditional
"courtesy of Trish Murphy, Matata ; Creative Commons BY-NC-ND 4.0 Licence",1,other_open_or_conditional
http://creativecommons.org/licenses/by-nd/4.0/,1,other_open_or_conditional
http://creativecommons.org/licenses/by-sa/3.0//,1,other_open_or_conditional
http://creativecommons.org/licenses/by-sa/3.0/au/,1,other_open_or_conditional
http://purl.org/eprint/accessRights/OpenAccess,1,other_open_or_conditional
http://www.alia.org.au/publishing/license.pdf,1,other_open_or_conditional
http://www.springer.com/gp/open-access/authors-rights/self-archiving-policy/2124,1,other_open_or_conditional
https://creativecommons.org/licenses/by-nc-nd/3.0/nz/,1,other_open_or_conditional
https://creativecommons.org/licenses/by-nc/4.0/,1,other_open_or_conditional
https://creativecommons.org/licenses/by/3.0/,1,other_open_or_conditional
https://creativecommons.org/licenses/by/3.0/nz/,1,other_open_or_conditional
"https://journals.sfu.ca/pie/index.php/pie/index
Platinum Open Access - Free to Publish, Free to Download
Philosophical Inquiry in Education (PIE) is a ""Platinum"" open-access journal, the hallmark of which is that ""the costs associated with scholarly publication are covered by the benevolence of others, such as through volunteer work, donations, subsidies, [and] grants."" Our core principle is that we neither accept money to publish articles nor charge money to download articles.",1,other_open_or_conditional
https://www.springer.com/gb/open-access/authors-rights/self-archiving-policy/2124,1,other_open_or_conditional
www.zeitschrift-schreiben.eu is interdisciplinary and is open to all individuals and professional communities available that want to contribute to the emerging discourses.,1,other_open_or_conditional
xxx Licensed under Creative Commons,1,other_open_or_conditional
"©  2018 Tom Williams, Crile Doscher & Shannon Page (With the exceptions noted in http://researcharchive.lincoln.ac.nz/page/rights, this metadata is available under a Creative Commons Zero license.)",1,other_open_or_conditional
"©  August 2021, New Zealand Department of Conservation (With the exceptions noted in http://researcharchive.lincoln.ac.nz/page/rights, this metadata is available under a Creative Commons Zero license.)",1,other_open_or_conditional
"©  Gong et al.; licensee Springer. 2014 (With the exceptions noted in http://researcharchive.lincoln.ac.nz/page/rights, this metadata is available under a Creative Commons Zero license.)",1,other_open_or_conditional
"©  The Author(s) 2017 (With the exceptions noted in http://researcharchive.lincoln.ac.nz/page/rights, this metadata is available under a Creative Commons Zero license.)",1,other_open_or_conditional
"©  The Authors and Modelling and Simulation Society of Australia and New Zealand Inc. (MSSANZ). (With the exceptions noted in http://researcharchive.lincoln.ac.nz/page/rights, this metadata is available under a Creative Commons Zero license.)",1,other_open_or_conditional
"©  The Authors.  © Firenze University Press. (With the exceptions noted in http://researcharchive.lincoln.ac.nz/page/rights, this metadata is available under a Creative Commons Zero license.)",1,other_open_or_conditional
"© 2003 Modelling & Simulation Society of Australia & New Zealand Inc (With the exceptions noted in http://researcharchive.lincoln.ac.nz/page/rights, this metadata is available under a Creative Commons Zero license.)",1,other_open_or_conditional
"© 2003 New Zealand Plant Protection Society (Inc.) (With the exceptions noted in http://researcharchive.lincoln.ac.nz/page/rights, this metadata is available under a Creative Commons Zero license.)",1,other_open_or_conditional
"© 2003 New Zealand Plant Protection Society (Inc.) www.nzpps.org  Refer to http://www.nzpps.org/terms_of_use (With the exceptions noted in http://researcharchive.lincoln.ac.nz/page/rights, this metadata is available under a Creative Commons Zero license.)",1,other_open_or_conditional
"© 2004-2009 Editors@asiaentrepreneurshipjournal.com (With the exceptions noted in http://researcharchive.lincoln.ac.nz/page/rights, this metadata is available under a Creative Commons Zero license.)",1,other_open_or_conditional
© 2005 Author(s). This work is licensed under a Creative Commons License.,1,other_open_or_conditional
"© 2005 Modelling & Simulation Society of Australia & New Zealand Inc (With the exceptions noted in http://researcharchive.lincoln.ac.nz/page/rights, this metadata is available under a Creative Commons Zero license.)",1,other_open_or_conditional
"© 2006 New Zealand Plant Protection Society (Inc.) www.nzpps.org  Refer to http://www.nzpps.org/terms_of_use (With the exceptions noted in http://researcharchive.lincoln.ac.nz/page/rights, this metadata is available under a Creative Commons Zero license.)",1,other_open_or_conditional
"© 2007 American Society of Agronomy (With the exceptions noted in http://researcharchive.lincoln.ac.nz/page/rights, this metadata is available under a Creative Commons Zero license.)",1,other_open_or_conditional
"© 2007 New Zealand Plant Protection Society (Inc.) (With the exceptions noted in http://researcharchive.lincoln.ac.nz/page/rights, this metadata is available under a Creative Commons Zero license.)",1,other_open_or_conditional
"© 2007 Science Publications (With the exceptions noted in http://researcharchive.lincoln.ac.nz/page/rights, this metadata is available under a Creative Commons Zero license.)",1,other_open_or_conditional
"© 2008 IFRJ, Faculty of Food Science & Technology, UPM. (With the exceptions noted in http://researcharchive.lincoln.ac.nz/page/rights, this metadata is available under a Creative Commons Zero license.)",1,other_open_or_conditional
"© 2008 New Zealand Plant Protection Society (Inc.) www.nzpps.org  Refer to http://www.nzpps.org/terms_of_use (With the exceptions noted in http://researcharchive.lincoln.ac.nz/page/rights, this metadata is available under a Creative Commons Zero license.)",1,other_open_or_conditional
"© 2009 Blackwell Publishing Ltd (With the exceptions noted in http://researcharchive.lincoln.ac.nz/page/rights, this metadata is available under a Creative Commons Zero license.)",1,other_open_or_conditional
"© 2009 New Zealand Plant Protection Society (Inc.) www.nzpps.org Refer to http://www.nzpps.org/terms-of-use/ (With the exceptions noted in http://researcharchive.lincoln.ac.nz/page/rights, this metadata is available under a Creative Commons Zero license.)",1,other_open_or_conditional
"© 2009 SAGE Publications (With the exceptions noted in http://researcharchive.lincoln.ac.nz/page/rights, this metadata is available under a Creative Commons Zero license.)",1,other_open_or_conditional
"© 2010 New Zealand Ecological Society. Access to article maybe available through New Zealand Ecological Society website. (With the exceptions noted in http://researcharchive.lincoln.ac.nz/page/rights, this metadata is available under a Creative Commons Zero license.)",1,other_open_or_conditional
"© 2010, the authors (With the exceptions noted in http://researcharchive.lincoln.ac.nz/page/rights, this metadata is available under a Creative Commons Zero license.)",1,other_open_or_conditional
"© 2011 Elsevier B.V. (With the exceptions noted in http://researcharchive.lincoln.ac.nz/page/rights, this metadata is available under a Creative Commons Zero license.)",1,other_open_or_conditional
© 2011 Taylor & Francis. This is a preprint of an article whose final and definitive form has been published in the Applied Financial Economics and is available online at: www.tandfonline.com with the open URL of your article (see Publisher’s Version),1,other_open_or_conditional
"© 2011 The Author(s). Licensee IntechOpen. (With the exceptions noted in http://researcharchive.lincoln.ac.nz/page/rights, this metadata is available under a Creative Commons Zero license.)",1,other_open_or_conditional
"© 2011 Verwoerd; licensee BioMed Central Ltd. (With the exceptions noted in http://researcharchive.lincoln.ac.nz/page/rights, this metadata is available under a Creative Commons Zero license.)",1,other_open_or_conditional
"© 2011 by the American Diabetes Association. Readers may use this article as long as the work is properly cited, the use is educational and not for profit, and the work is not altered. See http://creativecommons.org/licenses/by-nc-nd/3.0/ for details.",1,other_open_or_conditional
"© 2012 New Zealand Plant Protection Society (Inc.) www.nzpps.org  Refer to http://www.nzpps.org/terms_of_use (With the exceptions noted in http://researcharchive.lincoln.ac.nz/page/rights, this metadata is available under a Creative Commons Zero license.)",1,other_open_or_conditional
"© 2012 New Zealand Plant Protection Society (With the exceptions noted in http://researcharchive.lincoln.ac.nz/page/rights, this metadata is available under a Creative Commons Zero license.)",1,other_open_or_conditional
"© 2012 South Island Dairy Event (SIDE) (With the exceptions noted in http://researcharchive.lincoln.ac.nz/page/rights, this metadata is available under a Creative Commons Zero license.)",1,other_open_or_conditional
"© 2013 Australasian Accounting Business and Finance Journal and Authors. (With the exceptions noted in http://researcharchive.lincoln.ac.nz/page/rights, this metadata is available under a Creative Commons Zero license.)",1,other_open_or_conditional
"© 2013 John Wiley & Sons Ltd and the Society for Experimental Biology
Re-use of this article is permitted in accordance with the Creative Commons Deed, Attribution 2.5, which does not permit commercial exploitation",1,other_open_or_conditional
"© 2013 National Academy of Sciences (With the exceptions noted in http://researcharchive.lincoln.ac.nz/page/rights, this metadata is available under a Creative Commons Zero license.)",1,other_open_or_conditional
"© 2013 New Zealand Institute of Forestry, Inc. (With the exceptions noted in http://researcharchive.lincoln.ac.nz/page/rights, this metadata is available under a Creative Commons Zero license.)",1,other_open_or_conditional
"© 2013 New Zealand Plant Protection Society (Inc.) (With the exceptions noted in http://researcharchive.lincoln.ac.nz/page/rights, this metadata is available under a Creative Commons Zero license.)",1,other_open_or_conditional
"© 2013 New Zealand Plant Protection Society (Inc.) www.nzpps.org 
Refer to http://www.nzpps.org/terms_of_use.html (With the exceptions noted in http://researcharchive.lincoln.ac.nz/page/rights, this metadata is available under a Creative Commons Zero license.)",1,other_open_or_conditional
"© 2013 Society of Chemical Industry (With the exceptions noted in http://researcharchive.lincoln.ac.nz/page/rights, this metadata is available under a Creative Commons Zero license.)",1,other_open_or_conditional
"© 2013 The Association for Research in Vision and Ophthalmology, Inc. (With the exceptions noted in http://researcharchive.lincoln.ac.nz/page/rights, this metadata is available under a Creative Commons Zero license.)",1,other_open_or_conditional
"© 2013 The Memory Waka (Massey University). (With the exceptions noted in http://researcharchive.lincoln.ac.nz/page/rights, this metadata is available under a Creative Commons Zero license.)",1,other_open_or_conditional
"© 2013 Wiley Periodicals, Inc. (With the exceptions noted in http://researcharchive.lincoln.ac.nz/page/rights, this metadata is available under a Creative Commons Zero license.)",1,other_open_or_conditional
"© 2014 American Dairy Science Association. (With the exceptions noted in http://researcharchive.lincoln.ac.nz/page/rights, this metadata is available under a Creative Commons Zero license.)",1,other_open_or_conditional
"© 2014 National Academy of Sciences (With the exceptions noted in http://researcharchive.lincoln.ac.nz/page/rights, this metadata is available under a Creative Commons Zero license.)",1,other_open_or_conditional
"© 2014 New Zealand Plant Protection Society (Inc.) www.nzpps.org Refer to http://www.nzpps.org/terms_of_use.html (With the exceptions noted in http://researcharchive.lincoln.ac.nz/page/rights, this metadata is available under a Creative Commons Zero license.)",1,other_open_or_conditional
"© 2014 Resource Management Law Association of New Zealand Inc. (With the exceptions noted in http://researcharchive.lincoln.ac.nz/page/rights, this metadata is available under a Creative Commons Zero license.)",1,other_open_or_conditional
"© 2014 The Memory Waka (Massey University). (With the exceptions noted in http://researcharchive.lincoln.ac.nz/page/rights, this metadata is available under a Creative Commons Zero license.)",1,other_open_or_conditional
"© 2014 by the Ecological Society of America (With the exceptions noted in http://researcharchive.lincoln.ac.nz/page/rights, this metadata is available under a Creative Commons Zero license.)",1,other_open_or_conditional
"© 2015 American Society of Agricultural and Biological Engineers (With the exceptions noted in http://researcharchive.lincoln.ac.nz/page/rights, this metadata is available under a Creative Commons Zero license.)",1,other_open_or_conditional
"© 2015 Asian Development Bank. 
ADB encourages websites and blogs to link to its web pages. Articles may be republished without alteration with the attribution statement “This article was first published by the Asian Development Bank (www.adb.org)"" and a clickable link back to adb.org. (With the exceptions noted in http://researcharchive.lincoln.ac.nz/page/rights, this metadata is available under a Creative Commons Zero license.)",1,other_open_or_conditional
"© 2015 Asian Development Bank. ADB encourages websites and blogs to link to its web pages. Articles may be republished without alteration with the attribution statement “This article was first published by the Asian Development Bank (www.adb.org)"" and a clickable link back to adb.org. (With the exceptions noted in http://researcharchive.lincoln.ac.nz/page/rights, this metadata is available under a Creative Commons Zero license.)",1,other_open_or_conditional
"© 2015 Australasian Accounting, Business and Finance Journal and Authors (With the exceptions noted in http://researcharchive.lincoln.ac.nz/page/rights, this metadata is available under a Creative Commons Zero license.)",1,other_open_or_conditional
"© 2015 Case and Buckley (With the exceptions noted in http://researcharchive.lincoln.ac.nz/page/rights, this metadata is available under a Creative Commons Zero license.)",1,other_open_or_conditional
"© 2015 Delestre et al. (With the exceptions noted in http://researcharchive.lincoln.ac.nz/page/rights, this metadata is available under a Creative Commons Zero license.)",1,other_open_or_conditional
"© 2015 Environment Institute of Australia and New Zealand Inc. (With the exceptions noted in http://researcharchive.lincoln.ac.nz/page/rights, this metadata is available under a Creative Commons Zero license.)",1,other_open_or_conditional
"© 2015 Inderscience Enterprises Ltd. (With the exceptions noted in http://researcharchive.lincoln.ac.nz/page/rights, this metadata is available under a Creative Commons Zero license.)",1,other_open_or_conditional
"© 2015 Morán-Diez et al. (With the exceptions noted in http://researcharchive.lincoln.ac.nz/page/rights, this metadata is available under a Creative Commons Zero license.)",1,other_open_or_conditional
"© 2015 New Zealand Plant Protection Society (Inc.) www.nzpps.org 
Refer to http://www.nzpps.org/terms_of_use.html (With the exceptions noted in http://researcharchive.lincoln.ac.nz/page/rights, this metadata is available under a Creative Commons Zero license.)",1,other_open_or_conditional
"© 2015 New Zealand Plant Protection Society (Inc.). (With the exceptions noted in http://researcharchive.lincoln.ac.nz/page/rights, this metadata is available under a Creative Commons Zero license.)",1,other_open_or_conditional
"© 2015 The Authors. Brain and Behavior published by Wiley Periodicals, Inc. (With the exceptions noted in http://researcharchive.lincoln.ac.nz/page/rights, this metadata is available under a Creative Commons Zero license.)",1,other_open_or_conditional
"© 2015 The Authors. Diversity and Distributions published by John Wiley & Sons Ltd. (With the exceptions noted in http://researcharchive.lincoln.ac.nz/page/rights, this metadata is available under a Creative Commons Zero license.)",1,other_open_or_conditional
"© 2015 The Science and Information (SAI) Organization Limited (With the exceptions noted in http://researcharchive.lincoln.ac.nz/page/rights, this metadata is available under a Creative Commons Zero license.)",1,other_open_or_conditional
"© 2015 University of Pennsylvania School of Design (With the exceptions noted in http://researcharchive.lincoln.ac.nz/page/rights, this metadata is available under a Creative Commons Zero license.)",1,other_open_or_conditional
"© 2015 VITIS - Journal of Grapevine Research (With the exceptions noted in http://researcharchive.lincoln.ac.nz/page/rights, this metadata is available under a Creative Commons Zero license.)",1,other_open_or_conditional
"© 2015 by The American Society for Biochemistry and Molecular Biology, Inc. (With the exceptions noted in http://researcharchive.lincoln.ac.nz/page/rights, this metadata is available under a Creative Commons Zero license.)",1,other_open_or_conditional
"© 2015 by the Ecological Society of America (With the exceptions noted in http://researcharchive.lincoln.ac.nz/page/rights, this metadata is available under a Creative Commons Zero license.)",1,other_open_or_conditional
"© 2015 by the author; licensee 2050Science Publishers, Christchurch, New Zealand. (With the exceptions noted in http://researcharchive.lincoln.ac.nz/page/rights, this metadata is available under a Creative Commons Zero license.)",1,other_open_or_conditional
"© 2015 by the authors; licensee MDPI, Basel, Switzerland",1,other_open_or_conditional
"© 2015 by the authors; licensee MDPI, Basel, Switzerland. (With the exceptions noted in http://researcharchive.lincoln.ac.nz/page/rights, this metadata is available under a Creative Commons Zero license.)",1,other_open_or_conditional
"© 2015, British Arachnological Society (With the exceptions noted in http://researcharchive.lincoln.ac.nz/page/rights, this metadata is available under a Creative Commons Zero license.)",1,other_open_or_conditional
"© 2016 International Farm Management Association and Institute of Agricultural Management (With the exceptions noted in http://researcharchive.lincoln.ac.nz/page/rights, this metadata is available under a Creative Commons Zero license.)",1,other_open_or_conditional
"© 2016 Journal of Techno-Social (With the exceptions noted in http://researcharchive.lincoln.ac.nz/page/rights, this metadata is available under a Creative Commons Zero license.)",1,other_open_or_conditional
"© 2016 Lange et al. (With the exceptions noted in http://researcharchive.lincoln.ac.nz/page/rights, this metadata is available under a Creative Commons Zero license.)",1,other_open_or_conditional
"© 2016 Magnolia Press (With the exceptions noted in http://researcharchive.lincoln.ac.nz/page/rights, this metadata is available under a Creative Commons Zero license.)",1,other_open_or_conditional
"© 2016 New Zealand Institute of Primary Industry Management (NZIPIM)
https://www.nzipim.co.nz (With the exceptions noted in http://researcharchive.lincoln.ac.nz/page/rights, this metadata is available under a Creative Commons Zero license.)",1,other_open_or_conditional
"© 2016 New Zealand Institute of Primary Industry Management (NZIPIM) http://www.nzipim.co.nz (With the exceptions noted in http://researcharchive.lincoln.ac.nz/page/rights, this metadata is available under a Creative Commons Zero license.)",1,other_open_or_conditional
"© 2016 New Zealand Institute of Primary Industry Management (NZIPIM) https://www.nzipim.co.nz (With the exceptions noted in http://researcharchive.lincoln.ac.nz/page/rights, this metadata is available under a Creative Commons Zero license.)",1,other_open_or_conditional
"© 2016 New Zealand Institute of Primary Industry Management (NZIPIM).  http://www.nzipim.co.nz (With the exceptions noted in http://researcharchive.lincoln.ac.nz/page/rights, this metadata is available under a Creative Commons Zero license.)",1,other_open_or_conditional
"© 2016 New Zealand Institute of Primary Industry Management (NZIPIM). http://www.nzipim.co.nz (With the exceptions noted in http://researcharchive.lincoln.ac.nz/page/rights, this metadata is available under a Creative Commons Zero license.)",1,other_open_or_conditional
"© 2016 New Zealand Plant Protection Society (Inc.) (With the exceptions noted in http://researcharchive.lincoln.ac.nz/page/rights, this metadata is available under a Creative Commons Zero license.)",1,other_open_or_conditional
"© 2016 Sandhu et al. (With the exceptions noted in http://researcharchive.lincoln.ac.nz/page/rights, this metadata is available under a Creative Commons Zero license.)",1,other_open_or_conditional
"© 2016 Society of Chemical Industry (With the exceptions noted in http://researcharchive.lincoln.ac.nz/page/rights, this metadata is available under a Creative Commons Zero license.)",1,other_open_or_conditional
"© 2016 South African Journal of Enology & Viticulture (With the exceptions noted in http://researcharchive.lincoln.ac.nz/page/rights, this metadata is available under a Creative Commons Zero license.)",1,other_open_or_conditional
"© 2016 The Authors (With the exceptions noted in http://researcharchive.lincoln.ac.nz/page/rights, this metadata is available under a Creative Commons Zero license.)",1,other_open_or_conditional
"© 2016 The Authors. (With the exceptions noted in http://researcharchive.lincoln.ac.nz/page/rights, this metadata is available under a Creative Commons Zero license.)",1,other_open_or_conditional
"© 2016 The Authors. Ecology and Evolution published by John Wiley & Sons Ltd (With the exceptions noted in http://researcharchive.lincoln.ac.nz/page/rights, this metadata is available under a Creative Commons Zero license.)",1,other_open_or_conditional
"© 2016 The Royal Society of New Zealand (With the exceptions noted in http://researcharchive.lincoln.ac.nz/page/rights, this metadata is available under a Creative Commons Zero license.)",1,other_open_or_conditional
"© 2016 The authors. (With the exceptions noted in http://researcharchive.lincoln.ac.nz/page/rights, this metadata is available under a Creative Commons Zero license.)",1,other_open_or_conditional
"© 2016 WIT Press (With the exceptions noted in http://researcharchive.lincoln.ac.nz/page/rights, this metadata is available under a Creative Commons Zero license.)",1,other_open_or_conditional
"© 2016 by the Ecological Society of America (With the exceptions noted in http://researcharchive.lincoln.ac.nz/page/rights, this metadata is available under a Creative Commons Zero license.)",1,other_open_or_conditional
"© 2016, Seismological Society of America. All rights reserverd. (With the exceptions noted in http://researcharchive.lincoln.ac.nz/page/rights, this metadata is available under a Creative Commons Zero license.)",1,other_open_or_conditional
"© 2017 American Meteorogical Society (With the exceptions noted in http://researcharchive.lincoln.ac.nz/page/rights, this metadata is available under a Creative Commons Zero license.)",1,other_open_or_conditional
"© 2017 American Society of Agricultural and Biological Engineers (With the exceptions noted in http://researcharchive.lincoln.ac.nz/page/rights, this metadata is available under a Creative Commons Zero license.)",1,other_open_or_conditional
"© 2017 Beijing Academy of Food Sciences. Production and hosting by Elsevier B.V. (With the exceptions noted in http://researcharchive.lincoln.ac.nz/page/rights, this metadata is available under a Creative Commons Zero license.)",1,other_open_or_conditional
"© 2017 Cornelius et al. (With the exceptions noted in http://researcharchive.lincoln.ac.nz/page/rights, this metadata is available under a Creative Commons Zero license.)",1,other_open_or_conditional
"© 2017 Institute of Agricultural Management and the International Farm Management Association (With the exceptions noted in http://researcharchive.lincoln.ac.nz/page/rights, this metadata is available under a Creative Commons Zero license.)",1,other_open_or_conditional
"© 2017 Jingrong Gao et al. (With the exceptions noted in http://researcharchive.lincoln.ac.nz/page/rights, this metadata is available under a Creative Commons Zero license.)",1,other_open_or_conditional
"© 2017 Mamboleo AA, et al. (With the exceptions noted in http://researcharchive.lincoln.ac.nz/page/rights, this metadata is available under a Creative Commons Zero license.)",1,other_open_or_conditional
"© 2017 Mathematical Institute, Slovak Academy of Sciences. (With the exceptions noted in http://researcharchive.lincoln.ac.nz/page/rights, this metadata is available under a Creative Commons Zero license.)",1,other_open_or_conditional
"© 2017 Microbiology Society (With the exceptions noted in http://researcharchive.lincoln.ac.nz/page/rights, this metadata is available under a Creative Commons Zero license.)",1,other_open_or_conditional
"© 2017 National Ground Water Association (With the exceptions noted in http://researcharchive.lincoln.ac.nz/page/rights, this metadata is available under a Creative Commons Zero license.)",1,other_open_or_conditional
"© 2017 National Strength and Conditioning Association (With the exceptions noted in http://researcharchive.lincoln.ac.nz/page/rights, this metadata is available under a Creative Commons Zero license.)",1,other_open_or_conditional
"© 2017 New Zealand Plant Protection Society (Inc.) www.nzpps.org 
Refer to http://www.nzpps.org/terms_of_use.php (With the exceptions noted in http://researcharchive.lincoln.ac.nz/page/rights, this metadata is available under a Creative Commons Zero license.)",1,other_open_or_conditional
"© 2017 Published by Elsevier Ltd. (With the exceptions noted in http://researcharchive.lincoln.ac.nz/page/rights, this metadata is available under a Creative Commons Zero license.)",1,other_open_or_conditional
"© 2017 Rostás and Hiltpold (With the exceptions noted in http://researcharchive.lincoln.ac.nz/page/rights, this metadata is available under a Creative Commons Zero license.)",1,other_open_or_conditional
© 2017 Sherrie Lee.This article is distributed under the terms of the Creative commons license: https://creativecommons.org/licenses/by-nc-sa/3.0/,1,other_open_or_conditional
"© 2017 Taylor & Francis (With the exceptions noted in http://researcharchive.lincoln.ac.nz/page/rights, this metadata is available under a Creative Commons Zero license.)",1,other_open_or_conditional
© 2017 The Author(s). Under a Creative Commons license.,1,other_open_or_conditional
"© 2017 The Authors. Food Science & Nutrition published by Wiley Periodicals, Inc. (With the exceptions noted in http://researcharchive.lincoln.ac.nz/page/rights, this metadata is available under a Creative Commons Zero license.)",1,other_open_or_conditional
© 2017 The Authors. This article is published with open access at Springerlink.com,1,other_open_or_conditional
"© 2017 Trienekens et al. (With the exceptions noted in http://researcharchive.lincoln.ac.nz/page/rights, this metadata is available under a Creative Commons Zero license.)",1,other_open_or_conditional
"© 2017 Universiti Putra Malaysia Press (With the exceptions noted in http://researcharchive.lincoln.ac.nz/page/rights, this metadata is available under a Creative Commons Zero license.)",1,other_open_or_conditional
"© 2017 University of Pennsylvania School of Design (With the exceptions noted in http://researcharchive.lincoln.ac.nz/page/rights, this metadata is available under a Creative Commons Zero license.)",1,other_open_or_conditional
"© 2017, AIDIC Servizi S.r.l. (With the exceptions noted in http://researcharchive.lincoln.ac.nz/page/rights, this metadata is available under a Creative Commons Zero license.)",1,other_open_or_conditional
"© 2017, August. Institute for Economic and Social Research, Faculty of Economics and Business, Universitas Indonesia (LPEM-FEB UI). (With the exceptions noted in http://researcharchive.lincoln.ac.nz/page/rights, this metadata is available under a Creative Commons Zero license.)",1,other_open_or_conditional
"© 2018 American Society of Agricultural and Biological Engineers (With the exceptions noted in http://researcharchive.lincoln.ac.nz/page/rights, this metadata is available under a Creative Commons Zero license.)",1,other_open_or_conditional
"© 2018 American Society of Agricultural and Biological Engineers. (With the exceptions noted in http://researcharchive.lincoln.ac.nz/page/rights, this metadata is available under a Creative Commons Zero license.)",1,other_open_or_conditional
"© 2018 CERN (With the exceptions noted in http://researcharchive.lincoln.ac.nz/page/rights, this metadata is available under a Creative Commons Zero license.)",1,other_open_or_conditional
"© 2018 Casanovas et al. (With the exceptions noted in http://researcharchive.lincoln.ac.nz/page/rights, this metadata is available under a Creative Commons Zero license.)",1,other_open_or_conditional
"© 2018 Dignam et al. (With the exceptions noted in http://researcharchive.lincoln.ac.nz/page/rights, this metadata is available under a Creative Commons Zero license.)",1,other_open_or_conditional
"© 2018 Intellect Ltd (With the exceptions noted in http://researcharchive.lincoln.ac.nz/page/rights, this metadata is available under a Creative Commons Zero license.)",1,other_open_or_conditional
"© 2018 John Wiley & Sons Ltd (With the exceptions noted in http://researcharchive.lincoln.ac.nz/page/rights, this metadata is available under a Creative Commons Zero license.)",1,other_open_or_conditional
"© 2018 Kurenbach et al. (With the exceptions noted in http://researcharchive.lincoln.ac.nz/page/rights, this metadata is available under a Creative Commons Zero license.)",1,other_open_or_conditional
"© 2018 Lincoln University. Brain and Behavior published by Wiley Periodicals, Inc. (With the exceptions noted in http://researcharchive.lincoln.ac.nz/page/rights, this metadata is available under a Creative Commons Zero license.)",1,other_open_or_conditional
"© 2018 Liu et al. (With the exceptions noted in http://researcharchive.lincoln.ac.nz/page/rights, this metadata is available under a Creative Commons Zero license.)",1,other_open_or_conditional
"© 2018 Malekar et al (With the exceptions noted in http://researcharchive.lincoln.ac.nz/page/rights, this metadata is available under a Creative Commons Zero license.)",1,other_open_or_conditional
"© 2018 New Zealand Plant Protection Society (Inc.)  www.nzpps.org (With the exceptions noted in http://researcharchive.lincoln.ac.nz/page/rights, this metadata is available under a Creative Commons Zero license.)",1,other_open_or_conditional
"© 2018 New Zealand Plant Protection Society (Inc.) www.nzpps.org Refer to http://www.nzpps.org/terms_of_use.html (With the exceptions noted in http://researcharchive.lincoln.ac.nz/page/rights, this metadata is available under a Creative Commons Zero license.)",1,other_open_or_conditional
"© 2018 Nogueira-Lopez, Greenwood, Middleditch, Winefield, Eaton, Steyaert and Mendoza-Mendoza. (With the exceptions noted in http://researcharchive.lincoln.ac.nz/page/rights, this metadata is available under a Creative Commons Zero license.)",1,other_open_or_conditional
"© 2018 Pauchard et al. (With the exceptions noted in http://researcharchive.lincoln.ac.nz/page/rights, this metadata is available under a Creative Commons Zero license.)",1,other_open_or_conditional
"© 2018 Published by Elsevier Ltd on behalf of CAUTHE - Council for Australasian Tourism And Hospitality Education (With the exceptions noted in http://researcharchive.lincoln.ac.nz/page/rights, this metadata is available under a Creative Commons Zero license.)",1,other_open_or_conditional
"© 2018 Purwins and Schulze-Ehlers (With the exceptions noted in http://researcharchive.lincoln.ac.nz/page/rights, this metadata is available under a Creative Commons Zero license.)",1,other_open_or_conditional
© 2018 Sherrie Lee.This article is distributed under the terms of the Creative commons license: https://creativecommons.org/licenses/by-nc-sa/3.0/,1,other_open_or_conditional
"© 2018 Sykes et al. (With the exceptions noted in http://researcharchive.lincoln.ac.nz/page/rights, this metadata is available under a Creative Commons Zero license.)",1,other_open_or_conditional
"© 2018 The American Society of Gene and Cell Therapy. (With the exceptions noted in http://researcharchive.lincoln.ac.nz/page/rights, this metadata is available under a Creative Commons Zero license.)",1,other_open_or_conditional
"© 2018 The Author(s). (With the exceptions noted in http://researcharchive.lincoln.ac.nz/page/rights, this metadata is available under a Creative Commons Zero license.)",1,other_open_or_conditional
"© 2018 The Author(s). Published by Informa UK Limited, trading as Taylor & Francis Group (With the exceptions noted in http://researcharchive.lincoln.ac.nz/page/rights, this metadata is available under a Creative Commons Zero license.)",1,other_open_or_conditional
"© 2018 The Authors (With the exceptions noted in http://researcharchive.lincoln.ac.nz/page/rights, this metadata is available under a Creative Commons Zero license.)",1,other_open_or_conditional
"© 2018 The Authors. Food Science & Nutrition published by Wiley Periodicals, Inc. (With the exceptions noted in http://researcharchive.lincoln.ac.nz/page/rights, this metadata is available under a Creative Commons Zero license.)",1,other_open_or_conditional
"© 2018 The Authors. MicrobiologyOpen published by John Wiley & Sons Ltd. (With the exceptions noted in http://researcharchive.lincoln.ac.nz/page/rights, this metadata is available under a Creative Commons Zero license.)",1,other_open_or_conditional
"© 2018 The Authors. Published by Elsevier B.V. (With the exceptions noted in http://researcharchive.lincoln.ac.nz/page/rights, this metadata is available under a Creative Commons Zero license.)",1,other_open_or_conditional
"© 2018 The Authors. Starch - Stärke Published by WILEY-VCH Verlag GmbH & Co. KGaA, Weinheim. (With the exceptions noted in http://researcharchive.lincoln.ac.nz/page/rights, this metadata is available under a Creative Commons Zero license.)",1,other_open_or_conditional
"© 2018 The Malaysian Analytical Sciences Society (With the exceptions noted in http://researcharchive.lincoln.ac.nz/page/rights, this metadata is available under a Creative Commons Zero license.)",1,other_open_or_conditional
"© 2018 The Royal Society of New Zealand (With the exceptions noted in http://researcharchive.lincoln.ac.nz/page/rights, this metadata is available under a Creative Commons Zero license.)",1,other_open_or_conditional
© 2018 The Royal Society of New Zealand. Sciences Kōtuitui - An open access journal,1,other_open_or_conditional
"© 2018 The authors. Licensee MDPI, Basel, Switzerland. (With the exceptions noted in http://researcharchive.lincoln.ac.nz/page/rights, this metadata is available under a Creative Commons Zero license.)",1,other_open_or_conditional
"© 2018 UniCeSV, University of Florence. Production and hosting by Elsevier B.V. (With the exceptions noted in http://researcharchive.lincoln.ac.nz/page/rights, this metadata is available under a Creative Commons Zero license.)",1,other_open_or_conditional
"© 2018 University of Pennsylvania School of Design (With the exceptions noted in http://researcharchive.lincoln.ac.nz/page/rights, this metadata is available under a Creative Commons Zero license.)",1,other_open_or_conditional
"© 2018 Wang, Bai, Di, Mo, Han, Zhang and He (With the exceptions noted in http://researcharchive.lincoln.ac.nz/page/rights, this metadata is available under a Creative Commons Zero license.)",1,other_open_or_conditional
"© 2018 Wyckhuys et al. (With the exceptions noted in http://researcharchive.lincoln.ac.nz/page/rights, this metadata is available under a Creative Commons Zero license.)",1,other_open_or_conditional
"© 2018 by Asian-Australasian Journal of Animal Sciences (With the exceptions noted in http://researcharchive.lincoln.ac.nz/page/rights, this metadata is available under a Creative Commons Zero license.)",1,other_open_or_conditional
"© 2018 by the American Society of Agronomy (With the exceptions noted in http://researcharchive.lincoln.ac.nz/page/rights, this metadata is available under a Creative Commons Zero license.)",1,other_open_or_conditional
"© 2018 by the Ecological Society of America (With the exceptions noted in http://researcharchive.lincoln.ac.nz/page/rights, this metadata is available under a Creative Commons Zero license.)",1,other_open_or_conditional
"© 2018 by the author(s). (With the exceptions noted in http://researcharchive.lincoln.ac.nz/page/rights, this metadata is available under a Creative Commons Zero license.)",1,other_open_or_conditional
"© 2018 by the authors (With the exceptions noted in http://researcharchive.lincoln.ac.nz/page/rights, this metadata is available under a Creative Commons Zero license.)",1,other_open_or_conditional
"© 2018 the Author(s). (With the exceptions noted in http://researcharchive.lincoln.ac.nz/page/rights, this metadata is available under a Creative Commons Zero license.)",1,other_open_or_conditional
"© 2018 “Society information”. Production and hosting by Elsevier B.V. on behalf of KeAi Communications Co.,Ltd. (With the exceptions noted in http://researcharchive.lincoln.ac.nz/page/rights, this metadata is available under a Creative Commons Zero license.)",1,other_open_or_conditional
"© 2018, Exeley Inc. (With the exceptions noted in http://researcharchive.lincoln.ac.nz/page/rights, this metadata is available under a Creative Commons Zero license.)",1,other_open_or_conditional
"© 2018, May. Institute for Economic and Social Research, Faculty of Economics and Business, Universitas Indonesia (LPEM-FEB UI). (With the exceptions noted in http://researcharchive.lincoln.ac.nz/page/rights, this metadata is available under a Creative Commons Zero license.)",1,other_open_or_conditional
"© 2018, The authors (With the exceptions noted in http://researcharchive.lincoln.ac.nz/page/rights, this metadata is available under a Creative Commons Zero license.)",1,other_open_or_conditional
"© 2019 Asad et al. (With the exceptions noted in http://researcharchive.lincoln.ac.nz/page/rights, this metadata is available under a Creative Commons Zero license.)",1,other_open_or_conditional
"© 2019 Author(s). (With the exceptions noted in http://researcharchive.lincoln.ac.nz/page/rights, this metadata is available under a Creative Commons Zero license.)",1,other_open_or_conditional
"© 2019 Barrell (With the exceptions noted in http://researcharchive.lincoln.ac.nz/page/rights, this metadata is available under a Creative Commons Zero license.)",1,other_open_or_conditional
"© 2019 Building Better Homes, Towns and Cities National Science Challenge and the authors.  Short extracts, not exceeding two paragraphs, may be quoted provided clear attribution is given. (With the exceptions noted in http://researcharchive.lincoln.ac.nz/page/rights, this metadata is available under a Creative Commons Zero license.)",1,other_open_or_conditional
"© 2019 Chakraborty et al (With the exceptions noted in http://researcharchive.lincoln.ac.nz/page/rights, this metadata is available under a Creative Commons Zero license.)",1,other_open_or_conditional
"© 2019 Chinese Agricultural Sciences (With the exceptions noted in http://researcharchive.lincoln.ac.nz/page/rights, this metadata is available under a Creative Commons Zero license.)",1,other_open_or_conditional
"© 2019 Cognizant, LLC. (With the exceptions noted in http://researcharchive.lincoln.ac.nz/page/rights, this metadata is available under a Creative Commons Zero license.)",1,other_open_or_conditional
"© 2019 Duhamel, Dodd, Lønborg, Parsons, Taylor and Her Majesty the Queen in Right of Canada, as represented by the Minister of Agriculture & Agri-Food Canada. (With the exceptions noted in http://researcharchive.lincoln.ac.nz/page/rights, this metadata is available under a Creative Commons Zero license.)",1,other_open_or_conditional
"© 2019 Firenze University Press and the authors (With the exceptions noted in http://researcharchive.lincoln.ac.nz/page/rights, this metadata is available under a Creative Commons Zero license.)",1,other_open_or_conditional
"© 2019 Friends Science Publishers (With the exceptions noted in http://researcharchive.lincoln.ac.nz/page/rights, this metadata is available under a Creative Commons Zero license.)",1,other_open_or_conditional
"© 2019 Gadjah Mada International Journal of Business (With the exceptions noted in http://researcharchive.lincoln.ac.nz/page/rights, this metadata is available under a Creative Commons Zero license.)",1,other_open_or_conditional
"© 2019 Gutiérrez-Ginés, Madejón, Lehto, McLenaghen, Horswell, Dickinson and Robinson. (With the exceptions noted in http://researcharchive.lincoln.ac.nz/page/rights, this metadata is available under a Creative Commons Zero license.)",1,other_open_or_conditional
"© 2019 Hamlin, Wilkes, Elliot, Lizamore and Kathiravel. (With the exceptions noted in http://researcharchive.lincoln.ac.nz/page/rights, this metadata is available under a Creative Commons Zero license.)",1,other_open_or_conditional
"© 2019 Jun H et al. (With the exceptions noted in http://researcharchive.lincoln.ac.nz/page/rights, this metadata is available under a Creative Commons Zero license.)",1,other_open_or_conditional
"© 2019 Martoni, Armstrong (With the exceptions noted in http://researcharchive.lincoln.ac.nz/page/rights, this metadata is available under a Creative Commons Zero license.)",1,other_open_or_conditional
"© 2019 Martoni, Armstrong. (With the exceptions noted in http://researcharchive.lincoln.ac.nz/page/rights, this metadata is available under a Creative Commons Zero license.)",1,other_open_or_conditional
"© 2019 Nogueira-López, Padilla-Arizmendi, Inwood, Lyne, Steyaert, Nieto-Jacobo, Stewart and Mendoza-Mendoza (With the exceptions noted in http://researcharchive.lincoln.ac.nz/page/rights, this metadata is available under a Creative Commons Zero license.)",1,other_open_or_conditional
"© 2019 On, Althaus, Miller, Lizamore, Wong, Mathai, Chelikani and Carter (With the exceptions noted in http://researcharchive.lincoln.ac.nz/page/rights, this metadata is available under a Creative Commons Zero license.)",1,other_open_or_conditional
"© 2019 Ormskirk et al. (With the exceptions noted in http://researcharchive.lincoln.ac.nz/page/rights, this metadata is available under a Creative Commons Zero license.)",1,other_open_or_conditional
"© 2019 Philips, Dumin and Winefield. (With the exceptions noted in http://researcharchive.lincoln.ac.nz/page/rights, this metadata is available under a Creative Commons Zero license.)",1,other_open_or_conditional
"© 2019 Politeknik Negeri Bandung (With the exceptions noted in http://researcharchive.lincoln.ac.nz/page/rights, this metadata is available under a Creative Commons Zero license.)",1,other_open_or_conditional
"© 2019 Published by Elsevier Inc. (With the exceptions noted in http://researcharchive.lincoln.ac.nz/page/rights, this metadata is available under a Creative Commons Zero license.)",1,other_open_or_conditional
"© 2019 Raad, Glare, Brochero, Müller and Rostás. (With the exceptions noted in http://researcharchive.lincoln.ac.nz/page/rights, this metadata is available under a Creative Commons Zero license.)",1,other_open_or_conditional
"© 2019 The Author(s). Published by Informa UK Limited, trading as Taylor & Francis Group. (With the exceptions noted in http://researcharchive.lincoln.ac.nz/page/rights, this metadata is available under a Creative Commons Zero license.)",1,other_open_or_conditional
"© 2019 The Author(s). Published with license by Taylor & Francis Group, LLC (With the exceptions noted in http://researcharchive.lincoln.ac.nz/page/rights, this metadata is available under a Creative Commons Zero license.)",1,other_open_or_conditional
"© 2019 The Authors International Journal of Art & Design Education published by National Society for Education in Art and Design and John Wiley & Sons Ltd (With the exceptions noted in http://researcharchive.lincoln.ac.nz/page/rights, this metadata is available under a Creative Commons Zero license.)",1,other_open_or_conditional
"© 2019 The Authors and Modelling and Simulation Society of Australia and New Zealand Inc. (MSSANZ). (With the exceptions noted in http://researcharchive.lincoln.ac.nz/page/rights, this metadata is available under a Creative Commons Zero license.)",1,other_open_or_conditional
"© 2019 The Authors. Journal of Ecology
© 2019 British Ecological Society (With the exceptions noted in http://researcharchive.lincoln.ac.nz/page/rights, this metadata is available under a Creative Commons Zero license.)",1,other_open_or_conditional
"© 2019 The Authors. Pest Management Science published by John Wiley & Sons Ltd on behalf of Society of Chemical Industry. (With the exceptions noted in http://researcharchive.lincoln.ac.nz/page/rights, this metadata is available under a Creative Commons Zero license.)",1,other_open_or_conditional
"© 2019 The Authors. Published by Elsevier B.V. (With the exceptions noted in http://researcharchive.lincoln.ac.nz/page/rights, this metadata is available under a Creative Commons Zero license.)",1,other_open_or_conditional
"© 2019 The Organization of Nematologists of Tropical America FL, Inc. (With the exceptions noted in http://researcharchive.lincoln.ac.nz/page/rights, this metadata is available under a Creative Commons Zero license.)",1,other_open_or_conditional
"© 2019 The Royal Society of New Zealand (With the exceptions noted in http://researcharchive.lincoln.ac.nz/page/rights, this metadata is available under a Creative Commons Zero license.)",1,other_open_or_conditional
"© 2019 The authors and Modelling and Simulation Society of Australia and New Zealand Inc. (MSSANZ) (With the exceptions noted in http://researcharchive.lincoln.ac.nz/page/rights, this metadata is available under a Creative Commons Zero license.)",1,other_open_or_conditional
"© 2019 The authors and Modelling and Simulation Society of Australia and New Zealand Inc. (MSSANZ). (With the exceptions noted in http://researcharchive.lincoln.ac.nz/page/rights, this metadata is available under a Creative Commons Zero license.)",1,other_open_or_conditional
"© 2019 The authors. Published by Elsevier B.V. (With the exceptions noted in http://researcharchive.lincoln.ac.nz/page/rights, this metadata is available under a Creative Commons Zero license.)",1,other_open_or_conditional
"© 2019 by the author(s). Published here under license by the Resilience Alliance. (With the exceptions noted in http://researcharchive.lincoln.ac.nz/page/rights, this metadata is available under a Creative Commons Zero license.)",1,other_open_or_conditional
"© 2019, The Authors (With the exceptions noted in http://researcharchive.lincoln.ac.nz/page/rights, this metadata is available under a Creative Commons Zero license.)",1,other_open_or_conditional
"© 2019, The Authors. Published by FASS Inc. and Elsevier Inc. on behalf of the American Dairy Science Association®. (With the exceptions noted in http://researcharchive.lincoln.ac.nz/page/rights, this metadata is available under a Creative Commons Zero license.)",1,other_open_or_conditional
"© 2020 American Dairy Science Association® and the Authors (With the exceptions noted in http://researcharchive.lincoln.ac.nz/page/rights, this metadata is available under a Creative Commons Zero license.)",1,other_open_or_conditional
"© 2020 Australasian Accounting, Business and Finance Journal and The Authors. (With the exceptions noted in http://researcharchive.lincoln.ac.nz/page/rights, this metadata is available under a Creative Commons Zero license.)",1,other_open_or_conditional
"© 2020 Bateman, Fourie, Hsiao, Irie, Heslop, Hilditch, Hagedorn, Jessep, Gebbie and Ghamkhar (With the exceptions noted in http://researcharchive.lincoln.ac.nz/page/rights, this metadata is available under a Creative Commons Zero license.)",1,other_open_or_conditional
"© 2020 Beck and Gregorini. (With the exceptions noted in http://researcharchive.lincoln.ac.nz/page/rights, this metadata is available under a Creative Commons Zero license.)",1,other_open_or_conditional
"© 2020 CAAS. Published by Elsevier Ltd (With the exceptions noted in http://researcharchive.lincoln.ac.nz/page/rights, this metadata is available under a Creative Commons Zero license.)",1,other_open_or_conditional
"© 2020 CAAS. Published by Elsevier Ltd. (With the exceptions noted in http://researcharchive.lincoln.ac.nz/page/rights, this metadata is available under a Creative Commons Zero license.)",1,other_open_or_conditional
"© 2020 Codon Publications (With the exceptions noted in http://researcharchive.lincoln.ac.nz/page/rights, this metadata is available under a Creative Commons Zero license.)",1,other_open_or_conditional
"© 2020 Davies, Jibran, Zhou, Albert, Brummell, Jordan, Bowman and Schwinn. (With the exceptions noted in http://researcharchive.lincoln.ac.nz/page/rights, this metadata is available under a Creative Commons Zero license.)",1,other_open_or_conditional
"© 2020 Driver et al. (With the exceptions noted in http://researcharchive.lincoln.ac.nz/page/rights, this metadata is available under a Creative Commons Zero license.)",1,other_open_or_conditional
"© 2020 Eastwood and Renwick. (With the exceptions noted in http://researcharchive.lincoln.ac.nz/page/rights, this metadata is available under a Creative Commons Zero license.)",1,other_open_or_conditional
"© 2020 Elliot, Hamlin and Lizamore (With the exceptions noted in http://researcharchive.lincoln.ac.nz/page/rights, this metadata is available under a Creative Commons Zero license.)",1,other_open_or_conditional
"© 2020 Elsevier Ltd. (With the exceptions noted in http://researcharchive.lincoln.ac.nz/page/rights, this metadata is available under a Creative Commons Zero license.)",1,other_open_or_conditional
"© 2020 Freitas, Hampton, Rolston, Glare, Miller and Card. (With the exceptions noted in http://researcharchive.lincoln.ac.nz/page/rights, this metadata is available under a Creative Commons Zero license.)",1,other_open_or_conditional
"© 2020 Institute of Australian Geographers (With the exceptions noted in http://researcharchive.lincoln.ac.nz/page/rights, this metadata is available under a Creative Commons Zero license.)",1,other_open_or_conditional
"© 2020 Lees et al. (With the exceptions noted in http://researcharchive.lincoln.ac.nz/page/rights, this metadata is available under a Creative Commons Zero license.)",1,other_open_or_conditional
"© 2020 Leroy, Hite and Gregorini. (With the exceptions noted in http://researcharchive.lincoln.ac.nz/page/rights, this metadata is available under a Creative Commons Zero license.)",1,other_open_or_conditional
"© 2020 London et al. (With the exceptions noted in http://researcharchive.lincoln.ac.nz/page/rights, this metadata is available under a Creative Commons Zero license.)",1,other_open_or_conditional
"© 2020 McDowell, Daly, and Fenton. (With the exceptions noted in http://researcharchive.lincoln.ac.nz/page/rights, this metadata is available under a Creative Commons Zero license.)",1,other_open_or_conditional
"© 2020 McDowell, Dodd, Pletnyakov and Noble. (With the exceptions noted in http://researcharchive.lincoln.ac.nz/page/rights, this metadata is available under a Creative Commons Zero license.)",1,other_open_or_conditional
"© 2020 Merrill, García de Cortázar-Atauri, Parker, Walker and Wolkovich. (With the exceptions noted in http://researcharchive.lincoln.ac.nz/page/rights, this metadata is available under a Creative Commons Zero license.)",1,other_open_or_conditional
"© 2020 Moreno García, Maxwell, Hickford and Gregorini. (With the exceptions noted in http://researcharchive.lincoln.ac.nz/page/rights, this metadata is available under a Creative Commons Zero license.)",1,other_open_or_conditional
"© 2020 Politeknik Negeri Bandung. (With the exceptions noted in http://researcharchive.lincoln.ac.nz/page/rights, this metadata is available under a Creative Commons Zero license.)",1,other_open_or_conditional
"© 2020 Published by Elsevier B.V. (With the exceptions noted in http://researcharchive.lincoln.ac.nz/page/rights, this metadata is available under a Creative Commons Zero license.)",1,other_open_or_conditional
"© 2020 Published by Elsevier Ltd. (With the exceptions noted in http://researcharchive.lincoln.ac.nz/page/rights, this metadata is available under a Creative Commons Zero license.)",1,other_open_or_conditional
"© 2020 Rivas-Franco, Hampton, Altier, Swaminathan, Rostás, Wessman, Saville, Jackson, Jackson and Glare. (With the exceptions noted in http://researcharchive.lincoln.ac.nz/page/rights, this metadata is available under a Creative Commons Zero license.)",1,other_open_or_conditional
"© 2020 Rombach et al. (With the exceptions noted in http://researcharchive.lincoln.ac.nz/page/rights, this metadata is available under a Creative Commons Zero license.)",1,other_open_or_conditional
"© 2020 The Author(s) (With the exceptions noted in http://researcharchive.lincoln.ac.nz/page/rights, this metadata is available under a Creative Commons Zero license.)",1,other_open_or_conditional
"© 2020 The Author(s). Licensee IntechOpen. (With the exceptions noted in http://researcharchive.lincoln.ac.nz/page/rights, this metadata is available under a Creative Commons Zero license.)",1,other_open_or_conditional
"© 2020 The Author(s). Published by Informa UK Limited, trading as Taylor & Francis Group. (With the exceptions noted in http://researcharchive.lincoln.ac.nz/page/rights, this metadata is available under a Creative Commons Zero license.)",1,other_open_or_conditional
"© 2020 The Authors and International Viticulture and Enology Society - IVES and (With the exceptions noted in http://researcharchive.lincoln.ac.nz/page/rights, this metadata is available under a Creative Commons Zero license.)",1,other_open_or_conditional
"© 2020 The Authors. Atmospheric Science Letters published by John Wiley & Sons Ltd on behalf of the Royal Meteorological Society. (With the exceptions noted in http://researcharchive.lincoln.ac.nz/page/rights, this metadata is available under a Creative Commons Zero license.)",1,other_open_or_conditional
"© 2020 The Authors. Biological Reviews published by John Wiley & Sons Ltd on behalf of Cambridge Philosophical Society. (With the exceptions noted in http://researcharchive.lincoln.ac.nz/page/rights, this metadata is available under a Creative Commons Zero license.)",1,other_open_or_conditional
"© 2020 The Authors. Ecology Letters published by John Wiley & Sons Ltd. (With the exceptions noted in http://researcharchive.lincoln.ac.nz/page/rights, this metadata is available under a Creative Commons Zero license.)",1,other_open_or_conditional
"© 2020 The Authors. Global Change Biology published by John Wiley & Sons Ltd. (With the exceptions noted in http://researcharchive.lincoln.ac.nz/page/rights, this metadata is available under a Creative Commons Zero license.)",1,other_open_or_conditional
"© 2020 The Authors. Journal of Environmental Quality published by Wiley Periodicals LLC on behalf of American Society of Agronomy, Crop Science Society of America, and Soil Science Society of America (With the exceptions noted in http://researcharchive.lincoln.ac.nz/page/rights, this metadata is available under a Creative Commons Zero license.)",1,other_open_or_conditional
"© 2020 The Authors. Published by Elsevier Ltd. (With the exceptions noted in http://researcharchive.lincoln.ac.nz/page/rights, this metadata is available under a Creative Commons Zero license.)",1,other_open_or_conditional
"© 2020 The Authors. Soil Science Society of America published by Wiley Periodicals, Inc. on behalf of Soil Science Society of America. (With the exceptions noted in http://researcharchive.lincoln.ac.nz/page/rights, this metadata is available under a Creative Commons Zero license.)",1,other_open_or_conditional
"© 2020 The authors and International Viticulture and Enology Society - IVES (With the exceptions noted in http://researcharchive.lincoln.ac.nz/page/rights, this metadata is available under a Creative Commons Zero license.)",1,other_open_or_conditional
"© 2020 The authors and NZGA (With the exceptions noted in http://researcharchive.lincoln.ac.nz/page/rights, this metadata is available under a Creative Commons Zero license.)",1,other_open_or_conditional
"© 2020 Wang, Deng, Deng, Sun, Fang, Sun, Wang and Gooneratne. (With the exceptions noted in http://researcharchive.lincoln.ac.nz/page/rights, this metadata is available under a Creative Commons Zero license.)",1,other_open_or_conditional
"© 2020 Wang, Zhou, Hickford, Hao, Shen, Luo, Hu, Liu and Li. (With the exceptions noted in http://researcharchive.lincoln.ac.nz/page/rights, this metadata is available under a Creative Commons Zero license.)",1,other_open_or_conditional
"© 2020 by author(s) and Scientific Research Publishing Inc. (With the exceptions noted in http://researcharchive.lincoln.ac.nz/page/rights, this metadata is available under a Creative Commons Zero license.)",1,other_open_or_conditional
"© 2020 by the authors.  Licensee MDPI, Basel, Switzerland. (With the exceptions noted in http://researcharchive.lincoln.ac.nz/page/rights, this metadata is available under a Creative Commons Zero license.)",1,other_open_or_conditional
"© 2020 by the authors. Licensee MDPI, Basel, Switzerland (With the exceptions noted in http://researcharchive.lincoln.ac.nz/page/rights, this metadata is available under a Creative Commons Zero license.)",1,other_open_or_conditional
"© 2020 by the authors. Licensee MDPI, Basel, Switzerland.",1,other_open_or_conditional
"© 2020 transcript Verlag, Bielefeld (With the exceptions noted in http://researcharchive.lincoln.ac.nz/page/rights, this metadata is available under a Creative Commons Zero license.)",1,other_open_or_conditional
"© 2020, The Authors and American Dairy Science Association®. (With the exceptions noted in http://researcharchive.lincoln.ac.nz/page/rights, this metadata is available under a Creative Commons Zero license.)",1,other_open_or_conditional
"© 2020. Neural Regeneration Research. Wolters Kluwer Medknow Publications (With the exceptions noted in http://researcharchive.lincoln.ac.nz/page/rights, this metadata is available under a Creative Commons Zero license.)",1,other_open_or_conditional
"© 2020. The authors. Published for Malaysia Institute of Planners. (With the exceptions noted in http://researcharchive.lincoln.ac.nz/page/rights, this metadata is available under a Creative Commons Zero license.)",1,other_open_or_conditional
"© 2021 Ausseil, Law, Parker, Teixeira and Sood. (With the exceptions noted in http://researcharchive.lincoln.ac.nz/page/rights, this metadata is available under a Creative Commons Zero license.)",1,other_open_or_conditional
"© 2021 Author(s) (With the exceptions noted in http://researcharchive.lincoln.ac.nz/page/rights, this metadata is available under a Creative Commons Zero license.)",1,other_open_or_conditional
"© 2021 Azhar, Tohiran, Nobilly, Zulkifli, Syakir, Ishak, Razi, Oon, Shahdan and Maxwell. (With the exceptions noted in http://researcharchive.lincoln.ac.nz/page/rights, this metadata is available under a Creative Commons Zero license.)",1,other_open_or_conditional
"© 2021 Burrows, Zhou, Frampton, Forrest and Hickford. (With the exceptions noted in http://researcharchive.lincoln.ac.nz/page/rights, this metadata is available under a Creative Commons Zero license.)",1,other_open_or_conditional
"© 2021 Castro, Diana, Blackwell, Faulkner, Lark, Skidmore, Hamlin, Signal, Williams and Stoner (With the exceptions noted in http://researcharchive.lincoln.ac.nz/page/rights, this metadata is available under a Creative Commons Zero license.)",1,other_open_or_conditional
"© 2021 Cognizant, LLC. (With the exceptions noted in http://researcharchive.lincoln.ac.nz/page/rights, this metadata is available under a Creative Commons Zero license.)",1,other_open_or_conditional
"© 2021 Davis. (With the exceptions noted in http://researcharchive.lincoln.ac.nz/page/rights, this metadata is available under a Creative Commons Zero license.)",1,other_open_or_conditional
"© 2021 Egan, Hofmann, Ghamkhar and Hoyos-Villegas (With the exceptions noted in http://researcharchive.lincoln.ac.nz/page/rights, this metadata is available under a Creative Commons Zero license.)",1,other_open_or_conditional
"© 2021 Egan, Hofmann, Nichols, Hadipurnomo and Hoyos-Villegas. (With the exceptions noted in http://researcharchive.lincoln.ac.nz/page/rights, this metadata is available under a Creative Commons Zero license.)",1,other_open_or_conditional
"© 2021 Emami-Khoyi, Agnew, Adair, Murphy, Benmazouz, Monsanto, Parbhu, Main, Le Roux, Golla, Schnelle, Alizadeh, Csányi, Heltai, Jansen van Vuuren, Paterson, Teske and Ross. (With the exceptions noted in http://researcharchive.lincoln.ac.nz/page/rights, this metadata is available under a Creative Commons Zero license.)",1,other_open_or_conditional
"© 2021 Gabriel et al. (With the exceptions noted in http://researcharchive.lincoln.ac.nz/page/rights, this metadata is available under a Creative Commons Zero license.)",1,other_open_or_conditional
"© 2021 Hamlin, Deuchrass, Olsen, Choukri, Marshall, Lizamore, Leong and Elliot. (With the exceptions noted in http://researcharchive.lincoln.ac.nz/page/rights, this metadata is available under a Creative Commons Zero license.)",1,other_open_or_conditional
"© 2021 International Journal of Yoga | Published by Wolters Kluwer ‑ Medknow (With the exceptions noted in http://researcharchive.lincoln.ac.nz/page/rights, this metadata is available under a Creative Commons Zero license.)",1,other_open_or_conditional
"© 2021 On, Zhang, Gehring, Patsekin, Chelikani, Flint, Wang, Billington, Fletcher, Lindsay and Robinson. (With the exceptions noted in http://researcharchive.lincoln.ac.nz/page/rights, this metadata is available under a Creative Commons Zero license.)",1,other_open_or_conditional
"© 2021 Politeknik Negeri Bandung (With the exceptions noted in http://researcharchive.lincoln.ac.nz/page/rights, this metadata is available under a Creative Commons Zero license.)",1,other_open_or_conditional
"© 2021 Politeknik Negeri Bandung. (With the exceptions noted in http://researcharchive.lincoln.ac.nz/page/rights, this metadata is available under a Creative Commons Zero license.)",1,other_open_or_conditional
"© 2021 Provenza, Anderson and Gregorini. (With the exceptions noted in http://researcharchive.lincoln.ac.nz/page/rights, this metadata is available under a Creative Commons Zero license.)",1,other_open_or_conditional
"© 2021 Published by Elsevier Ltd. (With the exceptions noted in http://researcharchive.lincoln.ac.nz/page/rights, this metadata is available under a Creative Commons Zero license.)",1,other_open_or_conditional
"© 2021 Quan et al. (With the exceptions noted in http://researcharchive.lincoln.ac.nz/page/rights, this metadata is available under a Creative Commons Zero license.)",1,other_open_or_conditional
"© 2021 Schenuit, Colvin, Fridahl, McMullin, Reisinger, Sanchez, Smith, Torvanger, Wreford and Geden. (With the exceptions noted in http://researcharchive.lincoln.ac.nz/page/rights, this metadata is available under a Creative Commons Zero license.)",1,other_open_or_conditional
"© 2021 Swain and Charters. (With the exceptions noted in http://researcharchive.lincoln.ac.nz/page/rights, this metadata is available under a Creative Commons Zero license.)",1,other_open_or_conditional
"© 2021 The Author(s) (With the exceptions noted in http://researcharchive.lincoln.ac.nz/page/rights, this metadata is available under a Creative Commons Zero license.)",1,other_open_or_conditional
"© 2021 The Author(s). Published by Elsevier Ltd. (With the exceptions noted in http://researcharchive.lincoln.ac.nz/page/rights, this metadata is available under a Creative Commons Zero license.)",1,other_open_or_conditional
"© 2021 The Author(s). Published by Informa UK Limited, trading as Taylor & Francis Group. (With the exceptions noted in http://researcharchive.lincoln.ac.nz/page/rights, this metadata is available under a Creative Commons Zero license.)",1,other_open_or_conditional
"© 2021 The Authors. Ecological Entomology published by John Wiley & Sons Ltd on behalf of Royal Entomological Society. (With the exceptions noted in http://researcharchive.lincoln.ac.nz/page/rights, this metadata is available under a Creative Commons Zero license.)",1,other_open_or_conditional
"© 2021 The Authors. Frontiers in Ecology and the Environment published by Wiley Periodicals LLC on behalf of the Ecological Society of America. (With the exceptions noted in http://researcharchive.lincoln.ac.nz/page/rights, this metadata is available under a Creative Commons Zero license.)",1,other_open_or_conditional
"© 2021 The Authors. Published by Elsevier B.V. (With the exceptions noted in http://researcharchive.lincoln.ac.nz/page/rights, this metadata is available under a Creative Commons Zero license.)",1,other_open_or_conditional
"© 2021 The Authors. Published by Elsevier B.V. on behalf of The Animal Consortium. (With the exceptions noted in http://researcharchive.lincoln.ac.nz/page/rights, this metadata is available under a Creative Commons Zero license.)",1,other_open_or_conditional
"© 2021 The Society of Chinese Scholars on Exercise Physiology and Fitness. Published by Elsevier (Singapore) Pte Ltd. (With the exceptions noted in http://researcharchive.lincoln.ac.nz/page/rights, this metadata is available under a Creative Commons Zero license.)",1,other_open_or_conditional
"© 2021 White et al. (With the exceptions noted in http://researcharchive.lincoln.ac.nz/page/rights, this metadata is available under a Creative Commons Zero license.)",1,other_open_or_conditional
"© 2021 Zhao, Hui, Zeng, Yin, Huang, Tang, Ge and Lei. (With the exceptions noted in http://researcharchive.lincoln.ac.nz/page/rights, this metadata is available under a Creative Commons Zero license.)",1,other_open_or_conditional
"© 2021 by the authors (With the exceptions noted in http://researcharchive.lincoln.ac.nz/page/rights, this metadata is available under a Creative Commons Zero license.)",1,other_open_or_conditional
"© 2021 by the authors.Licensee MDPI, Basel, Switzerland. (With the exceptions noted in http://researcharchive.lincoln.ac.nz/page/rights, this metadata is available under a Creative Commons Zero license.)",1,other_open_or_conditional
"© 2021, Emerald Publishing Limited (With the exceptions noted in http://researcharchive.lincoln.ac.nz/page/rights, this metadata is available under a Creative Commons Zero license.)",1,other_open_or_conditional
"© 2021, Kassel University Press, Kassel (With the exceptions noted in http://researcharchive.lincoln.ac.nz/page/rights, this metadata is available under a Creative Commons Zero license.)",1,other_open_or_conditional
"© 2021, Moot, Davison, Oxford University Press. (With the exceptions noted in http://researcharchive.lincoln.ac.nz/page/rights, this metadata is available under a Creative Commons Zero license.)",1,other_open_or_conditional
"© 2021, The Author(s). (With the exceptions noted in http://researcharchive.lincoln.ac.nz/page/rights, this metadata is available under a Creative Commons Zero license.)",1,other_open_or_conditional
"© 2021. The Authors. Licensee: AOSIS. (With the exceptions noted in http://researcharchive.lincoln.ac.nz/page/rights, this metadata is available under a Creative Commons Zero license.)",1,other_open_or_conditional
"© Agribusiness and Economics Research Unit. Lincoln University, New Zealand, 2018 (With the exceptions noted in http://researcharchive.lincoln.ac.nz/page/rights, this metadata is available under a Creative Commons Zero license.)",1,other_open_or_conditional
"© Agribusiness and Economics Research Unit. Lincoln University, New Zealand, 2019 (With the exceptions noted in http://researcharchive.lincoln.ac.nz/page/rights, this metadata is available under a Creative Commons Zero license.)",1,other_open_or_conditional
"© Agronomy Society of New Zealand (With the exceptions noted in http://researcharchive.lincoln.ac.nz/page/rights, this metadata is available under a Creative Commons Zero license.)",1,other_open_or_conditional
"© All Right Reserved. (With the exceptions noted in http://researcharchive.lincoln.ac.nz/page/rights, this metadata is available under a Creative Commons Zero license.)",1,other_open_or_conditional
"© All rights are reserved by Stephen LW On (With the exceptions noted in http://researcharchive.lincoln.ac.nz/page/rights, this metadata is available under a Creative Commons Zero license.)",1,other_open_or_conditional
"© Allcot Trust, ANMM Collection reproduced courtesy of  the Allcot Trust and licenced for use by the Museum. If you would like to use this image please contact the Museum at images@sea.museum",1,other_open_or_conditional
"© Allcot Trust, ANMM Collection reproduced courtesy of the Allcot Trust and licenced for use by the Museum. If you would like to use this image please contact the Museum at images@sea.museum",1,other_open_or_conditional
"© American Dairy Science Association®, 2017 (With the exceptions noted in http://researcharchive.lincoln.ac.nz/page/rights, this metadata is available under a Creative Commons Zero license.)",1,other_open_or_conditional
"© Asian Academy of Management and Penerbit Universiti Sains Malaysia, 2020. (With the exceptions noted in http://researcharchive.lincoln.ac.nz/page/rights, this metadata is available under a Creative Commons Zero license.)",1,other_open_or_conditional
"© August 1999, Department of Conservation (With the exceptions noted in http://researcharchive.lincoln.ac.nz/page/rights, this metadata is available under a Creative Commons Zero license.)",1,other_open_or_conditional
"© Australasia-Pacific Extension Network 2014 (With the exceptions noted in http://researcharchive.lincoln.ac.nz/page/rights, this metadata is available under a Creative Commons Zero license.)",1,other_open_or_conditional
"© Australasian Plant Pathology Society Inc. 2014 (With the exceptions noted in http://researcharchive.lincoln.ac.nz/page/rights, this metadata is available under a Creative Commons Zero license.)",1,other_open_or_conditional
"© Australasian Quaternary Association (AQUA) (With the exceptions noted in http://researcharchive.lincoln.ac.nz/page/rights, this metadata is available under a Creative Commons Zero license.)",1,other_open_or_conditional
"© Australian Mining History Association (With the exceptions noted in http://researcharchive.lincoln.ac.nz/page/rights, this metadata is available under a Creative Commons Zero license.)",1,other_open_or_conditional
"© Author(s) 2010 (With the exceptions noted in http://researcharchive.lincoln.ac.nz/page/rights, this metadata is available under a Creative Commons Zero license.)",1,other_open_or_conditional
© Author(s) 2012. CC Attribution 3.0 License.,1,other_open_or_conditional
"© Author(s) 2012. CC Attribution 3.0 License. (With the exceptions noted in http://researcharchive.lincoln.ac.nz/page/rights, this metadata is available under a Creative Commons Zero license.)",1,other_open_or_conditional
© Author(s) 2012. This work is distributed under the Creative Commons Attribute 3.0 License.,1,other_open_or_conditional
© Author(s) 2013. CC Attribution 3.0 License,1,other_open_or_conditional
© Author(s) 2015. CC Attribution 3.0 License.,1,other_open_or_conditional
"© Author(s) 2016. (With the exceptions noted in http://researcharchive.lincoln.ac.nz/page/rights, this metadata is available under a Creative Commons Zero license.)",1,other_open_or_conditional
"© Author(s) 2016. CC Attribution 3.0 License (With the exceptions noted in http://researcharchive.lincoln.ac.nz/page/rights, this metadata is available under a Creative Commons Zero license.)",1,other_open_or_conditional
© Author(s) 2017. CC Attribution 3.0 License.,1,other_open_or_conditional
"© Author(s) 2019 (With the exceptions noted in http://researcharchive.lincoln.ac.nz/page/rights, this metadata is available under a Creative Commons Zero license.)",1,other_open_or_conditional
"© Author(s) 2021. (With the exceptions noted in http://researcharchive.lincoln.ac.nz/page/rights, this metadata is available under a Creative Commons Zero license.)",1,other_open_or_conditional
"© Authors & Firenze University Press (With the exceptions noted in http://researcharchive.lincoln.ac.nz/page/rights, this metadata is available under a Creative Commons Zero license.)",1,other_open_or_conditional
"© C B Norton, ANMM Collection reproduced courtesy of Alison Lawrence, granddaughter of the artist, and licenced for use by the Museum. If you would like to use this image please contact the Museum at images@sea.museum",1,other_open_or_conditional
"© CAB International 2006 (With the exceptions noted in http://researcharchive.lincoln.ac.nz/page/rights, this metadata is available under a Creative Commons Zero license.)",1,other_open_or_conditional
"© CAB International 2010 (With the exceptions noted in http://researcharchive.lincoln.ac.nz/page/rights, this metadata is available under a Creative Commons Zero license.)",1,other_open_or_conditional
"© CAB International 2015. Rodent Pests and their Control, 2nd Ed. (With the exceptions noted in http://researcharchive.lincoln.ac.nz/page/rights, this metadata is available under a Creative Commons Zero license.)",1,other_open_or_conditional
"© CBRE & Lincoln University. (With the exceptions noted in http://researcharchive.lincoln.ac.nz/page/rights, this metadata is available under a Creative Commons Zero license.)",1,other_open_or_conditional
"© CSIR-NISCAIR (With the exceptions noted in http://researcharchive.lincoln.ac.nz/page/rights, this metadata is available under a Creative Commons Zero license.)",1,other_open_or_conditional
"© CSIRO 1996-2012 (With the exceptions noted in http://researcharchive.lincoln.ac.nz/page/rights, this metadata is available under a Creative Commons Zero license.)",1,other_open_or_conditional
"© CSIRO 2020 (With the exceptions noted in http://researcharchive.lincoln.ac.nz/page/rights, this metadata is available under a Creative Commons Zero license.)",1,other_open_or_conditional
"© CSIRO 2021 (With the exceptions noted in http://researcharchive.lincoln.ac.nz/page/rights, this metadata is available under a Creative Commons Zero license.)",1,other_open_or_conditional
"© Cambridge University Press 2009. (With the exceptions noted in http://researcharchive.lincoln.ac.nz/page/rights, this metadata is available under a Creative Commons Zero license.)",1,other_open_or_conditional
"© Centre for Biodiversity Conservation, Phnom Penh.
This is an Open Access Journal and all issues can be freely downloaded from:
http://www.fauna-flora.org/publications/cambodian-journal-of-natural-history/
Re-posting papers: Authors are permitted to post their papers in full on their personal and institutional webpages on condition that access is free and no changes are made to the content. (With the exceptions noted in http://researcharchive.lincoln.ac.nz/page/rights, this metadata is available under a Creative Commons Zero license.)",1,other_open_or_conditional
"© Centre for Indonesian Accounting and Management Research 
Postgraduate Program, Brawijaya University (With the exceptions noted in http://researcharchive.lincoln.ac.nz/page/rights, this metadata is available under a Creative Commons Zero license.)",1,other_open_or_conditional
"© Chilean Society of Soil Science © The authors (With the exceptions noted in http://researcharchive.lincoln.ac.nz/page/rights, this metadata is available under a Creative Commons Zero license.)",1,other_open_or_conditional
"© Chilean Statistical Society — Sociedad Chilena de Estad´ıstica
http://www.soche.cl/chjs (With the exceptions noted in http://researcharchive.lincoln.ac.nz/page/rights, this metadata is available under a Creative Commons Zero license.)",1,other_open_or_conditional
"© Christopher Gan, Baiding Hu, Yaoguang Liu, Zhaohua Li, 2013. (With the exceptions noted in http://researcharchive.lincoln.ac.nz/page/rights, this metadata is available under a Creative Commons Zero license.)",1,other_open_or_conditional
"© Christopher Gan, Chao Bian, Damon Wu, David A. Cohen, 2017
This is a published version of the paper, available at LLC ""CPC ""Business Perspectives"" at http://dx.doi.org/10.21511/imfi.14(2).2017.01 (With the exceptions noted in http://researcharchive.lincoln.ac.nz/page/rights, this metadata is available under a Creative Commons Zero license.)",1,other_open_or_conditional
"© Christopher Gan, Gilbert V. Nartea, Dou Ling Ling, Baiding Hu, 2012. (With the exceptions noted in http://researcharchive.lincoln.ac.nz/page/rights, this metadata is available under a Creative Commons Zero license.)",1,other_open_or_conditional
"© Department of Pest Management & Conservation, Lincoln University, New Zealand (2018) (With the exceptions noted in http://researcharchive.lincoln.ac.nz/page/rights, this metadata is available under a Creative Commons Zero license.)",1,other_open_or_conditional
"© Dr Jane Stackpool, ANMM Collection reproduced courtesy of Dr Jane Stackpool and licenced for use by the Museum. If you would like to use this image please contact the Museum at images@sea.museum",1,other_open_or_conditional
"© Editorial Committee of Journal of Human Kinetics (With the exceptions noted in http://researcharchive.lincoln.ac.nz/page/rights, this metadata is available under a Creative Commons Zero license.)",1,other_open_or_conditional
"© FAO 2012 (With the exceptions noted in http://researcharchive.lincoln.ac.nz/page/rights, this metadata is available under a Creative Commons Zero license.)",1,other_open_or_conditional
"© FEMS 2020 (With the exceptions noted in http://researcharchive.lincoln.ac.nz/page/rights, this metadata is available under a Creative Commons Zero license.)",1,other_open_or_conditional
"© FLRC and the authors, 2016 (With the exceptions noted in http://researcharchive.lincoln.ac.nz/page/rights, this metadata is available under a Creative Commons Zero license.)",1,other_open_or_conditional
"© Firenze University Press (With the exceptions noted in http://researcharchive.lincoln.ac.nz/page/rights, this metadata is available under a Creative Commons Zero license.)",1,other_open_or_conditional
"© ForestAction Nepal 2015 (With the exceptions noted in http://researcharchive.lincoln.ac.nz/page/rights, this metadata is available under a Creative Commons Zero license.)",1,other_open_or_conditional
"© IPCC (Intergovernmental Panel on Climate Change) (With the exceptions noted in http://researcharchive.lincoln.ac.nz/page/rights, this metadata is available under a Creative Commons Zero license.)",1,other_open_or_conditional
"© Inter-Research 2005 (With the exceptions noted in http://researcharchive.lincoln.ac.nz/page/rights, this metadata is available under a Creative Commons Zero license.)",1,other_open_or_conditional
"© International Centre for Tourism and Hospitality Research 2011. (With the exceptions noted in http://researcharchive.lincoln.ac.nz/page/rights, this metadata is available under a Creative Commons Zero license.)",1,other_open_or_conditional
"© International Federation of Landscape Architects. (With the exceptions noted in http://researcharchive.lincoln.ac.nz/page/rights, this metadata is available under a Creative Commons Zero license.)",1,other_open_or_conditional
"© International Journal of Applied Economics & Econometrics, 2010 (With the exceptions noted in http://researcharchive.lincoln.ac.nz/page/rights, this metadata is available under a Creative Commons Zero license.)",1,other_open_or_conditional
"© International Journal of Applied Science and Biotechnology (With the exceptions noted in http://researcharchive.lincoln.ac.nz/page/rights, this metadata is available under a Creative Commons Zero license.)",1,other_open_or_conditional
"© Ishrat Hossain, Aliyu Dahiru Muhammad, Binta Tijjani Jibril and Simeon Kaitibie. Published by Emerald Publishing Limited. (With the exceptions noted in http://researcharchive.lincoln.ac.nz/page/rights, this metadata is available under a Creative Commons Zero license.)",1,other_open_or_conditional
"© JPES. (With the exceptions noted in http://researcharchive.lincoln.ac.nz/page/rights, this metadata is available under a Creative Commons Zero license.)",1,other_open_or_conditional
"© Jaskuła R et al (With the exceptions noted in http://researcharchive.lincoln.ac.nz/page/rights, this metadata is available under a Creative Commons Zero license.)",1,other_open_or_conditional
"© Joanna Fountain. (With the exceptions noted in http://researcharchive.lincoln.ac.nz/page/rights, this metadata is available under a Creative Commons Zero license.)",1,other_open_or_conditional
"© Katelyn T. Faulkner et al. (With the exceptions noted in http://researcharchive.lincoln.ac.nz/page/rights, this metadata is available under a Creative Commons Zero license.)",1,other_open_or_conditional
"© LEaP, Lincoln University, New Zealand 2017 (With the exceptions noted in http://researcharchive.lincoln.ac.nz/page/rights, this metadata is available under a Creative Commons Zero license.)",1,other_open_or_conditional
"© LEaP, Lincoln University, New Zealand 2020. (With the exceptions noted in http://researcharchive.lincoln.ac.nz/page/rights, this metadata is available under a Creative Commons Zero license.)",1,other_open_or_conditional
"© LEaP, Lincoln University, New Zealand 2021 (With the exceptions noted in http://researcharchive.lincoln.ac.nz/page/rights, this metadata is available under a Creative Commons Zero license.)",1,other_open_or_conditional
"© Landcare Research New Zealand Ltd. (With the exceptions noted in http://researcharchive.lincoln.ac.nz/page/rights, this metadata is available under a Creative Commons Zero license.)",1,other_open_or_conditional
"© Lefort M et al. (With the exceptions noted in http://researcharchive.lincoln.ac.nz/page/rights, this metadata is available under a Creative Commons Zero license.)",1,other_open_or_conditional
"© Lincoln College (With the exceptions noted in http://researcharchive.lincoln.ac.nz/page/rights, this metadata is available under a Creative Commons Zero license.)",1,other_open_or_conditional
"© Lincoln Planning Review. (With the exceptions noted in http://researcharchive.lincoln.ac.nz/page/rights, this metadata is available under a Creative Commons Zero license.)",1,other_open_or_conditional
"© Lincoln University, New Zealand 2012. (With the exceptions noted in http://researcharchive.lincoln.ac.nz/page/rights, this metadata is available under a Creative Commons Zero license.)",1,other_open_or_conditional
"© Lincoln University. (With the exceptions noted in http://researcharchive.lincoln.ac.nz/page/rights, this metadata is available under a Creative Commons Zero license.)",1,other_open_or_conditional
"© Lincoln Ventures Ltd. (With the exceptions noted in http://researcharchive.lincoln.ac.nz/page/rights, this metadata is available under a Creative Commons Zero license.)",1,other_open_or_conditional
"© Marris J, Vink C. (With the exceptions noted in http://researcharchive.lincoln.ac.nz/page/rights, this metadata is available under a Creative Commons Zero license.)",1,other_open_or_conditional
"© Museum of New Zealand Te Papa Tongarewa and Massey
University and GNS Science 2013. Open Access under Creative
Commons by Attribution Licence. Use, distribution and reproduction
are un restricted. Author(s) and original publication
must be credited.",1,other_open_or_conditional
"© NZ Grasslands Association . © The Authors (With the exceptions noted in http://researcharchive.lincoln.ac.nz/page/rights, this metadata is available under a Creative Commons Zero license.)",1,other_open_or_conditional
"© NZ Institute of Primary Industry Management (With the exceptions noted in http://researcharchive.lincoln.ac.nz/page/rights, this metadata is available under a Creative Commons Zero license.)",1,other_open_or_conditional
"© NZ Transport Agency. (With the exceptions noted in http://researcharchive.lincoln.ac.nz/page/rights, this metadata is available under a Creative Commons Zero license.)",1,other_open_or_conditional
"© NZGA (With the exceptions noted in http://researcharchive.lincoln.ac.nz/page/rights, this metadata is available under a Creative Commons Zero license.)",1,other_open_or_conditional
"© NZGA and the authors 2019 (With the exceptions noted in http://researcharchive.lincoln.ac.nz/page/rights, this metadata is available under a Creative Commons Zero license.)",1,other_open_or_conditional
"© NZIPIM. (With the exceptions noted in http://researcharchive.lincoln.ac.nz/page/rights, this metadata is available under a Creative Commons Zero license.)",1,other_open_or_conditional
"© Neural Regeneration Research. (With the exceptions noted in http://researcharchive.lincoln.ac.nz/page/rights, this metadata is available under a Creative Commons Zero license.)",1,other_open_or_conditional
"© New Zealand Ecological Society Inc (NZES). (With the exceptions noted in http://researcharchive.lincoln.ac.nz/page/rights, this metadata is available under a Creative Commons Zero license.)",1,other_open_or_conditional
"© New Zealand Grassland Association (With the exceptions noted in http://researcharchive.lincoln.ac.nz/page/rights, this metadata is available under a Creative Commons Zero license.)",1,other_open_or_conditional
"© New Zealand Mountain Lands Institute, Lincoln University (With the exceptions noted in http://researcharchive.lincoln.ac.nz/page/rights, this metadata is available under a Creative Commons Zero license.)",1,other_open_or_conditional
"© New Zealand Natural Science (With the exceptions noted in http://researcharchive.lincoln.ac.nz/page/rights, this metadata is available under a Creative Commons Zero license.)",1,other_open_or_conditional
"© New Zealand Plant Protection Inc. (With the exceptions noted in http://researcharchive.lincoln.ac.nz/page/rights, this metadata is available under a Creative Commons Zero license.)",1,other_open_or_conditional
"© New Zealand Plant Protection Society Inc. (With the exceptions noted in http://researcharchive.lincoln.ac.nz/page/rights, this metadata is available under a Creative Commons Zero license.)",1,other_open_or_conditional
"© Nga Pae o te Maramatanga (With the exceptions noted in http://researcharchive.lincoln.ac.nz/page/rights, this metadata is available under a Creative Commons Zero license.)",1,other_open_or_conditional
"© Ngā Pae o te Māramatanga (With the exceptions noted in http://researcharchive.lincoln.ac.nz/page/rights, this metadata is available under a Creative Commons Zero license.)",1,other_open_or_conditional
"© Norbaizurah Abdul Jabar, Razli Ramli and Sazali Abidin. 2018. (With the exceptions noted in http://researcharchive.lincoln.ac.nz/page/rights, this metadata is available under a Creative Commons Zero license.)",1,other_open_or_conditional
"© P&O Heritage, ANMM Collection reproduced courtesy of P&O Heritage and licenced for use by the Museum. If you would like to use this image please contact the Museum at images@sea.museum",1,other_open_or_conditional
"© Petr Pyšek et al (With the exceptions noted in http://researcharchive.lincoln.ac.nz/page/rights, this metadata is available under a Creative Commons Zero license.)",1,other_open_or_conditional
"© RG and FJ Richardson 2010. ©The Authors. (With the exceptions noted in http://researcharchive.lincoln.ac.nz/page/rights, this metadata is available under a Creative Commons Zero license.)",1,other_open_or_conditional
"© Resource Management Law Association of New Zealand Inc. (With the exceptions noted in http://researcharchive.lincoln.ac.nz/page/rights, this metadata is available under a Creative Commons Zero license.)",1,other_open_or_conditional
"© Robert Murphy, ANMM Collection reproduced courtesy of Robert Murphy and licenced for use by the Museum. If you would like to use this image please contact the Museum at images@sea.museum",1,other_open_or_conditional
"© SJST (With the exceptions noted in http://researcharchive.lincoln.ac.nz/page/rights, this metadata is available under a Creative Commons Zero license.)",1,other_open_or_conditional
"© Sally Samins, Reproduced courtesy of Sally Samins and licenced for use by the Museum. If you would like to use this image please contact the Museum at images@sea.museum",1,other_open_or_conditional
"© Sciedu Press (With the exceptions noted in http://researcharchive.lincoln.ac.nz/page/rights, this metadata is available under a Creative Commons Zero license.)",1,other_open_or_conditional
"© Shaobin Li et al. 2020. (With the exceptions noted in http://researcharchive.lincoln.ac.nz/page/rights, this metadata is available under a Creative Commons Zero license.)",1,other_open_or_conditional
"© Shivanthi Balalla et al., 2020; Published by Mary Ann Liebert, Inc. This Open Access article is distributed under the terms of the Creative Commons License (http://creativecommons.org/licenses/by/4.0), which permits unrestricted use, distribution, and reproduction in any medium, provided the original work is properly credited.",1,other_open_or_conditional
"© Soil Science Society of America (With the exceptions noted in http://researcharchive.lincoln.ac.nz/page/rights, this metadata is available under a Creative Commons Zero license.)",1,other_open_or_conditional
"© Soil Science Society of America. (With the exceptions noted in http://researcharchive.lincoln.ac.nz/page/rights, this metadata is available under a Creative Commons Zero license.)",1,other_open_or_conditional
"© SonamTashi Lama et al. (With the exceptions noted in http://researcharchive.lincoln.ac.nz/page/rights, this metadata is available under a Creative Commons Zero license.)",1,other_open_or_conditional
"© Sport Exercise Science New Zealand 2020 (With the exceptions noted in http://researcharchive.lincoln.ac.nz/page/rights, this metadata is available under a Creative Commons Zero license.)",1,other_open_or_conditional
"© Sport and Exercise Science New Zealand (With the exceptions noted in http://researcharchive.lincoln.ac.nz/page/rights, this metadata is available under a Creative Commons Zero license.)",1,other_open_or_conditional
"© Springer Science+Business Media B.V. 2012 (With the exceptions noted in http://researcharchive.lincoln.ac.nz/page/rights, this metadata is available under a Creative Commons Zero license.)",1,other_open_or_conditional
"© Springer Science+Business Media B.V., part of Springer Nature 2018 (With the exceptions noted in http://researcharchive.lincoln.ac.nz/page/rights, this metadata is available under a Creative Commons Zero license.)",1,other_open_or_conditional
"© Surrey Beatty and Sons (With the exceptions noted in http://researcharchive.lincoln.ac.nz/page/rights, this metadata is available under a Creative Commons Zero license.)",1,other_open_or_conditional
"© Sutsarun Lumjiak, Nguyen Thi Thieu Quang, Christopher Gan, Sirimon Treepongkaruna, 2018 (With the exceptions noted in http://researcharchive.lincoln.ac.nz/page/rights, this metadata is available under a Creative Commons Zero license.)",1,other_open_or_conditional
"© Taylor & Francis
On institutional repository or subject-based repository after 12 months embargo (With the exceptions noted in http://researcharchive.lincoln.ac.nz/page/rights, this metadata is available under a Creative Commons Zero license.)",1,other_open_or_conditional
"© The Animal Consortium 2013 (With the exceptions noted in http://researcharchive.lincoln.ac.nz/page/rights, this metadata is available under a Creative Commons Zero license.)",1,other_open_or_conditional
"© The Author 2018. (With the exceptions noted in http://researcharchive.lincoln.ac.nz/page/rights, this metadata is available under a Creative Commons Zero license.)",1,other_open_or_conditional
"© The Author and FLRC (With the exceptions noted in http://researcharchive.lincoln.ac.nz/page/rights, this metadata is available under a Creative Commons Zero license.)",1,other_open_or_conditional
"© The Author(s) (With the exceptions noted in http://researcharchive.lincoln.ac.nz/page/rights, this metadata is available under a Creative Commons Zero license.)",1,other_open_or_conditional
© The Author(s) 2012. This article is published with open access at Springerlink.com,1,other_open_or_conditional
"© The Author(s) 2014. (With the exceptions noted in http://researcharchive.lincoln.ac.nz/page/rights, this metadata is available under a Creative Commons Zero license.)",1,other_open_or_conditional
© The Author(s) 2014. This article is published with open access at Springerlink.com,1,other_open_or_conditional
"© The Author(s) 2016 (With the exceptions noted in http://researcharchive.lincoln.ac.nz/page/rights, this metadata is available under a Creative Commons Zero license.)",1,other_open_or_conditional
© The Author(s) 2016. This article is published with open access at Springerlink.com,1,other_open_or_conditional
"© The Author(s) 2016. This article is published with open access at Springerlink.com (With the exceptions noted in http://researcharchive.lincoln.ac.nz/page/rights, this metadata is available under a Creative Commons Zero license.)",1,other_open_or_conditional
© The Author(s) 2017. This article is an open access publication,1,other_open_or_conditional
"© The Author(s) 2018. (With the exceptions noted in http://researcharchive.lincoln.ac.nz/page/rights, this metadata is available under a Creative Commons Zero license.)",1,other_open_or_conditional
© The Author(s) 2018. We allow authors to self-archive and reuse their work subject to our Publications Rights Policies on this Website and to the individual journals’ author self-archiving policies which can be found on the homepage of each journal.,1,other_open_or_conditional
"© The Author(s) 2019. (With the exceptions noted in http://researcharchive.lincoln.ac.nz/page/rights, this metadata is available under a Creative Commons Zero license.)",1,other_open_or_conditional
"© The Author(s) 2019. Published by Oxford University Press on behalf of Entomological Society of America. (With the exceptions noted in http://researcharchive.lincoln.ac.nz/page/rights, this metadata is available under a Creative Commons Zero license.)",1,other_open_or_conditional
"© The Author(s) 2019. Published by Oxford University Press on behalf of the Society for Experimental Biology. (With the exceptions noted in http://researcharchive.lincoln.ac.nz/page/rights, this metadata is available under a Creative Commons Zero license.)",1,other_open_or_conditional
"© The Author(s) 2020, corrected publication 2020 (With the exceptions noted in http://researcharchive.lincoln.ac.nz/page/rights, this metadata is available under a Creative Commons Zero license.)",1,other_open_or_conditional
"© The Author(s) 2020. (With the exceptions noted in http://researcharchive.lincoln.ac.nz/page/rights, this metadata is available under a Creative Commons Zero license.)",1,other_open_or_conditional
"© The Author(s) 2020. Published by Oxford University Press on behalf of Entomological Society of America. (With the exceptions noted in http://researcharchive.lincoln.ac.nz/page/rights, this metadata is available under a Creative Commons Zero license.)",1,other_open_or_conditional
"© The Author(s) 2020. Published by Oxford University Press on behalf of the American Society of Animal Science. (With the exceptions noted in http://researcharchive.lincoln.ac.nz/page/rights, this metadata is available under a Creative Commons Zero license.)",1,other_open_or_conditional
"© The Author(s) 2021 (With the exceptions noted in http://researcharchive.lincoln.ac.nz/page/rights, this metadata is available under a Creative Commons Zero license.)",1,other_open_or_conditional
"© The Author(s) 2021, corrected publication 2021. (With the exceptions noted in http://researcharchive.lincoln.ac.nz/page/rights, this metadata is available under a Creative Commons Zero license.)",1,other_open_or_conditional
"© The Author(s), 2021. Published by Cambridge University Press on behalf of the Northeastern Agricultural and Resource Economics Association (With the exceptions noted in http://researcharchive.lincoln.ac.nz/page/rights, this metadata is available under a Creative Commons Zero license.)",1,other_open_or_conditional
"© The Author(s), under exclusive licence to Springer Nature Limited 2020 (With the exceptions noted in http://researcharchive.lincoln.ac.nz/page/rights, this metadata is available under a Creative Commons Zero license.)",1,other_open_or_conditional
"© The Author(s), under exclusive licence to Springer Nature Switzerland AG 2021",1,other_open_or_conditional
"© The Author(s). 2018 (With the exceptions noted in http://researcharchive.lincoln.ac.nz/page/rights, this metadata is available under a Creative Commons Zero license.)",1,other_open_or_conditional
"© The Author, 2011. (With the exceptions noted in http://researcharchive.lincoln.ac.nz/page/rights, this metadata is available under a Creative Commons Zero license.)",1,other_open_or_conditional
"© The Author. Total or partial reproduction of the contents and images is authorized, as long as the source is cited and the notify the editor through email: ciexjournal@ciex.edu.mx (With the exceptions noted in http://researcharchive.lincoln.ac.nz/page/rights, this metadata is available under a Creative Commons Zero license.)",1,other_open_or_conditional
"© The Authors & Firenze University Press (With the exceptions noted in http://researcharchive.lincoln.ac.nz/page/rights, this metadata is available under a Creative Commons Zero license.)",1,other_open_or_conditional
"© The Authors 2015 (With the exceptions noted in http://researcharchive.lincoln.ac.nz/page/rights, this metadata is available under a Creative Commons Zero license.)",1,other_open_or_conditional
© The Authors 2015. This article is published with open access at Springerlink.com,1,other_open_or_conditional
"© The Authors 2018 (With the exceptions noted in http://researcharchive.lincoln.ac.nz/page/rights, this metadata is available under a Creative Commons Zero license.)",1,other_open_or_conditional
"© The Authors 2021. (With the exceptions noted in http://researcharchive.lincoln.ac.nz/page/rights, this metadata is available under a Creative Commons Zero license.)",1,other_open_or_conditional
"© The Authors and ASABE (With the exceptions noted in http://researcharchive.lincoln.ac.nz/page/rights, this metadata is available under a Creative Commons Zero license.)",1,other_open_or_conditional
"© The Authors and Economics Bulletin (With the exceptions noted in http://researcharchive.lincoln.ac.nz/page/rights, this metadata is available under a Creative Commons Zero license.)",1,other_open_or_conditional
"© The Authors and FLRC, 2013 (With the exceptions noted in http://researcharchive.lincoln.ac.nz/page/rights, this metadata is available under a Creative Commons Zero license.)",1,other_open_or_conditional
"© The Authors and Modelling and Simulation Society of Australia and New Zealand (With the exceptions noted in http://researcharchive.lincoln.ac.nz/page/rights, this metadata is available under a Creative Commons Zero license.)",1,other_open_or_conditional
"© The Authors and National Academy of Sciences (With the exceptions noted in http://researcharchive.lincoln.ac.nz/page/rights, this metadata is available under a Creative Commons Zero license.)",1,other_open_or_conditional
"© The Authors and New Zealand Grassland Association (NZGA). (With the exceptions noted in http://researcharchive.lincoln.ac.nz/page/rights, this metadata is available under a Creative Commons Zero license.)",1,other_open_or_conditional
"© The Authors and New Zealand Grassland Association 2019 (With the exceptions noted in http://researcharchive.lincoln.ac.nz/page/rights, this metadata is available under a Creative Commons Zero license.)",1,other_open_or_conditional
"© The Authors and New Zealand Journal of Forestry. (With the exceptions noted in http://researcharchive.lincoln.ac.nz/page/rights, this metadata is available under a Creative Commons Zero license.)",1,other_open_or_conditional
"© The Authors and Research Trend (With the exceptions noted in http://researcharchive.lincoln.ac.nz/page/rights, this metadata is available under a Creative Commons Zero license.)",1,other_open_or_conditional
"© The Authors and Soil Science Society of America (With the exceptions noted in http://researcharchive.lincoln.ac.nz/page/rights, this metadata is available under a Creative Commons Zero license.)",1,other_open_or_conditional
"© The Authors and the New Zealand Grassland Association. (With the exceptions noted in http://researcharchive.lincoln.ac.nz/page/rights, this metadata is available under a Creative Commons Zero license.)",1,other_open_or_conditional
"© The Authors, 2000 (With the exceptions noted in http://researcharchive.lincoln.ac.nz/page/rights, this metadata is available under a Creative Commons Zero license.)",1,other_open_or_conditional
"© The Authors, 2001 (With the exceptions noted in http://researcharchive.lincoln.ac.nz/page/rights, this metadata is available under a Creative Commons Zero license.)",1,other_open_or_conditional
"© The Authors, 2013 (With the exceptions noted in http://researcharchive.lincoln.ac.nz/page/rights, this metadata is available under a Creative Commons Zero license.)",1,other_open_or_conditional
"© The Authors, 2016 (With the exceptions noted in http://researcharchive.lincoln.ac.nz/page/rights, this metadata is available under a Creative Commons Zero license.)",1,other_open_or_conditional
"© The Authors, 2017 (With the exceptions noted in http://researcharchive.lincoln.ac.nz/page/rights, this metadata is available under a Creative Commons Zero license.)",1,other_open_or_conditional
"© The Authors, 2019 (With the exceptions noted in http://researcharchive.lincoln.ac.nz/page/rights, this metadata is available under a Creative Commons Zero license.)",1,other_open_or_conditional
"© The Authors, 2020 (With the exceptions noted in http://researcharchive.lincoln.ac.nz/page/rights, this metadata is available under a Creative Commons Zero license.)",1,other_open_or_conditional
"© The Authors, published by EDP Sciences. (With the exceptions noted in http://researcharchive.lincoln.ac.nz/page/rights, this metadata is available under a Creative Commons Zero license.)",1,other_open_or_conditional
"© The Chilean Society of Soil Science and the authors (With the exceptions noted in http://researcharchive.lincoln.ac.nz/page/rights, this metadata is available under a Creative Commons Zero license.)",1,other_open_or_conditional
"© The Ecological Society of America (With the exceptions noted in http://researcharchive.lincoln.ac.nz/page/rights, this metadata is available under a Creative Commons Zero license.)",1,other_open_or_conditional
"© The Institute of Policy Studies and the authors (With the exceptions noted in http://researcharchive.lincoln.ac.nz/page/rights, this metadata is available under a Creative Commons Zero license.)",1,other_open_or_conditional
"© The International Journal of Preventive Medicine (With the exceptions noted in http://researcharchive.lincoln.ac.nz/page/rights, this metadata is available under a Creative Commons Zero license.)",1,other_open_or_conditional
"© The Ministry of Agriculture and Forestry, New Zealand (With the exceptions noted in http://researcharchive.lincoln.ac.nz/page/rights, this metadata is available under a Creative Commons Zero license.)",1,other_open_or_conditional
"© The Ornithological Society of New Zealand Inc. (With the exceptions noted in http://researcharchive.lincoln.ac.nz/page/rights, this metadata is available under a Creative Commons Zero license.)",1,other_open_or_conditional
"© The Royal Society of Chemistry 2017 (With the exceptions noted in http://researcharchive.lincoln.ac.nz/page/rights, this metadata is available under a Creative Commons Zero license.)",1,other_open_or_conditional
"© The Royal Society of Chemistry 2019 (With the exceptions noted in http://researcharchive.lincoln.ac.nz/page/rights, this metadata is available under a Creative Commons Zero license.)",1,other_open_or_conditional
"© The Willi Hennig Society 2013 (With the exceptions noted in http://researcharchive.lincoln.ac.nz/page/rights, this metadata is available under a Creative Commons Zero license.)",1,other_open_or_conditional
"© The author 2019 (With the exceptions noted in http://researcharchive.lincoln.ac.nz/page/rights, this metadata is available under a Creative Commons Zero license.)",1,other_open_or_conditional
"© The authors & NZGA. (With the exceptions noted in http://researcharchive.lincoln.ac.nz/page/rights, this metadata is available under a Creative Commons Zero license.)",1,other_open_or_conditional
"© The authors 2014 (With the exceptions noted in http://researcharchive.lincoln.ac.nz/page/rights, this metadata is available under a Creative Commons Zero license.)",1,other_open_or_conditional
"© The authors 2016. Open Access under Creative Commons by Attribution Licence. Use, distribution and reproduction are unrestricted. Authors and original publication must be credited.",1,other_open_or_conditional
"© The authors 2017 (With the exceptions noted in http://researcharchive.lincoln.ac.nz/page/rights, this metadata is available under a Creative Commons Zero license.)",1,other_open_or_conditional
"© The authors 2019. Published under licence in Journal of Physics: Conference Series by IOP Publishing Ltd. (With the exceptions noted in http://researcharchive.lincoln.ac.nz/page/rights, this metadata is available under a Creative Commons Zero license.)",1,other_open_or_conditional
"© The authors 2021 (With the exceptions noted in http://researcharchive.lincoln.ac.nz/page/rights, this metadata is available under a Creative Commons Zero license.)",1,other_open_or_conditional
"© The authors and Firenze University Press (With the exceptions noted in http://researcharchive.lincoln.ac.nz/page/rights, this metadata is available under a Creative Commons Zero license.)",1,other_open_or_conditional
"© The authors and MSSANZ (With the exceptions noted in http://researcharchive.lincoln.ac.nz/page/rights, this metadata is available under a Creative Commons Zero license.)",1,other_open_or_conditional
"© The authors and Modelling and Simulation Society of Australia and New Zealand Inc. (MSSANZ). (With the exceptions noted in http://researcharchive.lincoln.ac.nz/page/rights, this metadata is available under a Creative Commons Zero license.)",1,other_open_or_conditional
"© The authors and NZGA. (With the exceptions noted in http://researcharchive.lincoln.ac.nz/page/rights, this metadata is available under a Creative Commons Zero license.)",1,other_open_or_conditional
"© The authors and New Zealand Grassland Association. (With the exceptions noted in http://researcharchive.lincoln.ac.nz/page/rights, this metadata is available under a Creative Commons Zero license.)",1,other_open_or_conditional
"© The authors and the American Society of Agronomy, Crop Science Society of America, and Soil Science Society of America. (With the exceptions noted in http://researcharchive.lincoln.ac.nz/page/rights, this metadata is available under a Creative Commons Zero license.)",1,other_open_or_conditional
"© The authors and the Modelling and Simulation Society of Australia and New Zealand Inc. (With the exceptions noted in http://researcharchive.lincoln.ac.nz/page/rights, this metadata is available under a Creative Commons Zero license.)",1,other_open_or_conditional
"© The authors, 2012 (With the exceptions noted in http://researcharchive.lincoln.ac.nz/page/rights, this metadata is available under a Creative Commons Zero license.)",1,other_open_or_conditional
"© The authors, 2014 (With the exceptions noted in http://researcharchive.lincoln.ac.nz/page/rights, this metadata is available under a Creative Commons Zero license.)",1,other_open_or_conditional
"© The authors. Licensee MDPI, Basel, Switzerland. (With the exceptions noted in http://researcharchive.lincoln.ac.nz/page/rights, this metadata is available under a Creative Commons Zero license.)",1,other_open_or_conditional
"© Tourism Industry Aotearoa (TIA) and Lincoln University, New Zealand, 2016 (With the exceptions noted in http://researcharchive.lincoln.ac.nz/page/rights, this metadata is available under a Creative Commons Zero license.)",1,other_open_or_conditional
"© Tourism Industry Association New Zealand (TIA) and Lincoln University, New Zealand, 2015 (With the exceptions noted in http://researcharchive.lincoln.ac.nz/page/rights, this metadata is available under a Creative Commons Zero license.)",1,other_open_or_conditional
"© Universiti Pendidikan Sultan Idris, UPSI (With the exceptions noted in http://researcharchive.lincoln.ac.nz/page/rights, this metadata is available under a Creative Commons Zero license.)",1,other_open_or_conditional
"© University of Pennsylvania Press
© Project Muse (With the exceptions noted in http://researcharchive.lincoln.ac.nz/page/rights, this metadata is available under a Creative Commons Zero license.)",1,other_open_or_conditional
"© Université de Bordeaux (Bordeaux, France) (With the exceptions noted in http://researcharchive.lincoln.ac.nz/page/rights, this metadata is available under a Creative Commons Zero license.)",1,other_open_or_conditional
"© Université de Bordeaux (With the exceptions noted in http://researcharchive.lincoln.ac.nz/page/rights, this metadata is available under a Creative Commons Zero license.)",1,other_open_or_conditional
"© Verlag Eugen Ulmer KG, Stuttgart (With the exceptions noted in http://researcharchive.lincoln.ac.nz/page/rights, this metadata is available under a Creative Commons Zero license.)",1,other_open_or_conditional
"© Vigne et Vin Publications Internationales (With the exceptions noted in http://researcharchive.lincoln.ac.nz/page/rights, this metadata is available under a Creative Commons Zero license.)",1,other_open_or_conditional
"© Volker W. Framenau et al. (With the exceptions noted in http://researcharchive.lincoln.ac.nz/page/rights, this metadata is available under a Creative Commons Zero license.)",1,other_open_or_conditional
"© WIT Press (With the exceptions noted in http://researcharchive.lincoln.ac.nz/page/rights, this metadata is available under a Creative Commons Zero license.)",1,other_open_or_conditional
"© WIT Press 2019 (With the exceptions noted in http://researcharchive.lincoln.ac.nz/page/rights, this metadata is available under a Creative Commons Zero license.)",1,other_open_or_conditional
"© Wesener, 2019 (With the exceptions noted in http://researcharchive.lincoln.ac.nz/page/rights, this metadata is available under a Creative Commons Zero license.)",1,other_open_or_conditional
"© Westburn Publishers Ltd (With the exceptions noted in http://researcharchive.lincoln.ac.nz/page/rights, this metadata is available under a Creative Commons Zero license.)",1,other_open_or_conditional
"© Wichmann Verlag (With the exceptions noted in http://researcharchive.lincoln.ac.nz/page/rights, this metadata is available under a Creative Commons Zero license.)",1,other_open_or_conditional
"© Winetitles Pty Ltd (With the exceptions noted in http://researcharchive.lincoln.ac.nz/page/rights, this metadata is available under a Creative Commons Zero license.)",1,other_open_or_conditional
"© Wittawat Hemtanon, Christopher Gan, 2020. (With the exceptions noted in http://researcharchive.lincoln.ac.nz/page/rights, this metadata is available under a Creative Commons Zero license.)",1,other_open_or_conditional
"© by the Soil Science Society of America (With the exceptions noted in http://researcharchive.lincoln.ac.nz/page/rights, this metadata is available under a Creative Commons Zero license.)",1,other_open_or_conditional
"©2017 The Authors. This is an open access article under the terms of the http://creativecommons.org/licenses/by/4.0/, which permits unrestricted use, distribution and reproduction in any medium, provided the original author and source are credited. (With the exceptions noted in http://researcharchive.lincoln.ac.nz/page/rights, this metadata is available under a Creative Commons Zero license.)",1,other_open_or_conditional
"©2018 The Authors (With the exceptions noted in http://researcharchive.lincoln.ac.nz/page/rights, this metadata is available under a Creative Commons Zero license.)",1,other_open_or_conditional
"©2019 New Zealand Plant Protection Society (Inc.) (With the exceptions noted in http://researcharchive.lincoln.ac.nz/page/rights, this metadata is available under a Creative Commons Zero license.)",1,other_open_or_conditional
"©2021 New Zealand Plant Protection Society (Inc.) (With the exceptions noted in http://researcharchive.lincoln.ac.nz/page/rights, this metadata is available under a Creative Commons Zero license.)",1,other_open_or_conditional
"©2021 New Zealand Plant Protection Society (Inc.). (With the exceptions noted in http://researcharchive.lincoln.ac.nz/page/rights, this metadata is available under a Creative Commons Zero license.)",1,other_open_or_conditional
"©Author(s) 2020, this article is published with open access at http://gcr.khuisf.ac.ir/",1,other_open_or_conditional
"©Department of Pest Management & Conservation, Lincoln University, New Zealand 2017 (With the exceptions noted in http://researcharchive.lincoln.ac.nz/page/rights, this metadata is available under a Creative Commons Zero license.)",1,other_open_or_conditional
"©Department of Pest-management and Conservation, Lincoln University, New Zealand 2017 (With the exceptions noted in http://researcharchive.lincoln.ac.nz/page/rights, this metadata is available under a Creative Commons Zero license.)",1,other_open_or_conditional
"©LEaP, Lincoln University, New Zealand 2008 (With the exceptions noted in http://researcharchive.lincoln.ac.nz/page/rights, this metadata is available under a Creative Commons Zero license.)",1,other_open_or_conditional
"©LEaP, Lincoln University, New Zealand 2011 (With the exceptions noted in http://researcharchive.lincoln.ac.nz/page/rights, this metadata is available under a Creative Commons Zero license.)",1,other_open_or_conditional
"©New Zealand Ecological Society Inc (NZES). (With the exceptions noted in http://researcharchive.lincoln.ac.nz/page/rights, this metadata is available under a Creative Commons Zero license.)",1,other_open_or_conditional
"©The Authors (With the exceptions noted in http://researcharchive.lincoln.ac.nz/page/rights, this metadata is available under a Creative Commons Zero license.)",1,other_open_or_conditional
"©The Authors, 2007 (With the exceptions noted in http://researcharchive.lincoln.ac.nz/page/rights, this metadata is available under a Creative Commons Zero license.)",1,other_open_or_conditional
"©Vigne et Vin Publications Internationales (Bordeaux, France) (With the exceptions noted in http://researcharchive.lincoln.ac.nz/page/rights, this metadata is available under a Creative Commons Zero license.)",1,other_open_or_conditional
"“The Corresponding Author has the right to grant on behalf of all authors and does grant on behalf of all authors, a worldwide licence to the Publishers and its licensees in perpetuity, in all forms, formats and media (whether known now or created in the future), to i) publish, reproduce, distribute, display and store the Contribution, ii) translate the Contribution into other languages, create adaptations, reprints, include within collections and create summaries, extracts and/or, abstracts of the Contribution, iii) create any other derivative work(s) based on the Contribution, iv) to exploit all subsidiary rights in the Contribution, v) the inclusion of electronic links from the Contribution to third party material where-ever it may be located; and, vi) licence any third party to do any or all of the above.”",1,other_open_or_conditional
