rights_statement,record_count,rights_category
No known copyright restrictions,21195184,public_domain_or_no_known_restrictions
No known Copyright,206411,public_domain_or_no_known_restrictions
No Known Copyright Restrictions,57303,public_domain_or_no_known_restrictions
No Known Copyright,6655,public_domain_or_no_known_restrictions
https://creativecommons.org/publicdomain/zero/1.0/,6137,public_domain_or_no_known_restrictions
No known copyright restrictions; Closed - digital copy only available; Digital copy available,5852,public_domain_or_no_known_restrictions
No known copyright restrictions; Restricted; Print file available,4595,public_domain_or_no_known_restrictions
"Restrictions: No cultural/ethical restrictions apply. Copyright: No known copyright. We ask that, in addition to normal copyright and privacy considerations, users of our heritage resources uphold the mana and dignity of the people, communities and places depicted within.",4112,public_domain_or_no_known_restrictions
http://creativecommons.org/publicdomain/zero/1.0/,3910,public_domain_or_no_known_restrictions
No known copyright restrictions; Digital copy available; Viewing by appointment only,3420,public_domain_or_no_known_restrictions
Copyright expired - public domain  This item is in the Public Domain http://creativecommons.org/publicdomain/mark/1.0/,3284,public_domain_or_no_known_restrictions
No known copyright restrictions; Digital copy available; Open,2414,public_domain_or_no_known_restrictions
No known copyright restrictions; Closed - digital copy only available; Pictorial Staff access only Digital copy available,1983,public_domain_or_no_known_restrictions
No known copyright restrictions; Closed - digital copy only available; Digital copy available; © Auckland Museum CC BY,1911,public_domain_or_no_known_restrictions
No known copyright restrictions; Open,1641,public_domain_or_no_known_restrictions
http://creativecommons.org/publicdomain/mark/1.0/,1112,public_domain_or_no_known_restrictions
"No known copyright restrictions. To the best of the Alexander Turnbull Library's knowledge, under New Zealand law: there is no copyright or other intellectual property rights in this item in New Zealand; and it may be copied and otherwise re-used in New Zealand without copyright or other intellectual property right related restriction. However the Alexander Turnbull Library requests that the images are used and re-used in a manner that respects their status as documentary heritage and taonga. Alexander Turnbull Library will not be liable to you, on any legal basis (including negligence), for any loss or damage you suffer through your use of this material, except in those cases where the law does not allow us to exclude or limit our liability to you.",1043,public_domain_or_no_known_restrictions
Public Domain Mark,709,public_domain_or_no_known_restrictions
No known copyright restrictions; Digital copy available; Acclimatisation required,612,public_domain_or_no_known_restrictions
No known copyright restrictions; Closed - digital copy only available; Auckland Museum CC BY,550,public_domain_or_no_known_restrictions
No known copyright restrictions; Restricted,540,public_domain_or_no_known_restrictions
Public Domain,526,public_domain_or_no_known_restrictions
No known copyright,487,public_domain_or_no_known_restrictions
No known copyright restrictions; Closed - digital copy only available; Digital copy available; Auckland Museum CC BY,465,public_domain_or_no_known_restrictions
Access by appointment; Restricted; No Known Copyright Restrictions,407,public_domain_or_no_known_restrictions
"Please ask Library for permission to reproduce this item. 
Copyright: No known copyright.",401,public_domain_or_no_known_restrictions
No known copyright restrictions; Digital copy available; Fragile - assisted viewing only,359,public_domain_or_no_known_restrictions
No known copyright restrictions; Digital copy available; Fragile - issue surrogate,359,public_domain_or_no_known_restrictions
No known copyright restrictions; Digital copy available; Closed-digital copy only available,348,public_domain_or_no_known_restrictions
"Public Domain, Google-digitized.",278,public_domain_or_no_known_restrictions
"Please ask Library for permission to reproduce this image 
Copyright: No known copyright",266,public_domain_or_no_known_restrictions
No known Copyright Restrictions,244,public_domain_or_no_known_restrictions
"No known copyright restrictions. To the best of the Alexander Turnbull Library's knowledge, under New Zealand law: there is no copyright or other intellectual property rights in this item in New Zealand; and it may be copied  and otherwise re-used in New Zealand without copyright or other intellectual property right related restriction. However the Alexander Turnbull Library requests that the images are used and re-used in a manner that respects their status as documentary heritage and taonga. Alexander Turnbull Library will not be liable to you, on any legal basis (including negligence), for any loss or damage you suffer through your use of this material, except in those cases where the law does not allow us to exclude or limit our liability to you.",213,public_domain_or_no_known_restrictions
Closed - digital copy only available; Permission to reproduce this image should be sought from Auckland War Memorial Museum. No known copyright restrictions; Digital copy available,199,public_domain_or_no_known_restrictions
"No known copyright restrictions; Although no known copyright exists for this item, we ask that you treat it with respect. Please contact us to seek permission to reproduce this image.; Digital copy available; Viewing by appointment only",166,public_domain_or_no_known_restrictions
"Restrictions: No cultural/ethical restrictions apply. Copyright: No known copyright. Please use taonga Māori materials provided by Te Ao Mārama - Tauranga City Libraries appropriately. Ensure to respect and be mindful of the photographer/s, and the mana and dignity of personnel, iwi group/s, and environmental subjects within the material used.",162,public_domain_or_no_known_restrictions
No known copyright restrictions; Access by appointment contact Library; Fragile - assisted viewing only,161,public_domain_or_no_known_restrictions
Restrictions: No cultural/ethical restrictions apply. Copyright: No known copyright.,154,public_domain_or_no_known_restrictions
No known copyright restrictions; Request in Library; Open,128,public_domain_or_no_known_restrictions
Public domain. The BHL considers that this work is no longer under copyright protection.,126,public_domain_or_no_known_restrictions
Access by appointment only; Digital copy available; Restricted; No Known Copyright Restrictions,108,public_domain_or_no_known_restrictions
No known copyright restrictions; Access by appointment contact Library; Viewing by appointment only,102,public_domain_or_no_known_restrictions
"Pursuant to Title 17 Section 105 of the United States Code, this file is not subject to copyright protection and is in the public domain. For more information please see http://www.gpo.gov/help/index.html#public_domain_copyright_notice.htm",90,public_domain_or_no_known_restrictions
CC0 Freeing content globally without restrictions,89,public_domain_or_no_known_restrictions
No known copyright,88,public_domain_or_no_known_restrictions
No rights reserved - no known copyright restrictions,84,public_domain_or_no_known_restrictions
No known copyright restrictions; Closed - digital copy only available,81,public_domain_or_no_known_restrictions
"Restrictions: No access restriction applies to this item. Copyright: No known copyright. We ask that, in addition to normal copyright and privacy considerations, users of our heritage resources uphold the mana and dignity of the people, communities and places depicted within.",78,public_domain_or_no_known_restrictions
No known copyright restrictions; Digital copy available; Access by appointment contact Library,75,public_domain_or_no_known_restrictions
No known copyright restrictions; Closed - digital copy only available; Digital copy available; Acclimatisation required,74,public_domain_or_no_known_restrictions
No known copyright restrictions; Digital copy available; Viewing by appointment only; Cultural permissions apply,68,public_domain_or_no_known_restrictions
CC0 1.0 Universal,64,public_domain_or_no_known_restrictions
No known copyright restrictions; Digital copy available,63,public_domain_or_no_known_restrictions
No known copyright restrictions; Digital copy available; Acclimatisation required; Auckland Museum has yet to establish the copyright status of this image; restrictions may apply.,62,public_domain_or_no_known_restrictions
Image: Public Domain https://creativecommons.org/publicdomain/mark/1.0/ Text: Copyright National Museum of Australia / CC BY-NC https://creativecommons.org/licenses/by-nc/4.0/ Copyright National Museum of Australia / CC BY-NC,61,public_domain_or_no_known_restrictions
"No known copyright restrictions; Closed - digital copy only available; Although no known copyright exists for this item, we ask that you treat it with respect. Please contact us to seek permission to reproduce this image.; Digital copy available",61,public_domain_or_no_known_restrictions
CC:Public Domain,58,public_domain_or_no_known_restrictions
No known copyright restrictions; Fragile - issue surrogate; Request in Library,57,public_domain_or_no_known_restrictions
"Items in this collection are believed to be in the public domain but no determination of copyright has be made. For more information, contact the Library staff at http://www.oit.edu/libraries/help/contact",54,public_domain_or_no_known_restrictions
No known copyright restrictions; Restricted; Pictorial Staff access only; Print file available,54,public_domain_or_no_known_restrictions
Public Domain Dedication (CC0),53,public_domain_or_no_known_restrictions
"Public domain, Courtesy L. Tom Perry Special Collections, Harold B. Lee Library, Brigham Young University",53,public_domain_or_no_known_restrictions
CC0,49,public_domain_or_no_known_restrictions
Public Domain Work http://creativecommons.org/publicdomain/mark/1.0/,48,public_domain_or_no_known_restrictions
No known copyright restrictions; Access by appointment; Restricted,44,public_domain_or_no_known_restrictions
No known copyright.,41,public_domain_or_no_known_restrictions
No known copyright restrictions; Available as a Print File,40,public_domain_or_no_known_restrictions
No known copyright restrictions; Digital copy available; Access by appointment contact Library; Acclimatisation required,39,public_domain_or_no_known_restrictions
No known copyright restrictions; Digital copy available; Restricted,39,public_domain_or_no_known_restrictions
Public Domain.,36,public_domain_or_no_known_restrictions
Library & Archives NT https://creativecommons.org/share-your-work/public-domain/pdm No known copyright restrictions Public Domain No known copyright,32,public_domain_or_no_known_restrictions
No known copyright restrictions; Digital copy available; Open; All rights reserved,32,public_domain_or_no_known_restrictions
No known copyright restrictions http://rightsstatements.org/vocab/NKC/1.0/,26,public_domain_or_no_known_restrictions
No known copyright restrictions; Closed - digital copy only available; © Auckland Museum CC BY,26,public_domain_or_no_known_restrictions
"Restrictions: No cultural/ethical restrictions apply. Copyright: No known copyright. We ask that, in addition to normal copyright and privacy considerations, users of our heritage resources uphold the mana and dignity of the people , communities and places depicted within.",26,public_domain_or_no_known_restrictions
"No known copyright restrictions; Although no known copyright exists for this item, we ask that you treat it with respect. Please contact us to seek permission to reproduce this image.; Digital copy available; Open",24,public_domain_or_no_known_restrictions
No known copyright restrictions; Print file available; Open,24,public_domain_or_no_known_restrictions
CC 0,23,public_domain_or_no_known_restrictions
"Copyright 2007, Brigham Young University - Hawaii Campus Public Domain, Courtesy Brigham Young University - Hawaii Campus",22,public_domain_or_no_known_restrictions
Creative Commons CC0 1.0 Universal,22,public_domain_or_no_known_restrictions
"No known copyright restrictions; Although no known copyright exists for this item, we ask that you treat it with respect. Please contact us to seek permission to reproduce this image.; Open",22,public_domain_or_no_known_restrictions
No known copyright restrictions; Restricted; Pictorial Staff access only,22,public_domain_or_no_known_restrictions
No known copyright restrictions; Access by appointment – contact Library; Viewing by appointment only,20,public_domain_or_no_known_restrictions
No Known Copyright Restrictions; © Auckland Museum CC BY,19,public_domain_or_no_known_restrictions
No known copyright restrictions; Access by appointment contact Library; Acclimatisation required,17,public_domain_or_no_known_restrictions
© Auckland Museum CC BY; No Known Copyright Restrictions,17,public_domain_or_no_known_restrictions
"Copyright ; President Johnson assigned his copyright to the United States government; however, the copyright of the President may not extend beyond statements made by President Johnson. Statements uttered by officials of the United States government in the course of their duties are considered to be in the public domain. Users of the recordings and transcripts are cautioned, however, that not all persons recorded were government officials. A number of the people recorded were, at the time of recording, private citizens. Therefore, those intending to quote from this material beyond the accepted limits of fair use are cautioned to determine the copyright implications of any intended publication. ; Restricted - Possibly",16,public_domain_or_no_known_restrictions
"Restricted; Print file available; No known copyright restrictions|Although no known copyright exists for this item, we ask that you treat it with respect. Please contact us to seek permission to reproduce this image.",16,public_domain_or_no_known_restrictions
Creative Commons Zero (CC0).,14,public_domain_or_no_known_restrictions
"No known copyright restrictions; Although no known copyright exists for this item, we ask that you treat it with respect. Please contact us to seek permission to reproduce this image.; Digital copy available; Fragile - issue surrogate",14,public_domain_or_no_known_restrictions
No known copyright restrictions; Digitial copy available; Open,14,public_domain_or_no_known_restrictions
Acclimitisation required; No known copyright restrictions; Digital copy available; Fragile - issue surrogate,13,public_domain_or_no_known_restrictions
No known copyright restrictions; Closed - digital copy only available; Digital copy available; Auckland Museum has yet to establish the copyright status of this image; restrictions may apply.,13,public_domain_or_no_known_restrictions
"Restrictions: No cultural/ethical restrictions apply. Copyright: No known copyright. Please use taonga Māori materials provided by Te Ao Mārama - Tauranga City Libraries appropriately. Ensure to respect and be mindful of the photographer/s, and the mana and dignity of personnel, iwi group/s, and environmental subjects within the material usedLast edited by: Matanga Taonga Tuku Iho Maori.",13,public_domain_or_no_known_restrictions
"This article is distributed under the terms of the Creative Commons Attribution 4.0 International License (http://creativecommons.org/licenses/by/4.0/), which permits unrestricted use, distribution, and reproduction in any medium, provided you give appropriate credit to the original author(s) and the source, provide a link to the Creative Commons license, and indicate if changes were made. The Creative Commons Public Domain Dedication waiver (http://creativecommons.org/publicdomain/zero/1.0/) applies to the data made available in this article, unless otherwise stated.",13,public_domain_or_no_known_restrictions
No known copyright restrictions as determined by scanning institution.,12,public_domain_or_no_known_restrictions
No known copyright restrictions http://flickr.com/commons/usage/,12,public_domain_or_no_known_restrictions
See parent record; No Known Copyright Restrictions,12,public_domain_or_no_known_restrictions
All Rights Reserved; No Known Copyright Restrictions; © Auckland Museum CC BY,11,public_domain_or_no_known_restrictions
No known copyright restrictions. No known restrictions on use.,11,public_domain_or_no_known_restrictions
No Known Copyright Restrictions; Open,10,public_domain_or_no_known_restrictions
No known copyright restrictions; Access by appointment – contact Library; Fragile - assisted viewing only,10,public_domain_or_no_known_restrictions
No known copyright restrictions; Digital copy available; Acclimatisation required; All rights reserved,10,public_domain_or_no_known_restrictions
Copyright: No known copyright.,9,public_domain_or_no_known_restrictions
"Some materials in these collections may be protected by the U.S. Copyright Law (Title 17, U.S.C.). In addition, the reproduction of some materials may be restricted by terms of University of California gift or purchase agreements, donor restrictions, privacy and publicity rights, licensing and trademarks. Transmission or reproduction of materials protected by copyright beyond that allowed by fair use requires the written permission of the copyright owners. Works not in the public domain cannot be commercially exploited without permission of the copyright owner. Responsibility for any use rests exclusively with the user. All requests to reproduce, publish, quote from, or otherwise use collection materials must be submitted in writing to the Head of Public Services, The Bancroft Library, University of California, Berkeley 94720-6000. See: http://bancroft.berkeley.edu/reference/permissions.html",9,public_domain_or_no_known_restrictions
Closed - digital copy only available; Digital copy available; No Known Copyright Restrictions,8,public_domain_or_no_known_restrictions
"No known copyright restrictions. To the best of the Alexander Turnbull Library's knowledge, under New Zealand law: there is no copyright or other intellectual property rights in this item in New Zealand; and it may be copied and otherwise re-used in New Zealand without copyright or other intellectual property right related restriction. However the Alexander Turnbull Library requests that the images are used and re-used in a manner that respects their status as documentary heritage and taonga. Alexander Turnbull Library wil not be liable to you, on any legal basis (including negligence), for any loss or damage you suffer through your use of this material, except in those cases where the law does not allow us to exclude or limit our liability to you.",8,public_domain_or_no_known_restrictions
"© The Author(s). 2017 Open Access This article is distributed under the terms of the Creative Commons Attribution 4.0 International License (http://creativecommons.org/licenses/by/4.0/), which permits unrestricted use, distribution, and reproduction in any medium, provided you give appropriate credit to the original author(s) and the source, provide a link to the Creative Commons license, and indicate if changes were made. The Creative Commons Public Domain Dedication waiver (http://creativecommons.org/publicdomain/zero/1.0/) applies to the data made available in this article, unless otherwise stated.",8,public_domain_or_no_known_restrictions
Closed - digital copy only available; Digital copy available; Fragile - issue surrogate; No Known Copyright Restrictions,7,public_domain_or_no_known_restrictions
Digital Copy Available; No Known Copyright Restrictions; Closed - Digital Copy Available,7,public_domain_or_no_known_restrictions
No Known Copyright Restrictions; Cultural Permissions Apply,7,public_domain_or_no_known_restrictions
No known copyright restrictions; Access by appointment - contact Library; Acclimatisation required,7,public_domain_or_no_known_restrictions
Restricted; No Known Copyright Restrictions,7,public_domain_or_no_known_restrictions
"public domain; Courtesy L. Tom Perry Special Collections, Harold B. Lee Library, Brigham Young University",7,public_domain_or_no_known_restrictions
"© The Author(s). 2017 Open Access This article is distributed under the terms of the Creative Commons Attribution 4.0
International License (http://creativecommons.org/licenses/by/4.0/), which permits unrestricted use, distribution, and
reproduction in any medium, provided you give appropriate credit to the original author(s) and the source, provide a link to
the Creative Commons license, and indicate if changes were made. The Creative Commons Public Domain Dedication waiver
(http://creativecommons.org/publicdomain/zero/1.0/) applies to the data made available in this article, unless otherwise stated.",7,public_domain_or_no_known_restrictions
Acclimitisation required; No known copyright restrictions; Access by appointment - contact Library,6,public_domain_or_no_known_restrictions
"Doheny Memorial Library, Los Angeles, CA 90089-0189 Public Domain. Release under the CC BY Attribution license--http://creativecommons.org/licenses/by/3.0/--Credit both “University of Southern California. Libraries” and “California Historical Society” as the source. Digitally reproduced by the USC Digital Library; From the California Historical Society Collection at the University of Southern California Send requests to address or e-mail given USC Libraries Special Collections specol@usc.edu",6,public_domain_or_no_known_restrictions
"Most of the advertisements digitized as part of the the ROAD: Resource of Outdoor Advertising Descriptions Project were published after 1923. Therefore, the majority of advertisements represented in this resource are not in the public domain. The advertisements may be used by anyone for research, teaching, private study, or general interest. For any other uses of these advertisements please see our page on copyright and citations https://library.duke.edu/rubenstein/research/citations-and-permissions.",6,public_domain_or_no_known_restrictions
"No known copyright restrictions. To the best of the Alexander Turnbull Library's knowledge, under New Zealand law: there is no copyright or other intelectual property rights in this item in New Zealand; and it may be copied and otherwise re-used in New Zealand without copyright or other intellectual property right related restriction. However the Alexander Turnbull Library requests that the images are used and re-used in a manner that respects their status as documentary heritage and taonga. Alexander Turnbull Library will not be liable to you, on any legal basis (including negligence), for any loss or damage you suffer through your use of this material, except in those cases where the law does not allow us to exclude or limit our liability to you.",6,public_domain_or_no_known_restrictions
No known copyright restrictions; Access by appointment contact Library; Fragile - assisted viewing only; Cultural permissions apply,6,public_domain_or_no_known_restrictions
"No known copyright restrictions; Although no known copyright exists for this item, we ask that you treat it with respect. Please contact us to seek permission to reproduce this image.; Access by appointment contact Library; Viewing by appointment only",6,public_domain_or_no_known_restrictions
No known copyright restrictions; Restricted (fragile) - please issue typescript copy MS-22-31.; Restricted (fragile),6,public_domain_or_no_known_restrictions
"Public Domain. For further information please contact University of South Carolina, Irvin Department of Rare Books and Special Collections, Columbia, SC 29208.",6,public_domain_or_no_known_restrictions
No known copyright restrictions.,5,public_domain_or_no_known_restrictions
"No known copyright restrictions; Although no known copyright exists for this item, we ask that you treat it with respect. Please contact us to seek permission to reproduce this image.; Digital copy available; Acclimatisation required",5,public_domain_or_no_known_restrictions
No known copyright restrictions; Closed - digital copy only available; Digital copy available; Cultural permissions apply,5,public_domain_or_no_known_restrictions
No known copyright restrictions; Closed refer management notes,5,public_domain_or_no_known_restrictions
No known copyright restrictions; Digital copy available; Access by appointment contact Library; Acclimatisation required; Open,5,public_domain_or_no_known_restrictions
No known copyright restrictions; Restricted; Pictorial staff access only; © Auckland Museum CC BY,5,public_domain_or_no_known_restrictions
No known copyright restrictions; Restricted; Restricted - please issue typescript copy MS-22-31.,5,public_domain_or_no_known_restrictions
"Public Domain. This material is in the public domain and can be copied, adapted, or distributed without formal permission. Where present, please acknowledge the source of the material as stated on this page.",5,public_domain_or_no_known_restrictions
"Restrictions: No cultural/ethical restrictions apply. Copyright: No known copyright. Please use taonga Māori materials provided by Te Ao Mārama - Tauranga City Libraries appropriately. Ensure to respect and be mindful of the creator/s, and the mana and dignity of personnel, iwi group/s, and environmental subjects within the material used.",5,public_domain_or_no_known_restrictions
The SA of NC considers this item in the public domain by U.S. law but responsibility for permissions rests with researchers.;,5,public_domain_or_no_known_restrictions
Digital access only; No known copyright,4,public_domain_or_no_known_restrictions
"No known copyright restrictions. To the best of the Alexander Turnbull Library' knowledge, under New Zealand law: there is no copyright or other intellectual property rights in this item in New Zealand; and it may be copied and otherwise re-used in New Zealand without copyright or other intellectual property right related restriction. However the Alexander Turnbull Library requests that the images are used and re-used in a manner that respects their status as documentary heritage and taonga. Alexander Turnbull Library will not be liable to you, on any legal basis (including negligence), for any loss or damage you suffer through your use of this material, except in those cases where the law does not allow us to exclude or limit our liability to you.",4,public_domain_or_no_known_restrictions
No known copyright restrictions; Acclimatisation required; Access by appointment – contact Library,4,public_domain_or_no_known_restrictions
No known copyright restrictions; Digital copy available; Access by appointment contact Library; Open,4,public_domain_or_no_known_restrictions
No known copyright restrictions; Digital copy available; Access by appointment – contact Library; Open,4,public_domain_or_no_known_restrictions
No known copyright restrictions; Digital copy available; Closed – refer management notes,4,public_domain_or_no_known_restrictions
No known copyright restrictions; Restricted; access by appointment only,4,public_domain_or_no_known_restrictions
"Open Access This article is distributed under the terms of the Creative Commons Attribution 4.0 International License (http://creativecommons.org/licenses/by/4.0/), which permits unrestricted use, distribution, and reproduction in any medium, provided you give appropriate credit to the original author(s) and the source, provide a link to the Creative Commons license, and indicate if changes were made. The Creative Commons Public Domain Dedication waiver (http://creativecommons.org/publicdomain/zero/1.0/) applies to the data made available in this article, unless otherwise stated.",4,public_domain_or_no_known_restrictions
"Restrictions: No access restriction applies to this file. Copyright: No known copyright. We ask that, in addition to normal copyright and privacy considerations, users of our heritage resources uphold the mana and dignity of the people, communities and places depicted within.",4,public_domain_or_no_known_restrictions
"This article is distributed under the terms of the Creative Commons Attribution 4.0 International License (http://​creativecommons.​org/​licenses/​by/​4.​0/​), which permits unrestricted use, distribution, and reproduction in any medium, provided you give appropriate credit to the original author(s) and the source, provide a link to the Creative Commons license, and indicate if changes were made. The Creative Commons Public Domain Dedication waiver (http://​creativecommons.​org/​publicdomain/​zero/​1.​0/​) applies to the data made available in this article, unless otherwise stated.",4,public_domain_or_no_known_restrictions
"This is an Open Access article distributed under the terms of the Creative Commons Attribution License (http://creativecommons.org/licenses/by/4.0), which permits unrestricted use, distribution, and reproduction in any medium, provided the original work is properly credited. The Creative Commons Public Domain Dedication waiver (http://creativecommons.org/publicdomain/zero/1.0/) applies to the data made available in this article, unless otherwise stated.",4,public_domain_or_no_known_restrictions
"copyrighted This item is protected by the U.S. Copyright Law (Title 17, U.S.C.). Transmission or reproduction of materials protected by copyright beyond that allowed by fair use requires the written permission of the copyright owners. Works not in the public domain cannot be commercially exploited without permission of the copyright owner. Responsibility for any use rests exclusively with the user",4,public_domain_or_no_known_restrictions
"© 2016 The Author(s). Open Access This article is distributed under the terms of the Creative Commons Attribution 4.0
International License (http://creativecommons.org/licenses/by/4.0/), which permits unrestricted use, distribution, and
reproduction in any medium, provided you give appropriate credit to the original author(s) and the source, provide a link to
the Creative Commons license, and indicate if changes were made. The Creative Commons Public Domain Dedication waiver
(http://creativecommons.org/publicdomain/zero/1.0/) applies to the data made available in this article, unless otherwise stated.",4,public_domain_or_no_known_restrictions
"© The Author(s). 2018 Open Access This article is distributed under the terms of the Creative Commons Attribution 4.0 International License (http://creativecommons.org/licenses/by/4.0/), which permits unrestricted use, distribution, and reproduction in any medium, provided you give appropriate credit to the original author(s) and the source, provide a link to the Creative Commons license, and indicate if changes were made. The Creative Commons Public Domain Dedication waiver (http://creativecommons.org/publicdomain/zero/1.0/) applies to the data made available in this article, unless otherwise stated.",4,public_domain_or_no_known_restrictions
"© The Author(s). 2019 Open Access This article is distributed under the terms of the Creative Commons Attribution 4.0 International License (http://creativecommons.org/licenses/by/4.0/), which permits unrestricted use, distribution, and reproduction in any medium, provided you give appropriate credit to the original author(s) and the source, provide a link to the Creative Commons license, and indicate if changes were made. The Creative Commons Public Domain Dedication waiver (http://creativecommons.org/publicdomain/zero/1.0/) applies to the data made available in this article, unless otherwise stated.",4,public_domain_or_no_known_restrictions
"Closed - digital copy only available; Although no known copyright exists for this item, we ask that you treat it with respect. Please contact us to seek permission to reproduce this image.; Digital copy available",3,public_domain_or_no_known_restrictions
Closed - use print surrogate in Reading Room or digital surrogate on file.; No known copyright,3,public_domain_or_no_known_restrictions
"No Known Copyright. The images in this collection are believed to have no known U.S. copyright or other restrictions. They are intended for non-commercial, educational use only. Please attribute this image to Special Collections and College Archives, Musselman Library, Gettysburg College. ; This image has been selected and made available by a user using Artstor's software tools. Artstor has not screened or selected this image or cleared any rights to it and is acting as an online service provider pursuant to 17 U.S.C. §512. Artstor disclaims any liability associated with the use of this image. Should you have any legal objection to the use of this image, please visit http://www.artstor.org/copyright for contact information and instructions on how to proceed.",3,public_domain_or_no_known_restrictions
"No known copyright restrictions. To the best of the Alexander Turnbull Library's knowledge, under New Zealand law: there is no copyright or other intellectual property rights in this item in New Zealand; and it may be copied and otherwise re-used in New Zealand without copyright or other intellectual prerty right related restriction. However the Alexander Turnbull Library requests that the images are used and re-used in a manner that respects their status as documentary heritage and taonga. Alexander Turnbull Library will not be liable to you, on any legal basis (including negligence), for any loss or damage you suffer through your use of this material, except in those cases where the law does not allow us to exclude or limit our liability to you.",3,public_domain_or_no_known_restrictions
"No known copyright restrictions. To the best of the Alexander Turnbull Library's knowledge, under New Zealand law: there is no copyright or other intellectual property rights in this item in New Zealand; and it may be copied and otherwise re-used in New Zealand without copyright or other intellectual property right related restriction. However the Alexander Turnbull Library requests that the images are used and re-used in a manner that respects their satus as documentary heritage and taonga. Alexander Turnbull Library will not be liable to you, on any legal basis (including negligence), for any loss or damage you suffer through your use of this material, except in those cases where the law does not allow us to exclude or limit our liability to you.",3,public_domain_or_no_known_restrictions
"No known copyright restrictions. To the best of the Alexander Turnbull Library's knowledge, under New Zealand law: there is no copyright or other intellectual property rights in this item in New Zealand; and it may be copied otherwise re-used in New Zealand without copyright or other intellectual property right related restriction. However the Alexander Turnbull Library requests that the images are used and re-used in a manner that respects their status as documentary heritage and taonga. Alexander Turnbull Library will not be liable to you, on any legal basis (including negligence), for any loss or damage you suffer through your use of this material, except in those cases where the law does not allow us to exclude or limit our liability to you.",3,public_domain_or_no_known_restrictions
No known copyright restrictions; Access by appointment - contact Library; Fragile - assisted viewing only,3,public_domain_or_no_known_restrictions
"No known copyright restrictions; Although no known copyright exists for this item, we ask that you treat it with respect. Please contact us to seek permission to reproduce this image.; Fragile - issue surrogate; Request in Library",3,public_domain_or_no_known_restrictions
No known copyright restrictions; Available as a Surrogate,3,public_domain_or_no_known_restrictions
No known copyright restrictions; Closed - digital copy only available; Digital copy available; All rights reserved,3,public_domain_or_no_known_restrictions
No known copyright restrictions; Closed – refer management notes,3,public_domain_or_no_known_restrictions
No known copyright restrictions; Fragile - issue surrogate; Access by appointment – contact Library,3,public_domain_or_no_known_restrictions
No known copyright restrictions; Restricted; Print file available; Auckland Museum has yet to establish the copyright status of this image; restrictions may apply.,3,public_domain_or_no_known_restrictions
No known copyright restrictions; Viewing by appointment only,3,public_domain_or_no_known_restrictions
Outsized material two retrievers required; No known copyright restrictions; Access by appointment – contact Library,3,public_domain_or_no_known_restrictions
Outsized material two retrievers required; No known copyright restrictions; Digital copy available,3,public_domain_or_no_known_restrictions
"Public Domain Constraint(s) on Use: This work may be used without prior permission. Use: This work is available from the UC San Diego Library. This digital copy of the work is intended to support research, teaching, and private study.",3,public_domain_or_no_known_restrictions
"Public Domain: This material is free of known restrictions under copyright law. While UMass Lowell Libraries claims no rights or authority over this material, we do ask that any publication or use of this material cite UMass Lowell Libraries as the source Contact host institution for more information.",3,public_domain_or_no_known_restrictions
"Public domain; Courtesy Harold B. Lee Library, Brigham Young University",3,public_domain_or_no_known_restrictions
"Restrictions: Cultural/ethical restriction applies. The image shows koiwi tangata (human remains). To view please contact the Heritage and Research team at research@tauranga.govt.nz. Copyright: No known copyright. Please use taonga Māori materials provided by Te Ao Mārama - Tauranga City Libraries appropriately. Ensure to respect and be mindful of the creator/s, and the mana and dignity of personnel, iwi group/s, and environmental subjects within the material used.",3,public_domain_or_no_known_restrictions
"Restrictions: No cultural/ethical restrictions apply. However, copyright may apply. Copyright: No known copyright. Please use taonga Māori materials provided by Te Ao Mārama - Tauranga City Libraries appropriately. Ensure to respect and be mindful of the photographer/s, and the mana and dignity of personnel, iwi group/s, and environmental subjects within the material used.",3,public_domain_or_no_known_restrictions
"Restrictions: No cultural/ethical restrictions apply. However, copyright may apply. Copyright: No known copyright. We ask that, in addition to normal copyright and privacy considerations, users of our heritage resources uphold the mana and dignity of the people, communities and places depicted within.",3,public_domain_or_no_known_restrictions
"The Library administers the use of this collection for non-commercial use. Where a request is made for commercial use, permission must first be obtained from the donor. 
Copyright: No known copyright.",3,public_domain_or_no_known_restrictions
Access by appointment only; Restricted; No Known Copyright Restrictions,2,public_domain_or_no_known_restrictions
By appointment only.; Restricted; No Known Copyright Restrictions,2,public_domain_or_no_known_restrictions
"Copyright 2007, Brigham Young University - Hawaii Campus Public Domain, Courtesy Brigham Young University - Hawaii Campus; image/jpg",2,public_domain_or_no_known_restrictions
Copyright: No known copyright,2,public_domain_or_no_known_restrictions
"Copyrighted. Rights are owned by the African American Museum & Library at Oakland. Transmission or reproduction of materials protected by copyright beyond that allowed by fair use requires the written permission of the Copyright Holder. In addition, the reproduction of some materials may be restricted by terms of gift or purchase agreements, donor restrictions, privacy and publicity rights, licensing and trademarks. Works not in the public domain cannot be commercially exploited without permission of the copyright owner. Responsibility for any use rests exclusively with the user.",2,public_domain_or_no_known_restrictions
Digital copy available; No Known Copyright Restrictions; Open,2,public_domain_or_no_known_restrictions
Digital copy available; Viewing by appointment only; No Known Copyright Restrictions,2,public_domain_or_no_known_restrictions
Library & Archives NT https://creativecommons.org/share-your-work/pubic-domain/pdm No known copyright restrictions Public Domain No known copyright,2,public_domain_or_no_known_restrictions
"No known copyright restrictions. To the best of the Alexander Turnbull Library'nowledge, under New Zealand law: there is no copyright or other intellectual property rights in this item in New Zealand; and it may be copied and otherwise re-used in New Zealand without copyright or other intellectual property right related restriction. However the Alexander Turnbull Library requests that the images are used and re-used in a manner that respects their status as documentary heritage and taonga. Alexander Turnbull Library will not be liable to you, on any legal basis (including negligence), for any loss or damage you suffer through your use of this material, except in those cases where the law does not allow us to exclude or limit our liability to you.",2,public_domain_or_no_known_restrictions
"No known copyright restrictions. To the best of the Alexander Turnbull Library'owledge, under New Zealand law: there is no copyright or other intellectual property rights in this item in New Zealand; and it may be copied and otherwise re-used in New Zealand without copyright or other intellectual property right related restriction. However the Alexander Turnbull Library requests that the images are used and re-used in a manner that respects their status as documentary heritage and taonga. Alexander Turnbull Library will not be liable to you, on any legal basis (including negligence), for any loss or damage you suffer through your use of this material, except in those cases where the law does not allow us to exclude or limit our liability to you.",2,public_domain_or_no_known_restrictions
"No known copyright restrictions. To the best of the Alexander Turnbull Library's knowledge, under New Zealand law: there is no copyright or other intectual property rights in this item in New Zealand; and it may be copied and otherwise re-used in New Zealand without copyright or other intellectual property right related restriction. However the Alexander Turnbull Library requests that the images are used and re-used in a manner that respects their status as documentary heritage and taonga. Alexander Turnbull Library will not be liable to you, on any legal basis (including negligence), for any loss or damage you suffer through your use of this material, except in those cases where the law does not allow us to exclude or limit our liability to you.",2,public_domain_or_no_known_restrictions
"No known copyright restrictions. To the best of the Alexander Turnbull Library's knowledge, under New Zealand law: there is no copyright or other intellectual property rights in this item in New Zealand; and it may be copied  and otherwise re-used in New Zealand without copyright or other intellectual property right related restriction. However the Alexander Turnbull Library requsts that the images are used and re-used in a manner that respects their status as documentary heritage and taonga. Alexander Turnbull Library will not  be liable to you, on any legal basis (including negligence), for any loss or damage you suffer through your use of this material, except in those cases where the law does not allow us to exclude or limit our liability to you.",2,public_domain_or_no_known_restrictions
"No known copyright restrictions. To the best of the Alexander Turnbull Library's knowledge, under New Zealand law: there is no copyright or other intellectual property rights in this item in New Zealand; and it may be copied and otherwise re-used in New Zealand without copyright or other intellectual property right related restriction. However the Alexander Turnbull Library requests that the images are used and re-used in a manner that respects their status as documentary heritage and taonga. Alexander Turnbull Library will not be liable to you, on any legal basis (including negligence), for any ls or damage you suffer through your use of this material, except in those  cases where the law does not allow us to exclude or limit our liability to you.",2,public_domain_or_no_known_restrictions
"No known copyright restrictions. To the best of the Alexander Turnbull Library's knowledge, under New Zealand law: there is no copyright or other intellectual property rights in this item in New Zealand; and it may be copied and otherwise re-used in New Zealand without copyright or other intellectual prperty right related restriction. However the Alexander Turnbull Library requests that the images are used and re-used in a manner that respects their status as documentary heritage and taonga. Alexander Turnbull Library will not be liable to you, on any legal basis (including negligence), for any loss or damage you suffer through your use of this material, except in those cases where the law does not allow us to exclude or limit our liability to you.",2,public_domain_or_no_known_restrictions
"No known copyright restrictions; Although no known copyright exists for this item, we ask that you treat it with respect. Please contact us to seek permission to reproduce this image.; Request in Library; Open",2,public_domain_or_no_known_restrictions
No known copyright restrictions; Collection contains multiple items - rights applied at item level; Open,2,public_domain_or_no_known_restrictions
No known copyright restrictions; Digital copy available; Fragile-assisted viewing only,2,public_domain_or_no_known_restrictions
No known copyright restrictions; Fragile - issue surrogate,2,public_domain_or_no_known_restrictions
No known copyright restrictions; Open.; Open,2,public_domain_or_no_known_restrictions
No known copyright restrictions; Request in Library; Fragile - assisted viewing only,2,public_domain_or_no_known_restrictions
Objects photographed in this collection are not in copyright and reside in public domain.,2,public_domain_or_no_known_restrictions
"Open; No known copyright restrictions|Although no known copyright exists for this item, we ask that you treat it with respect. Please contact us to seek permission to reproduce this image.",2,public_domain_or_no_known_restrictions
Public Domain Mark 1.0.,2,public_domain_or_no_known_restrictions
"Public Domain; Courtesy Harold B. Lee Library, Brigham Young University",2,public_domain_or_no_known_restrictions
Public domain. The BHL considers that this work is no longer under copyright protection,2,public_domain_or_no_known_restrictions
Restricted; No Known Copyright Restrictions; On display,2,public_domain_or_no_known_restrictions
"Restricted; No known copyright restrictions|Although no known copyright exists for this item, we ask that you treat it with respect. Please contact us to seek permission to reproduce this image.",2,public_domain_or_no_known_restrictions
"This is an Open Access article distributed under the terms of the Creative Commons Attribution License (http://creativecommons.org/licenses/by/2.0), which permits unrestricted use, distribution, and reproduction in any medium, provided the original work is properly credited. The Creative Commons Public Domain Dedication waiver (http://creativecommons.org/publicdomain/zero/1.0/) applies to the data made available in this article, unless otherwise stated.",2,public_domain_or_no_known_restrictions
2005.080.9.1.21 No known copyright restrictions.,1,public_domain_or_no_known_restrictions
2006.086.6.14 No known copyright restrictions.,1,public_domain_or_no_known_restrictions
2006.742.8.1 No known copyright restrictions,1,public_domain_or_no_known_restrictions
2006.743.16.1 No known copyright restrictions.,1,public_domain_or_no_known_restrictions
2008.23.11 No known copyright restrictions.,1,public_domain_or_no_known_restrictions
2008.55.11 No known copyright restrictions.,1,public_domain_or_no_known_restrictions
"2011 Zheng et al. This is an open-access article, free of all copyright, and may be freely reproduced, distributed, transmitted, modified, built upon,
or otherwise used by anyone for any lawful purpose. The work is made available under the Creative Commons CC0 public domain dedication.",1,public_domain_or_no_known_restrictions
2012.2.6 No known copyright restrictions.,1,public_domain_or_no_known_restrictions
"2013 Xiao et al.; licensee BioMed Central Ltd. This is an Open Access article distributed under the terms of the Creative
Commons Attribution License (http://creativecommons.org/licenses/by/2.0), which permits unrestricted use, distribution, and
reproduction in any medium, provided the original work is properly cited. The Creative Commons Public Domain Dedication
waiver (http://creativecommons.org/publicdomain/zero/1.0/) applies to the data made available in this article, unless otherwise
stated",1,public_domain_or_no_known_restrictions
2014.30.5 No known copyright restrictions.,1,public_domain_or_no_known_restrictions
2021.18.0 No known copyright restrictions.,1,public_domain_or_no_known_restrictions
ABX 0006 No known copyright restrictions.,1,public_domain_or_no_known_restrictions
ABX 0035 No known copyright restrictions.,1,public_domain_or_no_known_restrictions
ABX 0112 No known copyright restrictions.,1,public_domain_or_no_known_restrictions
ABX 0126  No known copyright restrictions.,1,public_domain_or_no_known_restrictions
APH 0031 No known copyright restrictions.,1,public_domain_or_no_known_restrictions
APH 0043 No known copyright restrictions.,1,public_domain_or_no_known_restrictions
APH 0083 No known copyright restrictions.,1,public_domain_or_no_known_restrictions
APH 0088 No known copyright restrictions.,1,public_domain_or_no_known_restrictions
AVA 0084 No known copyright restrictions.,1,public_domain_or_no_known_restrictions
AVA 0099 No known copyright restrictions.,1,public_domain_or_no_known_restrictions
AZA 0096  No known copyright restrictions.,1,public_domain_or_no_known_restrictions
Access by appointment contact Library; Viewing by appointment only; No Known Copyright Restrictions,1,public_domain_or_no_known_restrictions
Access by appointment; No Known Copyright Restrictions,1,public_domain_or_no_known_restrictions
All Rights Reserved; No Known Copyright Restrictions,1,public_domain_or_no_known_restrictions
"All text and images on this site are property of Illinois State University Milner Library. Neither text nor images may be published for use in the public domain. Images on this website may be used, with attribution, for research, study and educational purposes. For permission to publish, distribute, or use any image or text from this website for any other purpose, please visit Milner Library's copyright at http://www.library.ilstu.edu/page/157.",1,public_domain_or_no_known_restrictions
"Although no known copyright exists for this item, we ask that you treat it with respect. Please contact us to seek permission to reproduce this image.; Digital copy available; Open",1,public_domain_or_no_known_restrictions
"Although no known copyright exists for this item, we ask that you treat it with respect. Please contact us to seek permission to reproduce this image.; Digital copy available; Viewing by appointment only",1,public_domain_or_no_known_restrictions
"As a U.S. Government publication, this work is in the public domain and therefore may be used, reproduced and distributed without permission. As the Oklahoma State University Library is responsible for the digitized version of this work, the Library requests acknowledgment for material obtained from this website including the institution's name and the URL. Contact the OSU Archives by email at libscua@okstate.edu or by phone at 405-744-6311 for further information. https://rightsstatements.org/vocab/NoC-US/1.0/",1,public_domain_or_no_known_restrictions
Auckland War Memorial Museum; No known copyright restrictions; Digital copy available; Viewing by appointment only,1,public_domain_or_no_known_restrictions
"Available as a Surrogate; No known copyright restrictions|Although no known copyright exists for this item, we ask that you treat it with respect. Please contact us to seek permission to reproduce this image.",1,public_domain_or_no_known_restrictions
"Available as a Surrogate; Pictorial Staff access only; No known copyright restrictions|Although no known copyright exists for this item, we ask that you treat it with respect. Please contact us to seek permission to reproduce this image.",1,public_domain_or_no_known_restrictions
"Available for reuse under a Creative Commons Attribution-NonCommercial-NoDerivs 2.0 Generic (CC BY-NC-ND 2.0) licence. 
Copyright: Copyright of the recordings is held by Gordon Attwood. Musical works are in the public domain.",1,public_domain_or_no_known_restrictions
"CC0 1.0 Universal (CC0 1.0) 
Public Domain Dedication",1,public_domain_or_no_known_restrictions
Collection contains multiple items - rights applied at item level; No known copyright restrictions; Closed - digital copy only available; Digital copy available,1,public_domain_or_no_known_restrictions
Collection contains multiple items - rights applied at item level; No known copyright restrictions; Digital copy available; Fragile - assisted viewing only,1,public_domain_or_no_known_restrictions
"Copyright status unknown. This work may be protected by the U.S. Copyright Law (Title 17, U.S.C.). In addition, its reproduction may be restricted by terms of gift or purchase agreements, donor restrictions, privacy and publicity rights, licensing and trademarks. This work is accessible for purposes of education and research. Transmission or reproduction of works protected by copyright beyond that allowed by fair use requires the written permission of the copyright owners. Works not in the public domain cannot be commercially exploited without permission of the copyright owner. Responsibility for any use rests exclusively with the user. History San Jose attempted to find rights owners without success but is eager to hear from them so that we may obtain permission, if needed. Upon request, digitized works can be removed from public view if there are rights issues that need to be resolved. Contact info is available at: http://historysanjose.org/",1,public_domain_or_no_known_restrictions
"Copyright status unknown. This work may be protected by the U.S. Copyright Law (Title 17, U.S.C.). In addition, its reproduction may be restricted by terms of gift or purchase agreements, donor restrictions, privacy and publicity rights, licensing and trademarks. This work is accessible for purposes of education and research. Transmission or reproduction of works protected by copyright beyond that allowed by fair use requires the written permission of the copyright owners. Works not in the public domain cannot be commercially exploited without permission of the copyright owner. Responsibility for any use rests exclusively with the user. Ontario City Library attempted to find rights owners without success but is eager to hear from them so that we may obtain permission, if needed. Upon request to localhistory@ci.ontario.ca.us, digitized works can be removed from public view if there are rights issues that need to be resolved.",1,public_domain_or_no_known_restrictions
"Copyright © 2007 University of New South Wales. All rights reserved. Except for material which is unambiguously and unarguably in the public domain, only material owned by the University of New South Wales and so indicated, may be copied, provided that textual and graphical content are not altered and that the source is acknowledged. The University reserves the right to revoke that permission at any time. Permission is not given for any commercial use or sale of this material.

No other material anywhere on this website may be copied (except as legally allowed for private use and study) or further disseminated without the express and written permission of the legal holder of that copyright.

Authors retain the right to place his/her pre-publication version of the work on a personal website or institutional repository on condition that there is a link to the definitive version. Please see Citation and Publisher’s Version.",1,public_domain_or_no_known_restrictions
"Copyright:  © 2016 Macey PM et al. This is an open access article distributed under the terms of the Creative Commons Attribution License, which permits unrestricted use, distribution, and reproduction in any medium, provided the original work is properly cited. Data associated with the article are available under the terms of the Creative Commons Zero ""No rights reserved"" data waiver (CC0 1.0 Public domain dedication).",1,public_domain_or_no_known_restrictions
"Copyright:  © 2017 Elder H et al. This is an open access article distributed under the terms of the Creative Commons Attribution Licence, which permits unrestricted use, distribution, and reproduction in any medium, provided the original work is properly cited. Data associated with the article are available under the terms of the Creative Commons Zero ""No rights reserved"" data waiver (CC0 1.0 Public domain dedication).",1,public_domain_or_no_known_restrictions
"Copyright: This is an open access article, free of all
copyright, and may be freely reproduced, distributed,
transmitted, modified, built upon, or otherwise used
by anyone for any lawful purpose. The work is made
available under the Creative Commons CC0 public
domain dedication.",1,public_domain_or_no_known_restrictions
"Copyrighted Transmission or reproduction of materials protected by copyright beyond that allowed by fair use requires the written permission of the copyright owners. In addition, the reproduction of some materials may be restricted by terms of gift or purchase agreements, donor restrictions, privacy and publicity rights, licensing and trademarks. Works not in the public domain cannot be commercially exploited without permission of the copyright owner. Esau, Katherine Consult owning institution. Unknown",1,public_domain_or_no_known_restrictions
"Copyrighted. Rights are owned by History San Jose. Transmission or reproduction of materials protected by copyright beyond that allowed by fair use requires the written permission of History San Jose. In addition, the reproduction of some materials may be restricted by terms of gift or purchase agreements, donor restrictions, privacy and publicity rights, licensing and trademarks. Works not in the public domain cannot be commercially exploited without permission of the copyright owner. Responsibility for any use rests exclusively with the user.",1,public_domain_or_no_known_restrictions
"Copyrighted. Rights are owned by Other Minds. Copyright Holder has given Institution permission to provide access to the digitized work online. Transmission or reproduction of materials protected by copyright beyond that allowed by fair use requires the written permission of the Copyright Holder. In addition, the reproduction of some materials may be restricted by terms of gift or purchase agreements, donor restrictions, privacy and publicity rights, licensing and trademarks. Works not in the public domain cannot be commercially exploited without permission of the copyright owner. Responsibility for any use rests exclusively with the user.",1,public_domain_or_no_known_restrictions
"Copyrighted. Rights are owned by Other Minds. Copyright Holder has given Institution permission to provide access to the digitized work online. Transmission or reproduction of materials protected by copyright beyond that allowed by fair use requires the written permission of the copyright owner. In addition, the reproduction of some materials may be restricted by terms of gift or purchase agreements, donor restrictions, privacy and publicity rights, licensing and trademarks. Works not in the public domain cannot be commercially exploited without permission of the copyright owner. Responsibility for any use rests exclusively with the user.",1,public_domain_or_no_known_restrictions
"Copyrighted. Rights are owned by Robert Mrak and Antoinette Heberlein. Copyright Holder has given Institution permission to provide access to the digitized work online. Transmission or reproduction of materials protected by copyright beyond that allowed by fair use requires the written permission of the Copyright Holder. In addition, the reproduction of some materials may be restricted by terms of gift or purchase agreements, donor restrictions, privacy and publicity rights, licensing and trademarks. Works not in the public domain cannot be commercially exploited without permission of the copyright owner. Responsibility for any use rests exclusively with the user.",1,public_domain_or_no_known_restrictions
"Copyrighted. Rights are owned by The Regents of the University of California. Copyright Holder has given Institution permission to provide access to the digitized work online. Transmission or reproduction of materials protected by copyright beyond that allowed by fair use requires the written permission of the copyright owner. In addition, the reproduction of some materials may be restricted by terms of gift or purchase agreements, donor restrictions, privacy and publicity rights, licensing and trademarks. Works not in the public domain cannot be commercially exploited without permission of the copyright owner. Responsibility for any use rests exclusively with the user.",1,public_domain_or_no_known_restrictions
"Creative Commons Attribution-Non Commercial (BY-NC) licence
No known Copyright",1,public_domain_or_no_known_restrictions
Creative Commons Public Domain Dedication (CC0 1.0),1,public_domain_or_no_known_restrictions
Digital access only.; No known copyright,1,public_domain_or_no_known_restrictions
Digital copy available; Access by appointment – contact Library; No Known Copyright Restrictions; Open,1,public_domain_or_no_known_restrictions
"EHP is a publication of the U.S. Federal Government, and its content lies in the public domain. No permission is required to reuse EHP content. However, use of materials published in EHP should be acknowledged (for example, “Reproduced from Environmental Health Perspectives”) and a link provided to the article from which the material was reproduced.",1,public_domain_or_no_known_restrictions
"Emerging Infectious Diseases is published by the Centers for Disease Control and Prevention, a U.S. Government agency. Therefore, materials published in Emerging Infectious Diseases, including text, figures, tables, and photographs are in the public domain and can be reprinted or used without permission with proper citation. (With the exceptions noted in http://researcharchive.lincoln.ac.nz/page/rights, this metadata is available under a Creative Commons Zero license.)",1,public_domain_or_no_known_restrictions
"Garment loan courtesy of Robin Whitworth on behalf of the Epsom Methodist Church Women's Fellowship ; CC BY 4.0 International Licence ; Photo courtesy of St John New Zealand, Archives Box 115 2005/32 ; No Known Copyright Restrictions",1,public_domain_or_no_known_restrictions
"Image courtesy of Alexander Turnbull Library, Ref: 1/1-001863-G ; No Known Copyright Restrictions",1,public_domain_or_no_known_restrictions
"Image courtesy of Alexander Turnbull Library, Ref: 1/2-037044-G ; No Known Copyright Restrictions",1,public_domain_or_no_known_restrictions
Image courtesy of Manawatu Knitting Mills ; No Known Copyright Restrictions,1,public_domain_or_no_known_restrictions
"Image courtesy of Museum of New Zealand Te Papa Tongarewa, 	B.026686 ; No Known Copyright Restrictions",1,public_domain_or_no_known_restrictions
"Image courtesy of Museum of New Zealand Te Papa Tongarewa, C.002279 ; No Known Copyright Restrictions",1,public_domain_or_no_known_restrictions
"Image courtesy of Museum of New Zealand Te Papa Tongarewa, C.002282 ; No Known Copyright Restrictions",1,public_domain_or_no_known_restrictions
"Image courtesy of Museum of New Zealand Te Papa Tongarewa, O.027261  ; No Known Copyright Restrictions",1,public_domain_or_no_known_restrictions
"Image courtesy of Museum of New Zealand Te Papa Tongarewa, O.030856 ; No Known Copyright Restrictions",1,public_domain_or_no_known_restrictions
"Image courtesy of Sir George Grey Special Collections, 31-AD15-14 ; No Known Copyright Restrictions",1,public_domain_or_no_known_restrictions
"Image courtesy of Sir George Grey Special Collections, Auckland Libraries, 31-AD12-4 ; No Known Copyright Restrictions",1,public_domain_or_no_known_restrictions
"Image courtesy of Sir George Grey Special Collections, Auckland Libraries, 31-AD13-2 ; No Known Copyright Restrictions",1,public_domain_or_no_known_restrictions
"Image courtesy of Sir George Grey Special Collections, Auckland Libraries, 34-C56B. ; No known copyright restrictions.",1,public_domain_or_no_known_restrictions
"Image gifted to Te Papa by Marion F Mackenzie (née Rodie) ; No Known Copyright Restrictions ; Programme designed by George Tough, gifted to Te Papa by Marion F Mackenzie (née Rodie) ; All Rights Reserved, please contact Te Papa to reproduce this image ; Illustration by Mollie Rodie, gifted to Te Papa by Marion F Mackenzie (née Rodie). ; Creative Commons BY-NC-ND 4.0 Licence",1,public_domain_or_no_known_restrictions
Images courtesy of Rachelle McCormack ; No Known Copyright Restrictions,1,public_domain_or_no_known_restrictions
"Material has been determined to be in Public Domain as it was created by a University of Idaho professor. For more information, please contact University of Idaho Library Special Collections and Archives Department at libspec@uidaho.edu.",1,public_domain_or_no_known_restrictions
No Copyright - Public Domain,1,public_domain_or_no_known_restrictions
No Known Copyright Restrictions; Open; See pictorial staff,1,public_domain_or_no_known_restrictions
No known copyright restrictions. This work is licensed for use under a Creative Commons Attribution Non-Commercial No Derivatives License (CC BY-NC-ND).,1,public_domain_or_no_known_restrictions
"No known copyright restrictions. To the best of the Alexander Turnbull Library'ge, under New Zealand law: there is no copyright or other intellectual  property rights in this item in New Zealand; and it may be copiedand otherwise re-used in New Zealand without copyright or other intellectual property right related restriction. However the Alexander Turnbull Library requests that the images are used and re-used in a manner that respects their status as documentary heritage and taonga. Alexander Turnbull Library will not be liable to you, on any legal basis (including negligence), for any loss or damage you suffer through your use of this material, except in those cases where the law does not allow us to exclude or limit our liability to you.",1,public_domain_or_no_known_restrictions
"No known copyright restrictions. To the best of the Alexander Turnbull Library'knowledge, under New Zealand law: there is no copyright or other intellectual property rights in this item in New Zealand; and it may be copied  and otherwise re-used in New Zealand without copyright or other intellectual property right related restriction. However the Alexander Turnbull Library requests that the images are used and re-used in a manner that respects their status as documentary heritage and taonga. Alexander Turnbull Library will not be liable to you, on any legal basis (including negligence), for any loss or damage you suffer through your use of this material, except in those cases where the law does not allow us to exclude or limit our liability to you.",1,public_domain_or_no_known_restrictions
"No known copyright restrictions. To the best of the Alexander Turnbull Library'owledge, under New Zealand law: there is no copyright or other intellectual property rights in this item in New Zealand; and it may be copied  and otherwise re-used in New Zealand without copyright or other intellectual property right related restriction. However the Alexander Turnbull Library requests that the images are used and re-used in a manner that respects their status as documentary heritage and taonga. Alexander Turnbull Library will not be liable to you, on any legal basis (including negligence), for any loss or damage you suffer through your use of this material, except in those cases where the law does not allow us to exclude or limit our liability to you.",1,public_domain_or_no_known_restrictions
"No known copyright restrictions. To the best of the Alexander Turnbull Library's knowledge, under New Zealand law: there is no copyright or other intellectual property rights in this item in New Zealand; and it may be copie  and otherwise re-used in New Zealand without copyright or other intellectual property right related restriction. However the Alexander Turnbull Library requests that the images are used and re-used in a manner that respects their status as documentary heritage and taonga. Alexander Turnbull Library will not be liable to you, on any legal basis (including negligence), for any loss or damage you suffer through your use of this material, except in those cases where the law does not allow us to exclude or limit our liability to you.",1,public_domain_or_no_known_restrictions
"No known copyright restrictions. To the best of the Alexander Turnbull Library's knowledge, under New Zealand law: there is no copyright or other intellectual property rights in this item in New Zealand; and it may be copied  and otherwise re-used in New Zealand without copyright or other intellectual property right related restriction. However the Alexander Turnbull Library requests that the images are used and re-used in a manner that respects their satus as documentary heritage and taonga. Alexander Turnbull Library will not be liable to you, on any legal basis (including negligence), for any loss or damage you suffer through your use of this material, except in those cases where the law does not allow us to exclude or limit our liability to you.",1,public_domain_or_no_known_restrictions
"No known copyright restrictions. To the best of the Alexander Turnbull Library's knowledge, under New Zealand law: there is no copyright or other intellectual property rights in this item in New Zealand; and it may be copied  and otherwise re-used in New Zealand without copyright or other intellectual property right related restriction. However the Alexander Turnbull Library requests that the images are used and re-used in a manner that respects their status as documentary heritage and taonga. Alexander Turnbull Library will not be liable to you, on any legal basis (including negligence), for any l or damage you suffer through your use of this material, except in those cases where the law does not allow us to exclude or limit our liability to you.",1,public_domain_or_no_known_restrictions
"No known copyright restrictions. To the best of the Alexander Turnbull Library's knowledge, under New Zealand law: there is no copyright or other intellectual property rights in this item in New Zealand; and it may be copied  and otherwise re-used in New Zealand without copyright or other intellectual property right related restriction. However the Alexander Turnbull Library requests that the images are used and re-used in a manner that respects their status as documentary heritage and taonga. Alexander Turnbull Library will not be liable to you, on any legal basis (including negligence), for any loss or damage you suffer through your use of this material, except in thos cases where the law does not allow us to exclude or limit our liability to you.",1,public_domain_or_no_known_restrictions
"No known copyright restrictions. To the best of the Alexander Turnbull Library's knowledge, under New Zealand law: there is no copyright or other intellectual property rights in this item in New Zealand; and it may be copied  and otherwise re-used in New Zealand without copyright or other intellectual property right related restriction. However the Alexander Turnbull Library requests that the images are used and re-used in a manner that respects their status as documentary heritage and taonga. Alexander Turnbull Library will not be liable to you, on any legal basis (including negligence), for any loss or damage you suffer through your use of this material, except in those cases where the law does not allow us to exclude or limit our liability t you.",1,public_domain_or_no_known_restrictions
"No known copyright restrictions. To the best of the Alexander Turnbull Library's knowledge, under New Zealand law: there is no copyright or other intellectual property rights in this item in New Zealand; and it may be copied  nd otherwise re-used in New Zealand without copyright or other intellectual property right related restriction. However the Alexander Turnbull Library requests that the images are used and re-used in a manner that respects their status as documentary heritage and taonga. Alexander Turnbull Library will not be liable to you, on any legal basis (including negligence), for any loss or damage you suffer through your use of this material, except in those cases where the law does not allow us to exclude or limit our liability to you.",1,public_domain_or_no_known_restrictions
"No known copyright restrictions. To the best of the Alexander Turnbull Library's knowledge, under New Zealand law: there is no copyright or other intellectual property rights in this item in New Zealand; and it may be copied  otherwise re-used in New Zealand without copyright or other intellectual property right related restriction. However the Alexander Turnbull Library requests that the images are used and re-used in a manner that respects their status as documentary heritage and taonga. Alexander Turnbull Library will not be liable to you, on any legal basis (including negligence), for any loss or damage you suffer through your use of this material, except in those cases where the law does not allow us to exclude or limit our liability to you.",1,public_domain_or_no_known_restrictions
"No known copyright restrictions. To the best of the Alexander Turnbull Library's knowledge, under New Zealand law: there is no copyright or other intellectual property rights in this item in New Zealand; and it may be copied and otherwise re-used in New Zealand without copyright or other intellectual property right related restriction. However the Alexander Turnbull Library requests that the images are used and re-used in a manner that respects their ss as documentary heritage and taonga. Alexander Turnbull Library will not be liable to you, on any legal basis (including negligence), for any loss or damage you suffer through your use of this material, except in those cases where the law does not allow us to exclude or limit our liability to you.",1,public_domain_or_no_known_restrictions
"No known copyright restrictions. To the best of the Alexander Turnbull Library's knowledge, under New Zealand law: there is no copyright or other intellectual property rights in this item in New Zealand; and it may be copied and otherwise re-used in New Zealand without copyright or other intellectual property right related restriction. However the Alexander Turnbull Library requests that the images are used and re-used in a manner that respects their status as documentary heritage and taonga. Alexander Turnbull Library will not be liable to you, on any legal basis (including negligence), for any lor damage you suffer through your use of this material, except in those cases where the law does not allow us to exclude or limit our liability to you.",1,public_domain_or_no_known_restrictions
"No known copyright restrictions. To the best of the Alexander Turnbull Library's knowledge, under New Zealand law: there is no copyright or other intellectual property rights in this item in New Zealand; and it may be copied and otherwise re-used in New Zealand without copyright or other intellectual property right related restriction. However the Alexander Turnbull Library requests that the images are used and re-used in a manner that respects their status as documentary heritage and taonga. Alexander Turnbull Library will not be liable to you, on any legal basis (including negligence), for any loss or damage you suffer through your use of this material, except in thoscases where the law does not allow us to exclude or limit our liability to  you.",1,public_domain_or_no_known_restrictions
"No known copyright restrictions. To the best of the Alexander Turnbull Library's knowledge, under New Zealand law: there is no copyright or other intellectual property rights in this item in New Zealand; and it may be copied and otherwise re-used in New Zealand without copyright or other intellectual property right related restriction. However the Alexander Turnbull Library requests that the images are used and re-used in a manner that respects their status as documentary heritage and taonga. Alexander Turnbull Library will not be liable to you, on any legal basis (including negligence), for any loss or damage you suffer through your use of this material, except in thoshe law does not allow us to exclude or limit our liability to you.",1,public_domain_or_no_known_restrictions
"No known copyright restrictions. To the best of the Alexander Turnbull Library's knowledge, under New Zealand law: there is no copyright or other intellectual property rights in this item in New Zealand; and it may be copied and otherwise re-used in New Zealand without copyright or other intellectual property right related restriction. However the Alexander Turnbull Library requests that the images are used and re-used in a manner that respects their status as documentary heritage and taonga. Alexander Turnbull Library will not be liable to you, on any legal basis (including negligence), for any loss or damage you suffer through your use of this material, except in thoss where the law does not allow us to exclude or limit our liability to you.",1,public_domain_or_no_known_restrictions
"No known copyright restrictions. To the best of the Alexander Turnbull Library's knowledge, under New Zealand law: there is no copyright or other intellectual property rights in this item in New Zealand; and it may be copied and otherwise re-used in New Zealand without copyright or other intellectual property right related restriction. However the Alexander Turnbull Library requests that the images are used and re-used in a manner that respects their stus as documentary heritage and taonga. Alexander Turnbull Library will  not be liable to you, on any legal basis (including negligence), for any loss or damage you suffer through your use of this material, except in those cases where the law does not allow us to exclude or limit our liability to you.",1,public_domain_or_no_known_restrictions
"No known copyright restrictions. To the best of the Alexander Turnbull Library's knowledge, under New Zealand law: there is no copyright or other intellectual property rights in this item in New Zealand; and it may be copied and otherwise re-used in New Zealand without copyright or other intellectual property right related restriction. However the Alexander Turnbull Library requsts that the images are used and re-used in a manner that respects their status as documentary heritage and taonga. Alexander Turnbull Library will not  be liable to you, on any legal basis (including negligence), for any loss or damage you suffer through your use of this material, except in those cases where the law does not allow us to exclude or limit our liability to you.",1,public_domain_or_no_known_restrictions
"No known copyright restrictions. To the best of the Alexander Turnbull Library's knowledge, under New Zealand law: there is no copyright or other intellectual property rights in this item in New Zealand; and it may be copied and otherwise re-used in New Zealand without copyright or other intellectual property right related restriction. However the Alexander Turnbull Library requthat the images are used and re-used in a manner that respects their status as documentary heritage and taonga. Alexander Turnbull Library will not  be liable to you, on any legal basis (including negligence), for any loss or damage you suffer through your use of this material, except in those cases where the law does not allow us to exclude or limit our liability to you.",1,public_domain_or_no_known_restrictions
"No known copyright restrictions. To the best of the Alexander Turnbull Library's knowledge, under New Zealand law: there is no copyright or other intellectual property rights in this item in New Zealand; and it may be copied and otherwise re-used in New Zealand without copyright or other intellectual prrty right related restriction. However the Alexander Turnbull Library requests that the images are used and re-used in a manner that respects their status as documentary heritage and taonga. Alexander Turnbull Library will not be liable to you, on any legal basis (including negligence), for any loss or damage you suffer through your use of this material, except in those cases where the law does not allow us to exclude or limit our liability to you.",1,public_domain_or_no_known_restrictions
"No known copyright restrictions. To the best of the Alexander Turnbull Library's knowledge, under New Zealand law: there is no copyright or other intellectual property rights in this item in New Zealand; and it may be copied and otherwise re-used in New Zealand without copyright or other intellectual prty right related restriction. However the Alexander Turnbull Library requests that the images are used and re-used in a manner that respects their status as documentary heritage and taonga. Alexander Turnbull Library will not be liable to you, on any legal basis (including negligence), for any loss or damage you suffer through your use of this material, except in those cases where the law does not allow us to exclude or limit our liability to you.",1,public_domain_or_no_known_restrictions
"No known copyright restrictions. To the best of the Alexander Turnbull Library's knowledge, under New Zealand law: there is no copyright or other intellectual property rights in this item in New Zealand; and it may be copiedand otherwise re-used in New Zealand without copyright or other intellectual property right related restriction. However the Alexander Turnbull Library requests that the images are used and re-used in a manner that respects their status as documentary heritage and taonga. Alexander Turnbull Library will not be liable to you, on any legal basis (including negligence), for any loss or damage you suffer through your use of this material, except in those cases where the law does not allow us to exclude or limit our liability to you.",1,public_domain_or_no_known_restrictions
No known copyright restrictions.; Digital copy available; Open,1,public_domain_or_no_known_restrictions
"No known copyright restrictions.; Restricted; In line with Auckland Museum's cultural permissions process, permission must be obtained from us before copying or reproducing this image. Please contact us for more information.; Print file available",1,public_domain_or_no_known_restrictions
No known copyright restrictions; Access by appointment,1,public_domain_or_no_known_restrictions
No known copyright restrictions; Access by appointment - contact Library; Acclimatisation required; Auckland Museum has yet to establish the copyright status of this image; restrictions may apply.,1,public_domain_or_no_known_restrictions
No known copyright restrictions; Access by appointment - contact Library; Permission to reproduce this image should be sought from Museum of New Zealand Te Papa Tongarewa; Fragile - assisted viewing only,1,public_domain_or_no_known_restrictions
No known copyright restrictions; Access by appointment - contact Library; Viewing by appointment only,1,public_domain_or_no_known_restrictions
No known copyright restrictions; Access by appointment – contact Library; Open,1,public_domain_or_no_known_restrictions
No known copyright restrictions; Access currently closed due to fragility; Acclimatisation required,1,public_domain_or_no_known_restrictions
No known copyright restrictions; Acclimatisation required; Request in Library,1,public_domain_or_no_known_restrictions
No known copyright restrictions; Acclimatisation required; Request in Library; Auckland Museum has yet to establish the copyright status of this image; restrictions may apply.,1,public_domain_or_no_known_restrictions
No known copyright restrictions; All rights reserved,1,public_domain_or_no_known_restrictions
"No known copyright restrictions; Although no known copyright exists for this item, we ask that you treat it with respect. Please contact us to seek permission to reproduce this image.; Digital copy available; Fragile - assisted viewing only",1,public_domain_or_no_known_restrictions
"No known copyright restrictions; Although no known copyright exists for this item, we ask that you treat it with respect. Please contact us to seek permission to reproduce this image.; Digital copy available; Viewing by appointment only; Cultural permissions apply",1,public_domain_or_no_known_restrictions
No known copyright restrictions; Auckland Museum has yet to establish the copyright status of this image; restrictions may apply.,1,public_domain_or_no_known_restrictions
No known copyright restrictions; Closed - digital copy only available; Digital Copy Available; © Auckland Museum CC BY,1,public_domain_or_no_known_restrictions
No known copyright restrictions; Collection contains multiple items - rights applied at item level; Digital copy available; Open,1,public_domain_or_no_known_restrictions
No known copyright restrictions; Collection contains multiple items - rights applied at item level; Request in Library; Open,1,public_domain_or_no_known_restrictions
No known copyright restrictions; Digital copy available; Auckland Museum has yet to establish the copyright status of this image; restrictions may apply.,1,public_domain_or_no_known_restrictions
No known copyright restrictions; Digital copy available; Auckland Museum has yet to establish the copyright status of this image; restrictions may apply.; Open,1,public_domain_or_no_known_restrictions
No known copyright restrictions; Digital copy available; Fragile - assisted viewing only; Cultural permissions apply,1,public_domain_or_no_known_restrictions
No known copyright restrictions; Digital copy available; Fragile - issue surrogate; All rights reserved,1,public_domain_or_no_known_restrictions
No known copyright restrictions; Digital copy available; Permission to reproduce this image should be sought from Auckland War Memorial Museum and the copyright holder where applicable; Acclimatisation required,1,public_domain_or_no_known_restrictions
No known copyright restrictions; Digital copy available; Request in Library; Open,1,public_domain_or_no_known_restrictions
No known copyright restrictions; Digital copy available; Viewing by appointment only; Auckland Museum has yet to establish the copyright status of this image; restrictions may apply.,1,public_domain_or_no_known_restrictions
No known copyright restrictions; Digital copy available; Viewing by appointment only; Open,1,public_domain_or_no_known_restrictions
No known copyright restrictions; Digital copy available; open,1,public_domain_or_no_known_restrictions
No known copyright restrictions; Fragile - Assisted Viewing Only; Digital copy available,1,public_domain_or_no_known_restrictions
No known copyright restrictions; Fragile - Issue Surrogate; Request in Library,1,public_domain_or_no_known_restrictions
No known copyright restrictions; Fragile - assisted viewing only,1,public_domain_or_no_known_restrictions
No known copyright restrictions; Fragile; Open,1,public_domain_or_no_known_restrictions
No known copyright restrictions; Issue Print File; Print file available; Open,1,public_domain_or_no_known_restrictions
No known copyright restrictions; Open. Digital copy available.; Open,1,public_domain_or_no_known_restrictions
No known copyright restrictions; Restricted (fragile) - please issue typescript copy MS-22-34.; Restricted (fragile),1,public_domain_or_no_known_restrictions
No known copyright restrictions; Restricted (fragile) - please issue typescript copy MS-22-35.; Restricted (fragile),1,public_domain_or_no_known_restrictions
No known copyright restrictions; Restricted (fragile); Restricted (fragile) - please issue typescript copies MS-22-34 and MS-22-35.,1,public_domain_or_no_known_restrictions
No known copyright restrictions; Restricted - please issue typescript copies MS-22-32 and MS-22-33.; Restricted,1,public_domain_or_no_known_restrictions
No known copyright restrictions; Restricted; Restricted - please issue typescript copy MS-22-34.,1,public_domain_or_no_known_restrictions
No known copyright. Item is in public domain as it was created by the United States government.,1,public_domain_or_no_known_restrictions
No known restrictions on use Contact host institution for more information.,1,public_domain_or_no_known_restrictions
"Open Access This article is distributed under the terms of the Creative Commons Attribution 4.0
International License (http://creativecommons.org/licenses/by/4.0/), which permits unrestricted use, distribution, and
reproduction in any medium, provided you give appropriate credit to the original author(s) and the source, provide a link to the Creative Commons license, and indicate if changes were made. The Creative Commons Public Domain Dedication waiver (http://creativecommons.org/publicdomain/zero/1.0/) applies to the data made available in this article, unless otherwise stated.",1,public_domain_or_no_known_restrictions
"Open Access: This article is distributed under the terms of the Creative Commons Attribution 4.0
International License (http://creativecommons.org/licenses/by/4.0/), which permits unrestricted use, distribution, and
reproduction in any medium, provided you give appropriate credit to the original author(s) and the source, provide a link to the Creative Commons license, and indicate if changes were made. The Creative Commons Public Domain Dedication waiver (http://creativecommons.org/publicdomain/zero/1.0/) applies to the data made available in this article, unless otherwise stated",1,public_domain_or_no_known_restrictions
Out of Copyright No known copyright restrictions,1,public_domain_or_no_known_restrictions
Outsized material – two retrievers required; No known copyright restrictions; Access by appointment – contact Library,1,public_domain_or_no_known_restrictions
Outsized material – two retrievers required; No known copyright restrictions; Digital copy available,1,public_domain_or_no_known_restrictions
"Photo courtesy of Alexander Turnbull Library, Ref: 1/1-015412-F ; No Known Copyright Restrictions",1,public_domain_or_no_known_restrictions
"Photo courtesy of Alexander Turnbull Library, Ref: 1/1-015419-F ; No Known Copyright Restrictions",1,public_domain_or_no_known_restrictions
Photo courtesy of John Hughes and the Manawatu Knitting Mills Archive ; No Known Copyright Restrictions ; Garment loan courtesy of Manawatu Knitting Mills ; CC BY 4.0 International Licence,1,public_domain_or_no_known_restrictions
"Photo courtesy of Museum of New Zealand Te Papa Tongarewa, C.002281 ; No Known Copyright Restrictions",1,public_domain_or_no_known_restrictions
"Photo courtesy of Museum of New Zealand Te Papa Tongarewa, C.002487 ; No Known Copyright Restrictions",1,public_domain_or_no_known_restrictions
Photo courtesy of Te Papa (O.002672) ; This image has No Known Copyright Restrictions,1,public_domain_or_no_known_restrictions
"Please ask the library for permission to reproduce this item. 
Copyright: No known copyright.",1,public_domain_or_no_known_restrictions
Public Domain. No restrictions on use.,1,public_domain_or_no_known_restrictions
"Public Domain. Property rights reside with the Sonoma County Library. The Sonoma County Library has made this Item available and believes that the Item is in the Public Domain under the laws of the United States, but a determination was not made as to its copyright status under the copyright laws of other countries. The Item may not be in the Public Domain under the laws of other countries. Preferred credit line is: Courtesy, the Sonoma County Library. Please see additional rights information at http://rightsstatements.org/page/NoC-CR/1.0/?language=en ;see additional reproduction and reuse information at https://sonomalibrary.org/locations/sonoma-county-history-and-genealogy-library/order-photo",1,public_domain_or_no_known_restrictions
"Public Domain: This material has been identified as being free of known restrictions under copyright law, including all related and neighboring rights. While Amherst College Archives & Special Collections claims no rights or authority over this material, we do ask that any publication or use of this material cite the Archives & Special Collections at Amherst College as the source of the images and the repository where the original documents can be found. Contact host institution for more information.",1,public_domain_or_no_known_restrictions
Public domain,1,public_domain_or_no_known_restrictions
Public domain. The Library considers that this work is no longer under copyright protection,1,public_domain_or_no_known_restrictions
"Researchers may make free and open use of the UC Berkeley Library's digitized public domain materials. However, some materials in our online collections may be protected by U.S. copyright law (Title 17, U.S.C.). Use or reproduction of materials protected by copyright beyond that allowed by fair use (Title 17, U.S.C. § 107) requires permission from the copyright owners. The use or reproduction of some materials may also be restricted by terms of University of California gift or purchase agreements, privacy and publicity rights, or trademark law. Responsibility for determining rights status and permissibility of any use or reproduction rests exclusively with the researcher. To learn more or make inquiries, please see our permissions policies (https://www.lib.berkeley.edu/about/permissions-policies).",1,public_domain_or_no_known_restrictions
Restricted access due to the size and condition of the plans. Please use digital surrogates.; No known copyright restrictions; Restricted,1,public_domain_or_no_known_restrictions
"Restricted; Pictorial Staff access only; No known copyright restrictions|Although no known copyright exists for this item, we ask that you treat it with respect. Please contact us to seek permission to reproduce this image.",1,public_domain_or_no_known_restrictions
Restrictions: No cultural restrictions apply. Copyright: No known copyright.,1,public_domain_or_no_known_restrictions
"Restrictions: No cultural restrictions apply. Copyright: No known copyright. We ask that, in addition to normal copyright and privacy considerations, users of our heritage resources uphold the mana and dignity of the people, communities and places depicted within.",1,public_domain_or_no_known_restrictions
Restrictions: Partial access restriction applies - Please contact the library to request a copy. Copyright: No known copyright.,1,public_domain_or_no_known_restrictions
Surrogate available; No known copyright restrictions; Restricted,1,public_domain_or_no_known_restrictions
"The University of Sydney Library believes this collection is in the public domain in Australia but did not make a determination regarding its copyright status in other countries. If you wish to credit the University of Sydney Library as the source, please use the following statement ""From the University of Sydney Library” and provide a link to the item on our Digital Collections site.",1,public_domain_or_no_known_restrictions
"The images in this collection are in the public domain and are believed to have no known U.S. copyright or other restrictions. The Library does not charge for permission to use these materials and does not grant or deny permission to publish or otherwise distribute them. However, as a good scholarly practice we recommend that all patrons cite the Library and/or the appropriate web page as sources of the reproductions. For a more detailed explanation please read the Library Guidelines for Using Public Domain Text, Images, Audio, and Video Reproduced from Cornell University Library Collections at http://cdl.library.cornell.edu/guidelines.html.",1,public_domain_or_no_known_restrictions
"The information in this document is provided copyright free and public domain. 
It may be modified, reproduced, used, derivatized and distributed in any form",1,public_domain_or_no_known_restrictions
The material published in this bulletin is in the public domain and not copyrighted. It is a requirement of publication that posts to the bulletin cite their source.,1,public_domain_or_no_known_restrictions
There are no known copyright restrictions associated with this item. Anyone seeking to reuse this item is responsible for assuming any risk associated with their reuse. Duke University Libraries kindly requests that any use of this item be properly cited.,1,public_domain_or_no_known_restrictions
"This article is distributed under the terms of the Creative Commons Attribution 4.0 International License
(http://creativecommons.org/licenses/by/4.0/), which permits unrestricted use, distribution, and reproduction in any medium, provided you give appropriate credit to the original author(s) and the source, provide a link to the Creative Commons license, and indicate if changes were made. The Creative Commons Public Domain Dedication waiver (http://creativecommons.org/publicdomain/zero/1.0/) applies to the data made available in this article, unless otherwise stated.",1,public_domain_or_no_known_restrictions
"This article is licensed under a Creative Commons Attribution 4.0 International License, which permits use, sharing, adaptation, distribution and reproduction in any medium or format, as long as you give appropriate credit to the original author(s) and the source, provide a link to the Creative Commons licence, and indicate if changes were made. The images or other third party material in this article are included in the article's Creative Commons licence, unless indicated otherwise in a credit line to the material. If material is not included in the article's Creative Commons licence and your intended use is not permitted by statutory regulation or exceeds the permitted use, you will need to obtain permission directly from the copyright holder. To view a copy of this licence, visit http://creativecommons.org/licenses/by/4.0/. The Creative Commons Public Domain Dedication waiver (http://creativecommons.org/publicdomain/zero/1.0/) applies to the data made available in this article, unless otherwise stated in a credit line to the data.",1,public_domain_or_no_known_restrictions
"This image was used in an internal publication published by Cornell University, Cornell University Medical College, New York Hospital, or Cornell University-New York Hospital School of Nursing between 1923-1977. This image may be in the public domain or copyrighted by one of these institutions. This digital collection and its contents are owned by the Medical Center Archives of NewYork-Presbyterian/Weill Cornell. Digital reproductions are provided for private study, scholarship, and research use only and may not be downloaded for use in electronic or print publications (including websites), exhibitions or broadcasts, without permission. For information on our photo reproduction policies please see http://weill.cornell.edu/archives/photographs/ Please provide us the accession number (P number) of the image you are inquiring about when you contact us.",1,public_domain_or_no_known_restrictions
"This is an Open Access article distributed under the terms of the Creative
Commons Attribution License (http://creativecommons.org/licenses/by/2.0), which permits unrestricted use, distribution, and
reproduction in any medium, provided the original work is properly cited. The Creative Commons Public Domain Dedication
waiver (http://creativecommons.org/publicdomain/zero/1.0/) applies to the data made available in this article, unless otherwise
stated",1,public_domain_or_no_known_restrictions
"This is an Open Access article distributed under the terms of the Creative Commons Attribution License (http://creativecommons.org/licenses/by/2.0), which permits unrestricted use, distribution, and reproduction in any medium, provided the original work is properly cited. The Creative Commons Public Domain Dedication waiver (http://creativecommons.org/publicdomain/zero/1.0/) applies to the data made available in this article, unless otherwise stated.",1,public_domain_or_no_known_restrictions
"This is an Open Access article distributed under the terms of the Creative Commons Attribution License (http://creativecommons.org/licenses/by/4.0), which permits unrestricted use, distribution, and reproduction in any medium, provided the original work is properly credited. The Creative Commons Public Domain Dedication waiver http://creativecommons.org/publicdomain/zero/1.0/) applies to the data made available in this article, unless otherwise stated.",1,public_domain_or_no_known_restrictions
"This is an open access article, free of all
copyright, and may be freely reproduced, distributed,
transmitted, modified, built upon, or otherwise used
by anyone for any lawful purpose. The work is made
available under the Creative Commons CC0 public
domain dedication.",1,public_domain_or_no_known_restrictions
"This is an open access article, free of all copyright, and may be freely reproduced, distributed, transmitted, modified, built upon, or otherwise used by anyone for any lawful purpose. The work is made available under the Creative Commons CC0 public domain dedication",1,public_domain_or_no_known_restrictions
"This is an open access article, free of all copyright, and may be freely reproduced, distributed, transmitted, modified, built upon, or otherwise used by anyone for any lawful purpose. The work is made available under the Creative Commons CC0 public domain dedication.",1,public_domain_or_no_known_restrictions
"This is an open-access article distributed under the terms of the Creative Commons Public Domain declaration which stipulates that, once placed in the public
domain, this work may be freely reproduced, distributed, transmitted, modified, built upon, or otherwise used by anyone for any lawful purpose. (With the exceptions noted in http://researcharchive.lincoln.ac.nz/page/rights, this metadata is available under a Creative Commons Zero license.)",1,public_domain_or_no_known_restrictions
"This map is in the public domain. Please attribute access and use of this digitized map to the Stephen S. Clark Library, University of Michigan Library. https://www.lib.umich.edu/about-us/policies/copyright-policy",1,public_domain_or_no_known_restrictions
This paper has been published in the Proceedings of Data Compression Conference(DCC ‘01). ©2001 IEEE Computer Society.,1,public_domain_or_no_known_restrictions
"This site contains a variety of copyright material. Some of this is the intellectual property of individuals (as named), some is owned by the University itself. Some material is owned by others (clearly indicated) and yet other material is in the public domain. Except for material which is unambiguously and unarguably in the public domain, only material owned by the University of New South Wales and so indicated, may be copied, provided that textual and graphical content are not altered and that the source is acknowledged. The University reserves the right to revoke that permission at any time. Permission is not given for any commercial use or sale of this material.",1,public_domain_or_no_known_restrictions
This work is in the public domain under U.S. copyright law.,1,public_domain_or_no_known_restrictions
"This work is licensed under a Creative Commons Attribution 4.0 International License. The images or other third party material in this article are included in the article’s Creative Commons license, unless indicated otherwise in the credit line; if the material is not included under the Creative Commons license, users will need to obtain permission from the license holder to reproduce the material. To view a copy of this license, visit http://creativecommons.org/licenses/by/4.0
Metadata associated with this Data Descriptor is available at http://www.nature.com/sdata/ and is released under the CC0 waiver to maximize reuse.
© The Author(s) 2016",1,public_domain_or_no_known_restrictions
"Woodbury Art Museum, 2013. Transmission or reproduction of materials protected by copyright beyond that allowed by fair use requires the written permission of the copyright owner(s). Works not in the public domain cannot be commercially exploited without permission of the copyright owner(s). Responsibility for any use rests exclusively with the user. http://rightsstatements.org/vocab/InC/1.0/",1,public_domain_or_no_known_restrictions
"arXiv does not ask that copyright be transferred. However, we require sufficient rights to allow us to distribute submitted articles in perpetuity. In order to submit an article to arXiv, the submitter must either:


grant arXiv.org a non-exclusive and irrevocable license to distribute the article, and certify that they have the right to grant this license,

certify that the work is available under either the Creative Commons Attribution license, or the Creative Commons Attribution-Noncommercial-ShareAlike license, and that they have the right to grant this license, or

certify that the work is in the public domain (we will store this information by associating the Create Commons Public Domain Declaration with the submission)",1,public_domain_or_no_known_restrictions
"arXiv does not ask that copyright be transferred. However, we require sufficient rights to allow us to distribute submitted articles in perpetuity. In order to submit an article to arXiv, the submitter must either:

grant arXiv.org a non-exclusive and irrevocable license to distribute the article, and certify that they have the right to grant this license,
certify that the work is available under either the Creative Commons Attribution license, or the Creative Commons Attribution-Noncommercial-ShareAlike license, and that they have the right to grant this license, or certify that the work is in the public domain (http://arxiv.org/help/license)",1,public_domain_or_no_known_restrictions
cc_public_domain You are free to use this image without permission. Please attribute Queensland University of Technology http://creativecommons.org/publicdomain/mark/1.0 Queensland University of Technology,1,public_domain_or_no_known_restrictions
cc_public_domain http://creativecommons.org/publicdomain/zero/1.0/ QUT You are free to use this image without permission. Please attribute Queensland University of Technology http://creativecommons.org/publicdomain/mark/1.0,1,public_domain_or_no_known_restrictions
http://creativecommons.org/publicdomain/mark/1.0,1,public_domain_or_no_known_restrictions
http://creativecommons.org/publicdomain/zero/1.0/ Out of copyright You are free to use this image without permission. Please attribute Queensland University of Technology,1,public_domain_or_no_known_restrictions
http://creativecommons.org/publicdomain/zero/1.0/ QUT You are free to use this image without permission. Please attribute Queensland University of Technology,1,public_domain_or_no_known_restrictions
http://creativecommons.org/publicdomain/zero/1.0/ cc_public_domain Out of copyright You are free to use this image without permission. Please attribute Queensland University of Technology http://creativecommons.org/publicdomain/mark/1.0,1,public_domain_or_no_known_restrictions
http://creativecommons.org/publicdomain/zero/1.0/ http://creativecommons.org/publicdomain/mark/1.0/ Out of copyright You are free to use this image without permission. Please attribute Queensland University of Technology,1,public_domain_or_no_known_restrictions
in te domine speravi; No known copyright restrictions; Digital copy available,1,public_domain_or_no_known_restrictions
"unknown Copyright status unknown. Some materials in these collections may be protected by the U.S. Copyright Law (Title 17, U.S.C.). In addition, the reproduction of some materials may be restricted by terms of gift or purchase agreements, donor restrictions, privacy and publicity rights, licensing and trademarks. Transmission or reproduction of materials protected by copyright beyond that allowed by fair use requires the written permission of the copyright owners. Works not in the public domain cannot be commercially exploited without permission of the copyright owner. Responsibility for any use rests exclusively with the user.",1,public_domain_or_no_known_restrictions
"©  2017The Author(s). This article is distributed under the terms of the Creative Commons Attribution 4.0 International License (http://creativecommons.org/licenses/by/4.0/), which permits unrestricted use, distribution, and reproduction in any medium, provided you give appropriate credit to the original author(s) and the source, provide a link to the Creative Commons license, and indicate if changes were made. The Creative Commons Public Domain Dedication waiver (http://creativecommons.org/publicdomain/zero/1.0/) applies to the data made available in this article, unless otherwise stated.",1,public_domain_or_no_known_restrictions
"©  The  Author(s)  2018.  This  article  is  distributed  under  the  terms  of  the  Creative  Commons  Attribution  4.0  International  License  (http://creativecommons.org/licenses/by/4.0/),  which  permits  unrestricted  use,  distribution,  and  reproduction  in  any  medium,  provided  you  give  appropriate  credit  to  the  original  author(s)  and  the  source,  provide  a  link  to  the  Creative  Commons  license,  and indicate if changes were made. The Creative Commons Public Domain Dedication waiver (http://creativecommons.org/publicdomain/zero/1.0/) applies to the data made available in this article, unless otherwise stated.",1,public_domain_or_no_known_restrictions
"©  The Author(s). 2017. This article is distributed under the terms of the Creative Commons Attribution 4.0
International License (http://creativecommons.org/licenses/by/4.0/), which permits unrestricted use, distribution, and
reproduction in any medium, provided you give appropriate credit to the original author(s) and the source, provide a link to
the Creative Commons license, and indicate if changes were made. The Creative Commons Public Domain Dedication waiver
(http://creativecommons.org/publicdomain/zero/1.0/) applies to the data made available in this article, unless otherwise stated.",1,public_domain_or_no_known_restrictions
"© 2014 Brenton-Rule et al.; licensee BioMed Central Ltd. This is an Open Access article distributed under the terms of the
Creative Commons Attribution License (http://creativecommons.org/licenses/by/4.0), which permits unrestricted use,
distribution, and reproduction in any medium, provided the original work is properly credited. The Creative Commons Public
Domain Dedication waiver (http://creativecommons.org/publicdomain/zero/1.0/) applies to the data made available in this
article, unless otherwise stated.",1,public_domain_or_no_known_restrictions
"© 2015 Aiyer et al. This is an Open Access article distributed under the terms of the Creative Commons Attribution License
(http://creativecommons.org/licenses/by/4.0), which permits unrestricted use, distribution, and reproduction in any medium,
provided the original work is properly credited. The Creative Commons Public Domain Dedication waiver (http://
creativecommons.org/publicdomain/zero/1.0/) applies to the data made available in this article, unless otherwise stated.",1,public_domain_or_no_known_restrictions
"© 2015 Boden et al.
Open Access
This article is distributed under the terms of the Creative Commons Attribution 4.0
International License (http://creativecommons.org/licenses/by/4.0/), which permits unrestricted use, distribution, and
reproduction in any medium, provided you give appropriate credit to the original author(s) and the source, provide a link to
the Creative Commons license, and indicate if changes were made. The Creative Commons Public Domain Dedication waiver
(http://creativecommons.org/publicdomain/zero/1.0/) applies to the data made available in this article, unless otherwise stated.",1,public_domain_or_no_known_restrictions
"© 2015 Carroll et al. This is an Open Access article distributed under the terms of the Creative Commons Attribution License
(http://creativecommons.org/licenses/by/4.0), which permits unrestricted use, distribution, and reproduction in any medium,
provided the original work is properly credited. The Creative Commons Public Domain Dedication waiver (http://
creativecommons.org/publicdomain/zero/1.0/) applies to the data made available in this article, unless otherwise stated.",1,public_domain_or_no_known_restrictions
"© 2015 D’Haese et al. Open Access This article is distributed under the terms of the Creative Commons Attribution 4.0
International License (http://creativecommons.org/licenses/by/4.0/), which permits unrestricted use, distribution, and
reproduction in any medium, provided you give appropriate credit to the original author(s) and the source, provide a link to
the Creative Commons license, and indicate if changes were made. The Creative Commons Public Domain Dedication waiver
(http://creativecommons.org/publicdomain/zero/1.0/) applies to the data made available in this article, unless otherwise stated.",1,public_domain_or_no_known_restrictions
"© 2015 Koziol-McLain et al.; licensee BioMed Central. This is an Open Access article distributed under the terms of the Creative
Commons Attribution License (http://creativecommons.org/licenses/by/4.0), which permits unrestricted use, distribution, and
reproduction in any medium, provided the original work is properly credited. The Creative Commons Public Domain
Dedication waiver (http://creativecommons.org/publicdomain/zero/1.0/) applies to the data made available in this article,
unless otherwise stated.",1,public_domain_or_no_known_restrictions
"© 2015 Lansdowne et al.; licensee BioMed Central. This is an Open Access article distributed under the terms of the Creative
Commons Attribution License (http://creativecommons.org/licenses/by/4.0), which permits unrestricted use, distribution, and
reproduction in any medium, provided the original work is properly credited. The Creative Commons Public Domain
Dedication waiver (http://creativecommons.org/publicdomain/zero/1.0/) applies to the data made available in this article,
unless otherwise stated.",1,public_domain_or_no_known_restrictions
"© 2015 Lindsay et al. This article is distributed under the terms of the Creative Commons Attribution 4.0 International License
(http://creativecommons.org/licenses/by/4.0/), which permits unrestricted use, distribution, and reproduction in any medium,
provided you give appropriate credit to the original author(s) and the source, provide a link to the Creative Commons license,
and indicate if changes were made. The Creative Commons Public Domain Dedication waiver (http://creativecommons.org/
publicdomain/zero/1.0/) applies to the data made available in this article, unless otherwise stated.",1,public_domain_or_no_known_restrictions
"© 2015 Otter et al. This is an Open Access article distributed under the terms of the Creative Commons Attribution License (http://
creativecommons.org/licenses/by/4.0), which permits unrestricted use, distribution, and reproduction in any medium, provided the
original work is properly cited. The Creative Commons Public Domain Dedication waiver (http://creativecommons.org/publicdomain/
zero/1.0/) applies to the data made available in this article, unless otherwise stated.",1,public_domain_or_no_known_restrictions
"© 2015 Rice et al. Open Access This article is distributed under the terms of the Creative Commons Attribution 4.0
International License (http://creativecommons.org/licenses/by/4.0/), which permits unrestricted use, distribution, and
reproduction in any medium, provided you give appropriate credit to the original author(s) and the source, provide a
link to the Creative Commons license, and indicate if changes were made. The Creative Commons Public Domain
Dedication waiver (http://creativecommons.org/publicdomain/zero/1.0/) applies to the data made available in this
article, unless otherwise stated.",1,public_domain_or_no_known_restrictions
"© 2015 Rice et al. Open Access This article is distributed under the terms of the Creative Commons Attribution 4.0
International License (http://creativecommons.org/licenses/by/4.0/), which permits unrestricted use, distribution, and
reproduction in any medium, provided you give appropriate credit to the original author(s) and the source, provide a link to
the Creative Commons license, and indicate if changes were made. The Creative Commons Public Domain Dedication waiver
(http://creativecommons.org/publicdomain/zero/1.0/) applies to the data made available in this article, unless otherwise stated.",1,public_domain_or_no_known_restrictions
"© 2015 Rice et al. This is an Open Access article distributed under the terms of the Creative Commons Attribution License
(http://creativecommons.org/licenses/by/4.0), which permits unrestricted use, distribution, and reproduction in any medium,
provided the original work is properly credited. The Creative Commons Public Domain Dedication waiver (http://
creativecommons.org/publicdomain/zero/1.0/) applies to the data made available in this article, unless otherwise stated.",1,public_domain_or_no_known_restrictions
"© 2015 Roddy et al. This is an Open Access article distributed under the terms of the Creative Commons Attribution License
(http://creativecommons.org/licenses/by/4.0), which permits unrestricted use, distribution, and reproduction in any medium,
provided the original work is properly credited. The Creative Commons Public Domain Dedication waiver (http://
creativecommons.org/publicdomain/zero/1.0/) applies to the data made available in this article, unless otherwise stated.",1,public_domain_or_no_known_restrictions
"© 2015 Smolenski et al. This article is distributed under the terms of the Creative Commons Attribution 4.0 International License (http://creativecommons.org/licenses/by/4.0/), which permits unrestricted use, distribution, and reproduction in any medium, provided you give appropriate credit to the original author(s) and the source, provide a link to the Creative Commons license, and indicate if changes were made. The Creative Commons Public Domain Dedication waiver (http://creativecommons.org/publicdomain/zero/1.0/) applies to the data made available in this article, unless otherwise stated.",1,public_domain_or_no_known_restrictions
"© 2015 Theadom et al.; licensee BioMed Central. This is an Open Access article distributed under the terms of the Creative
Commons Attribution License (http://creativecommons.org/licenses/by/4.0), which permits unrestricted use, distribution, and
reproduction in any medium, provided the original work is properly credited. The Creative Commons Public Domain
Dedication waiver (http://creativecommons.org/publicdomain/zero/1.0/) applies to the data made available in this article,
unless otherwise stated.",1,public_domain_or_no_known_restrictions
"© 2016 Ali et al. Open Access This article is distributed under the terms of the Creative Commons Attribution 4.0 International
License (http://creativecommons.org/licenses/by/4.0/), which permits unrestricted use, distribution, and reproduction in any
medium, provided you give appropriate credit to the original author(s) and the source, provide a link to the Creative
Commons license, and indicate if changes were made. The Creative Commons Public Domain Dedication waiver (http://
creativecommons.org/publicdomain/zero/1.0/) applies to the data made available in this article, unless otherwise stated.",1,public_domain_or_no_known_restrictions
"© 2016 Brenton-Rule et al. Open Access This article is distributed under the terms of the Creative Commons Attribution 4.0
International License (http://creativecommons.org/licenses/by/4.0/), which permits unrestricted use, distribution, and
reproduction in any medium, provided you give appropriate credit to the original author(s) and the source, provide a link to
the Creative Commons license, and indicate if changes were made. The Creative Commons Public Domain Dedication waiver
(http://creativecommons.org/publicdomain/zero/1.0/) applies to the data made available in this article, unless otherwise stated.",1,public_domain_or_no_known_restrictions
"© 2016 Hatton et al. Open Access This article is distributed under the terms of the Creative Commons Attribution 4.0
International License (http://creativecommons.org/licenses/by/4.0/), which permits unrestricted use, distribution, and
reproduction in any medium, provided you give appropriate credit to the original author(s) and the source, provide a link to
the Creative Commons license, and indicate if changes were made. The Creative Commons Public Domain Dedication waiver
(http://creativecommons.org/publicdomain/zero/1.0/) applies to the data made available in this article, unless otherwise stated.",1,public_domain_or_no_known_restrictions
"© 2016 Mazahery et al.
Open Access
This article is distributed under the terms of the Creative Commons Attribution 4.0
International License (http://creativecommons.org/licenses/by/4.0/), which permits unrestricted use, distribution, and
reproduction in any medium, provided you give appropriate credit to the original author(s) and the source, provide a link to
the Creative Commons license, and indicate if changes were made. The Creative Commons Public Domain Dedication waiver
(http://creativecommons.org/publicdomain/zero/1.0/) applies to the data made available in this article, unless otherwise stated.",1,public_domain_or_no_known_restrictions
"© 2016 Otter et al. Open Access This article is distributed under the terms of the Creative Commons Attribution 4.0
International License (http://creativecommons.org/licenses/by/4.0/), which permits unrestricted use, distribution, and
reproduction in any medium, provided you give appropriate credit to the original author(s) and the source, provide a link to
the Creative Commons license, and indicate if changes were made. The Creative Commons Public Domain Dedication waiver
(http://creativecommons.org/publicdomain/zero/1.0/) applies to the data made available in this article, unless otherwise stated.",1,public_domain_or_no_known_restrictions
"© 2016 Prendergast et al. Open Access This article is distributed under the terms of the Creative Commons Attribution 4.0
International License (http://creativecommons.org/licenses/by/4.0/), which permits unrestricted use, distribution, and
reproduction in any medium, provided you give appropriate credit to the original author(s) and the source, provide a link to
the Creative Commons license, and indicate if changes were made. The Creative Commons Public Domain Dedication waiver
(http://creativecommons.org/publicdomain/zero/1.0/) applies to the data made available in this article, unless otherwise stated.",1,public_domain_or_no_known_restrictions
"© 2016 Rush et al. This article is distributed under the terms of the Creative Commons Attribution 4.0 International License
(http://creativecommons.org/licenses/by/4.0/), which permits unrestricted use, distribution, and reproduction in any medium,
provided you give appropriate credit to the original author(s) and the source, provide a link to the Creative Commons license,
and indicate if changes were made. The Creative Commons Public Domain Dedication waiver (http://creativecommons.org/
publicdomain/zero/1.0/) applies to the data made available in this article, unless otherwise stated.",1,public_domain_or_no_known_restrictions
"© 2016 Sabel et al. Open Access This article is distributed under the terms of the Creative Commons Attribution 4.0
International License (http://creativecommons.org/licenses/by/4.0/), which permits unrestricted use, distribution, and
reproduction in any medium, provided you give appropriate credit to the original author(s) and the source, provide a link to the Creative Commons license, and indicate if changes were made. The Creative Commons Public Domain Dedication waiver (http://creativecommons.org/publicdomain/zero/1.0/) applies to the data made available in this article, unless otherwise stated.",1,public_domain_or_no_known_restrictions
"© 2016 Schluter and Lee. Open Access This article is distributed under the terms of the Creative Commons Attribution 4.0 International License (http://creativecommons.org/licenses/by/4.0/), which permits unrestricted use, distribution, and reproduction in any medium, provided you give appropriate credit to the original author(s) and the source, provide a link to the Creative Commons license, and indicate if changes were made. The Creative Commons Public Domain Dedication waiver (http://creativecommons.org/publicdomain/zero/1.0/) applies to the data made available in this article, unless otherwise stated.",1,public_domain_or_no_known_restrictions
"© 2016 Stewart et al. Open Access This article is distributed under the terms of the Creative Commons Attribution 4.0
International License (http://creativecommons.org/licenses/by/4.0/), which permits unrestricted use, distribution, and
reproduction in any medium, provided you give appropriate credit to the original author(s) and the source, provide a link to
the Creative Commons license, and indicate if changes were made. The Creative Commons Public Domain Dedication waiver
(http://creativecommons.org/publicdomain/zero/1.0/) applies to the data made available in this article, unless otherwise stated",1,public_domain_or_no_known_restrictions
"© 2016 Weiser et al. Open Access This article is distributed under the terms of the Creative Commons Attribution 4.0
International License (http://creativecommons.org/licenses/by/4.0/), which permits unrestricted use, distribution, and
reproduction in any medium, provided you give appropriate credit to the original author(s) and the source, provide a link to
the Creative Commons license, and indicate if changes were made. The Creative Commons Public Domain Dedication waiver
(http://creativecommons.org/publicdomain/zero/1.0/) applies to the data made available in this article, unless otherwise stated",1,public_domain_or_no_known_restrictions
"© 2016 Wilson et al.. This article is distributed under the terms of the Creative Commons Attribution 4.0 International License (http://creativecommons.org/licenses/by/4.0/), which permits unrestricted use, distribution, and reproduction in any medium, provided you give appropriate credit to the original author(s) and the source, provide a link to the Creative Commons license, and indicate if changes were made. The Creative Commons Public Domain Dedication waiver (http://creativecommons.org/ publicdomain/zero/1.0/) applies to the data made available in this article, unless otherwise stated.",1,public_domain_or_no_known_restrictions
"© 2018 The Author(s). Open Access This article is distributed under the terms of the Creative Commons Attribution 4.0 International License (http://creativecommons.org/licenses/by/4.0/), which permits unrestricted use, distribution, and reproduction in any medium, provided you give appropriate credit to the original author(s) and the source, provide a link to the Creative Commons license, and indicate if changes were made. The Creative Commons Public Domain Dedication waiver (http://creativecommons.org/publicdomain/zero/1.0/) applies to the data made available in this article, unless otherwise stated. (With the exceptions noted in http://researcharchive.lincoln.ac.nz/page/rights, this metadata is available under a Creative Commons Zero license.)",1,public_domain_or_no_known_restrictions
"© Battin et al.; licensee BioMed Central. 2015
This article is published under license to BioMed Central Ltd. This is an Open Access article distributed under the terms of the Creative Commons Attribution License (http://creativecommons.org/licenses/by/4.0), which permits unrestricted use, distribution, and reproduction in any medium, provided the original work is properly credited. The Creative Commons Public Domain Dedication waiver (http://creativecommons.org/publicdomain/zero/1.0/) applies to the data made available in this article, unless otherwise stated.",1,public_domain_or_no_known_restrictions
"© Dunlop et al. 2015
This article is published under license to BioMed Central Ltd. This is an Open Access article distributed under the terms of the Creative Commons Attribution License (http://creativecommons.org/licenses/by/4.0), which permits unrestricted use, distribution, and reproduction in any medium, provided the original work is properly credited. The Creative Commons Public Domain Dedication waiver (http://creativecommons.org/publicdomain/zero/1.0/) applies to the data made available in this article, unless otherwise stated.",1,public_domain_or_no_known_restrictions
"© Dunlop et al.; licensee BioMed Central Ltd. 2014
This article is published under license to BioMed Central Ltd. This is an Open Access article distributed under the terms of the Creative Commons Attribution License (http://creativecommons.org/licenses/by/4.0), which permits unrestricted use, distribution, and reproduction in any medium, provided the original work is properly credited. The Creative Commons Public Domain Dedication waiver (http://creativecommons.org/publicdomain/zero/1.0/) applies to the data made available in this article, unless otherwise stated.",1,public_domain_or_no_known_restrictions
"© The Author(s) 2017. This article is distributed under the terms of the Creative Commons Attribution 4.0 International License
(http://creativecommons.org/licenses/by/4.0/), which permits unrestricted use, distribution, and reproduction in any medium,
provided you give appropriate credit to the original author(s) and the source, provide a link to the Creative Commons license,
and indicate if changes were made. The Creative Commons Public Domain Dedication waiver (http://creativecommons.org/
publicdomain/zero/1.0/) applies to the data made available in this article, unless otherwise stated.",1,public_domain_or_no_known_restrictions
"© The Author(s) 2017. This article is distributed under the terms of the Creative Commons Attribution 4.0 International License (http://creativecommons.org/licenses/by/4.0/), which permits unrestricted use, distribution, and reproduction in any medium, provided you give appropriate credit to the original author(s) and the source, provide a link to the Creative Commons license, and indicate if changes were made. The Creative Commons Public Domain Dedication waiver (http://creativecommons.org/public domain/zero/1.0/) applies to the data made available in this article, unless otherwise stated.",1,public_domain_or_no_known_restrictions
"© The Author(s) 2017. This article is distributed under the terms of the Creative Commons Attribution 4.0 International License (http://creativecommons.org/licenses/by/4.0/), which permits unrestricted use, distribution, and reproduction in any medium, provided you give appropriate credit to the original author(s) and the source, provide a link to the Creative Commons license, and indicate if changes were made. The Creative Commons Public Domain Dedication waiver (http://creativecommons.org/publicdomain/zero/1.0/) applies to the data made available in this article, unless otherwise stated.",1,public_domain_or_no_known_restrictions
"© The Author(s) 2018. This article is distributed under the terms of the Creative Commons Attribution 4.0 International License (http://creat iveco mmons .org/licen ses/by/4.0/), which permits unrestricted use, distribution, and reproduction in any medium, provided you give appropriate credit to the original author(s) and the source, provide a link to the Creative Commons license, and indicate if changes were made. The Creative Commons Public Domain Dedication waiver (http://creat iveco mmons .org/publicdoma in/zero/1.0/) applies to the data made available in this article, unless otherwise stated.",1,public_domain_or_no_known_restrictions
"© The Author(s) 2018. This article is distributed under the terms of the Creative Commons Attribution 4.0 International License (http://creativecommons.org/licenses/by/4.0/), which permits unrestricted use, distribution, and reproduction in any medium, provided you give appropriate credit to the original author(s) and the source, provide a link to the Creative Commons license, and indicate if changes were made. The Creative Commons Public Domain Dedication waiver (http://creativecommons.org/publicdomain/zero/1.0/) applies to the data made available in this article, unless otherwise stated.",1,public_domain_or_no_known_restrictions
"© The Author(s) 2020. This article is licensed under a Creative Commons Attribution 4.0 International License, which permits use, sharing, adaptation, distribution and reproduction in any medium or format, as long as you give appropriate credit to the original author(s) and the source, provide a link to the Creative Commons licence, and indicate if changes were made. The images or other third party material in this article are included in the article’s Creative Commons licence, unless indicated otherwise in a credit line to the material. If material is not included in the article’s Creative Commons licence and your intended use is not permitted by statutory regulation or exceeds the permitted use, you will need to obtain permission directly from the copyright holder. To view a copy of this licence, visit http://creativecommons.org/licenses/by/4.0/. The Creative Commons Public Domain Dedication waiver (http://creativecommons.org/publicdomain/zero/1.0/) applies to the data made available in this article, unless otherwise stated in a credit line to the data.",1,public_domain_or_no_known_restrictions
"© The Author(s). 2016 Open Access This article is distributed under the terms of the Creative Commons Attribution 4.0 International License (http://creativecommons.org/licenses/by/4.0/), which permits unrestricted use, distribution, and reproduction in any medium, provided you give appropriate credit to the original author(s) and the source, provide a link to the Creative Commons license, and indicate if changes were made. The Creative Commons Public Domain Dedication waiver (http://creativecommons.org/publicdomain/zero/1.0/) applies to the data made available in this article, unless otherwise stated.",1,public_domain_or_no_known_restrictions
"© The Author(s). 2017 Open Access This article is distributed under the terms of the Creative Commons Attribution 4.0 International License (http://creativecommons.org/licenses/by/4.0/), which permits unrestricted use, distribution, and
reproduction in any medium, provided you give appropriate credit to the original author(s) and the source, provide a link to the Creative Commons license, and indicate if changes were made. The Creative Commons Public Domain Dedication waiver
(http://creativecommons.org/publicdomain/zero/1.0/) applies to the data made available in this article, unless otherwise stated.",1,public_domain_or_no_known_restrictions
"© The Author(s). 2017 Open Access This article is distributed under the terms of the Creative Commons Attribution 4.0 International License (http://creativecommons.org/licenses/by/4.0/), which permits unrestricted use, distribution, and reproduction in any medium, provided you give appropriate credit to the original author(s) and the source, provide a link to
the Creative Commons license, and indicate if changes were made. The Creative Commons Public Domain Dedication waiver
(http://creativecommons.org/publicdomain/zero/1.0/) applies to the data made available in this article, unless otherwise stated.",1,public_domain_or_no_known_restrictions
"© The Author(s). 2018 Open Access This article is distributed under the terms of the Creative Commons Attribution 4.0
International License (http://creativecommons.org/licenses/by/4.0/), which permits unrestricted use, distribution, and
reproduction in any medium, provided you give appropriate credit to the original author(s) and the source, provide a link to
the Creative Commons license, and indicate if changes were made. The Creative Commons Public Domain Dedication waiver
(http://creativecommons.org/publicdomain/zero/1.0/) applies to the data made available in this article, unless otherwise stated.",1,public_domain_or_no_known_restrictions
"© The Author(s). 2018Open AccessThis article is distributed under the terms of the Creative Commons Attribution 4.0International License (http://creativecommons.org/licenses/by/4.0/), which permits unrestricted use, distribution, andreproduction in any medium, provided you give appropriate credit to the original author(s) and the source, provide a link tothe Creative Commons license, and indicate if changes were made. The Creative Commons Public Domain Dedication waiver(http://creativecommons.org/publicdomain/zero/1.0/) applies to the data made available in this article, unless otherwise stated.",1,public_domain_or_no_known_restrictions
"© The Author(s). 2019
Open Access
This article is distributed under the terms of the Creative Commons Attribution 4.0
International License (
http://creativecommons.org/licenses/by/4.0/
), which permits unrestricted use, distribution, and
reproduction in any medium, provided you give appropriate credit to the original author(s) and the source, provide a link to
the Creative Commons license, and indicate if changes were made. The Creative Commons Public Domain Dedication waiver
(http://creativecommons.org/publicdomain/zero/1.0/
) applies to the data made available in this article, unless otherwise stated",1,public_domain_or_no_known_restrictions
"© The Author(s). 2019
Open Access
This article is distributed under the terms of the Creative Commons Attribution 4.0
International License (
http://creativecommons.org/licenses/by/4.0/
), which permits unrestricted use, distribution, and
reproduction in any medium, provided you give appropriate credit to the original author(s) and the source, provide a link to
the Creative Commons license, and indicate if changes were made. The Creative Commons Public Domain Dedication waiver
(http://creativecommons.org/publicdomain/zero/1.0/
) applies to the data made available in this article, unless otherwise stated.",1,public_domain_or_no_known_restrictions
"© The Author(s). 2019 Open Access This article is distributed under the terms of the Creative Commons Attribution 4.0
International License (http://creativecommons.org/licenses/by/4.0/), which permits unrestricted use, distribution, and
reproduction in any medium, provided you give appropriate credit to the original author(s) and the source, provide a link to
the Creative Commons license, and indicate if changes were made. The Creative Commons Public Domain Dedication waiver
(http://creativecommons.org/publicdomain/zero/1.0/) applies to the data made available in this article, unless otherwise stated.",1,public_domain_or_no_known_restrictions
"© The Author(s). 2019 Open Access This article is distributed under the terms of the Creative Commons Attribution 4.0 International License (http://creativecommons.org/licenses/by/4.0/), which permits unrestricted use, distribution, and reproduction in any medium, provided you give appropriate credit to the original author(s) and the source, provide a link to the Creative Commons license, and indicate if changes were made. The Creative Commons Public Domain Dedication waiver (http://creativecommons.org/publicdomain/zero/1.0/) applies to the data made available in this article, unless otherwise stated",1,public_domain_or_no_known_restrictions
"© The Author(s). 2019 Open Access. This article is distributed under the terms of the Creative Commons Attribution 4.0 International License (http://creativecommons.org/licenses/by/4.0/), which permits unrestricted use, distribution, and reproduction in any medium, provided you give appropriate credit to the original author(s) and the source, provide a link to the Creative Commons license, and indicate if changes were made. The Creative Commons Public Domain Dedication waiver (http://creativecommons.org/publicdomain/zero/1.0/) applies to the data made available in this article, unless otherwise stated.",1,public_domain_or_no_known_restrictions
"© The Author(s). 2020 Open Access This article is distributed under the terms of the Creative Commons Attribution 4.0 International License (http://creativecommons.org/licenses/by/4.0/), which permits unrestricted use, distribution, and reproduction in any medium, provided you give appropriate credit to the original author(s) and the source, provide a link to the Creative Commons license, and indicate if changes were made. The Creative Commons Public Domain Dedication waiver (http://creativecommons.org/publicdomain/zero/1.0/) applies to the data made available in this article, unless otherwise stated.",1,public_domain_or_no_known_restrictions
"© The Author(s). 2021 Open Access This article is licensed under a Creative Commons Attribution 4.0 International License, which permits use, sharing, adaptation, distribution and reproduction in any medium or format, as long as you give appropriate credit to the original author(s) and the source, provide a link to the Creative Commons licence, and indicate if changes were made. The images or other third party material in this article are included in the article's Creative Commons licence, unless indicated otherwise in a credit line to the material. If material is not included in the article's Creative Commons licence and your intended use is not permitted by statutory regulation or exceeds the permitted use, you will need to obtain permission directly from the copyright holder. To view a copy of this licence, visit http://creativecommons.org/licenses/by/4.0/.
The Creative Commons Public Domain Dedication waiver (http://creativecommons.org/publicdomain/zero/1.0/) applies to the data made available in this article, unless otherwise stated in a credit line to the data.",1,public_domain_or_no_known_restrictions
